created_doc_time,avail_qty,biddingzone_domain,businesstype,curvetype,docstatus,end,mrid,nominal_power,plant_type,production_resource_id,production_resource_location,production_resource_name,production_resource_psr_name,pstn,qty_uom,resolution,revision,start,source
2025-10-03 03:13:28+00:00,0,SE_3,Planned maintenance,A03,Cancelled,2022-09-02 23:59:00+02:00,M4DNj8Tt9kfZTgFx9WEfqg,1134.0,Nuclear,46WPU0000000014Y,SE3,Ringhals 4,,1,MAW,PT1M,3,2022-08-10 00:00:00+02:00,A77
2025-10-03 03:13:30+00:00,0,SE_3,Planned maintenance,A03,Cancelled,2023-09-01 23:59:00+02:00,zNLNkD_tCTASvQDIGXJxzQ,1134.0,Nuclear,46WPU0000000014Y,SE3,Ringhals 4,,1,MAW,PT1M,2,2023-07-26 00:00:00+02:00,A77
2025-10-03 23:32:35+00:00,0,SE_3,Planned maintenance,A03,,2021-09-02 23:59:00+02:00,ThMa3vP8DfiSpedd-0_zKw,1134.0,Nuclear,46WPU0000000014Y,SE3,Ringhals 4,,1,MAW,PT1M,4,2021-07-28 00:00:00+02:00,A77
2025-10-05 13:18:50+00:00,820,SE_3,Planned maintenance,A03,,2021-02-03 13:30:00+01:00,CUfEZLcPVrIoiwSabWiVfQ,1172.0,Nuclear,46WPU0000000017S,SE3,Forsmark block 3,,1,MAW,PT1M,1,2021-02-03 10:00:00+01:00,A77
2025-10-05 13:24:20+00:00,230,SE_3,Planned maintenance,A03,Cancelled,2021-05-07 20:00:00+02:00,I_MD3ixBziV5YqBKTqfEEw,330.0,Hydro Water Reservoir,46WPU0000000018Q,SE3,Trängslet,,1,MAW,PT1M,2,2021-04-19 08:00:00+02:00,A77
2025-10-05 13:29:37+00:00,0,SE_3,Planned maintenance,A03,,2021-01-07 12:00:00+01:00,AzxeXsF3nbKuoKFIqfzoPQ,100.0,Hydro Water Reservoir,46WPU0000000018Q,SE3,Trängslet,Trängslet G2,1,MAW,PT1M,1,2021-01-07 10:00:00+01:00,A80
2025-10-05 13:50:49+00:00,86,SE_3,Unplanned outage,A03,,2021-01-04 09:00:00+01:00,JFMUmpmMBMzRSipWnM0iog,260.0,Fossil Gas,46WPU0000000062N,SE3,Rya KVV ,,1,MAW,PT1M,1,2021-01-04 05:20:00+01:00,A77
2025-10-05 14:05:40+00:00,0,SE_3,Unplanned outage,A03,,2021-01-15 18:30:00+01:00,-NDz3rY9CRJmhwJaWb4bIQ,190.0,Fossil Oil,46WPU0000000023X,SE3,Värtaverket,KVV1 Värtaverket,1,MAW,PT1M,2,2021-01-15 11:33:00+01:00,A80
2025-10-05 14:13:15+00:00,0,SE_3,Unplanned outage,A03,,2021-01-22 18:00:00+01:00,gfa_AwqU6lF78Xj2N4F11A,260.0,Fossil Gas,46WPU0000000062N,SE3,Rya KVV ,,1,MAW,PT1M,5,2021-01-18 13:00:00+01:00,A77
2025-10-05 14:17:08+00:00,327,SE_3,Unplanned outage,A03,,2021-01-21 02:00:00+01:00,sk8OFJd6Cim3ZfZUmApaWQ,492.0,Nuclear,46WPU0000000015W,SE3,Forsmark block 1,Forsmark block 1 G12,1,MAW,PT1M,5,2020-12-23 23:45:00+01:00,A80
2025-10-05 14:17:08+00:00,0,SE_3,Unplanned outage,A03,,2021-01-25 09:00:00+01:00,sk8OFJd6Cim3ZfZUmApaWQ,492.0,Nuclear,46WPU0000000015W,SE3,Forsmark block 1,Forsmark block 1 G12,40456,MAW,PT1M,5,2021-01-21 02:00:00+01:00,A80
2025-10-05 14:22:18+00:00,0,SE_3,Unplanned outage,A03,,2021-01-28 19:00:00+01:00,7syDURRPEtYZFqQRQ57CtQ,190.0,Fossil Oil,46WPU0000000023X,SE3,Värtaverket,KVV1 Värtaverket,1,MAW,PT1M,1,2021-01-28 10:45:00+01:00,A80
2025-10-05 14:28:00+00:00,0,SE_3,Unplanned outage,A03,,2021-02-01 22:10:00+01:00,_qe6_5QI7KgO2NjitkHrHA,190.0,Fossil Oil,46WPU0000000023X,SE3,Värtaverket,KVV1 Värtaverket,1,MAW,PT1M,2,2021-01-30 11:01:00+01:00,A80
2025-10-05 14:28:23+00:00,0,SE_3,Unplanned outage,A03,,2021-02-02 09:22:00+01:00,vE-2n7Adv_NybCqX4JDGZQ,190.0,Fossil Oil,46WPU0000000023X,SE3,Värtaverket,KVV1 Värtaverket,1,MAW,PT1M,2,2021-02-02 07:30:00+01:00,A80
2025-10-05 14:32:55+00:00,0,SE_3,Unplanned outage,A03,,2021-02-04 17:50:00+01:00,no2aN89A_MFu4lw784gnvQ,190.0,Fossil Oil,46WPU0000000023X,SE3,Värtaverket,KVV1 Värtaverket,1,MAW,PT1M,2,2021-02-04 16:45:00+01:00,A80
2025-10-05 14:33:48+00:00,0,SE_3,Unplanned outage,A03,,2021-02-05 10:30:00+01:00,IB5k_kuv1fz2llimJYgKDg,190.0,Fossil Oil,46WPU0000000023X,SE3,Värtaverket,KVV1 Värtaverket,1,MAW,PT1M,2,2021-02-04 23:24:00+01:00,A80
2025-10-05 14:34:11+00:00,0,SE_3,Unplanned outage,A03,,2021-02-05 15:10:00+01:00,YooAFkruJyvlojoR9-bCqQ,190.0,Fossil Oil,46WPU0000000023X,SE3,Värtaverket,KVV1 Värtaverket,1,MAW,PT1M,3,2021-02-05 11:40:00+01:00,A80
2025-10-05 14:36:43+00:00,820,SE_3,Planned maintenance,A03,,2021-03-03 13:30:00+01:00,kMQ-KT6YNV9fkCG1VXUmbw,1172.0,Nuclear,46WPU0000000017S,SE3,Forsmark block 3,,1,MAW,PT1M,1,2021-03-03 10:00:00+01:00,A77
2025-10-05 14:36:47+00:00,0,SE_3,Planned maintenance,A03,,2021-02-08 11:00:00+01:00,stuQINrOV6Urs7nvfy4Jsg,190.0,Fossil Oil,46WPU0000000023X,SE3,Värtaverket,KVV1 Värtaverket,1,MAW,PT1M,2,2021-02-08 10:59:00+01:00,A80
2025-10-05 14:40:49+00:00,110,SE_3,Unplanned outage,A03,,2021-02-09 12:10:00+01:00,5UX2v_RqbVhvCfoL9fGX_Q,190.0,Fossil Oil,46WPU0000000023X,SE3,Värtaverket,KVV1 Värtaverket,5031,MAW,PT1M,17,2021-02-09 11:30:00+01:00,A80
2025-10-05 14:40:49+00:00,50,SE_3,Unplanned outage,A03,,2021-02-08 15:20:00+01:00,5UX2v_RqbVhvCfoL9fGX_Q,190.0,Fossil Oil,46WPU0000000023X,SE3,Värtaverket,KVV1 Värtaverket,2552,MAW,PT1M,17,2021-02-07 18:11:00+01:00,A80
2025-10-05 14:40:49+00:00,40,SE_3,Unplanned outage,A03,,2021-02-07 18:11:00+01:00,5UX2v_RqbVhvCfoL9fGX_Q,190.0,Fossil Oil,46WPU0000000023X,SE3,Värtaverket,KVV1 Värtaverket,1,MAW,PT1M,17,2021-02-05 23:40:00+01:00,A80
2025-10-05 14:40:49+00:00,100,SE_3,Unplanned outage,A03,,2021-02-10 10:54:00+01:00,5UX2v_RqbVhvCfoL9fGX_Q,190.0,Fossil Oil,46WPU0000000023X,SE3,Värtaverket,KVV1 Värtaverket,5141,MAW,PT1M,17,2021-02-09 13:20:00+01:00,A80
2025-10-05 14:40:49+00:00,0,SE_3,Unplanned outage,A03,,2021-02-09 13:20:00+01:00,5UX2v_RqbVhvCfoL9fGX_Q,190.0,Fossil Oil,46WPU0000000023X,SE3,Värtaverket,KVV1 Värtaverket,5071,MAW,PT1M,17,2021-02-09 12:10:00+01:00,A80
2025-10-05 14:40:49+00:00,70,SE_3,Unplanned outage,A03,,2021-02-09 11:30:00+01:00,5UX2v_RqbVhvCfoL9fGX_Q,190.0,Fossil Oil,46WPU0000000023X,SE3,Värtaverket,KVV1 Värtaverket,4066,MAW,PT1M,17,2021-02-08 19:25:00+01:00,A80
2025-10-05 14:40:49+00:00,80,SE_3,Unplanned outage,A03,,2021-02-08 19:25:00+01:00,5UX2v_RqbVhvCfoL9fGX_Q,190.0,Fossil Oil,46WPU0000000023X,SE3,Värtaverket,KVV1 Värtaverket,3821,MAW,PT1M,17,2021-02-08 15:20:00+01:00,A80
2025-10-05 14:57:19+00:00,1018,SE_3,Planned maintenance,A03,,2021-02-20 20:30:00+01:00,CjGST08BFrUd97SBGz4fpQ,1118.0,Nuclear,46WPU0000000016U,SE3,Forsmark block 2,,661,MAW,PT1M,5,2021-02-20 14:00:00+01:00,A77
2025-10-05 14:57:19+00:00,748,SE_3,Planned maintenance,A03,,2021-02-20 14:00:00+01:00,CjGST08BFrUd97SBGz4fpQ,1118.0,Nuclear,46WPU0000000016U,SE3,Forsmark block 2,,211,MAW,PT1M,5,2021-02-20 06:30:00+01:00,A77
2025-10-05 14:57:19+00:00,928,SE_3,Planned maintenance,A03,,2021-02-20 06:30:00+01:00,CjGST08BFrUd97SBGz4fpQ,1118.0,Nuclear,46WPU0000000016U,SE3,Forsmark block 2,,1,MAW,PT1M,5,2021-02-20 03:00:00+01:00,A77
2025-10-05 14:57:19+00:00,1118,SE_3,Planned maintenance,A03,,2021-02-20 21:00:00+01:00,CjGST08BFrUd97SBGz4fpQ,1118.0,Nuclear,46WPU0000000016U,SE3,Forsmark block 2,,1051,MAW,PT1M,5,2021-02-20 20:30:00+01:00,A77
2025-10-05 15:08:46+00:00,650,SE_3,Planned maintenance,A03,,2021-02-27 12:30:00+01:00,u5alA8ecAZHkTCa3eqWO1g,1400.0,Nuclear,46WPU0000000061P,SE3,Oskarshamn 3,Oskarshamn G3,1,MAW,PT1M,3,2021-02-27 08:00:00+01:00,A80
2025-10-05 15:10:44+00:00,1200,SE_3,Unplanned outage,A03,,2021-03-01 13:00:00+01:00,19dbp8Q-vJPRefFV0PD64A,1400.0,Nuclear,46WPU0000000061P,SE3,Oskarshamn 3,Oskarshamn G3,1,MAW,PT1M,4,2021-02-27 23:00:00+01:00,A80
2025-10-05 15:22:51+00:00,0,SE_3,Unplanned outage,A03,,2021-03-09 23:58:00+01:00,qbFWSBIy2PCQOQ3G6qSKTg,565.0,Nuclear,46WPU0000000014Y,SE3,Ringhals 4,Ringhals block 4 G41,1,MAW,PT1M,4,2021-03-03 13:15:00+01:00,A80
2025-10-05 15:27:09+00:00,840,SE_3,Unplanned outage,A03,,2021-03-12 23:59:00+01:00,pkKzRvorMZZrG1zL2Vk8bg,988.0,Nuclear,46WPU0000000015W,SE3,Forsmark block 1,,1,MAW,PT1M,1,2021-03-12 19:00:00+01:00,A77
2025-10-05 15:30:55+00:00,0,SE_3,Planned maintenance,A03,,2021-04-01 06:00:00+02:00,C6UIwG6xzD4_l0xTnWZtmg,190.0,Fossil Oil,46WPU0000000023X,SE3,Värtaverket,KVV1 Värtaverket,1,MAW,PT1M,7,2021-02-21 10:00:00+01:00,A80
2025-10-05 15:31:25+00:00,820,SE_3,Planned maintenance,A03,,2021-06-01 13:30:00+02:00,g5FSvIyqkpXC9gr6vMPoWw,1172.0,Nuclear,46WPU0000000017S,SE3,Forsmark block 3,,1,MAW,PT1M,1,2021-06-01 10:00:00+02:00,A77
2025-10-05 15:38:36+00:00,300,SE_3,Planned maintenance,A03,,2021-03-21 10:00:00+01:00,Ue5hNNHMjxjEmUAa3LFH2w,988.0,Nuclear,46WPU0000000015W,SE3,Forsmark block 1,,1,MAW,PT1M,4,2021-03-20 09:00:00+01:00,A77
2025-10-05 15:44:33+00:00,0,SE_3,Planned maintenance,A03,Cancelled,2021-06-20 23:59:00+02:00,_KXR32RpU5ScXdJd0ZjD0A,1063.0,Nuclear,46WPU00000000121,SE3,Ringhals 3,,1,MAW,PT1M,5,2021-05-24 00:00:00+02:00,A77
2025-10-05 15:44:44+00:00,0,SE_3,Planned maintenance,A03,Cancelled,2022-07-01 23:59:00+02:00,xhP_WzCeO7B0qGUHwK7n0A,1063.0,Nuclear,46WPU00000000121,SE3,Ringhals 3,,1,MAW,PT1M,5,2022-05-25 00:00:00+02:00,A77
2025-10-05 15:44:45+00:00,0,SE_3,Planned maintenance,A03,Cancelled,2023-06-23 23:59:00+02:00,jUXvr4XI9Ov7Jb2JhfJrNA,1063.0,Nuclear,46WPU00000000121,SE3,Ringhals 3,,1,MAW,PT1M,2,2023-05-31 00:00:00+02:00,A77
2025-10-05 15:44:47+00:00,0,SE_3,Planned maintenance,A03,Cancelled,2024-07-04 23:59:00+02:00,yK4TLoPV_03ZU-DoWO0s9g,1063.0,Nuclear,46WPU00000000121,SE3,Ringhals 3,,1,MAW,PT1M,2,2024-05-29 00:00:00+02:00,A77
2025-10-05 15:47:27+00:00,982,SE_3,Unplanned outage,A03,,2021-03-26 17:30:00+01:00,WHUr2F1wlP4eYBvFxbncEA,1118.0,Nuclear,46WPU0000000016U,SE3,Forsmark block 2,,1,MAW,PT1M,3,2021-03-26 04:15:00+01:00,A77
2025-10-05 16:01:11+00:00,300,SE_3,Planned maintenance,A03,Cancelled,2021-04-17 10:00:00+02:00,5-xWYTzXVo0sgK2o0yNLfA,1118.0,Nuclear,46WPU0000000016U,SE3,Forsmark block 2,,1,MAW,PT1M,2,2021-04-17 09:00:00+02:00,A77
2025-10-05 16:01:50+00:00,0,SE_3,Planned maintenance,A03,,2021-04-14 11:30:00+02:00,oUgglmO7MDXB6CKZ6nCSxg,330.0,Hydro Water Reservoir,46WPU0000000018Q,SE3,Trängslet,,1,MAW,PT1M,1,2021-04-14 10:00:00+02:00,A77
2025-10-05 16:05:06+00:00,230,SE_3,Planned maintenance,A03,Cancelled,2021-05-12 17:00:00+02:00,NIit-5HqfbQTJFQkSJiEXw,330.0,Hydro Water Reservoir,46WPU0000000018Q,SE3,Trängslet,,1,MAW,PT1M,3,2021-04-19 08:00:00+02:00,A77
2025-10-05 16:10:59+00:00,230,SE_3,Planned maintenance,A03,Cancelled,2021-05-12 17:00:00+02:00,GG8wj5bL-sYHld6N_hv_Vw,330.0,Hydro Water Reservoir,46WPU0000000018Q,SE3,Trängslet,,1,MAW,PT1M,2,2021-04-19 08:00:00+02:00,A77
2025-10-05 16:11:02+00:00,210,SE_3,Planned maintenance,A03,Cancelled,2021-06-10 17:00:00+02:00,sTHOKgRRuGefkrK7FRRQww,330.0,Hydro Water Reservoir,46WPU0000000018Q,SE3,Trängslet,,1,MAW,PT1M,2,2021-05-17 07:00:00+02:00,A77
2025-10-05 16:24:33+00:00,1018,SE_3,Planned maintenance,A03,,2021-05-02 07:59:00+02:00,v_bB1JdksPA3SnO--7Z52A,1118.0,Nuclear,46WPU0000000016U,SE3,Forsmark block 2,,1,MAW,PT1M,4,2021-04-12 00:00:00+02:00,A77
2025-10-05 16:26:17+00:00,0,SE_3,Unplanned outage,A03,,2021-04-24 11:00:00+02:00,md4TnLqzVJz1ZSobpGyL1w,120.0,Fossil Oil,46WPU0000000023X,SE3,Värtaverket,KVV8 Värtaverket,1,MAW,PT1M,4,2021-04-24 01:05:00+02:00,A80
2025-10-05 16:36:59+00:00,0,SE_3,Unplanned outage,A03,,2021-04-29 13:00:00+02:00,Fo3cjTldvWb1tgySu78a0Q,120.0,Fossil Oil,46WPU0000000023X,SE3,Värtaverket,KVV8 Värtaverket,1,MAW,PT1M,6,2021-04-25 14:15:00+02:00,A80
2025-10-05 17:03:06+00:00,0,SE_3,Unplanned outage,A03,,2021-05-16 19:40:00+02:00,XesixUU8hqN739A2jRUXDA,100.0,Hydro Water Reservoir,46WPU0000000018Q,SE3,Trängslet,Trängslet G2,1,MAW,PT1M,5,2021-05-15 16:37:00+02:00,A80
2025-10-05 17:04:24+00:00,230,SE_3,Planned maintenance,A03,,2021-05-24 06:59:00+02:00,xiu9eTY9ITCvsipoT52K9w,330.0,Hydro Water Reservoir,46WPU0000000018Q,SE3,Trängslet,,1,MAW,PT1M,3,2021-04-26 10:00:00+02:00,A77
2025-10-05 17:04:49+00:00,87,SE_3,Unplanned outage,A03,,2021-05-20 08:00:00+02:00,P0_sT8KUpHZ8Mtb1yDYJdg,260.0,Fossil Gas,46WPU0000000062N,SE3,Rya KVV ,,1,MAW,PT1M,7,2021-04-01 10:00:00+02:00,A77
2025-10-05 17:12:45+00:00,0,SE_3,Planned maintenance,A03,,2021-05-20 16:12:00+02:00,S8pCHInl_t2gQwXA7FWBnA,130.0,Hydro Water Reservoir,46WPU0000000018Q,SE3,Trängslet,Trängslet G3,1,MAW,PT1M,8,2021-02-12 12:00:00+01:00,A80
2025-10-05 17:28:57+00:00,210,SE_3,Planned maintenance,A03,,2021-05-27 19:00:00+02:00,Bg66mNEB2Jbjpq7uCwoROw,330.0,Hydro Water Reservoir,46WPU0000000018Q,SE3,Trängslet,,1,MAW,PT1M,3,2021-05-24 07:00:00+02:00,A77
2025-10-05 17:35:20+00:00,0,SE_3,Planned maintenance,A03,,2021-05-30 10:00:00+02:00,PfiByVUk58BnP01l4MPgZg,1118.0,Nuclear,46WPU0000000016U,SE3,Forsmark block 2,,1,MAW,PT1M,9,2021-05-02 08:00:00+02:00,A77
2025-10-05 17:37:12+00:00,855,SE_3,Planned maintenance,A03,,2021-07-04 00:00:00+02:00,Cb3dEGag5S-J3sQsTVfMVg,988.0,Nuclear,46WPU0000000015W,SE3,Forsmark block 1,,1,MAW,PT1M,2,2021-06-16 00:00:00+02:00,A77
2025-10-05 17:48:24+00:00,450,SE_3,Unplanned outage,A03,,2021-06-04 00:00:00+02:00,DiLC1iCIlIiNheHE0rbVFA,1118.0,Nuclear,46WPU0000000016U,SE3,Forsmark block 2,,1,MAW,PT1M,6,2021-05-30 10:00:00+02:00,A77
2025-10-05 17:50:38+00:00,750,SE_3,Unplanned outage,A03,,2021-06-05 12:00:00+02:00,dU4MB3N3dntm9izMvSlg7g,1118.0,Nuclear,46WPU0000000016U,SE3,Forsmark block 2,,1,MAW,PT1M,1,2021-06-05 08:30:00+02:00,A77
2025-10-05 18:00:30+00:00,230,SE_3,Planned maintenance,A03,,2021-07-01 16:00:00+02:00,IdgfctZRLjoQe2cuTdPUTQ,330.0,Hydro Water Reservoir,46WPU0000000018Q,SE3,Trängslet,,1,MAW,PT1M,1,2021-06-30 07:00:00+02:00,A77
2025-10-05 18:00:32+00:00,0,SE_3,Unplanned outage,A03,,2021-06-10 10:54:00+02:00,FNWWXEoaovPFaJo_XsZPIg,130.0,Hydro Water Reservoir,46WPU0000000018Q,SE3,Trängslet,Trängslet G3,1,MAW,PT1M,1,2021-06-10 08:54:00+02:00,A80
2025-10-05 18:09:22+00:00,710,SE_3,Planned maintenance,A03,,2021-06-15 13:00:00+02:00,-SxwK_5p8Ws9rQHf0jixjA,988.0,Nuclear,46WPU0000000015W,SE3,Forsmark block 1,,1,MAW,PT1M,2,2021-06-15 08:00:00+02:00,A77
2025-10-05 18:12:12+00:00,300,SE_3,Planned maintenance,A03,,2021-06-20 02:00:00+02:00,IKJlmcvqWnUsOxKBI-UUtQ,1118.0,Nuclear,46WPU0000000016U,SE3,Forsmark block 2,,1,MAW,PT1M,2,2021-06-19 08:00:00+02:00,A77
2025-10-05 18:16:55+00:00,0,SE_3,Planned maintenance,A03,,2021-06-18 13:33:00+02:00,gZwgymnrOjRah3MqDYHWfA,1400.0,Nuclear,46WPU0000000061P,SE3,Oskarshamn 3,Oskarshamn G3,1,MAW,PT1M,9,2021-05-22 19:00:00+02:00,A80
2025-10-05 18:18:56+00:00,450,SE_3,Unplanned outage,A03,,2021-06-19 20:30:00+02:00,2egHe5NNG_SuzfaurIGdhw,1118.0,Nuclear,46WPU0000000016U,SE3,Forsmark block 2,,1,MAW,PT1M,3,2021-06-19 11:00:00+02:00,A77
2025-10-05 18:53:32+00:00,0,SE_3,Unplanned outage,A03,,2021-07-08 02:00:00+02:00,OZhub3n0teS0lk6SOFnH0Q,130.0,Hydro Water Reservoir,46WPU0000000018Q,SE3,Trängslet,Trängslet G3,1,MAW,PT1M,1,2021-07-08 00:13:00+02:00,A80
2025-10-05 18:55:23+00:00,0,SE_3,Unplanned outage,A03,,2021-07-08 22:05:00+02:00,qXvgEJQVt0SUbKWBiqhOAg,130.0,Hydro Water Reservoir,46WPU0000000018Q,SE3,Trängslet,Trängslet G3,1,MAW,PT1M,2,2021-07-08 21:08:00+02:00,A80
2025-10-05 19:22:28+00:00,630,SE_3,Planned maintenance,A03,,2021-09-11 16:00:00+02:00,GidimXVdUcpg7phHP5FE6w,1400.0,Nuclear,46WPU0000000061P,SE3,Oskarshamn 3,Oskarshamn G3,1,MAW,PT1M,1,2021-09-11 08:00:00+02:00,A80
2025-10-05 19:26:06+00:00,0,SE_3,Planned maintenance,A03,,2021-07-23 23:59:00+02:00,85ezoPQzQnsTtoIwszhNMg,988.0,Nuclear,46WPU0000000015W,SE3,Forsmark block 1,,1,MAW,PT1M,5,2021-07-04 12:00:00+02:00,A77
2025-10-05 19:39:12+00:00,1300,SE_3,Unplanned outage,A03,,2021-08-02 11:00:00+02:00,iJVCkESnVygsSBh1tTmwDw,1400.0,Nuclear,46WPU0000000061P,SE3,Oskarshamn 3,Oskarshamn G3,1,MAW,PT1M,3,2021-07-21 10:30:00+02:00,A80
2025-10-05 19:41:35+00:00,0,SE_3,Unplanned outage,A03,,2021-08-04 07:29:00+02:00,S9bvYwpd2-k8uMRcM1-tMQ,130.0,Hydro Water Reservoir,46WPU0000000018Q,SE3,Trängslet,Trängslet G3,1,MAW,PT1M,2,2021-08-04 05:55:00+02:00,A80
2025-10-05 19:46:55+00:00,0,SE_3,Unplanned outage,A03,,2021-08-08 02:30:00+02:00,GJVH_YkXYM74XqyQO7wIZQ,130.0,Hydro Water Reservoir,46WPU0000000018Q,SE3,Trängslet,Trängslet G3,1,MAW,PT1M,1,2021-08-08 00:40:00+02:00,A80
2025-10-05 19:48:26+00:00,0,SE_3,Unplanned outage,A03,,2021-08-09 17:18:00+02:00,Pxh6v3hh7KfgPIsTUnE31A,100.0,Hydro Water Reservoir,46WPU0000000018Q,SE3,Trängslet,Trängslet G2,1,MAW,PT1M,2,2021-08-09 16:15:00+02:00,A80
2025-10-05 19:48:39+00:00,0,SE_3,Unplanned outage,A03,,2021-08-09 21:55:00+02:00,m-2lXVRFXftNVZeVlnoyAw,130.0,Hydro Water Reservoir,46WPU0000000018Q,SE3,Trängslet,Trängslet G3,1,MAW,PT1M,2,2021-08-09 21:08:00+02:00,A80
2025-10-05 19:55:48+00:00,0,SE_3,Planned maintenance,A03,,2021-08-18 14:00:00+02:00,nxknPSyo1z56J2ksTrd7BQ,130.0,Hydro Water Reservoir,46WPU0000000018Q,SE3,Trängslet,Trängslet G3,1,MAW,PT1M,1,2021-08-18 08:00:00+02:00,A80
2025-10-05 20:03:23+00:00,930,SE_3,Planned maintenance,A03,,2021-08-20 06:30:00+02:00,VlhTZSyGAHtd8rEY5EPNWg,1118.0,Nuclear,46WPU0000000016U,SE3,Forsmark block 2,,1,MAW,PT1M,5,2021-08-20 03:00:00+02:00,A77
2025-10-05 20:03:23+00:00,1118,SE_3,Planned maintenance,A03,,2021-08-21 05:30:00+02:00,VlhTZSyGAHtd8rEY5EPNWg,1118.0,Nuclear,46WPU0000000016U,SE3,Forsmark block 2,,1561,MAW,PT1M,5,2021-08-21 05:00:00+02:00,A77
2025-10-05 20:03:23+00:00,745,SE_3,Planned maintenance,A03,,2021-08-20 18:00:00+02:00,VlhTZSyGAHtd8rEY5EPNWg,1118.0,Nuclear,46WPU0000000016U,SE3,Forsmark block 2,,211,MAW,PT1M,5,2021-08-20 06:30:00+02:00,A77
2025-10-05 20:03:23+00:00,1018,SE_3,Planned maintenance,A03,,2021-08-21 05:00:00+02:00,VlhTZSyGAHtd8rEY5EPNWg,1118.0,Nuclear,46WPU0000000016U,SE3,Forsmark block 2,,901,MAW,PT1M,5,2021-08-20 18:00:00+02:00,A77
2025-10-05 20:04:35+00:00,970,SE_3,Unplanned outage,A03,,2021-08-22 23:30:00+02:00,u1JjxnIqpgvrNW3Di_Qgrw,1118.0,Nuclear,46WPU0000000016U,SE3,Forsmark block 2,,1,MAW,PT1M,2,2021-08-22 18:00:00+02:00,A77
2025-10-05 20:10:53+00:00,0,SE_3,Unplanned outage,A03,,2021-08-27 15:30:00+02:00,0Vj8X9dp2rGw8fjzhsdy5A,1118.0,Nuclear,46WPU0000000016U,SE3,Forsmark block 2,,1,MAW,PT1M,6,2021-08-23 02:25:00+02:00,A77
2025-10-05 20:16:17+00:00,0,SE_3,Unplanned outage,A03,,2021-09-01 08:00:00+02:00,7kWoar6i3mQ50CZ0JiTXRw,100.0,Hydro Water Reservoir,46WPU0000000018Q,SE3,Trängslet,Trängslet G2,1,MAW,PT1M,1,2021-09-01 06:48:00+02:00,A80
2025-10-05 20:18:39+00:00,87,SE_3,Planned maintenance,A03,,2021-11-05 16:00:00+01:00,tOXQ-JiyBlQohweBIrQ4vA,260.0,Fossil Gas,46WPU0000000062N,SE3,Rya KVV ,,1,MAW,PT1M,1,2021-10-18 16:01:00+02:00,A77
2025-10-05 20:20:59+00:00,0,SE_3,Unplanned outage,A03,,2021-09-03 07:30:00+02:00,EMxyMhS_Of5Ng080dFLo-g,260.0,Fossil Gas,46WPU0000000062N,SE3,Rya KVV ,,1,MAW,PT1M,2,2021-09-03 02:20:00+02:00,A77
2025-10-05 20:24:42+00:00,0,SE_3,Planned maintenance,A03,,2021-09-05 00:00:00+02:00,askeldDbDxP3Dvs5gF1yhw,1063.0,Nuclear,46WPU00000000121,SE3,Ringhals 3,,1,MAW,PT1M,13,2021-05-24 03:00:00+02:00,A77
2025-10-05 20:25:57+00:00,0,SE_3,Unplanned outage,A03,,2021-09-04 23:00:00+02:00,NbBMnPmNoEvnxxv_5hQ4iA,130.0,Hydro Water Reservoir,46WPU0000000018Q,SE3,Trängslet,Trängslet G3,1,MAW,PT1M,2,2021-09-04 20:00:00+02:00,A80
2025-10-05 20:26:19+00:00,880,SE_3,Unplanned outage,A03,,2021-09-05 14:30:00+02:00,uIiGL2j0PL90HIoUsSrOKA,988.0,Nuclear,46WPU0000000015W,SE3,Forsmark block 1,,1,MAW,PT1M,4,2021-09-05 07:14:00+02:00,A77
2025-10-05 20:26:47+00:00,0,SE_3,Unplanned outage,A03,,2021-09-06 07:20:00+02:00,H64NExveyLhdfuZQ4v32Zg,100.0,Hydro Water Reservoir,46WPU0000000018Q,SE3,Trängslet,Trängslet G2,1,MAW,PT1M,1,2021-09-06 05:50:00+02:00,A80
2025-10-05 20:27:14+00:00,565,SE_3,Planned maintenance,A03,,2021-07-26 23:00:00+02:00,7___SHqxnBtPDek6RaDVsg,1134.0,Nuclear,46WPU0000000014Y,SE3,Ringhals 4,,1,MAW,PT1M,7,2021-07-26 05:00:00+02:00,A77
2025-10-05 20:27:14+00:00,0,SE_3,Planned maintenance,A03,,2021-09-09 18:00:00+02:00,7___SHqxnBtPDek6RaDVsg,1134.0,Nuclear,46WPU0000000014Y,SE3,Ringhals 4,,1081,MAW,PT1M,7,2021-07-26 23:00:00+02:00,A77
2025-10-05 20:27:48+00:00,751,SE_3,Unplanned outage,A03,,2021-09-06 16:00:00+02:00,jdwFpbj-IEar9MMAP0fAcw,1063.0,Nuclear,46WPU00000000121,SE3,Ringhals 3,,1,MAW,PT1M,1,2021-09-06 14:30:00+02:00,A77
2025-10-05 20:29:33+00:00,0,SE_3,Planned maintenance,A03,,2021-09-07 20:15:00+02:00,a3QDE8JUcvhF5lRCLgaeng,120.0,Fossil Oil,46WPU0000000023X,SE3,Värtaverket,KVV8 Värtaverket,1,MAW,PT1M,10,2021-05-29 06:00:00+02:00,A80
2025-10-05 20:35:54+00:00,340,SE_3,Unplanned outage,A03,,2021-09-11 22:00:00+02:00,v8alI6FpSNj44QhrOK2mpg,1134.0,Nuclear,46WPU0000000014Y,SE3,Ringhals 4,,1,MAW,PT1M,3,2021-09-10 09:30:00+02:00,A77
2025-10-05 20:37:39+00:00,0,SE_3,Unplanned outage,A03,,2021-09-17 13:00:00+02:00,FG1LinBwqAfdaFv7hKNYsA,260.0,Fossil Gas,46WPU0000000062N,SE3,Rya KVV ,,1,MAW,PT1M,3,2021-09-13 14:33:00+02:00,A77
2025-10-05 20:37:52+00:00,380,SE_3,Unplanned outage,A03,,2021-09-13 20:00:00+02:00,9FnCuT5AD-j4eXZKR-knkQ,988.0,Nuclear,46WPU0000000015W,SE3,Forsmark block 1,,1,MAW,PT1M,4,2021-09-12 22:40:00+02:00,A77
2025-10-05 20:41:43+00:00,300,SE_3,Unplanned outage,A03,,2021-09-15 21:00:00+02:00,rZMvDhwRyqEcGSVJgP0qJw,1134.0,Nuclear,46WPU0000000014Y,SE3,Ringhals 4,,1,MAW,PT1M,4,2021-09-12 19:00:00+02:00,A77
2025-10-05 20:44:09+00:00,721,SE_3,Unplanned outage,A03,,2021-09-17 11:00:00+02:00,_JzW9m1KEDUf3U7xqx793A,1134.0,Nuclear,46WPU0000000014Y,SE3,Ringhals 4,,1,MAW,PT1M,1,2021-09-17 10:00:00+02:00,A77
2025-10-05 20:51:13+00:00,0,SE_3,Unplanned outage,A03,,2021-09-20 06:47:00+02:00,pGZGR8yqJIGVaHIayNNfOw,100.0,Hydro Water Reservoir,46WPU0000000018Q,SE3,Trängslet,Trängslet G2,1,MAW,PT1M,2,2021-09-20 05:57:00+02:00,A80
2025-10-05 20:55:44+00:00,110,SE_3,Planned maintenance,A03,,2021-10-08 16:00:00+02:00,xbUWCeKZMmbUseE1-MFbQw,330.0,Hydro Water Reservoir,46WPU0000000018Q,SE3,Trängslet,,1951,MAW,PT1M,1,2021-10-08 15:30:00+02:00,A77
2025-10-05 20:55:44+00:00,110,SE_3,Planned maintenance,A03,,2021-10-07 07:30:00+02:00,xbUWCeKZMmbUseE1-MFbQw,330.0,Hydro Water Reservoir,46WPU0000000018Q,SE3,Trängslet,,1,MAW,PT1M,1,2021-10-07 07:00:00+02:00,A77
2025-10-05 20:55:44+00:00,200,SE_3,Planned maintenance,A03,,2021-10-08 15:30:00+02:00,xbUWCeKZMmbUseE1-MFbQw,330.0,Hydro Water Reservoir,46WPU0000000018Q,SE3,Trängslet,,31,MAW,PT1M,1,2021-10-07 07:30:00+02:00,A77
2025-10-05 20:56:39+00:00,0,SE_3,Planned maintenance,A03,,2021-09-22 15:08:00+02:00,rM1n6bIKND2Y2TXIhl6hXg,100.0,Hydro Water Reservoir,46WPU0000000018Q,SE3,Trängslet,Trängslet G1,1,MAW,PT1M,2,2021-09-22 08:00:00+02:00,A80
2025-10-05 20:58:28+00:00,0,SE_3,Planned maintenance,A03,,2021-09-23 11:55:00+02:00,geujmHwpmQf9ksElqHxmEQ,100.0,Hydro Water Reservoir,46WPU0000000018Q,SE3,Trängslet,Trängslet G2,1,MAW,PT1M,2,2021-09-23 08:00:00+02:00,A80
2025-10-05 20:59:43+00:00,259,SE_3,Unplanned outage,A03,,2021-09-24 02:00:00+02:00,1VuLwChMnr92u2hIjjJjQw,569.0,Nuclear,46WPU0000000014Y,SE3,Ringhals 4,Ringhals block 4 G42,1,MAW,PT1M,2,2021-09-23 21:10:00+02:00,A80
2025-10-05 20:59:44+00:00,258,SE_3,Unplanned outage,A03,,2021-09-24 01:48:00+02:00,uMzfNlt12fzDVUrIpA3zqQ,531.0,Nuclear,46WPU00000000121,SE3,Ringhals 3,Ringhals block 3 G31,1,MAW,PT1M,2,2021-09-23 19:37:00+02:00,A80
2025-10-05 20:59:45+00:00,258,SE_3,Unplanned outage,A03,,2021-09-24 02:35:00+02:00,IV-CK7Big6IW25MwV-omvQ,531.0,Nuclear,46WPU00000000121,SE3,Ringhals 3,Ringhals block 3 G32,1,MAW,PT1M,2,2021-09-23 20:52:00+02:00,A80
2025-10-05 21:00:34+00:00,260,SE_3,Unplanned outage,A03,,2021-09-24 09:25:00+02:00,N_6VBw_X2Nr1YUBmVn6arQ,565.0,Nuclear,46WPU0000000014Y,SE3,Ringhals 4,Ringhals block 4 G41,1,MAW,PT1M,2,2021-09-23 20:03:00+02:00,A80
2025-10-05 21:00:34+00:00,752,SE_3,Unplanned outage,A03,,2021-09-24 09:30:00+02:00,HLuQPaMLpUkRjk5xBepGiw,1063.0,Nuclear,46WPU00000000121,SE3,Ringhals 3,,1,MAW,PT1M,1,2021-09-24 09:00:00+02:00,A77
2025-10-05 21:04:06+00:00,0,SE_3,Planned maintenance,A03,,2021-09-26 12:00:00+02:00,NTZXv5bqFk3KYrZEwgPcSw,120.0,Fossil Oil,46WPU0000000023X,SE3,Värtaverket,KVV8 Värtaverket,1,MAW,PT1M,2,2021-09-24 18:00:00+02:00,A80
2025-10-05 21:08:43+00:00,0,SE_3,Planned maintenance,A03,,2021-09-29 01:00:00+02:00,Go4FmsWR7VNNs7J-vpsQbg,120.0,Fossil Oil,46WPU0000000023X,SE3,Värtaverket,KVV8 Värtaverket,1,MAW,PT1M,3,2021-09-26 22:00:00+02:00,A80
2025-10-05 21:14:27+00:00,0,SE_3,Unplanned outage,A03,,2021-10-02 05:23:00+02:00,Jddqmaqi1S6R2p-gAYz2JA,120.0,Fossil Oil,46WPU0000000023X,SE3,Värtaverket,KVV8 Värtaverket,1,MAW,PT1M,3,2021-10-02 00:50:00+02:00,A80
2025-10-05 21:15:04+00:00,375,SE_3,Planned maintenance,A03,,2021-10-02 16:30:00+02:00,y47TL8WlsHJ_iPqBC7WpFw,565.0,Nuclear,46WPU0000000014Y,SE3,Ringhals 4,Ringhals block 4 G41,1,MAW,PT1M,3,2021-10-02 06:00:00+02:00,A80
2025-10-05 21:15:32+00:00,0,SE_3,Unplanned outage,A03,,2021-10-03 11:00:00+02:00,qGsH8TRVXcfQHvf1mUGQ2A,1118.0,Nuclear,46WPU0000000016U,SE3,Forsmark block 2,,9331,MAW,PT1M,6,2021-10-01 22:00:00+02:00,A77
2025-10-05 21:15:32+00:00,1010,SE_3,Unplanned outage,A03,,2021-10-01 22:00:00+02:00,qGsH8TRVXcfQHvf1mUGQ2A,1118.0,Nuclear,46WPU0000000016U,SE3,Forsmark block 2,,1,MAW,PT1M,6,2021-09-25 10:30:00+02:00,A77
2025-10-05 21:19:11+00:00,490,SE_3,Unplanned outage,A03,,2021-10-04 19:00:00+02:00,w9snqP5fDrqjen6vh4dxsA,1118.0,Nuclear,46WPU0000000016U,SE3,Forsmark block 2,,1,MAW,PT1M,2,2021-10-04 09:58:00+02:00,A77
2025-10-05 21:20:58+00:00,0,SE_3,Unplanned outage,A03,,2021-10-06 02:00:00+02:00,VTzw1ZJjkvisClyHX9kH1g,120.0,Fossil Oil,46WPU0000000023X,SE3,Värtaverket,KVV8 Värtaverket,1,MAW,PT1M,5,2021-10-02 05:55:00+02:00,A80
2025-10-05 21:33:41+00:00,0,SE_3,Unplanned outage,A03,,2021-10-11 01:30:00+02:00,m6R6og-4PoP8Mm1Ttmwffg,120.0,Fossil Oil,46WPU0000000023X,SE3,Värtaverket,KVV8 Värtaverket,1,MAW,PT1M,6,2021-10-07 10:15:00+02:00,A80
2025-10-05 21:35:45+00:00,0,SE_3,Unplanned outage,A03,,2021-10-12 13:17:00+02:00,4HAFZaAO_FIrNRJAfA0rTg,130.0,Hydro Water Reservoir,46WPU0000000018Q,SE3,Trängslet,Trängslet G3,1,MAW,PT1M,2,2021-10-12 12:10:00+02:00,A80
2025-10-05 21:47:48+00:00,0,SE_3,Planned maintenance,A03,,2021-10-19 16:00:00+02:00,vDGJAweFJFcFXuh3NkOkNQ,260.0,Fossil Gas,46WPU0000000062N,SE3,Rya KVV ,,1,MAW,PT1M,4,2021-09-20 07:00:00+02:00,A77
2025-10-05 21:55:25+00:00,0,SE_3,Planned maintenance,A03,Cancelled,2021-10-26 18:00:00+02:00,wAGwpXQaMnOQN03igmgJiA,120.0,Fossil Oil,46WPU0000000023X,SE3,Värtaverket,KVV8 Värtaverket,1,MAW,PT1M,2,2021-10-26 07:00:00+02:00,A80
2025-10-05 21:58:02+00:00,0,SE_3,Planned maintenance,A03,Cancelled,2021-10-28 14:00:00+02:00,stIgAz-nkL-6szWec06V2A,100.0,Hydro Water Reservoir,46WPU0000000018Q,SE3,Trängslet,Trängslet G1,1,MAW,PT1M,3,2021-10-28 13:00:00+02:00,A80
2025-10-05 21:59:31+00:00,0,SE_3,Planned maintenance,A03,,2021-10-22 14:00:00+02:00,yhVCqHh8TRiVzA5B1FLNfg,1172.0,Nuclear,46WPU0000000017S,SE3,Forsmark block 3,,1,MAW,PT1M,11,2021-09-12 00:00:00+02:00,A77
2025-10-05 22:14:41+00:00,745,SE_3,Planned maintenance,A03,,2021-10-30 14:00:00+02:00,EMsyQrCJARbY5QVIAtRSzA,1118.0,Nuclear,46WPU0000000016U,SE3,Forsmark block 2,,211,MAW,PT1M,3,2021-10-30 06:30:00+02:00,A77
2025-10-05 22:14:41+00:00,1118,SE_3,Planned maintenance,A03,,2021-10-31 03:00:00+01:00,EMsyQrCJARbY5QVIAtRSzA,1118.0,Nuclear,46WPU0000000016U,SE3,Forsmark block 2,,1141,MAW,PT1M,3,2021-10-30 22:00:00+02:00,A77
2025-10-05 22:14:41+00:00,978,SE_3,Planned maintenance,A03,,2021-10-30 22:00:00+02:00,EMsyQrCJARbY5QVIAtRSzA,1118.0,Nuclear,46WPU0000000016U,SE3,Forsmark block 2,,661,MAW,PT1M,3,2021-10-30 14:00:00+02:00,A77
2025-10-05 22:14:41+00:00,930,SE_3,Planned maintenance,A03,,2021-10-30 06:30:00+02:00,EMsyQrCJARbY5QVIAtRSzA,1118.0,Nuclear,46WPU0000000016U,SE3,Forsmark block 2,,1,MAW,PT1M,3,2021-10-30 03:00:00+02:00,A77
2025-10-05 22:20:21+00:00,0,SE_3,Planned maintenance,A03,Cancelled,2021-11-07 19:00:00+01:00,RhIgcZhzNSenBbNKN2CdQA,100.0,Hydro Water Reservoir,46WPU0000000018Q,SE3,Trängslet,Trängslet G1,1,MAW,PT1M,2,2021-11-06 07:00:00+01:00,A80
2025-10-05 22:20:21+00:00,0,SE_3,Planned maintenance,A03,Cancelled,2021-11-14 19:00:00+01:00,fNCvoqQU-385Qma5bXZC8A,100.0,Hydro Water Reservoir,46WPU0000000018Q,SE3,Trängslet,Trängslet G2,1,MAW,PT1M,2,2021-11-13 07:00:00+01:00,A80
2025-10-05 22:22:18+00:00,0,SE_3,Planned maintenance,A03,,2021-11-10 17:00:00+01:00,LL90HIt9GCV0J1oedryxVg,130.0,Hydro Water Reservoir,46WPU0000000018Q,SE3,Trängslet,Trängslet G3,1,MAW,PT1M,1,2021-11-10 07:00:00+01:00,A80
2025-10-05 22:30:37+00:00,0,SE_3,Planned maintenance,A03,,2022-04-23 18:00:00+02:00,uI6Opgsmq2O_FKvjKCsGAQ,330.0,Hydro Water Reservoir,46WPU0000000018Q,SE3,Trängslet,,1,MAW,PT1M,1,2022-04-23 06:00:00+02:00,A77
2025-10-05 22:30:43+00:00,0,SE_3,Planned maintenance,A03,,2022-04-24 18:00:00+02:00,0O4Cd5zIIVqZRsI0tsxZ6Q,330.0,Hydro Water Reservoir,46WPU0000000018Q,SE3,Trängslet,,1,MAW,PT1M,1,2022-04-24 06:00:00+02:00,A77
2025-10-05 22:36:19+00:00,128,SE_3,Unplanned outage,A03,,2021-11-12 16:00:00+01:00,sPXcVOfGvBzzQAppWibz6g,260.0,Fossil Gas,46WPU0000000062N,SE3,Rya KVV ,,1,MAW,PT1M,3,2021-11-02 13:35:00+01:00,A77
2025-10-05 22:57:01+00:00,0,SE_3,Unplanned outage,A03,,2021-11-23 01:49:00+01:00,2UpM9RVkaTZH9MoJgcwPrA,130.0,Hydro Water Reservoir,46WPU0000000018Q,SE3,Trängslet,Trängslet G3,1,MAW,PT1M,1,2021-11-23 00:19:00+01:00,A80
2025-10-05 23:08:27+00:00,130,SE_3,Unplanned outage,A03,,2021-11-29 09:00:00+01:00,X5IdeDr9ueRgFO206n0wyQ,260.0,Fossil Gas,46WPU0000000062N,SE3,Rya KVV ,,1,MAW,PT1M,2,2021-11-29 07:00:00+01:00,A77
2025-10-05 23:11:05+00:00,630,SE_3,Planned maintenance,A03,,2022-01-06 16:00:00+01:00,lOCtRgk5YoOOW2sSWis3iA,1400.0,Nuclear,46WPU0000000061P,SE3,Oskarshamn 3,Oskarshamn G3,1,MAW,PT1M,2,2022-01-06 08:00:00+01:00,A80
2025-10-05 23:24:25+00:00,190,SE_3,Planned maintenance,A03,Cancelled,2021-12-07 19:00:00+01:00,G22G8_enPYjbKtqTm86RrQ,190.0,Fossil Oil,46WPU0000000023X,SE3,Värtaverket,KVV1 Värtaverket,3661,MAW,PT1M,13,2021-12-07 07:00:00+01:00,A80
2025-10-05 23:24:25+00:00,5,SE_3,Planned maintenance,A03,Cancelled,2021-12-04 20:00:00+01:00,G22G8_enPYjbKtqTm86RrQ,190.0,Fossil Oil,46WPU0000000023X,SE3,Värtaverket,KVV1 Värtaverket,1,MAW,PT1M,13,2021-12-04 18:00:00+01:00,A80
2025-10-05 23:24:25+00:00,90,SE_3,Planned maintenance,A03,Cancelled,2021-12-07 07:00:00+01:00,G22G8_enPYjbKtqTm86RrQ,190.0,Fossil Oil,46WPU0000000023X,SE3,Värtaverket,KVV1 Värtaverket,1561,MAW,PT1M,13,2021-12-05 20:00:00+01:00,A80
2025-10-05 23:24:25+00:00,45,SE_3,Planned maintenance,A03,Cancelled,2021-12-05 20:00:00+01:00,G22G8_enPYjbKtqTm86RrQ,190.0,Fossil Oil,46WPU0000000023X,SE3,Värtaverket,KVV1 Värtaverket,121,MAW,PT1M,13,2021-12-04 20:00:00+01:00,A80
2025-10-05 23:32:26+00:00,800,SE_3,Planned maintenance,A03,,2022-01-29 13:30:00+01:00,oL-ISufp7TlSKYs5Qo0CwQ,1172.0,Nuclear,46WPU0000000017S,SE3,Forsmark block 3,,1,MAW,PT1M,2,2022-01-29 10:00:00+01:00,A77
2025-10-05 23:39:29+00:00,710,SE_3,Planned maintenance,A03,,2021-12-11 14:30:00+01:00,gKzsDwez6jW1lTyAmCyGtw,988.0,Nuclear,46WPU0000000015W,SE3,Forsmark block 1,,1,MAW,PT1M,4,2021-12-11 08:00:00+01:00,A77
2025-10-05 23:41:57+00:00,0,SE_3,Planned maintenance,A03,,2021-12-15 15:00:00+01:00,8uSYKWBBKqlGqjx5VYiE9g,130.0,Hydro Water Reservoir,46WPU0000000018Q,SE3,Trängslet,Trängslet G3,1,MAW,PT1M,1,2021-12-15 08:00:00+01:00,A80
2025-10-05 23:43:38+00:00,0,SE_3,Unplanned outage,A03,,2021-12-14 09:25:00+01:00,Mt9dIlYgs1NSyK2LeqtXHg,100.0,Hydro Water Reservoir,46WPU0000000018Q,SE3,Trängslet,Trängslet G2,1,MAW,PT1M,2,2021-12-14 08:17:00+01:00,A80
2025-10-05 23:52:10+00:00,0,SE_3,Unplanned outage,A03,,2021-12-16 16:00:00+01:00,3HFeZaYZzMsSv7GJ6nJPrg,260.0,Fossil Gas,46WPU0000000062N,SE3,Rya KVV ,,1,MAW,PT1M,2,2021-12-15 10:00:00+01:00,A77
2025-10-05 23:53:58+00:00,0,SE_3,Planned maintenance,A03,,2021-12-19 17:00:00+01:00,NfLiByJSpLrz16wZTMs2Fg,100.0,Hydro Water Reservoir,46WPU0000000018Q,SE3,Trängslet,Trängslet G2,1,MAW,PT1M,1,2021-12-19 09:00:00+01:00,A80
2025-10-05 23:54:08+00:00,340,SE_3,Unplanned outage,A03,,2021-12-17 14:00:00+01:00,bwl8UA_SX4HBvSxjjNmOcw,1134.0,Nuclear,46WPU0000000014Y,SE3,Ringhals 4,,1,MAW,PT1M,2,2021-12-17 13:30:00+01:00,A77
2025-10-05 23:54:39+00:00,0,SE_3,Unplanned outage,A03,,2021-12-17 19:04:00+01:00,CPTiUYzqJxk7OJAG9m3vWw,130.0,Hydro Water Reservoir,46WPU0000000018Q,SE3,Trängslet,Trängslet G3,1,MAW,PT1M,2,2021-12-17 18:08:00+01:00,A80
2025-10-05 23:57:05+00:00,0,SE_3,Planned maintenance,A03,,2021-12-19 06:00:00+01:00,l4BJEp7gQERg9G-n-TgU2A,1134.0,Nuclear,46WPU0000000014Y,SE3,Ringhals 4,,1,MAW,PT1M,6,2021-12-17 14:30:00+01:00,A77
2025-10-05 23:58:16+00:00,250,SE_3,Unplanned outage,A03,,2021-12-20 01:00:00+01:00,sXYuUsGThC-ruXpwHhm-7w,1134.0,Nuclear,46WPU0000000014Y,SE3,Ringhals 4,,1,MAW,PT1M,2,2021-12-19 18:00:00+01:00,A77
2025-10-05 23:58:30+00:00,0,SE_3,Unplanned outage,A03,,2021-12-20 10:00:00+01:00,lqOlyq3SX_JTcHJ9hugNBQ,260.0,Fossil Gas,46WPU0000000062N,SE3,Rya KVV ,,1,MAW,PT1M,1,2021-12-20 03:40:00+01:00,A77
2025-10-05 23:59:17+00:00,610,SE_3,Unplanned outage,A03,,2021-12-20 11:00:00+01:00,Df1F7Ldpzzd-8q0RVaI30g,1134.0,Nuclear,46WPU0000000014Y,SE3,Ringhals 4,,1,MAW,PT1M,1,2021-12-20 10:30:00+01:00,A77
2025-10-06 00:14:25+00:00,1200,SE_3,Unplanned outage,A03,,2021-12-27 20:00:00+01:00,HX4GZyS_tAwfaMQBy42RjQ,1400.0,Nuclear,46WPU0000000061P,SE3,Oskarshamn 3,Oskarshamn G3,1,MAW,PT1M,1,2021-12-27 16:00:00+01:00,A80
2025-10-06 00:15:37+00:00,985,SE_3,Unplanned outage,A03,,2021-12-28 21:30:00+01:00,ctIBDm9u687E8tS3jpMrsg,988.0,Nuclear,46WPU0000000015W,SE3,Forsmark block 1,,993,MAW,PT1M,5,2021-12-28 17:30:00+01:00,A77
2025-10-06 00:15:37+00:00,366,SE_3,Unplanned outage,A03,,2021-12-28 03:40:00+01:00,ctIBDm9u687E8tS3jpMrsg,988.0,Nuclear,46WPU0000000015W,SE3,Forsmark block 1,,1,MAW,PT1M,5,2021-12-28 00:58:00+01:00,A77
2025-10-06 00:15:37+00:00,1098,SE_3,Unplanned outage,A03,,2021-12-28 22:00:00+01:00,ctIBDm9u687E8tS3jpMrsg,988.0,Nuclear,46WPU0000000015W,SE3,Forsmark block 1,,1233,MAW,PT1M,5,2021-12-28 21:30:00+01:00,A77
2025-10-06 00:15:37+00:00,850,SE_3,Unplanned outage,A03,,2021-12-28 13:00:00+01:00,ctIBDm9u687E8tS3jpMrsg,988.0,Nuclear,46WPU0000000015W,SE3,Forsmark block 1,,363,MAW,PT1M,5,2021-12-28 07:00:00+01:00,A77
2025-10-06 00:15:37+00:00,950,SE_3,Unplanned outage,A03,,2021-12-28 17:30:00+01:00,ctIBDm9u687E8tS3jpMrsg,988.0,Nuclear,46WPU0000000015W,SE3,Forsmark block 1,,723,MAW,PT1M,5,2021-12-28 13:00:00+01:00,A77
2025-10-06 00:15:37+00:00,515,SE_3,Unplanned outage,A03,,2021-12-28 07:00:00+01:00,ctIBDm9u687E8tS3jpMrsg,988.0,Nuclear,46WPU0000000015W,SE3,Forsmark block 1,,163,MAW,PT1M,5,2021-12-28 03:40:00+01:00,A77
2025-10-06 00:18:03+00:00,0,SE_3,Unplanned outage,A03,,2021-12-30 09:30:00+01:00,sIAcmvccu5oUafjgNckOVQ,130.0,Hydro Water Reservoir,46WPU0000000018Q,SE3,Trängslet,Trängslet G3,1,MAW,PT1M,1,2021-12-30 08:23:00+01:00,A80
2025-10-06 00:18:26+00:00,0,SE_3,Unplanned outage,A03,,2021-12-30 16:30:00+01:00,nqGsHOepfTKqawt3d6yX2w,100.0,Hydro Water Reservoir,46WPU0000000018Q,SE3,Trängslet,Trängslet G2,1,MAW,PT1M,1,2021-12-30 15:09:00+01:00,A80
2025-10-06 06:24:29+00:00,0,SE_3,Unplanned outage,A03,,2022-01-01 11:00:00+01:00,n7g-SCuwx02auzB7dNkqyw,1063.0,Nuclear,46WPU00000000121,SE3,Ringhals 3,,1,MAW,PT1M,5,2021-12-29 18:15:00+01:00,A77
2025-10-06 06:27:04+00:00,0,SE_3,Unplanned outage,A03,,2022-01-04 03:00:00+01:00,yGFaLySuPblIqsPGulDBYA,531.0,Nuclear,46WPU00000000121,SE3,Ringhals 3,Ringhals block 3 G31,1,MAW,PT1M,3,2022-01-02 11:00:00+01:00,A80
2025-10-06 06:27:44+00:00,0,SE_3,Planned maintenance,A03,,2022-01-04 12:32:00+01:00,MYKktEuV8dg_unjYzUflMQ,100.0,Hydro Water Reservoir,46WPU0000000018Q,SE3,Trängslet,Trängslet G1,1,MAW,PT1M,2,2022-01-04 10:00:00+01:00,A80
2025-10-06 06:34:10+00:00,0,SE_3,Unplanned outage,A03,,2022-01-11 07:33:00+01:00,TSSI-pNx9puN_JohcW42eA,1063.0,Nuclear,46WPU00000000121,SE3,Ringhals 3,,1,MAW,PT1M,5,2022-01-06 21:28:00+01:00,A77
2025-10-06 06:34:15+00:00,0,SE_3,Unplanned outage,A03,,2022-01-11 09:30:00+01:00,L46IoXtf3ivILzzMlu1Qfg,1063.0,Nuclear,46WPU00000000121,SE3,Ringhals 3,,1,MAW,PT1M,1,2022-01-11 07:55:00+01:00,A77
2025-10-06 06:34:48+00:00,0,SE_3,Unplanned outage,A03,,2022-01-11 18:30:00+01:00,9tAJczOqRbjqk-C0-37NLQ,531.0,Nuclear,46WPU00000000121,SE3,Ringhals 3,Ringhals block 3 G32,1,MAW,PT1M,1,2022-01-11 15:27:00+01:00,A80
2025-10-06 06:39:39+00:00,0,SE_3,Unplanned outage,A03,,2022-01-15 13:32:00+01:00,x5Zl6FcTKalYq4SED8MbTA,130.0,Hydro Water Reservoir,46WPU0000000018Q,SE3,Trängslet,Trängslet G3,1,MAW,PT1M,4,2022-01-15 06:58:00+01:00,A80
2025-10-06 06:42:05+00:00,0,SE_3,Unplanned outage,A03,,2022-01-17 22:00:00+01:00,cRtpI7JdANVKoH1gblTlqw,100.0,Hydro Water Reservoir,46WPU0000000018Q,SE3,Trängslet,Trängslet G2,1,MAW,PT1M,1,2022-01-17 20:47:00+01:00,A80
2025-10-06 06:45:46+00:00,0,SE_3,Unplanned outage,A03,,2022-01-19 15:22:00+01:00,6SR0c0_0GDMA8-8DOvBo9g,120.0,Fossil Oil,46WPU0000000023X,SE3,Värtaverket,KVV8 Värtaverket,1,MAW,PT1M,3,2022-01-19 13:00:00+01:00,A80
2025-10-06 06:46:51+00:00,0,SE_3,Planned maintenance,A03,,2022-01-25 11:00:00+01:00,3WWHZfDU24jOLB2jJ_0Ozw,100.0,Hydro Water Reservoir,46WPU0000000018Q,SE3,Trängslet,Trängslet G2,1,MAW,PT1M,1,2022-01-25 08:00:00+01:00,A80
2025-10-06 06:47:20+00:00,0,SE_3,Planned maintenance,A03,,2022-01-20 17:15:00+01:00,ijpW5Hfk5PtEaBRd1DLKtg,120.0,Fossil Oil,46WPU0000000023X,SE3,Värtaverket,KVV8 Värtaverket,1,MAW,PT1M,5,2022-01-20 12:00:00+01:00,A80
2025-10-06 07:05:30+00:00,0,SE_3,Planned maintenance,A03,,2021-12-24 10:30:00+01:00,qbl5Icx8OjTNul9N5DCXAA,190.0,Fossil Oil,46WPU0000000023X,SE3,Värtaverket,KVV1 Värtaverket,1,MAW,PT1M,45,2021-04-01 07:00:00+02:00,A80
2025-10-06 07:05:30+00:00,50,SE_3,Planned maintenance,A03,,2021-12-24 22:16:00+01:00,qbl5Icx8OjTNul9N5DCXAA,190.0,Fossil Oil,46WPU0000000023X,SE3,Värtaverket,KVV1 Värtaverket,384751,MAW,PT1M,45,2021-12-24 10:30:00+01:00,A80
2025-10-06 07:05:30+00:00,0,SE_3,Planned maintenance,A03,,2022-02-03 10:00:00+01:00,qbl5Icx8OjTNul9N5DCXAA,190.0,Fossil Oil,46WPU0000000023X,SE3,Värtaverket,KVV1 Värtaverket,419437,MAW,PT1M,45,2022-01-17 12:36:00+01:00,A80
2025-10-06 07:05:30+00:00,50,SE_3,Planned maintenance,A03,,2022-01-17 12:36:00+01:00,qbl5Icx8OjTNul9N5DCXAA,190.0,Fossil Oil,46WPU0000000023X,SE3,Värtaverket,KVV1 Värtaverket,419421,MAW,PT1M,45,2022-01-17 12:20:00+01:00,A80
2025-10-06 07:05:30+00:00,0,SE_3,Planned maintenance,A03,,2022-01-17 12:20:00+01:00,qbl5Icx8OjTNul9N5DCXAA,190.0,Fossil Oil,46WPU0000000023X,SE3,Värtaverket,KVV1 Värtaverket,385457,MAW,PT1M,45,2021-12-24 22:16:00+01:00,A80
2025-10-06 07:16:22+00:00,630,SE_3,Planned maintenance,A03,Cancelled,2022-03-05 16:00:00+01:00,Mdx1i1yEC3U7ApgfM07wxQ,1400.0,Nuclear,46WPU0000000061P,SE3,Oskarshamn 3,Oskarshamn G3,1,MAW,PT1M,2,2022-03-05 08:00:00+01:00,A80
2025-10-06 07:16:27+00:00,0,SE_3,Planned maintenance,A03,,2022-02-09 20:00:00+01:00,NHgE2z_zgePH3WPBSSeoyg,120.0,Fossil Oil,46WPU0000000023X,SE3,Värtaverket,KVV8 Värtaverket,1,MAW,PT1M,2,2022-02-09 10:00:00+01:00,A80
2025-10-06 07:20:05+00:00,1020,SE_3,Planned maintenance,A03,,2022-02-13 22:00:00+01:00,Xs6NYtmoLHmqzKTTLfUoGQ,1118.0,Nuclear,46WPU0000000016U,SE3,Forsmark block 2,,931,MAW,PT1M,5,2022-02-13 18:00:00+01:00,A77
2025-10-06 07:20:05+00:00,745,SE_3,Planned maintenance,A03,,2022-02-13 12:00:00+01:00,Xs6NYtmoLHmqzKTTLfUoGQ,1118.0,Nuclear,46WPU0000000016U,SE3,Forsmark block 2,,301,MAW,PT1M,5,2022-02-13 07:30:00+01:00,A77
2025-10-06 07:20:05+00:00,930,SE_3,Planned maintenance,A03,,2022-02-13 07:30:00+01:00,Xs6NYtmoLHmqzKTTLfUoGQ,1118.0,Nuclear,46WPU0000000016U,SE3,Forsmark block 2,,1,MAW,PT1M,5,2022-02-13 02:30:00+01:00,A77
2025-10-06 07:20:05+00:00,970,SE_3,Planned maintenance,A03,,2022-02-13 18:00:00+01:00,Xs6NYtmoLHmqzKTTLfUoGQ,1118.0,Nuclear,46WPU0000000016U,SE3,Forsmark block 2,,571,MAW,PT1M,5,2022-02-13 12:00:00+01:00,A77
2025-10-06 07:35:46+00:00,0,SE_3,Unplanned outage,A03,,2022-02-24 20:00:00+01:00,Qe5q-H7VQ6tEM0QPQSGMiA,190.0,Fossil Oil,46WPU0000000023X,SE3,Värtaverket,KVV1 Värtaverket,1,MAW,PT1M,11,2022-02-03 10:00:00+01:00,A80
2025-10-06 07:35:46+00:00,90,SE_3,Unplanned outage,A03,,2022-02-28 05:00:00+01:00,Qe5q-H7VQ6tEM0QPQSGMiA,190.0,Fossil Oil,46WPU0000000023X,SE3,Värtaverket,KVV1 Värtaverket,32461,MAW,PT1M,11,2022-02-25 23:00:00+01:00,A80
2025-10-06 07:35:46+00:00,45,SE_3,Unplanned outage,A03,,2022-02-25 23:00:00+01:00,Qe5q-H7VQ6tEM0QPQSGMiA,190.0,Fossil Oil,46WPU0000000023X,SE3,Värtaverket,KVV1 Värtaverket,30841,MAW,PT1M,11,2022-02-24 20:00:00+01:00,A80
2025-10-06 07:37:53+00:00,0,SE_3,Unplanned outage,A03,,2022-02-27 08:25:00+01:00,Q2sHbdCM7CiTn0j21PwktA,1400.0,Nuclear,46WPU0000000061P,SE3,Oskarshamn 3,Oskarshamn G3,1,MAW,PT1M,5,2022-02-19 01:00:00+01:00,A80
2025-10-06 07:43:35+00:00,0,SE_3,Planned maintenance,A03,,2022-03-03 14:11:00+01:00,wxA8uJHU2VvdIEGLLCxWvQ,130.0,Hydro Water Reservoir,46WPU0000000018Q,SE3,Trängslet,Trängslet G3,1,MAW,PT1M,5,2022-02-14 08:00:00+01:00,A80
2025-10-06 07:46:39+00:00,870,SE_3,Planned maintenance,A03,,2022-03-05 22:15:00+01:00,BS5Qw9ScZoliW8YxSYu7tQ,988.0,Nuclear,46WPU0000000015W,SE3,Forsmark block 1,,616,MAW,PT1M,3,2022-03-05 18:15:00+01:00,A77
2025-10-06 07:46:39+00:00,710,SE_3,Planned maintenance,A03,,2022-03-05 10:00:00+01:00,BS5Qw9ScZoliW8YxSYu7tQ,988.0,Nuclear,46WPU0000000015W,SE3,Forsmark block 1,,1,MAW,PT1M,3,2022-03-05 08:00:00+01:00,A77
2025-10-06 07:46:39+00:00,590,SE_3,Planned maintenance,A03,,2022-03-05 11:15:00+01:00,BS5Qw9ScZoliW8YxSYu7tQ,988.0,Nuclear,46WPU0000000015W,SE3,Forsmark block 1,,121,MAW,PT1M,3,2022-03-05 10:00:00+01:00,A77
2025-10-06 07:46:39+00:00,990,SE_3,Planned maintenance,A03,,2022-03-06 18:15:00+01:00,BS5Qw9ScZoliW8YxSYu7tQ,988.0,Nuclear,46WPU0000000015W,SE3,Forsmark block 1,,856,MAW,PT1M,3,2022-03-05 22:15:00+01:00,A77
2025-10-06 07:46:39+00:00,710,SE_3,Planned maintenance,A03,,2022-03-05 17:00:00+01:00,BS5Qw9ScZoliW8YxSYu7tQ,988.0,Nuclear,46WPU0000000015W,SE3,Forsmark block 1,,196,MAW,PT1M,3,2022-03-05 11:15:00+01:00,A77
2025-10-06 07:46:39+00:00,780,SE_3,Planned maintenance,A03,,2022-03-05 18:15:00+01:00,BS5Qw9ScZoliW8YxSYu7tQ,988.0,Nuclear,46WPU0000000015W,SE3,Forsmark block 1,,541,MAW,PT1M,3,2022-03-05 17:00:00+01:00,A77
2025-10-06 07:55:29+00:00,0,SE_3,Unplanned outage,A03,,2022-03-08 21:00:00+01:00,nZzBZO6tMj2AJ0Gqd7eLeA,190.0,Fossil Oil,46WPU0000000023X,SE3,Värtaverket,KVV1 Värtaverket,1,MAW,PT1M,4,2022-03-03 09:27:00+01:00,A80
2025-10-06 08:00:23+00:00,0,SE_3,Unplanned outage,A03,,2022-03-14 10:00:00+01:00,he9XE8V1nuYkGaF02862Vg,190.0,Fossil Oil,46WPU0000000023X,SE3,Värtaverket,KVV1 Värtaverket,1,MAW,PT1M,2,2022-03-10 06:00:00+01:00,A80
2025-10-06 08:01:26+00:00,0,SE_3,Planned maintenance,A03,,2022-03-14 18:00:00+01:00,o4PV6RvlDFYjPY-z8vxlzg,120.0,Fossil Oil,46WPU0000000023X,SE3,Värtaverket,KVV8 Värtaverket,1,MAW,PT1M,3,2022-03-11 20:00:00+01:00,A80
2025-10-06 08:03:24+00:00,350,SE_3,Unplanned outage,A03,,2022-03-13 21:30:00+01:00,2SN1dlItgn0tYr0G5_8HuQ,1172.0,Nuclear,46WPU0000000017S,SE3,Forsmark block 3,,1,MAW,PT1M,3,2022-03-13 19:17:00+01:00,A77
2025-10-06 08:03:24+00:00,1172,SE_3,Unplanned outage,A03,,2022-03-15 02:00:00+01:00,2SN1dlItgn0tYr0G5_8HuQ,1172.0,Nuclear,46WPU0000000017S,SE3,Forsmark block 3,,404,MAW,PT1M,3,2022-03-14 02:00:00+01:00,A77
2025-10-06 08:03:24+00:00,540,SE_3,Unplanned outage,A03,,2022-03-14 02:00:00+01:00,2SN1dlItgn0tYr0G5_8HuQ,1172.0,Nuclear,46WPU0000000017S,SE3,Forsmark block 3,,134,MAW,PT1M,3,2022-03-13 21:30:00+01:00,A77
2025-10-06 08:05:48+00:00,0,SE_3,Unplanned outage,A03,,2022-03-15 18:00:00+01:00,VvTaAdk2XVz_2M-JJPpOWA,190.0,Fossil Oil,46WPU0000000023X,SE3,Värtaverket,KVV1 Värtaverket,1,MAW,PT1M,2,2022-03-15 14:07:00+01:00,A80
2025-10-06 08:09:50+00:00,0,SE_3,Planned maintenance,A03,,2022-03-14 19:00:00+01:00,Z0w3xAV-QRtkpuvKrqaTSQ,100.0,Hydro Water Reservoir,46WPU0000000018Q,SE3,Trängslet,Trängslet G1,20161,MAW,PT1M,3,2022-03-14 07:00:00+01:00,A80
2025-10-06 08:09:50+00:00,0,SE_3,Planned maintenance,A03,,2022-03-16 19:00:00+01:00,Z0w3xAV-QRtkpuvKrqaTSQ,100.0,Hydro Water Reservoir,46WPU0000000018Q,SE3,Trängslet,Trängslet G1,23041,MAW,PT1M,3,2022-03-16 07:00:00+01:00,A80
2025-10-06 08:09:50+00:00,0,SE_3,Planned maintenance,A03,,2022-03-07 19:00:00+01:00,Z0w3xAV-QRtkpuvKrqaTSQ,100.0,Hydro Water Reservoir,46WPU0000000018Q,SE3,Trängslet,Trängslet G1,10081,MAW,PT1M,3,2022-03-07 07:00:00+01:00,A80
2025-10-06 08:09:50+00:00,100,SE_3,Planned maintenance,A03,,2022-03-10 07:00:00+01:00,Z0w3xAV-QRtkpuvKrqaTSQ,100.0,Hydro Water Reservoir,46WPU0000000018Q,SE3,Trängslet,Trängslet G1,13681,MAW,PT1M,3,2022-03-09 19:00:00+01:00,A80
2025-10-06 08:09:50+00:00,0,SE_3,Planned maintenance,A03,,2022-03-09 19:00:00+01:00,Z0w3xAV-QRtkpuvKrqaTSQ,100.0,Hydro Water Reservoir,46WPU0000000018Q,SE3,Trängslet,Trängslet G1,12961,MAW,PT1M,3,2022-03-09 07:00:00+01:00,A80
2025-10-06 08:09:50+00:00,100,SE_3,Planned maintenance,A03,,2022-03-09 07:00:00+01:00,Z0w3xAV-QRtkpuvKrqaTSQ,100.0,Hydro Water Reservoir,46WPU0000000018Q,SE3,Trängslet,Trängslet G1,12241,MAW,PT1M,3,2022-03-08 19:00:00+01:00,A80
2025-10-06 08:09:50+00:00,0,SE_3,Planned maintenance,A03,,2022-03-08 19:00:00+01:00,Z0w3xAV-QRtkpuvKrqaTSQ,100.0,Hydro Water Reservoir,46WPU0000000018Q,SE3,Trängslet,Trängslet G1,11521,MAW,PT1M,3,2022-03-08 07:00:00+01:00,A80
2025-10-06 08:09:50+00:00,100,SE_3,Planned maintenance,A03,,2022-03-08 07:00:00+01:00,Z0w3xAV-QRtkpuvKrqaTSQ,100.0,Hydro Water Reservoir,46WPU0000000018Q,SE3,Trängslet,Trängslet G1,10801,MAW,PT1M,3,2022-03-07 19:00:00+01:00,A80
2025-10-06 08:09:50+00:00,0,SE_3,Planned maintenance,A03,,2022-03-10 19:00:00+01:00,Z0w3xAV-QRtkpuvKrqaTSQ,100.0,Hydro Water Reservoir,46WPU0000000018Q,SE3,Trängslet,Trängslet G1,14401,MAW,PT1M,3,2022-03-10 07:00:00+01:00,A80
2025-10-06 08:09:50+00:00,100,SE_3,Planned maintenance,A03,,2022-03-07 07:00:00+01:00,Z0w3xAV-QRtkpuvKrqaTSQ,100.0,Hydro Water Reservoir,46WPU0000000018Q,SE3,Trängslet,Trängslet G1,4981,MAW,PT1M,3,2022-03-03 18:00:00+01:00,A80
2025-10-06 08:09:50+00:00,0,SE_3,Planned maintenance,A03,,2022-03-15 19:00:00+01:00,Z0w3xAV-QRtkpuvKrqaTSQ,100.0,Hydro Water Reservoir,46WPU0000000018Q,SE3,Trängslet,Trängslet G1,21601,MAW,PT1M,3,2022-03-15 07:00:00+01:00,A80
2025-10-06 08:09:50+00:00,100,SE_3,Planned maintenance,A03,,2022-03-15 07:00:00+01:00,Z0w3xAV-QRtkpuvKrqaTSQ,100.0,Hydro Water Reservoir,46WPU0000000018Q,SE3,Trängslet,Trängslet G1,20881,MAW,PT1M,3,2022-03-14 19:00:00+01:00,A80
2025-10-06 08:09:50+00:00,100,SE_3,Planned maintenance,A03,,2022-03-03 07:00:00+01:00,Z0w3xAV-QRtkpuvKrqaTSQ,100.0,Hydro Water Reservoir,46WPU0000000018Q,SE3,Trängslet,Trängslet G1,3601,MAW,PT1M,3,2022-03-02 19:00:00+01:00,A80
2025-10-06 08:09:50+00:00,100,SE_3,Planned maintenance,A03,,2022-03-14 07:00:00+01:00,Z0w3xAV-QRtkpuvKrqaTSQ,100.0,Hydro Water Reservoir,46WPU0000000018Q,SE3,Trängslet,Trängslet G1,15121,MAW,PT1M,3,2022-03-10 19:00:00+01:00,A80
2025-10-06 08:09:50+00:00,0,SE_3,Planned maintenance,A03,,2022-02-28 19:00:00+01:00,Z0w3xAV-QRtkpuvKrqaTSQ,100.0,Hydro Water Reservoir,46WPU0000000018Q,SE3,Trängslet,Trängslet G1,1,MAW,PT1M,3,2022-02-28 07:00:00+01:00,A80
2025-10-06 08:09:50+00:00,100,SE_3,Planned maintenance,A03,,2022-03-16 07:00:00+01:00,Z0w3xAV-QRtkpuvKrqaTSQ,100.0,Hydro Water Reservoir,46WPU0000000018Q,SE3,Trängslet,Trängslet G1,22321,MAW,PT1M,3,2022-03-15 19:00:00+01:00,A80
2025-10-06 08:09:50+00:00,0,SE_3,Planned maintenance,A03,,2022-03-01 19:00:00+01:00,Z0w3xAV-QRtkpuvKrqaTSQ,100.0,Hydro Water Reservoir,46WPU0000000018Q,SE3,Trängslet,Trängslet G1,1441,MAW,PT1M,3,2022-03-01 07:00:00+01:00,A80
2025-10-06 08:09:50+00:00,100,SE_3,Planned maintenance,A03,,2022-03-02 07:00:00+01:00,Z0w3xAV-QRtkpuvKrqaTSQ,100.0,Hydro Water Reservoir,46WPU0000000018Q,SE3,Trängslet,Trängslet G1,2161,MAW,PT1M,3,2022-03-01 19:00:00+01:00,A80
2025-10-06 08:09:50+00:00,0,SE_3,Planned maintenance,A03,,2022-03-02 19:00:00+01:00,Z0w3xAV-QRtkpuvKrqaTSQ,100.0,Hydro Water Reservoir,46WPU0000000018Q,SE3,Trängslet,Trängslet G1,2881,MAW,PT1M,3,2022-03-02 07:00:00+01:00,A80
2025-10-06 08:09:50+00:00,0,SE_3,Planned maintenance,A03,,2022-03-03 18:00:00+01:00,Z0w3xAV-QRtkpuvKrqaTSQ,100.0,Hydro Water Reservoir,46WPU0000000018Q,SE3,Trängslet,Trängslet G1,4321,MAW,PT1M,3,2022-03-03 07:00:00+01:00,A80
2025-10-06 08:09:50+00:00,100,SE_3,Planned maintenance,A03,,2022-03-01 07:00:00+01:00,Z0w3xAV-QRtkpuvKrqaTSQ,100.0,Hydro Water Reservoir,46WPU0000000018Q,SE3,Trängslet,Trängslet G1,721,MAW,PT1M,3,2022-02-28 19:00:00+01:00,A80
2025-10-06 08:11:04+00:00,0,SE_3,Unplanned outage,A03,,2022-03-18 18:30:00+01:00,2mhbGLpFnTmf0ekAqK-5sg,190.0,Fossil Oil,46WPU0000000023X,SE3,Värtaverket,KVV1 Värtaverket,1,MAW,PT1M,4,2022-03-16 12:50:00+01:00,A80
2025-10-06 08:24:17+00:00,0,SE_3,Unplanned outage,A03,,2022-03-28 13:05:00+02:00,soPra_zyRBpkRXU5UEa36g,260.0,Fossil Gas,46WPU0000000062N,SE3,Rya KVV ,,1,MAW,PT1M,3,2022-03-28 06:38:00+02:00,A77
2025-10-06 08:25:56+00:00,0,SE_3,Planned maintenance,A03,,2022-03-29 15:36:00+02:00,I3SfVfGvTLugEVwhZasXvw,130.0,Hydro Water Reservoir,46WPU0000000018Q,SE3,Trängslet,Trängslet G3,1,MAW,PT1M,3,2022-03-29 08:00:00+02:00,A80
2025-10-06 08:27:48+00:00,230,SE_3,Planned maintenance,A03,,2022-04-20 18:00:00+02:00,xseLBmp9arRGrkIGm4lgSw,330.0,Hydro Water Reservoir,46WPU0000000018Q,SE3,Trängslet,,1,MAW,PT1M,1,2022-04-20 07:00:00+02:00,A77
2025-10-06 08:35:30+00:00,0,SE_3,Unplanned outage,A03,,2022-04-05 18:45:00+02:00,cUP366LIS0mhv-G0ZqvZEQ,100.0,Hydro Water Reservoir,46WPU0000000018Q,SE3,Trängslet,Trängslet G1,1,MAW,PT1M,3,2022-04-05 16:42:00+02:00,A80
2025-10-06 08:38:12+00:00,0,SE_3,Planned maintenance,A03,,2022-03-21 19:00:00+01:00,d3HrEYhEj7x7W-_sf3sMXg,100.0,Hydro Water Reservoir,46WPU0000000018Q,SE3,Trängslet,Trängslet G2,1,MAW,PT1M,5,2022-03-21 07:00:00+01:00,A80
2025-10-06 08:38:12+00:00,0,SE_3,Planned maintenance,A03,,2022-04-05 19:00:00+02:00,d3HrEYhEj7x7W-_sf3sMXg,100.0,Hydro Water Reservoir,46WPU0000000018Q,SE3,Trängslet,Trängslet G2,21541,MAW,PT1M,5,2022-04-05 07:00:00+02:00,A80
2025-10-06 08:38:12+00:00,100,SE_3,Planned maintenance,A03,,2022-03-22 07:00:00+01:00,d3HrEYhEj7x7W-_sf3sMXg,100.0,Hydro Water Reservoir,46WPU0000000018Q,SE3,Trängslet,Trängslet G2,721,MAW,PT1M,5,2022-03-21 19:00:00+01:00,A80
2025-10-06 08:38:12+00:00,0,SE_3,Planned maintenance,A03,,2022-04-07 11:29:00+02:00,d3HrEYhEj7x7W-_sf3sMXg,100.0,Hydro Water Reservoir,46WPU0000000018Q,SE3,Trängslet,Trängslet G2,24421,MAW,PT1M,5,2022-04-07 07:00:00+02:00,A80
2025-10-06 08:38:12+00:00,0,SE_3,Planned maintenance,A03,,2022-03-28 19:00:00+02:00,d3HrEYhEj7x7W-_sf3sMXg,100.0,Hydro Water Reservoir,46WPU0000000018Q,SE3,Trängslet,Trängslet G2,10021,MAW,PT1M,5,2022-03-28 07:00:00+02:00,A80
2025-10-06 08:38:12+00:00,0,SE_3,Planned maintenance,A03,,2022-04-06 19:00:00+02:00,d3HrEYhEj7x7W-_sf3sMXg,100.0,Hydro Water Reservoir,46WPU0000000018Q,SE3,Trängslet,Trängslet G2,22981,MAW,PT1M,5,2022-04-06 07:00:00+02:00,A80
2025-10-06 08:38:12+00:00,100,SE_3,Planned maintenance,A03,,2022-03-24 07:00:00+01:00,d3HrEYhEj7x7W-_sf3sMXg,100.0,Hydro Water Reservoir,46WPU0000000018Q,SE3,Trängslet,Trängslet G2,2161,MAW,PT1M,5,2022-03-22 19:00:00+01:00,A80
2025-10-06 08:38:12+00:00,100,SE_3,Planned maintenance,A03,,2022-03-29 07:00:00+02:00,d3HrEYhEj7x7W-_sf3sMXg,100.0,Hydro Water Reservoir,46WPU0000000018Q,SE3,Trängslet,Trängslet G2,10741,MAW,PT1M,5,2022-03-28 19:00:00+02:00,A80
2025-10-06 08:38:12+00:00,100,SE_3,Planned maintenance,A03,,2022-03-28 07:00:00+02:00,d3HrEYhEj7x7W-_sf3sMXg,100.0,Hydro Water Reservoir,46WPU0000000018Q,SE3,Trängslet,Trängslet G2,4867,MAW,PT1M,5,2022-03-24 16:06:00+01:00,A80
2025-10-06 08:38:12+00:00,0,SE_3,Planned maintenance,A03,,2022-03-29 19:00:00+02:00,d3HrEYhEj7x7W-_sf3sMXg,100.0,Hydro Water Reservoir,46WPU0000000018Q,SE3,Trängslet,Trängslet G2,11461,MAW,PT1M,5,2022-03-29 07:00:00+02:00,A80
2025-10-06 08:38:12+00:00,100,SE_3,Planned maintenance,A03,,2022-04-06 07:00:00+02:00,d3HrEYhEj7x7W-_sf3sMXg,100.0,Hydro Water Reservoir,46WPU0000000018Q,SE3,Trängslet,Trängslet G2,22261,MAW,PT1M,5,2022-04-05 19:00:00+02:00,A80
2025-10-06 08:38:12+00:00,100,SE_3,Planned maintenance,A03,,2022-03-30 07:00:00+02:00,d3HrEYhEj7x7W-_sf3sMXg,100.0,Hydro Water Reservoir,46WPU0000000018Q,SE3,Trängslet,Trängslet G2,12181,MAW,PT1M,5,2022-03-29 19:00:00+02:00,A80
2025-10-06 08:38:12+00:00,100,SE_3,Planned maintenance,A03,,2022-03-31 07:00:00+02:00,d3HrEYhEj7x7W-_sf3sMXg,100.0,Hydro Water Reservoir,46WPU0000000018Q,SE3,Trängslet,Trängslet G2,13621,MAW,PT1M,5,2022-03-30 19:00:00+02:00,A80
2025-10-06 08:38:12+00:00,0,SE_3,Planned maintenance,A03,,2022-03-31 14:12:00+02:00,d3HrEYhEj7x7W-_sf3sMXg,100.0,Hydro Water Reservoir,46WPU0000000018Q,SE3,Trängslet,Trängslet G2,14341,MAW,PT1M,5,2022-03-31 07:00:00+02:00,A80
2025-10-06 08:38:12+00:00,100,SE_3,Planned maintenance,A03,,2022-04-04 07:00:00+02:00,d3HrEYhEj7x7W-_sf3sMXg,100.0,Hydro Water Reservoir,46WPU0000000018Q,SE3,Trängslet,Trängslet G2,14773,MAW,PT1M,5,2022-03-31 14:12:00+02:00,A80
2025-10-06 08:38:12+00:00,100,SE_3,Planned maintenance,A03,,2022-04-07 07:00:00+02:00,d3HrEYhEj7x7W-_sf3sMXg,100.0,Hydro Water Reservoir,46WPU0000000018Q,SE3,Trängslet,Trängslet G2,23701,MAW,PT1M,5,2022-04-06 19:00:00+02:00,A80
2025-10-06 08:38:12+00:00,0,SE_3,Planned maintenance,A03,,2022-03-22 19:00:00+01:00,d3HrEYhEj7x7W-_sf3sMXg,100.0,Hydro Water Reservoir,46WPU0000000018Q,SE3,Trängslet,Trängslet G2,1441,MAW,PT1M,5,2022-03-22 07:00:00+01:00,A80
2025-10-06 08:38:12+00:00,0,SE_3,Planned maintenance,A03,,2022-03-30 19:00:00+02:00,d3HrEYhEj7x7W-_sf3sMXg,100.0,Hydro Water Reservoir,46WPU0000000018Q,SE3,Trängslet,Trängslet G2,12901,MAW,PT1M,5,2022-03-30 07:00:00+02:00,A80
2025-10-06 08:38:12+00:00,100,SE_3,Planned maintenance,A03,,2022-04-05 07:00:00+02:00,d3HrEYhEj7x7W-_sf3sMXg,100.0,Hydro Water Reservoir,46WPU0000000018Q,SE3,Trängslet,Trängslet G2,20821,MAW,PT1M,5,2022-04-04 19:00:00+02:00,A80
2025-10-06 08:38:12+00:00,0,SE_3,Planned maintenance,A03,,2022-04-04 19:00:00+02:00,d3HrEYhEj7x7W-_sf3sMXg,100.0,Hydro Water Reservoir,46WPU0000000018Q,SE3,Trängslet,Trängslet G2,20101,MAW,PT1M,5,2022-04-04 07:00:00+02:00,A80
2025-10-06 08:38:12+00:00,0,SE_3,Planned maintenance,A03,,2022-03-24 16:06:00+01:00,d3HrEYhEj7x7W-_sf3sMXg,100.0,Hydro Water Reservoir,46WPU0000000018Q,SE3,Trängslet,Trängslet G2,4321,MAW,PT1M,5,2022-03-24 07:00:00+01:00,A80
2025-10-06 08:39:06+00:00,0,SE_3,Unplanned outage,A03,,2022-04-08 09:00:00+02:00,RKY_T36bip9JhDzk1D9QPA,100.0,Hydro Water Reservoir,46WPU0000000018Q,SE3,Trängslet,Trängslet G1,1,MAW,PT1M,1,2022-04-08 07:01:00+02:00,A80
2025-10-06 08:42:07+00:00,747,SE_3,Unplanned outage,A03,,2022-04-09 23:59:00+02:00,-xxQxTibmsL6xenQXSiq4g,1118.0,Nuclear,46WPU0000000016U,SE3,Forsmark block 2,,1,MAW,PT1M,2,2022-04-09 18:00:00+02:00,A77
2025-10-06 08:42:07+00:00,465,SE_3,Unplanned outage,A03,,2022-04-11 02:00:00+02:00,-xxQxTibmsL6xenQXSiq4g,1118.0,Nuclear,46WPU0000000016U,SE3,Forsmark block 2,,421,MAW,PT1M,2,2022-04-10 01:00:00+02:00,A77
2025-10-06 08:42:07+00:00,560,SE_3,Unplanned outage,A03,,2022-04-10 01:00:00+02:00,-xxQxTibmsL6xenQXSiq4g,1118.0,Nuclear,46WPU0000000016U,SE3,Forsmark block 2,,360,MAW,PT1M,2,2022-04-09 23:59:00+02:00,A77
2025-10-06 08:53:18+00:00,0,SE_3,Planned maintenance,A03,,2022-04-20 16:00:00+02:00,3t1fRuE3wmm1Pq1en1KIeg,213.0,Wind Onshore,46WPU0000000065H,SE3,Jädraås Vindkraftpark,,1,MAW,PT1M,1,2022-04-20 08:00:00+02:00,A77
2025-10-06 08:53:52+00:00,0,SE_3,Planned maintenance,A03,,2022-04-19 15:45:00+02:00,_XfJHxng14Wmqqd-L6ZJqg,130.0,Hydro Water Reservoir,46WPU0000000018Q,SE3,Trängslet,Trängslet G3,1,MAW,PT1M,4,2022-04-11 08:00:00+02:00,A80
2025-10-06 08:57:12+00:00,0,SE_3,Unplanned outage,A03,,2022-04-11 05:15:00+02:00,f74QxqdI5Kz8o0obDsGoGA,120.0,Fossil Oil,46WPU0000000023X,SE3,Värtaverket,KVV8 Värtaverket,1,MAW,PT1M,1,2022-04-11 03:45:00+02:00,A80
2025-10-06 09:01:23+00:00,0,SE_3,Planned maintenance,A03,,2022-04-26 11:33:00+02:00,ZyWgbTvDTU4nVbhUAxWbKg,130.0,Hydro Water Reservoir,46WPU0000000018Q,SE3,Trängslet,Trängslet G3,1,MAW,PT1M,3,2022-04-26 08:00:00+02:00,A80
2025-10-06 09:07:19+00:00,230,SE_3,Planned maintenance,A03,,2022-05-12 11:00:00+02:00,pWbCK2NlFnulgkDXLU-yIQ,330.0,Hydro Water Reservoir,46WPU0000000018Q,SE3,Trängslet,,1,MAW,PT1M,2,2022-05-12 07:00:00+02:00,A77
2025-10-06 09:09:12+00:00,980,SE_3,Planned maintenance,A03,,2022-05-07 20:00:00+02:00,9iJ3Z5MVQWe9Qk515zMaog,1118.0,Nuclear,46WPU0000000016U,SE3,Forsmark block 2,,601,MAW,PT1M,2,2022-05-07 13:00:00+02:00,A77
2025-10-06 09:09:12+00:00,1121,SE_3,Planned maintenance,A03,,2022-05-07 20:30:00+02:00,9iJ3Z5MVQWe9Qk515zMaog,1118.0,Nuclear,46WPU0000000016U,SE3,Forsmark block 2,,1021,MAW,PT1M,2,2022-05-07 20:00:00+02:00,A77
2025-10-06 09:09:12+00:00,933,SE_3,Planned maintenance,A03,,2022-05-07 07:15:00+02:00,9iJ3Z5MVQWe9Qk515zMaog,1118.0,Nuclear,46WPU0000000016U,SE3,Forsmark block 2,,1,MAW,PT1M,2,2022-05-07 03:00:00+02:00,A77
2025-10-06 09:09:12+00:00,748,SE_3,Planned maintenance,A03,,2022-05-07 13:00:00+02:00,9iJ3Z5MVQWe9Qk515zMaog,1118.0,Nuclear,46WPU0000000016U,SE3,Forsmark block 2,,256,MAW,PT1M,2,2022-05-07 07:15:00+02:00,A77
2025-10-06 09:20:09+00:00,0,SE_3,Planned maintenance,A03,,2022-05-10 21:58:00+02:00,QsSHV4BmJu56yGvz5Rbovw,1400.0,Nuclear,46WPU0000000061P,SE3,Oskarshamn 3,Oskarshamn G3,1,MAW,PT1M,7,2022-04-18 17:00:00+02:00,A80
2025-10-06 09:38:53+00:00,0,SE_3,Unplanned outage,A03,,2022-05-23 11:54:00+02:00,-gkVJwqL2tvONR9Ywpnh5A,130.0,Hydro Water Reservoir,46WPU0000000018Q,SE3,Trängslet,Trängslet G3,1,MAW,PT1M,4,2022-05-22 00:03:00+02:00,A80
2025-10-06 09:40:35+00:00,210,SE_3,Planned maintenance,A03,,2022-06-14 14:30:00+02:00,hbzhKDFff4OZMvQQ_SBdpQ,330.0,Hydro Water Reservoir,46WPU0000000018Q,SE3,Trängslet,,1,MAW,PT1M,1,2022-06-13 08:00:00+02:00,A77
2025-10-06 09:40:35+00:00,710,SE_3,Planned maintenance,A03,Cancelled,2022-05-29 14:00:00+02:00,AHHaYmUUo_h0fKRNUrqnXA,988.0,Nuclear,46WPU0000000015W,SE3,Forsmark block 1,,1,MAW,PT1M,2,2022-05-29 08:00:00+02:00,A77
2025-10-06 09:44:10+00:00,0,SE_3,Planned maintenance,A03,,2022-05-26 09:00:00+02:00,LG_U07CACP2tO3XybiPN7g,1172.0,Nuclear,46WPU0000000017S,SE3,Forsmark block 3,,1,MAW,PT1M,7,2022-05-01 01:00:00+02:00,A77
2025-10-06 09:54:23+00:00,130,SE_3,Planned maintenance,A03,,2022-06-01 13:00:00+02:00,cNfGyPRqgZ8067kCYJSLng,130.0,Hydro Water Reservoir,46WPU0000000018Q,SE3,Trängslet,Trängslet G3,601,MAW,PT1M,4,2022-05-31 18:00:00+02:00,A80
2025-10-06 09:54:23+00:00,0,SE_3,Planned maintenance,A03,,2022-05-31 18:00:00+02:00,cNfGyPRqgZ8067kCYJSLng,130.0,Hydro Water Reservoir,46WPU0000000018Q,SE3,Trängslet,Trängslet G3,1,MAW,PT1M,4,2022-05-31 08:00:00+02:00,A80
2025-10-06 09:54:23+00:00,0,SE_3,Planned maintenance,A03,,2022-06-01 15:00:00+02:00,cNfGyPRqgZ8067kCYJSLng,130.0,Hydro Water Reservoir,46WPU0000000018Q,SE3,Trängslet,Trängslet G3,1741,MAW,PT1M,4,2022-06-01 13:00:00+02:00,A80
2025-10-06 10:07:09+00:00,100,SE_3,Planned maintenance,A03,,2022-06-10 17:00:00+02:00,K4-kFMFLJ54UatnPi3S0Rg,213.0,Wind Onshore,46WPU0000000065H,SE3,Jädraås Vindkraftpark,,1,MAW,PT1M,1,2022-06-07 08:00:00+02:00,A77
2025-10-06 10:11:08+00:00,0,SE_3,Unplanned outage,A03,,2022-06-07 10:00:00+02:00,TcELSa_Sr055OLFHJdVPqw,120.0,Fossil Oil,46WPU0000000023X,SE3,Värtaverket,KVV8 Värtaverket,1,MAW,PT1M,2,2022-06-07 09:11:00+02:00,A80
2025-10-06 10:19:39+00:00,0,SE_3,Unplanned outage,A03,,2022-06-14 00:46:00+02:00,lxyNapbAy4gsmNvq4uLX-w,130.0,Hydro Water Reservoir,46WPU0000000018Q,SE3,Trängslet,Trängslet G3,1,MAW,PT1M,2,2022-06-14 00:10:00+02:00,A80
2025-10-06 10:24:28+00:00,810,SE_3,Planned maintenance,A03,,2022-08-27 13:00:00+02:00,MMKZXDqMdCIxZ1BiaxT76Q,1172.0,Nuclear,46WPU0000000017S,SE3,Forsmark block 3,,1,MAW,PT1M,1,2022-08-27 10:00:00+02:00,A77
2025-10-06 10:24:45+00:00,0,SE_3,Planned maintenance,A03,,2022-06-16 13:07:00+02:00,_AUWsixmbfbOe0GHufLmdg,100.0,Hydro Water Reservoir,46WPU0000000018Q,SE3,Trängslet,Trängslet G1,1,MAW,PT1M,2,2022-06-13 08:00:00+02:00,A80
2025-10-06 10:31:59+00:00,0,SE_3,Planned maintenance,A03,Cancelled,2022-08-19 16:00:00+02:00,WdIM2N1bVmjp3AFyL8DrUg,100.0,Hydro Water Reservoir,46WPU0000000018Q,SE3,Trängslet,Trängslet G1,1,MAW,PT1M,2,2022-08-15 08:00:00+02:00,A80
2025-10-06 10:33:39+00:00,210,SE_3,Planned maintenance,A03,,2022-06-21 14:00:00+02:00,UzunmtLJKIUzSiSmxeTPIQ,330.0,Hydro Water Reservoir,46WPU0000000018Q,SE3,Trängslet,,1,MAW,PT1M,2,2022-06-21 09:00:00+02:00,A77
2025-10-06 10:35:51+00:00,880,SE_3,Planned maintenance,A03,,2022-08-10 09:00:00+02:00,ffNaddZRdpM37Zf1C24JEQ,1134.0,Nuclear,46WPU0000000014Y,SE3,Ringhals 4,,1,MAW,PT1M,1,2022-07-04 00:00:00+02:00,A77
2025-10-06 10:44:47+00:00,0,SE_3,Planned maintenance,A03,,2022-06-29 16:00:00+02:00,ZEQxvS1wCRC7TH4UYL7dAg,1063.0,Nuclear,46WPU00000000121,SE3,Ringhals 3,,1,MAW,PT1M,6,2022-05-25 03:00:00+02:00,A77
2025-10-06 10:47:36+00:00,428,SE_3,Unplanned outage,A03,,2022-06-30 20:00:00+02:00,-L70O9BVRjmhT6XZ2Z37cA,1063.0,Nuclear,46WPU00000000121,SE3,Ringhals 3,,1,MAW,PT1M,1,2022-06-30 19:50:00+02:00,A77
2025-10-06 10:48:34+00:00,1160,SE_3,Unplanned outage,A03,,2022-07-02 13:00:00+02:00,6lESxY5aYqTxYVK7wmdtRQ,1400.0,Nuclear,46WPU0000000061P,SE3,Oskarshamn 3,Oskarshamn G3,1,MAW,PT1M,1,2022-07-02 10:00:00+02:00,A80
2025-10-06 10:53:21+00:00,0,SE_3,Unplanned outage,A03,,2022-07-06 01:30:00+02:00,4hiHfC8jl9A-rcUhzgA_4w,130.0,Hydro Water Reservoir,46WPU0000000018Q,SE3,Trängslet,Trängslet G3,1,MAW,PT1M,1,2022-07-06 00:13:00+02:00,A80
2025-10-06 10:54:08+00:00,400,SE_3,Unplanned outage,A03,,2022-06-01 09:00:00+02:00,9OMgdOnKUp94nZHLPCTZBA,988.0,Nuclear,46WPU0000000015W,SE3,Forsmark block 1,,481,MAW,PT1M,20,2022-06-01 01:00:00+02:00,A77
2025-10-06 10:54:08+00:00,710,SE_3,Unplanned outage,A03,,2022-06-01 01:00:00+02:00,9OMgdOnKUp94nZHLPCTZBA,988.0,Nuclear,46WPU0000000015W,SE3,Forsmark block 1,,1,MAW,PT1M,20,2022-05-31 17:00:00+02:00,A77
2025-10-06 10:54:08+00:00,0,SE_3,Unplanned outage,A03,,2022-06-06 14:00:00+02:00,9OMgdOnKUp94nZHLPCTZBA,988.0,Nuclear,46WPU0000000015W,SE3,Forsmark block 1,,961,MAW,PT1M,20,2022-06-01 09:00:00+02:00,A77
2025-10-06 10:54:08+00:00,450,SE_3,Unplanned outage,A03,,2022-07-06 15:00:00+02:00,9OMgdOnKUp94nZHLPCTZBA,988.0,Nuclear,46WPU0000000015W,SE3,Forsmark block 1,,8461,MAW,PT1M,20,2022-06-06 14:00:00+02:00,A77
2025-10-06 10:55:33+00:00,0,SE_3,Unplanned outage,A03,,2022-07-07 14:30:00+02:00,yxRTGHEpIaKBnJZtcPGE4g,130.0,Hydro Water Reservoir,46WPU0000000018Q,SE3,Trängslet,Trängslet G3,1,MAW,PT1M,1,2022-07-07 13:20:00+02:00,A80
2025-10-06 10:55:43+00:00,0,SE_3,Planned maintenance,A03,,2022-07-07 14:48:00+02:00,kpBrEXGLHyJ_KLZttVXI6g,100.0,Hydro Water Reservoir,46WPU0000000018Q,SE3,Trängslet,Trängslet G2,1,MAW,PT1M,2,2022-06-20 08:00:00+02:00,A80
2025-10-06 10:57:47+00:00,0,SE_3,Unplanned outage,A03,,2022-07-09 07:30:00+02:00,Gz_Q49iZZ5wht9L4N70zMQ,130.0,Hydro Water Reservoir,46WPU0000000018Q,SE3,Trängslet,Trängslet G3,1,MAW,PT1M,1,2022-07-09 06:13:00+02:00,A80
2025-10-06 10:59:43+00:00,0,SE_3,Unplanned outage,A03,,2022-07-11 01:09:00+02:00,8Xc5NeDR8EAzX2UXpnaXHw,130.0,Hydro Water Reservoir,46WPU0000000018Q,SE3,Trängslet,Trängslet G3,1,MAW,PT1M,2,2022-07-11 00:09:00+02:00,A80
2025-10-06 11:02:47+00:00,0,SE_3,Unplanned outage,A03,,2022-07-12 19:40:00+02:00,CP68er1REAhMAR2-lJvjFQ,100.0,Hydro Water Reservoir,46WPU0000000018Q,SE3,Trängslet,Trängslet G2,1,MAW,PT1M,1,2022-07-12 17:55:00+02:00,A80
2025-10-06 11:16:22+00:00,0,SE_3,Unplanned outage,A03,,2022-07-21 04:00:00+02:00,1wbAjus94-u5YakDYcS-qw,1400.0,Nuclear,46WPU0000000061P,SE3,Oskarshamn 3,Oskarshamn G3,1,MAW,PT1M,3,2022-07-19 15:53:00+02:00,A80
2025-10-06 11:22:28+00:00,600,SE_3,Planned maintenance,A03,Cancelled,2022-08-06 16:30:00+02:00,yQ_4W5RvTdLd9jBBgZAIdA,1400.0,Nuclear,46WPU0000000061P,SE3,Oskarshamn 3,Oskarshamn G3,1,MAW,PT1M,2,2022-08-06 08:00:00+02:00,A80
2025-10-06 11:34:27+00:00,0,SE_3,Planned maintenance,A03,,2022-07-31 07:00:00+02:00,rpXolzpyq6zK2vr1Gvk-4A,1118.0,Nuclear,46WPU0000000016U,SE3,Forsmark block 2,,1,MAW,PT1M,7,2022-07-10 08:00:00+02:00,A77
2025-10-06 11:39:42+00:00,90,SE_3,Planned maintenance,A03,,2022-04-29 16:00:00+02:00,ur6--Cu6jcnBD17mJ37TnQ,260.0,Fossil Gas,46WPU0000000062N,SE3,Rya KVV ,,1,MAW,PT1M,6,2022-04-04 07:00:00+02:00,A77
2025-10-06 11:39:42+00:00,128,SE_3,Planned maintenance,A03,,2022-09-19 07:00:00+02:00,ur6--Cu6jcnBD17mJ37TnQ,260.0,Fossil Gas,46WPU0000000062N,SE3,Rya KVV ,,36541,MAW,PT1M,6,2022-04-29 16:00:00+02:00,A77
2025-10-06 12:06:37+00:00,0,SE_3,Unplanned outage,A03,,2022-08-21 11:51:00+02:00,Y6F0hJFVkRVDX94RHYyppA,100.0,Hydro Water Reservoir,46WPU0000000018Q,SE3,Trängslet,Trängslet G1,1,MAW,PT1M,1,2022-08-21 09:51:00+02:00,A80
2025-10-06 12:09:52+00:00,0,SE_3,Planned maintenance,A03,,2022-09-03 14:00:00+02:00,Cofiy5H-dx9y2btQss8Nww,100.0,Hydro Water Reservoir,46WPU0000000018Q,SE3,Trängslet,Trängslet G1,1,MAW,PT1M,1,2022-09-03 10:00:00+02:00,A80
2025-10-06 12:09:52+00:00,0,SE_3,Planned maintenance,A03,,2022-08-31 15:00:00+02:00,y7cm7nwfPUIY616WjJ1mJw,130.0,Hydro Water Reservoir,46WPU0000000018Q,SE3,Trängslet,Trängslet G3,1,MAW,PT1M,2,2022-08-31 10:00:00+02:00,A80
2025-10-06 12:15:41+00:00,1300,SE_3,Unplanned outage,A03,,2022-08-26 12:30:00+02:00,nVBPeCVIbIWhLUTqVN5ukw,1400.0,Nuclear,46WPU0000000061P,SE3,Oskarshamn 3,Oskarshamn G3,1,MAW,PT1M,1,2022-08-26 11:30:00+02:00,A80
2025-10-06 12:20:27+00:00,0,SE_3,Unplanned outage,A03,,2022-08-30 00:55:00+02:00,YpJfxYpxUZxxgMZ7ajWsJg,100.0,Hydro Water Reservoir,46WPU0000000018Q,SE3,Trängslet,Trängslet G1,1,MAW,PT1M,2,2022-08-30 00:03:00+02:00,A80
2025-10-06 12:23:24+00:00,1290,SE_3,Unplanned outage,A03,,2022-08-31 11:30:00+02:00,5b0PcwRni_Z1nWk2f8TS_Q,1400.0,Nuclear,46WPU0000000061P,SE3,Oskarshamn 3,Oskarshamn G3,1,MAW,PT1M,2,2022-08-31 10:00:00+02:00,A80
2025-10-06 12:25:15+00:00,0,SE_3,Unplanned outage,A03,,2022-09-01 10:57:00+02:00,efuxD8axvYbC1Qjvzu7XjQ,100.0,Hydro Water Reservoir,46WPU0000000018Q,SE3,Trängslet,Trängslet G1,1,MAW,PT1M,3,2022-09-01 07:02:00+02:00,A80
2025-10-06 12:35:01+00:00,1280,SE_3,Unplanned outage,A03,,2022-09-06 14:00:00+02:00,ZtyFg_UHeYqEom2QhGPU5g,1400.0,Nuclear,46WPU0000000061P,SE3,Oskarshamn 3,Oskarshamn G3,1,MAW,PT1M,2,2022-09-06 10:00:00+02:00,A80
2025-10-06 12:57:56+00:00,0,SE_3,Planned maintenance,A03,,2022-09-15 13:03:00+02:00,9OuB84wu1OVO1rBGLBSWBA,120.0,Fossil Oil,46WPU0000000023X,SE3,Värtaverket,KVV8 Värtaverket,1,MAW,PT1M,13,2022-06-08 20:00:00+02:00,A80
2025-10-06 12:58:33+00:00,0,SE_3,Unplanned outage,A03,,2022-09-15 21:00:00+02:00,zyGNbF2_7roWjhlw_bYn4A,120.0,Fossil Oil,46WPU0000000023X,SE3,Värtaverket,KVV8 Värtaverket,1,MAW,PT1M,3,2022-09-15 13:20:00+02:00,A80
2025-10-06 13:00:05+00:00,10,SE_3,Planned maintenance,A03,,2022-09-16 13:00:00+02:00,UJ1ITbsWyGmE3k6-ZTdyxQ,120.0,Fossil Oil,46WPU0000000023X,SE3,Värtaverket,KVV8 Värtaverket,1,MAW,PT1M,2,2022-09-16 10:00:00+02:00,A80
2025-10-06 13:00:10+00:00,0,SE_3,Planned maintenance,A03,,2022-10-21 15:00:00+02:00,5gpxiGn0h7i2eF4s2aqAvA,260.0,Fossil Gas,46WPU0000000062N,SE3,Rya KVV ,,1,MAW,PT1M,4,2022-09-19 07:00:00+02:00,A77
2025-10-06 13:00:16+00:00,250,SE_3,Planned maintenance,A03,,2022-09-28 16:00:00+02:00,gVXlzX47zPfU1Pt9tTz1Iw,330.0,Hydro Water Reservoir,46WPU0000000018Q,SE3,Trängslet,,1,MAW,PT1M,1,2022-09-28 08:00:00+02:00,A77
2025-10-06 13:08:06+00:00,1283,SE_3,Unplanned outage,A03,,2022-09-19 21:35:00+02:00,q7oOCTSd4Y2RkOfmDUXBUA,1400.0,Nuclear,46WPU0000000061P,SE3,Oskarshamn 3,Oskarshamn G3,1,MAW,PT1M,2,2022-09-19 16:20:00+02:00,A80
2025-10-06 13:09:17+00:00,0,SE_3,Unplanned outage,A03,,2022-09-20 08:00:00+02:00,D1Pq1actw_AbJvSDkW5HeQ,100.0,Hydro Water Reservoir,46WPU0000000018Q,SE3,Trängslet,Trängslet G2,1,MAW,PT1M,1,2022-09-20 07:00:00+02:00,A80
2025-10-06 13:11:36+00:00,1280,SE_3,Unplanned outage,A03,,2022-09-21 09:30:00+02:00,ajGpkvURSLjt21R4i-chsA,1400.0,Nuclear,46WPU0000000061P,SE3,Oskarshamn 3,Oskarshamn G3,1,MAW,PT1M,3,2022-09-20 07:15:00+02:00,A80
2025-10-06 13:12:42+00:00,250,SE_3,Planned maintenance,A03,,2022-09-21 14:56:00+02:00,JoMPz9hcGKcA1PtL5LjCQQ,330.0,Hydro Water Reservoir,46WPU0000000018Q,SE3,Trängslet,,1,MAW,PT1M,2,2022-09-20 09:00:00+02:00,A77
2025-10-06 13:17:05+00:00,972,SE_3,Unplanned outage,A03,,2022-09-23 18:50:00+02:00,JL5t4JC1_TLnu8O2DoGGCA,1172.0,Nuclear,46WPU0000000017S,SE3,Forsmark block 3,,1,MAW,PT1M,1,2022-09-23 18:30:00+02:00,A77
2025-10-06 13:26:48+00:00,250,SE_3,Planned maintenance,A03,,2022-09-29 11:47:00+02:00,tmGcY94egRKpp55d0N8v_g,330.0,Hydro Water Reservoir,46WPU0000000018Q,SE3,Trängslet,,1,MAW,PT1M,2,2022-09-29 08:00:00+02:00,A77
2025-10-06 13:39:32+00:00,1290,SE_3,Unplanned outage,A03,,2022-10-07 10:00:00+02:00,VLobtsF0XCtRNivl87ICEw,1400.0,Nuclear,46WPU0000000061P,SE3,Oskarshamn 3,Oskarshamn G3,1,MAW,PT1M,1,2022-10-06 10:50:00+02:00,A80
2025-10-06 13:49:45+00:00,600,SE_3,Planned maintenance,A03,,2022-10-13 09:30:00+02:00,TwEmlSxUIsM86hh0kduQ3A,988.0,Nuclear,46WPU0000000015W,SE3,Forsmark block 1,,54661,MAW,PT1M,13,2022-10-12 11:00:00+02:00,A77
2025-10-06 13:49:45+00:00,370,SE_3,Planned maintenance,A03,,2022-10-11 02:30:00+02:00,TwEmlSxUIsM86hh0kduQ3A,988.0,Nuclear,46WPU0000000015W,SE3,Forsmark block 1,,51751,MAW,PT1M,13,2022-10-10 10:30:00+02:00,A77
2025-10-06 13:49:45+00:00,460,SE_3,Planned maintenance,A03,,2022-10-11 23:30:00+02:00,TwEmlSxUIsM86hh0kduQ3A,988.0,Nuclear,46WPU0000000015W,SE3,Forsmark block 1,,52711,MAW,PT1M,13,2022-10-11 02:30:00+02:00,A77
2025-10-06 13:49:45+00:00,370,SE_3,Planned maintenance,A03,,2022-10-12 11:00:00+02:00,TwEmlSxUIsM86hh0kduQ3A,988.0,Nuclear,46WPU0000000015W,SE3,Forsmark block 1,,53971,MAW,PT1M,13,2022-10-11 23:30:00+02:00,A77
2025-10-06 13:49:45+00:00,0,SE_3,Planned maintenance,A03,,2022-10-10 10:30:00+02:00,TwEmlSxUIsM86hh0kduQ3A,988.0,Nuclear,46WPU0000000015W,SE3,Forsmark block 1,,1,MAW,PT1M,13,2022-09-04 12:00:00+02:00,A77
2025-10-06 13:56:38+00:00,0,SE_3,Planned maintenance,A03,Cancelled,2022-10-18 17:00:00+02:00,Acrk9c8XJJaljWikOECnTA,100.0,Hydro Water Reservoir,46WPU0000000018Q,SE3,Trängslet,Trängslet G1,1,MAW,PT1M,2,2022-10-18 13:00:00+02:00,A80
2025-10-06 14:01:36+00:00,0,SE_3,Planned maintenance,A03,,2022-10-20 01:59:00+02:00,n4xR1_0TuKAeyzmdkxQTLA,120.0,Fossil Oil,46WPU0000000023X,SE3,Värtaverket,KVV8 Värtaverket,1,MAW,PT1M,3,2022-10-19 20:30:00+02:00,A80
2025-10-06 14:06:49+00:00,933,SE_3,Planned maintenance,A03,,2022-10-22 07:30:00+02:00,BN72BEuvkavb0Qmk0kDtoA,1118.0,Nuclear,46WPU0000000016U,SE3,Forsmark block 2,,1,MAW,PT1M,4,2022-10-22 03:00:00+02:00,A77
2025-10-06 14:06:49+00:00,748,SE_3,Planned maintenance,A03,,2022-10-22 18:00:00+02:00,BN72BEuvkavb0Qmk0kDtoA,1118.0,Nuclear,46WPU0000000016U,SE3,Forsmark block 2,,271,MAW,PT1M,4,2022-10-22 07:30:00+02:00,A77
2025-10-06 14:06:49+00:00,1023,SE_3,Planned maintenance,A03,,2022-10-22 20:00:00+02:00,BN72BEuvkavb0Qmk0kDtoA,1118.0,Nuclear,46WPU0000000016U,SE3,Forsmark block 2,,961,MAW,PT1M,4,2022-10-22 19:00:00+02:00,A77
2025-10-06 14:06:49+00:00,973,SE_3,Planned maintenance,A03,,2022-10-22 19:00:00+02:00,BN72BEuvkavb0Qmk0kDtoA,1118.0,Nuclear,46WPU0000000016U,SE3,Forsmark block 2,,901,MAW,PT1M,4,2022-10-22 18:00:00+02:00,A77
2025-10-06 14:06:54+00:00,650,SE_3,Planned maintenance,A03,,2022-10-22 22:00:00+02:00,ZZ16RSrMP0p_Ocga6gGvig,1400.0,Nuclear,46WPU0000000061P,SE3,Oskarshamn 3,Oskarshamn G3,1,MAW,PT1M,3,2022-10-22 08:00:00+02:00,A80
2025-10-06 14:23:15+00:00,870,SE_3,Planned maintenance,A03,,2022-11-02 13:30:00+01:00,7g2JPqxHlvJ4Dhju6jrVNw,988.0,Nuclear,46WPU0000000015W,SE3,Forsmark block 1,,1,MAW,PT1M,3,2022-11-02 12:30:00+01:00,A77
2025-10-06 14:24:34+00:00,0,SE_3,Planned maintenance,A03,,2023-11-23 15:00:00+01:00,qtiM4LTgHDFNhBCJAHudeA,260.0,Fossil Gas,46WPU0000000062N,SE3,Rya KVV ,,1,MAW,PT1M,3,2023-09-18 07:00:00+02:00,A77
2025-10-06 14:24:38+00:00,920,SE_3,Planned maintenance,A03,,2022-11-02 16:30:00+01:00,rprSmjwW8G8Lt2D2xLGUaQ,988.0,Nuclear,46WPU0000000015W,SE3,Forsmark block 1,,1,MAW,PT1M,5,2022-11-02 14:30:00+01:00,A77
2025-10-06 14:26:05+00:00,915,SE_3,Planned maintenance,A03,,2022-11-03 13:30:00+01:00,0k9IEMaQ6o2YMPHBQXTglw,988.0,Nuclear,46WPU0000000015W,SE3,Forsmark block 1,,1,MAW,PT1M,3,2022-11-03 09:30:00+01:00,A77
2025-10-06 14:30:55+00:00,840,SE_3,Planned maintenance,A03,,2022-11-07 10:30:00+01:00,nmfbw5oZEpPiFce-KGlA8w,988.0,Nuclear,46WPU0000000015W,SE3,Forsmark block 1,,1,MAW,PT1M,2,2022-11-07 09:30:00+01:00,A77
2025-10-06 14:34:14+00:00,290,SE_3,Planned maintenance,A03,,2022-11-09 11:00:00+01:00,f2EekUjVSZFIyeqGTmBrSg,988.0,Nuclear,46WPU0000000015W,SE3,Forsmark block 1,,1,MAW,PT1M,3,2022-11-09 10:00:00+01:00,A77
2025-10-06 14:35:27+00:00,0,SE_3,Unplanned outage,A03,,2022-11-10 01:02:00+01:00,BjmR8czRJPvNr9ZNk-ELRg,1400.0,Nuclear,46WPU0000000061P,SE3,Oskarshamn 3,Oskarshamn G3,1,MAW,PT1M,5,2022-11-09 06:02:00+01:00,A80
2025-10-06 14:36:27+00:00,920,SE_3,Unplanned outage,A03,,2022-11-11 11:30:00+01:00,x6xO7Uf3p7ZHVKGz1Us0Pg,988.0,Nuclear,46WPU0000000015W,SE3,Forsmark block 1,,1,MAW,PT1M,1,2022-11-11 10:30:00+01:00,A77
2025-10-06 14:37:44+00:00,450,SE_3,Planned maintenance,A03,Cancelled,2022-11-12 10:00:00+01:00,hip0ZyDVPtpFMImZk3fN8w,1118.0,Nuclear,46WPU0000000016U,SE3,Forsmark block 2,,1,MAW,PT1M,2,2022-11-12 01:00:00+01:00,A77
2025-10-06 14:41:17+00:00,0,SE_3,Unplanned outage,A03,,2022-11-16 16:00:00+01:00,My7rrSvXcfwIWY4r5KmCEg,260.0,Fossil Gas,46WPU0000000062N,SE3,Rya KVV ,,1,MAW,PT1M,4,2022-11-03 10:50:00+01:00,A77
2025-10-06 14:41:59+00:00,290,SE_3,Planned maintenance,A03,,2022-11-14 16:30:00+01:00,x5Ya5ahfAYfXUi6Ugms9Yw,988.0,Nuclear,46WPU0000000015W,SE3,Forsmark block 1,,1,MAW,PT1M,4,2022-11-14 13:00:00+01:00,A77
2025-10-06 14:42:14+00:00,0,SE_3,Planned maintenance,A03,,2022-11-14 14:28:00+01:00,_5Lq_wbgzjn8796317Al-w,120.0,Fossil Oil,46WPU0000000023X,SE3,Värtaverket,KVV8 Värtaverket,1,MAW,PT1M,5,2022-11-10 11:00:00+01:00,A80
2025-10-06 14:47:58+00:00,590,SE_3,Unplanned outage,A03,,2022-11-26 12:00:00+01:00,EnSnX0BEtrUO5HXKRRaBYQ,988.0,Nuclear,46WPU0000000015W,SE3,Forsmark block 1,,1,MAW,PT1M,1,2022-11-26 10:00:00+01:00,A77
2025-10-06 14:52:55+00:00,0,SE_3,Unplanned outage,A03,,2022-11-21 02:00:00+01:00,9b51sFdIvAc62wD5-8m_NA,100.0,Hydro Water Reservoir,46WPU0000000018Q,SE3,Trängslet,Trängslet G1,1,MAW,PT1M,1,2022-11-21 00:32:00+01:00,A80
2025-10-06 14:53:33+00:00,100,SE_3,Planned maintenance,A03,,2022-11-16 08:50:00+01:00,eBZo1m8CGjKU20l4uazIXQ,190.0,Fossil Oil,46WPU0000000023X,SE3,Värtaverket,KVV1 Värtaverket,330781,MAW,PT1M,16,2022-11-16 04:00:00+01:00,A80
2025-10-06 14:53:33+00:00,50,SE_3,Planned maintenance,A03,,2022-11-14 23:00:00+01:00,eBZo1m8CGjKU20l4uazIXQ,190.0,Fossil Oil,46WPU0000000023X,SE3,Värtaverket,KVV1 Värtaverket,328861,MAW,PT1M,16,2022-11-14 20:00:00+01:00,A80
2025-10-06 14:53:33+00:00,0,SE_3,Planned maintenance,A03,,2022-11-15 16:23:00+01:00,eBZo1m8CGjKU20l4uazIXQ,190.0,Fossil Oil,46WPU0000000023X,SE3,Värtaverket,KVV1 Värtaverket,329041,MAW,PT1M,16,2022-11-14 23:00:00+01:00,A80
2025-10-06 14:53:33+00:00,50,SE_3,Planned maintenance,A03,,2022-11-16 04:00:00+01:00,eBZo1m8CGjKU20l4uazIXQ,190.0,Fossil Oil,46WPU0000000023X,SE3,Värtaverket,KVV1 Värtaverket,330084,MAW,PT1M,16,2022-11-15 16:23:00+01:00,A80
2025-10-06 14:53:33+00:00,0,SE_3,Planned maintenance,A03,,2022-11-21 08:30:00+01:00,eBZo1m8CGjKU20l4uazIXQ,190.0,Fossil Oil,46WPU0000000023X,SE3,Värtaverket,KVV1 Värtaverket,331071,MAW,PT1M,16,2022-11-16 08:50:00+01:00,A80
2025-10-06 14:53:33+00:00,0,SE_3,Planned maintenance,A03,,2022-11-14 20:00:00+01:00,eBZo1m8CGjKU20l4uazIXQ,190.0,Fossil Oil,46WPU0000000023X,SE3,Värtaverket,KVV1 Värtaverket,1,MAW,PT1M,16,2022-03-31 12:00:00+02:00,A80
2025-10-06 14:53:33+00:00,50,SE_3,Planned maintenance,A03,,2022-11-21 11:30:00+01:00,eBZo1m8CGjKU20l4uazIXQ,190.0,Fossil Oil,46WPU0000000023X,SE3,Värtaverket,KVV1 Värtaverket,338251,MAW,PT1M,16,2022-11-21 08:30:00+01:00,A80
2025-10-06 14:54:10+00:00,0,SE_3,Unplanned outage,A03,,2022-11-21 15:00:00+01:00,Cm5301DKVEm6nZgaKcTi5Q,100.0,Hydro Water Reservoir,46WPU0000000018Q,SE3,Trängslet,Trängslet G1,1,MAW,PT1M,5,2022-11-21 07:56:00+01:00,A80
2025-10-06 14:54:43+00:00,0,SE_3,Unplanned outage,A03,,2022-11-21 19:50:00+01:00,QvJ0V6yk4utx9eacGC0WXQ,100.0,Hydro Water Reservoir,46WPU0000000018Q,SE3,Trängslet,Trängslet G1,1,MAW,PT1M,2,2022-11-21 18:53:00+01:00,A80
2025-10-06 14:55:04+00:00,0,SE_3,Unplanned outage,A03,,2022-11-22 09:00:00+01:00,IGRff88zpyGlw_9WVD9x4A,190.0,Fossil Oil,46WPU0000000023X,SE3,Värtaverket,KVV1 Värtaverket,1,MAW,PT1M,2,2022-11-21 20:22:00+01:00,A80
2025-10-06 15:06:44+00:00,0,SE_3,Unplanned outage,A03,,2022-11-28 21:00:00+01:00,cm9f7gq7o5RO7abmxeaDHw,100.0,Hydro Water Reservoir,46WPU0000000018Q,SE3,Trängslet,Trängslet G2,1,MAW,PT1M,1,2022-11-28 19:26:00+01:00,A80
2025-10-06 15:07:32+00:00,760,SE_3,Planned maintenance,A03,,2022-12-03 11:30:00+01:00,SS8H4Ikp1bXI2DCf4KG3EA,1172.0,Nuclear,46WPU0000000017S,SE3,Forsmark block 3,,1,MAW,PT1M,2,2022-12-03 10:30:00+01:00,A77
2025-10-06 15:13:44+00:00,0,SE_3,Unplanned outage,A03,,2022-12-01 15:00:00+01:00,oD6_-W9zWY6PweKeW-Rn3w,190.0,Fossil Oil,46WPU0000000023X,SE3,Värtaverket,KVV1 Värtaverket,1,MAW,PT1M,7,2022-11-24 00:01:00+01:00,A80
2025-10-06 15:15:29+00:00,0,SE_3,Unplanned outage,A03,,2022-12-01 20:00:00+01:00,YKvu5Cevzyt8E6bBMHXZig,190.0,Fossil Oil,46WPU0000000023X,SE3,Värtaverket,KVV1 Värtaverket,1,MAW,PT1M,4,2022-12-01 15:15:00+01:00,A80
2025-10-06 15:16:27+00:00,0,SE_3,Unplanned outage,A03,,2022-12-03 23:59:00+01:00,9as0GDqGZPu-S6GfP7jtig,213.0,Wind Onshore,46WPU0000000065H,SE3,Jädraås Vindkraftpark,,1,MAW,PT1M,1,2022-12-02 11:33:00+01:00,A77
2025-10-06 15:21:38+00:00,0,SE_3,Planned maintenance,A03,,2022-12-11 00:00:00+01:00,uP6PednNL7YerHa4R3zNDg,531.0,Nuclear,46WPU00000000121,SE3,Ringhals 3,Ringhals block 3 G32,1,MAW,PT1M,1,2022-12-10 04:00:00+01:00,A80
2025-10-06 15:31:30+00:00,0,SE_3,Planned maintenance,A03,,2022-12-12 00:00:00+01:00,_QwDhM-SMi_JXc-OGXm2Lw,531.0,Nuclear,46WPU00000000121,SE3,Ringhals 3,Ringhals block 3 G31,1,MAW,PT1M,4,2022-12-11 03:00:00+01:00,A80
2025-10-06 15:31:33+00:00,537,SE_3,Unplanned outage,A03,,2022-12-12 04:00:00+01:00,IXS98aUWF-rAGOo2AxdafQ,1063.0,Nuclear,46WPU00000000121,SE3,Ringhals 3,,1,MAW,PT1M,1,2022-12-12 00:00:00+01:00,A77
2025-10-06 15:32:30+00:00,810,SE_3,Planned maintenance,A03,,2023-03-18 11:30:00+01:00,cLeHCiNdsdp3uVOFsLceDA,1172.0,Nuclear,46WPU0000000017S,SE3,Forsmark block 3,,1,MAW,PT1M,1,2023-03-18 10:30:00+01:00,A77
2025-10-06 15:34:38+00:00,0,SE_3,Unplanned outage,A03,,2022-12-13 18:00:00+01:00,jDCZEINq1JdtOUs3f0Gbvw,130.0,Hydro Water Reservoir,46WPU0000000018Q,SE3,Trängslet,Trängslet G3,1,MAW,PT1M,1,2022-12-13 16:51:00+01:00,A80
2025-10-06 15:40:09+00:00,130,SE_3,Planned maintenance,A03,,2022-12-20 14:00:00+01:00,xVh2xGvT95fhxZ-TIdRbZA,260.0,Fossil Gas,46WPU0000000062N,SE3,Rya KVV ,,1,MAW,PT1M,2,2022-12-20 09:00:00+01:00,A77
2025-10-06 15:41:05+00:00,0,SE_3,Unplanned outage,A03,,2022-12-17 02:00:00+01:00,1SBzAj-fioOJLGR-MmtxXQ,130.0,Hydro Water Reservoir,46WPU0000000018Q,SE3,Trängslet,Trängslet G3,1,MAW,PT1M,1,2022-12-17 00:26:00+01:00,A80
2025-10-06 15:41:42+00:00,0,SE_3,Unplanned outage,A03,,2022-12-17 16:02:00+01:00,Cm1ieHaLjow4pn_XotvriA,1400.0,Nuclear,46WPU0000000061P,SE3,Oskarshamn 3,Oskarshamn G3,1,MAW,PT1M,5,2022-12-09 21:00:00+01:00,A80
2025-10-06 15:50:20+00:00,0,SE_3,Unplanned outage,A03,,2022-12-23 06:04:00+01:00,kM24fVkiuaLG_31WIv9Mvw,190.0,Fossil Oil,46WPU0000000023X,SE3,Värtaverket,KVV1 Värtaverket,1,MAW,PT1M,2,2022-12-23 05:37:00+01:00,A80
2025-10-06 16:02:14+00:00,0,SE_3,Unplanned outage,A03,,2023-01-02 03:00:00+01:00,_ImlPC5hrMO5vIJPlrwDUg,120.0,Fossil Oil,46WPU0000000023X,SE3,Värtaverket,KVV8 Värtaverket,1,MAW,PT1M,3,2023-01-01 16:01:00+01:00,A80
2025-10-06 16:02:34+00:00,0,SE_3,Unplanned outage,A03,,2023-01-03 08:00:00+01:00,joISVfHnpBaeC3qgWIOQiw,190.0,Fossil Oil,46WPU0000000023X,SE3,Värtaverket,KVV1 Värtaverket,1,MAW,PT1M,1,2023-01-02 08:20:00+01:00,A80
2025-10-06 16:08:10+00:00,0,SE_3,Unplanned outage,A03,,2023-01-07 23:59:00+01:00,tjpWqYCT6H91ypkaqhdblg,213.0,Wind Onshore,46WPU0000000065H,SE3,Jädraås Vindkraftpark,,1,MAW,PT1M,3,2023-01-05 02:00:00+01:00,A77
2025-10-06 16:14:49+00:00,740,SE_3,Planned maintenance,A03,,2023-01-14 16:00:00+01:00,whALO9s5hhIV19qUfkhzZQ,1118.0,Nuclear,46WPU0000000016U,SE3,Forsmark block 2,,1,MAW,PT1M,2,2023-01-14 08:00:00+01:00,A77
2025-10-06 16:48:43+00:00,0,SE_3,Planned maintenance,A03,,2023-10-20 15:00:00+02:00,2KwUTU6xjzM9dngTf2sUQA,260.0,Fossil Gas,46WPU0000000062N,SE3,Rya KVV ,,1,MAW,PT1M,2,2023-09-15 07:00:00+02:00,A77
2025-10-06 17:16:07+00:00,330,SE_3,Planned maintenance,A03,,2023-02-26 08:00:00+01:00,dDsyWn6ZyI6-JgJ1E5zugg,330.0,Hydro Water Reservoir,46WPU0000000018Q,SE3,Trängslet,,721,MAW,PT1M,2,2023-02-25 20:00:00+01:00,A77
2025-10-06 17:16:07+00:00,0,SE_3,Planned maintenance,A03,,2023-02-25 20:00:00+01:00,dDsyWn6ZyI6-JgJ1E5zugg,330.0,Hydro Water Reservoir,46WPU0000000018Q,SE3,Trängslet,,1,MAW,PT1M,2,2023-02-25 08:00:00+01:00,A77
2025-10-06 17:16:07+00:00,0,SE_3,Planned maintenance,A03,,2023-02-26 20:00:00+01:00,dDsyWn6ZyI6-JgJ1E5zugg,330.0,Hydro Water Reservoir,46WPU0000000018Q,SE3,Trängslet,,1441,MAW,PT1M,2,2023-02-26 08:00:00+01:00,A77
2025-10-06 17:23:31+00:00,125,SE_3,Unplanned outage,A03,,2023-02-02 10:28:00+01:00,fyMEJx4FgGlo84_fW29-8A,260.0,Fossil Gas,46WPU0000000062N,SE3,Rya KVV ,,1,MAW,PT1M,1,2023-02-02 09:28:00+01:00,A77
2025-10-06 17:42:08+00:00,715,SE_3,Planned maintenance,A03,,2023-02-11 15:30:00+01:00,WqM-krtERXz9_vjrtxgLwQ,988.0,Nuclear,46WPU0000000015W,SE3,Forsmark block 1,,1,MAW,PT1M,2,2023-02-11 09:30:00+01:00,A77
2025-10-06 18:02:36+00:00,465,SE_3,Unplanned outage,A03,,2023-02-19 03:00:00+01:00,NasWre0UneyQoksxL-jQaA,1118.0,Nuclear,46WPU0000000016U,SE3,Forsmark block 2,,1,MAW,PT1M,2,2023-02-17 22:00:00+01:00,A77
2025-10-06 18:13:59+00:00,645,SE_3,Planned maintenance,A03,Cancelled,2023-03-18 16:00:00+01:00,WDp34DoTbDAXgzsRyRGpUg,1400.0,Nuclear,46WPU0000000061P,SE3,Oskarshamn 3,Oskarshamn G3,1,MAW,PT1M,4,2023-03-18 08:00:00+01:00,A80
2025-10-06 18:34:33+00:00,0,SE_3,Unplanned outage,A03,,2023-03-10 22:43:00+01:00,FclzkxtWRFjEIu9QwMSopQ,1400.0,Nuclear,46WPU0000000061P,SE3,Oskarshamn 3,Oskarshamn G3,1,MAW,PT1M,5,2023-03-03 23:00:00+01:00,A80
2025-10-06 18:37:35+00:00,1100,SE_3,Unplanned outage,A03,,2023-03-15 10:00:00+01:00,lcQbmKvs2sX_0_K17O0nPg,1400.0,Nuclear,46WPU0000000061P,SE3,Oskarshamn 3,Oskarshamn G3,1,MAW,PT1M,1,2023-03-13 16:00:00+01:00,A80
2025-10-06 18:44:15+00:00,0,SE_3,Planned maintenance,A03,Cancelled,2023-05-27 12:00:00+02:00,VcUHZl7ZU6NWxI84MhsOPA,988.0,Nuclear,46WPU0000000015W,SE3,Forsmark block 1,,7921,MAW,PT1M,4,2023-05-07 12:00:00+02:00,A77
2025-10-06 18:44:15+00:00,495,SE_3,Planned maintenance,A03,Cancelled,2023-05-07 12:00:00+02:00,VcUHZl7ZU6NWxI84MhsOPA,988.0,Nuclear,46WPU0000000015W,SE3,Forsmark block 1,,1,MAW,PT1M,4,2023-05-02 00:00:00+02:00,A77
2025-10-06 19:10:06+00:00,0,SE_3,Planned maintenance,A03,,2023-03-31 20:32:00+02:00,U7FWxkDKU1HSb7fuB3S0aA,1134.0,Nuclear,46WPU0000000014Y,SE3,Ringhals 4,,1,MAW,PT1M,16,2022-08-10 09:00:00+02:00,A77
2025-10-06 19:13:41+00:00,350,SE_3,Unplanned outage,A03,,2023-04-03 18:00:00+02:00,D0Su_lMd0oqrapTU9h3J3A,1134.0,Nuclear,46WPU0000000014Y,SE3,Ringhals 4,,1,MAW,PT1M,3,2023-04-03 11:00:00+02:00,A77
2025-10-06 19:13:41+00:00,550,SE_3,Unplanned outage,A03,,2023-04-04 16:00:00+02:00,D0Su_lMd0oqrapTU9h3J3A,1134.0,Nuclear,46WPU0000000014Y,SE3,Ringhals 4,,421,MAW,PT1M,3,2023-04-03 18:00:00+02:00,A77
2025-10-06 19:14:06+00:00,280,SE_3,Unplanned outage,A03,,2023-04-04 20:00:00+02:00,qkHjh7krz1-iCETteiLdDQ,988.0,Nuclear,46WPU0000000015W,SE3,Forsmark block 1,,1,MAW,PT1M,2,2023-04-04 15:35:00+02:00,A77
2025-10-06 19:15:25+00:00,750,SE_3,Unplanned outage,A03,,2023-04-05 16:45:00+02:00,I48ZjD8XVXyw2Ik04k8osQ,1134.0,Nuclear,46WPU0000000014Y,SE3,Ringhals 4,,1,MAW,PT1M,2,2023-04-05 09:00:00+02:00,A77
2025-10-06 19:17:03+00:00,560,SE_3,Unplanned outage,A03,,2023-04-07 06:00:00+02:00,3r6UYxyJomgot8K11s3oTw,1134.0,Nuclear,46WPU0000000014Y,SE3,Ringhals 4,,1,MAW,PT1M,2,2023-04-05 16:45:00+02:00,A77
2025-10-06 19:19:45+00:00,0,SE_3,Planned maintenance,A03,,2023-04-09 22:30:00+02:00,TaQ_jeudkfsLAQK6jtQQXw,120.0,Fossil Oil,46WPU0000000023X,SE3,Värtaverket,KVV8 Värtaverket,1,MAW,PT1M,4,2023-04-04 15:00:00+02:00,A80
2025-10-06 19:27:20+00:00,0,SE_3,Unplanned outage,A03,,2023-04-15 14:30:00+02:00,98_5p5jNm5SKm49yXT7CKg,120.0,Fossil Oil,46WPU0000000023X,SE3,Värtaverket,KVV8 Värtaverket,1,MAW,PT1M,3,2023-04-12 19:00:00+02:00,A80
2025-10-06 19:39:20+00:00,0,SE_3,Unplanned outage,A03,,2023-04-26 23:59:00+02:00,Bb8LobHSbAbWYSmJGYUy6Q,988.0,Nuclear,46WPU0000000015W,SE3,Forsmark block 1,,1,MAW,PT1M,1,2023-04-26 06:30:00+02:00,A77
2025-10-06 19:39:20+00:00,0,SE_3,Unplanned outage,A03,,2023-04-26 23:59:00+02:00,LzfAtnDaMA_P7geMSOcvOQ,1118.0,Nuclear,46WPU0000000016U,SE3,Forsmark block 2,,1,MAW,PT1M,1,2023-04-26 06:30:00+02:00,A77
2025-10-06 19:39:24+00:00,0,SE_3,Unplanned outage,A03,,2023-04-26 10:00:00+02:00,HlS8LDLBeE40GZnBLrGjGg,120.0,Fossil Oil,46WPU0000000023X,SE3,Värtaverket,KVV8 Värtaverket,1,MAW,PT1M,3,2023-04-26 06:45:00+02:00,A80
2025-10-06 19:40:49+00:00,0,SE_3,Unplanned outage,A03,,2023-04-27 03:00:00+02:00,Vq30kAUSoJGYdi2s-xGoAw,120.0,Fossil Oil,46WPU0000000023X,SE3,Värtaverket,KVV8 Värtaverket,1,MAW,PT1M,4,2023-04-26 17:36:00+02:00,A80
2025-10-06 19:40:52+00:00,0,SE_3,Unplanned outage,A03,,2023-04-27 07:30:00+02:00,TOeTlMUFgNoTA-AgA3pw3g,988.0,Nuclear,46WPU0000000015W,SE3,Forsmark block 1,,1,MAW,PT1M,2,2023-04-27 00:00:00+02:00,A77
2025-10-06 19:43:42+00:00,770,SE_3,Unplanned outage,A03,,2023-04-29 16:00:00+02:00,Wc9dCChpcWjAsLbkr0PsXw,988.0,Nuclear,46WPU0000000015W,SE3,Forsmark block 1,,1,MAW,PT1M,3,2023-04-27 21:15:00+02:00,A77
2025-10-06 19:44:32+00:00,1121,SE_3,Unplanned outage,A03,,2023-04-29 08:30:00+02:00,t3mXtkNIJ0LLduawcP9OVg,1118.0,Nuclear,46WPU0000000016U,SE3,Forsmark block 2,,1,MAW,PT1M,4,2023-04-27 00:00:00+02:00,A77
2025-10-06 19:44:32+00:00,860,SE_3,Unplanned outage,A03,,2023-04-29 16:00:00+02:00,t3mXtkNIJ0LLduawcP9OVg,1118.0,Nuclear,46WPU0000000016U,SE3,Forsmark block 2,,3391,MAW,PT1M,4,2023-04-29 08:30:00+02:00,A77
2025-10-06 19:46:26+00:00,740,SE_3,Planned maintenance,A03,Cancelled,2023-05-13 12:00:00+02:00,WnrMiKNl40wbs67v2c9r0w,1118.0,Nuclear,46WPU0000000016U,SE3,Forsmark block 2,,1,MAW,PT1M,2,2023-05-13 08:00:00+02:00,A77
2025-10-06 19:46:33+00:00,100,SE_3,Planned maintenance,A03,,2023-04-21 09:11:00+02:00,KD2yCposTw1woZb3Tu-8rQ,330.0,Hydro Water Reservoir,46WPU0000000018Q,SE3,Trängslet,,74821,MAW,PT1M,14,2023-04-20 08:00:00+02:00,A77
2025-10-06 19:46:33+00:00,0,SE_3,Planned maintenance,A03,,2023-03-13 19:00:00+01:00,KD2yCposTw1woZb3Tu-8rQ,330.0,Hydro Water Reservoir,46WPU0000000018Q,SE3,Trängslet,,20161,MAW,PT1M,14,2023-03-13 08:00:00+01:00,A77
2025-10-06 19:46:33+00:00,100,SE_3,Planned maintenance,A03,,2023-04-04 11:29:00+02:00,KD2yCposTw1woZb3Tu-8rQ,330.0,Hydro Water Reservoir,46WPU0000000018Q,SE3,Trängslet,,22321,MAW,PT1M,14,2023-03-14 20:00:00+01:00,A77
2025-10-06 19:46:33+00:00,0,SE_3,Planned maintenance,A03,,2023-05-03 17:00:00+02:00,KD2yCposTw1woZb3Tu-8rQ,330.0,Hydro Water Reservoir,46WPU0000000018Q,SE3,Trängslet,,93541,MAW,PT1M,14,2023-05-03 08:00:00+02:00,A77
2025-10-06 19:46:33+00:00,230,SE_3,Planned maintenance,A03,,2023-05-03 08:00:00+02:00,KD2yCposTw1woZb3Tu-8rQ,330.0,Hydro Water Reservoir,46WPU0000000018Q,SE3,Trängslet,,76332,MAW,PT1M,14,2023-04-21 09:11:00+02:00,A77
2025-10-06 19:46:33+00:00,0,SE_3,Planned maintenance,A03,,2023-02-27 19:30:00+01:00,KD2yCposTw1woZb3Tu-8rQ,330.0,Hydro Water Reservoir,46WPU0000000018Q,SE3,Trängslet,,1,MAW,PT1M,14,2023-02-27 08:00:00+01:00,A77
2025-10-06 19:46:33+00:00,230,SE_3,Planned maintenance,A03,,2023-04-20 08:00:00+02:00,KD2yCposTw1woZb3Tu-8rQ,330.0,Hydro Water Reservoir,46WPU0000000018Q,SE3,Trängslet,,63841,MAW,PT1M,14,2023-04-12 17:00:00+02:00,A77
2025-10-06 19:46:33+00:00,230,SE_3,Planned maintenance,A03,,2023-04-11 08:00:00+02:00,KD2yCposTw1woZb3Tu-8rQ,330.0,Hydro Water Reservoir,46WPU0000000018Q,SE3,Trängslet,,51990,MAW,PT1M,14,2023-04-04 11:29:00+02:00,A77
2025-10-06 19:46:33+00:00,100,SE_3,Planned maintenance,A03,,2023-03-14 07:00:00+01:00,KD2yCposTw1woZb3Tu-8rQ,330.0,Hydro Water Reservoir,46WPU0000000018Q,SE3,Trängslet,,20821,MAW,PT1M,14,2023-03-13 19:00:00+01:00,A77
2025-10-06 19:46:33+00:00,0,SE_3,Planned maintenance,A03,,2023-04-12 17:00:00+02:00,KD2yCposTw1woZb3Tu-8rQ,330.0,Hydro Water Reservoir,46WPU0000000018Q,SE3,Trängslet,,61861,MAW,PT1M,14,2023-04-11 08:00:00+02:00,A77
2025-10-06 19:46:33+00:00,200,SE_3,Planned maintenance,A03,,2023-03-13 08:00:00+01:00,KD2yCposTw1woZb3Tu-8rQ,330.0,Hydro Water Reservoir,46WPU0000000018Q,SE3,Trängslet,,691,MAW,PT1M,14,2023-02-27 19:30:00+01:00,A77
2025-10-06 19:46:33+00:00,0,SE_3,Planned maintenance,A03,,2023-03-14 20:00:00+01:00,KD2yCposTw1woZb3Tu-8rQ,330.0,Hydro Water Reservoir,46WPU0000000018Q,SE3,Trängslet,,21541,MAW,PT1M,14,2023-03-14 07:00:00+01:00,A77
2025-10-06 20:05:39+00:00,0,SE_3,Unplanned outage,A03,,2023-05-05 08:21:00+02:00,OZBd71z_s4GoVtIEUF0IYg,100.0,Hydro Water Reservoir,46WPU0000000018Q,SE3,Trängslet,Trängslet G1,1,MAW,PT1M,4,2023-05-05 00:15:00+02:00,A80
2025-10-06 20:15:26+00:00,15,SE_3,Unplanned outage,A03,,2023-05-22 10:45:00+02:00,KGsw_2K-neHX0a3k5Vh9Ug,330.0,Hydro Water Reservoir,46WPU0000000018Q,SE3,Trängslet,,1,MAW,PT1M,3,2023-05-13 00:00:00+02:00,A77
2025-10-06 20:16:26+00:00,0,SE_3,Planned maintenance,A03,Cancelled,2023-05-31 04:00:00+02:00,wdeV-eCKqC9zVxkdh0Tphw,1063.0,Nuclear,46WPU00000000121,SE3,Ringhals 3,,1,MAW,PT1M,2,2023-05-25 07:00:00+02:00,A77
2025-10-06 20:17:27+00:00,150,SE_3,Planned maintenance,A03,,2023-05-24 08:00:00+02:00,sveE0fEohZHN77rFEkdVzw,330.0,Hydro Water Reservoir,46WPU0000000018Q,SE3,Trängslet,,1716,MAW,PT1M,6,2023-05-23 13:35:00+02:00,A77
2025-10-06 20:17:27+00:00,150,SE_3,Planned maintenance,A03,,2023-05-25 08:25:00+02:00,sveE0fEohZHN77rFEkdVzw,330.0,Hydro Water Reservoir,46WPU0000000018Q,SE3,Trängslet,,3301,MAW,PT1M,6,2023-05-24 16:00:00+02:00,A77
2025-10-06 20:17:27+00:00,60,SE_3,Planned maintenance,A03,,2023-05-22 09:30:00+02:00,sveE0fEohZHN77rFEkdVzw,330.0,Hydro Water Reservoir,46WPU0000000018Q,SE3,Trängslet,,1,MAW,PT1M,6,2023-05-22 09:00:00+02:00,A77
2025-10-06 20:17:27+00:00,0,SE_3,Planned maintenance,A03,,2023-05-24 16:00:00+02:00,sveE0fEohZHN77rFEkdVzw,330.0,Hydro Water Reservoir,46WPU0000000018Q,SE3,Trängslet,,2821,MAW,PT1M,6,2023-05-24 08:00:00+02:00,A77
2025-10-06 20:17:27+00:00,110,SE_3,Planned maintenance,A03,,2023-05-23 13:35:00+02:00,sveE0fEohZHN77rFEkdVzw,330.0,Hydro Water Reservoir,46WPU0000000018Q,SE3,Trängslet,,31,MAW,PT1M,6,2023-05-22 09:30:00+02:00,A77
2025-10-06 20:18:33+00:00,200,SE_3,Unplanned outage,A03,,2023-05-25 21:00:00+02:00,BWz_HBFA6bWjxrUejgkAsg,330.0,Hydro Water Reservoir,46WPU0000000018Q,SE3,Trängslet,,1,MAW,PT1M,1,2023-05-25 19:45:00+02:00,A77
2025-10-06 20:32:54+00:00,150,SE_3,Planned maintenance,A03,,2023-06-02 16:00:00+02:00,fpB4J1SEDuMSQgOcjZn05g,330.0,Hydro Water Reservoir,46WPU0000000018Q,SE3,Trängslet,,1,MAW,PT1M,3,2023-05-30 08:00:00+02:00,A77
2025-10-06 20:37:35+00:00,495,SE_3,Planned maintenance,A03,,2023-05-07 12:00:00+02:00,CV4NfDPcX3911bTsjTx0sg,988.0,Nuclear,46WPU0000000015W,SE3,Forsmark block 1,,1,MAW,PT1M,7,2023-05-06 08:00:00+02:00,A77
2025-10-06 20:37:35+00:00,0,SE_3,Planned maintenance,A03,,2023-05-30 01:00:00+02:00,CV4NfDPcX3911bTsjTx0sg,988.0,Nuclear,46WPU0000000015W,SE3,Forsmark block 1,,1681,MAW,PT1M,7,2023-05-07 12:00:00+02:00,A77
2025-10-06 20:43:32+00:00,520,SE_3,Unplanned outage,A03,,2023-06-01 02:00:00+02:00,pom710P6AFDI-hlI82DnnA,988.0,Nuclear,46WPU0000000015W,SE3,Forsmark block 1,,1,MAW,PT1M,3,2023-05-30 02:00:00+02:00,A77
2025-10-06 20:43:37+00:00,520,SE_3,Unplanned outage,A03,,2023-06-01 03:30:00+02:00,A9x7mGpP5sgx2_EgYHQB7w,988.0,Nuclear,46WPU0000000015W,SE3,Forsmark block 1,,1,MAW,PT1M,1,2023-06-01 02:00:00+02:00,A77
2025-10-06 20:47:22+00:00,0,SE_3,Unplanned outage,A03,,2023-06-01 05:30:00+02:00,2PoK52tYvE2nxMWq3iBxCw,1118.0,Nuclear,46WPU0000000016U,SE3,Forsmark block 2,,1,MAW,PT1M,14,2023-05-27 16:00:00+02:00,A77
2025-10-06 20:47:22+00:00,541,SE_3,Unplanned outage,A03,,2023-06-03 19:00:00+02:00,2PoK52tYvE2nxMWq3iBxCw,1118.0,Nuclear,46WPU0000000016U,SE3,Forsmark block 2,,6571,MAW,PT1M,14,2023-06-01 05:30:00+02:00,A77
2025-10-06 20:53:15+00:00,740,SE_3,Planned maintenance,A03,Cancelled,2023-07-01 12:00:00+02:00,dqMinacDvzBxIkQytxOYGw,1118.0,Nuclear,46WPU0000000016U,SE3,Forsmark block 2,,1,MAW,PT1M,2,2023-07-01 08:00:00+02:00,A77
2025-10-06 20:53:32+00:00,210,SE_3,Planned maintenance,A03,,2023-06-21 16:00:00+02:00,qUMoLXapEPMV8N-rRrDBXw,330.0,Hydro Water Reservoir,46WPU0000000018Q,SE3,Trängslet,,1,MAW,PT1M,2,2023-06-21 08:30:00+02:00,A77
2025-10-06 20:53:44+00:00,230,SE_3,Unplanned outage,A03,,2023-06-07 11:00:00+02:00,XVuv1wZLIE0BTyFw_AXAAg,330.0,Hydro Water Reservoir,46WPU0000000018Q,SE3,Trängslet,,1,MAW,PT1M,1,2023-06-07 09:55:00+02:00,A77
2025-10-06 20:54:34+00:00,230,SE_3,Planned maintenance,A03,,2023-06-09 14:00:00+02:00,Ir5DzR6v-Y40VUN9ctdHpg,330.0,Hydro Water Reservoir,46WPU0000000018Q,SE3,Trängslet,,1,MAW,PT1M,1,2023-06-09 08:00:00+02:00,A77
2025-10-06 21:00:14+00:00,230,SE_3,Planned maintenance,A03,,2023-06-11 13:00:00+02:00,VXjo4dnPcz_djeRJAHF5xA,330.0,Hydro Water Reservoir,46WPU0000000018Q,SE3,Trängslet,,1,MAW,PT1M,1,2023-06-11 12:00:00+02:00,A77
2025-10-06 21:05:50+00:00,0,SE_3,Planned maintenance,A03,,2023-06-12 17:01:00+02:00,Ob0Enw97hv5TFz6t9dNB0g,1400.0,Nuclear,46WPU0000000061P,SE3,Oskarshamn 3,Oskarshamn G3,1,MAW,PT1M,7,2023-04-15 16:00:00+02:00,A80
2025-10-06 21:09:21+00:00,0,SE_3,Planned maintenance,A03,Cancelled,2024-06-27 23:59:00+02:00,eTYKZtQoDqCCBvTHevgZXQ,1063.0,Nuclear,46WPU00000000121,SE3,Ringhals 3,,1,MAW,PT1M,3,2024-05-22 00:00:00+02:00,A77
2025-10-06 21:09:21+00:00,0,SE_3,Planned maintenance,A03,Cancelled,2025-06-20 23:59:00+02:00,wczSY7w6Y2IYYgRjN22FCw,1063.0,Nuclear,46WPU00000000121,SE3,Ringhals 3,,1,MAW,PT1M,2,2025-05-28 00:00:00+02:00,A77
2025-10-06 21:09:22+00:00,0,SE_3,Planned maintenance,A03,Cancelled,2026-07-04 23:59:00+02:00,JBy4jJ-0iFFb72y7In2IUw,1063.0,Nuclear,46WPU00000000121,SE3,Ringhals 3,,1,MAW,PT1M,2,2026-05-27 00:00:00+02:00,A77
2025-10-06 21:31:59+00:00,0,SE_3,Unplanned outage,A03,,2023-06-22 14:33:00+02:00,Rdq4ILu4SpIoEXAt1k-t_Q,130.0,Hydro Water Reservoir,46WPU0000000018Q,SE3,Trängslet,Trängslet G3,1,MAW,PT1M,3,2023-06-21 16:00:00+02:00,A80
2025-10-06 21:32:28+00:00,0,SE_3,Unplanned outage,A03,,2023-06-22 20:15:00+02:00,asPn2cZmaFcQMZ5PAPRe1g,130.0,Hydro Water Reservoir,46WPU0000000018Q,SE3,Trängslet,Trängslet G3,1,MAW,PT1M,2,2023-06-22 16:17:00+02:00,A80
2025-10-06 21:36:04+00:00,230,SE_3,Unplanned outage,A03,,2023-06-24 18:00:00+02:00,0L6I_LnU-4B5SVCpapZSOQ,330.0,Hydro Water Reservoir,46WPU0000000018Q,SE3,Trängslet,,1,MAW,PT1M,1,2023-06-24 16:08:00+02:00,A77
2025-10-06 21:36:16+00:00,230,SE_3,Unplanned outage,A03,,2023-06-24 23:45:00+02:00,UpI0p-ffzVluaOBprMUSNg,330.0,Hydro Water Reservoir,46WPU0000000018Q,SE3,Trängslet,,1,MAW,PT1M,1,2023-06-24 22:30:00+02:00,A77
2025-10-06 21:37:03+00:00,952,SE_3,Unplanned outage,A03,,2023-06-25 21:30:00+02:00,HPakGwqiE0lTJx3M018SWg,1118.0,Nuclear,46WPU0000000016U,SE3,Forsmark block 2,,1,MAW,PT1M,1,2023-06-25 20:00:00+02:00,A77
2025-10-06 21:37:11+00:00,230,SE_3,Unplanned outage,A03,,2023-06-26 03:33:00+02:00,hgtEFOH8kpuyEkKiEh4l5Q,330.0,Hydro Water Reservoir,46WPU0000000018Q,SE3,Trängslet,,1,MAW,PT1M,1,2023-06-26 01:33:00+02:00,A77
2025-10-06 21:38:17+00:00,0,SE_3,Planned maintenance,A03,,2023-06-28 14:00:00+02:00,hovKKta1gG1Z0sXLd2ZtDQ,130.0,Hydro Water Reservoir,46WPU0000000018Q,SE3,Trängslet,Trängslet G3,1,MAW,PT1M,1,2023-06-28 08:00:00+02:00,A80
2025-10-06 21:40:11+00:00,1300,SE_3,Unplanned outage,A03,,2023-06-28 09:00:00+02:00,uJ2zxUa3hWG5fFGccilaVA,1400.0,Nuclear,46WPU0000000061P,SE3,Oskarshamn 3,Oskarshamn G3,1,MAW,PT1M,2,2023-06-19 10:00:00+02:00,A80
2025-10-06 21:58:16+00:00,0,SE_3,Unplanned outage,A03,,2023-07-06 21:15:00+02:00,m41c_jbKBxfQU1DUqwqzfQ,100.0,Hydro Water Reservoir,46WPU0000000018Q,SE3,Trängslet,Trängslet G1,1,MAW,PT1M,1,2023-07-06 20:03:00+02:00,A80
2025-10-06 22:17:50+00:00,0,SE_3,Unplanned outage,A03,,2023-07-13 23:59:00+02:00,zam1an3Wq9Dol7EmR_coTw,260.0,Fossil Gas,46WPU0000000062N,SE3,Rya KVV ,,1,MAW,PT1M,3,2023-07-12 11:00:00+02:00,A77
2025-10-06 22:20:48+00:00,230,SE_3,Unplanned outage,A03,,2023-07-15 11:34:00+02:00,oNsrY-qmVF9prP_AGy7YqA,330.0,Hydro Water Reservoir,46WPU0000000018Q,SE3,Trängslet,,1,MAW,PT1M,1,2023-07-15 10:34:00+02:00,A77
2025-10-06 22:26:53+00:00,0,SE_3,Planned maintenance,A03,,2023-07-19 05:00:00+02:00,8KWBCgDEH-3BrHCAFnVLVw,1063.0,Nuclear,46WPU00000000121,SE3,Ringhals 3,,1,MAW,PT1M,11,2023-05-31 04:00:00+02:00,A77
2025-10-06 22:29:17+00:00,0,SE_3,Unplanned outage,A03,,2023-07-20 02:00:00+02:00,071XlgmwAEyYatvYYdG6kA,100.0,Hydro Water Reservoir,46WPU0000000018Q,SE3,Trängslet,Trängslet G1,1,MAW,PT1M,2,2023-07-20 01:00:00+02:00,A80
2025-10-06 22:29:51+00:00,1005,SE_3,Planned maintenance,A03,,2023-07-20 16:00:00+02:00,i036QN1udQxBUYZc3nxCpQ,1118.0,Nuclear,46WPU0000000016U,SE3,Forsmark block 2,,1,MAW,PT1M,2,2023-07-15 18:00:00+02:00,A77
2025-10-06 22:30:21+00:00,500,SE_3,Unplanned outage,A03,,2023-07-20 14:00:00+02:00,zwW82zyWfuH6dx0B1NNUqQ,1063.0,Nuclear,46WPU00000000121,SE3,Ringhals 3,,1,MAW,PT1M,3,2023-07-20 08:30:00+02:00,A77
2025-10-06 22:34:00+00:00,0,SE_3,Planned maintenance,A03,,2023-07-21 21:00:00+02:00,0L6QMkyx3Vez9f50wFcwRg,1172.0,Nuclear,46WPU0000000017S,SE3,Forsmark block 3,,1,MAW,PT1M,5,2023-07-02 00:00:00+02:00,A77
2025-10-06 22:39:05+00:00,750,SE_3,Planned maintenance,A03,Cancelled,2023-07-29 15:00:00+02:00,k9ymGqUpJVLXonZbo0SoMA,1118.0,Nuclear,46WPU0000000016U,SE3,Forsmark block 2,,1,MAW,PT1M,2,2023-07-29 09:00:00+02:00,A77
2025-10-06 22:55:59+00:00,950,SE_3,Unplanned outage,A03,,2023-07-30 17:00:00+02:00,ES5cKOqi6YOSQw4roa99iA,1134.0,Nuclear,46WPU0000000014Y,SE3,Ringhals 4,,1,MAW,PT1M,2,2023-07-30 10:30:00+02:00,A77
2025-10-06 22:58:02+00:00,230,SE_3,Unplanned outage,A03,,2023-08-01 01:08:00+02:00,HNuwAJ3PPSx_nzdWGSZG3Q,330.0,Hydro Water Reservoir,46WPU0000000018Q,SE3,Trängslet,,1,MAW,PT1M,2,2023-08-01 00:00:00+02:00,A77
2025-10-06 23:02:45+00:00,0,SE_3,Planned maintenance,A03,,2023-08-03 17:00:00+02:00,ZcxoJPMb8WLrnruzSZbcHQ,531.0,Nuclear,46WPU00000000121,SE3,Ringhals 3,Ringhals block 3 G31,1,MAW,PT1M,5,2023-08-01 21:00:00+02:00,A80
2025-10-06 23:03:11+00:00,900,SE_3,Unplanned outage,A03,,2023-08-04 00:00:00+02:00,_JL2LYcjQaiZoZncL64XKQ,1063.0,Nuclear,46WPU00000000121,SE3,Ringhals 3,,1,MAW,PT1M,1,2023-08-03 21:30:00+02:00,A77
2025-10-06 23:05:20+00:00,0,SE_3,Unplanned outage,A03,,2023-08-05 00:00:00+02:00,7uwP-MSKGgcmX7oiIltuhg,100.0,Hydro Water Reservoir,46WPU0000000018Q,SE3,Trängslet,Trängslet G1,1,MAW,PT1M,1,2023-08-04 22:52:00+02:00,A80
2025-10-06 23:10:08+00:00,0,SE_3,Unplanned outage,A03,,2023-08-07 13:28:00+02:00,0haB26JYXLRa1mWcYDrD6w,330.0,Hydro Water Reservoir,46WPU0000000018Q,SE3,Trängslet,,1,MAW,PT1M,2,2023-08-07 13:03:00+02:00,A77
2025-10-06 23:18:45+00:00,490,SE_3,Unplanned outage,A03,,2023-09-03 11:59:00+02:00,EWb72NurCGcZT8xTVC4xHA,1118.0,Nuclear,46WPU0000000016U,SE3,Forsmark block 2,,1,MAW,PT1M,6,2023-07-25 08:00:00+02:00,A77
2025-10-06 23:54:45+00:00,630,SE_3,Planned maintenance,A03,Cancelled,2023-09-09 19:30:00+02:00,eUOeJ0hc4j6uQL3gjbLHVw,1400.0,Nuclear,46WPU0000000061P,SE3,Oskarshamn 3,Oskarshamn G3,1,MAW,PT1M,2,2023-09-09 08:00:00+02:00,A80
2025-10-06 23:54:48+00:00,1130,SE_3,Unplanned outage,A03,,2023-08-25 08:00:00+02:00,aVa_pSchXoXLEATtV8d41g,1400.0,Nuclear,46WPU0000000061P,SE3,Oskarshamn 3,Oskarshamn G3,1,MAW,PT1M,7,2023-06-28 09:00:00+02:00,A80
2025-10-06 23:59:24+00:00,0,SE_3,Unplanned outage,A03,,2023-08-25 11:22:00+02:00,Sr8qbSPk5a4P1jrTJBdbGg,1400.0,Nuclear,46WPU0000000061P,SE3,Oskarshamn 3,Oskarshamn G3,1,MAW,PT1M,2,2023-08-25 08:00:00+02:00,A80
2025-10-07 00:02:49+00:00,715,SE_3,Planned maintenance,A03,,2023-08-26 18:00:00+02:00,C62Cg5A_T_lclNO7yxC6fQ,988.0,Nuclear,46WPU0000000015W,SE3,Forsmark block 1,,1,MAW,PT1M,4,2023-08-26 09:30:00+02:00,A77
2025-10-07 00:08:04+00:00,0,SE_3,Unplanned outage,A03,,2023-08-28 06:19:00+02:00,HcqceREzkFMamnkxN163gg,1400.0,Nuclear,46WPU0000000061P,SE3,Oskarshamn 3,Oskarshamn G3,1,MAW,PT1M,5,2023-08-25 11:22:00+02:00,A80
2025-10-07 00:11:08+00:00,400,SE_3,Unplanned outage,A03,,2023-08-29 04:30:00+02:00,yBnzT1GaByyZAM28Xpq3Ng,1400.0,Nuclear,46WPU0000000061P,SE3,Oskarshamn 3,Oskarshamn G3,1,MAW,PT1M,3,2023-08-28 14:00:00+02:00,A80
2025-10-07 00:12:59+00:00,200,SE_3,Planned maintenance,A03,,2023-08-29 19:30:00+02:00,W7F5NpWTRQHWgEAOuC8tvQ,330.0,Hydro Water Reservoir,46WPU0000000018Q,SE3,Trängslet,,211,MAW,PT1M,3,2023-08-29 18:30:00+02:00,A77
2025-10-07 00:12:59+00:00,230,SE_3,Planned maintenance,A03,,2023-08-29 18:30:00+02:00,W7F5NpWTRQHWgEAOuC8tvQ,330.0,Hydro Water Reservoir,46WPU0000000018Q,SE3,Trängslet,,1,MAW,PT1M,3,2023-08-29 15:00:00+02:00,A77
2025-10-07 00:15:02+00:00,0,SE_3,Unplanned outage,A03,,2023-08-31 00:30:00+02:00,X6E1SNudY3VW1O-O20MNhA,1400.0,Nuclear,46WPU0000000061P,SE3,Oskarshamn 3,Oskarshamn G3,1,MAW,PT1M,6,2023-08-29 04:30:00+02:00,A80
2025-10-07 00:22:32+00:00,110,SE_3,Planned maintenance,A03,,2023-09-05 17:21:00+02:00,xZ7MJoF60pF7YSic4eDc9Q,330.0,Hydro Water Reservoir,46WPU0000000018Q,SE3,Trängslet,,1,MAW,PT1M,2,2023-09-05 06:30:00+02:00,A77
2025-10-07 00:27:20+00:00,85,SE_3,Planned maintenance,A03,,2023-09-07 12:28:00+02:00,MTNFNraeyNi9-vfemhNnpw,330.0,Hydro Water Reservoir,46WPU0000000018Q,SE3,Trängslet,,1,MAW,PT1M,3,2023-09-07 07:00:00+02:00,A77
2025-10-07 00:31:55+00:00,0,SE_3,Planned maintenance,A03,,2023-09-08 14:30:00+02:00,FQMZL9ovjbMu66WlFePgAQ,120.0,Fossil Oil,46WPU0000000023X,SE3,Värtaverket,KVV8 Värtaverket,1,MAW,PT1M,14,2023-05-24 23:59:00+02:00,A80
2025-10-07 00:32:19+00:00,38,SE_3,Planned maintenance,A03,,2023-09-12 11:00:00+02:00,rMpMoK5hmuoqoac0Dk0rxQ,213.0,Wind Onshore,46WPU0000000065H,SE3,Jädraås Vindkraftpark,,1,MAW,PT1M,1,2023-09-11 07:00:00+02:00,A77
2025-10-07 00:33:30+00:00,0,SE_3,Unplanned outage,A03,,2023-09-09 08:30:00+02:00,iaIdzO6wgV0XYRu06jcgYw,988.0,Nuclear,46WPU0000000015W,SE3,Forsmark block 1,,1,MAW,PT1M,5,2023-09-06 13:22:00+02:00,A77
2025-10-07 00:39:55+00:00,0,SE_3,Planned maintenance,A03,,2023-09-13 09:00:00+02:00,AoOVY2bth7t1soSbxdP4qw,120.0,Fossil Oil,46WPU0000000023X,SE3,Värtaverket,KVV8 Värtaverket,1,MAW,PT1M,2,2023-09-11 09:00:00+02:00,A80
2025-10-07 00:47:50+00:00,1130,SE_3,Unplanned outage,A03,,2023-09-15 21:30:00+02:00,BmmfXhN_NWhlPqCl8Kuo4g,1400.0,Nuclear,46WPU0000000061P,SE3,Oskarshamn 3,Oskarshamn G3,1,MAW,PT1M,11,2023-08-31 00:30:00+02:00,A80
2025-10-07 00:48:57+00:00,230,SE_3,Unplanned outage,A03,,2023-09-16 22:55:00+02:00,gvueU5qZAZYWzKk5oM7q9g,330.0,Hydro Water Reservoir,46WPU0000000018Q,SE3,Trängslet,,1,MAW,PT1M,1,2023-09-16 20:55:00+02:00,A77
2025-10-07 00:52:49+00:00,0,SE_3,Unplanned outage,A03,,2023-09-19 01:11:00+02:00,Esfr6wHg47UOBvX_pQ_5bg,100.0,Hydro Water Reservoir,46WPU0000000018Q,SE3,Trängslet,Trängslet G1,1,MAW,PT1M,2,2023-09-19 00:10:00+02:00,A80
2025-10-07 00:52:53+00:00,0,SE_3,Unplanned outage,A03,,2023-09-19 07:30:00+02:00,ew_VocYZyr6xsqICJDUyoA,100.0,Hydro Water Reservoir,46WPU0000000018Q,SE3,Trängslet,Trängslet G1,1,MAW,PT1M,1,2023-09-19 06:01:00+02:00,A80
2025-10-07 00:53:15+00:00,0,SE_3,Planned maintenance,A03,,2023-09-19 14:00:00+02:00,cTfu4DPmxTDYKnoi5b9wZg,100.0,Hydro Water Reservoir,46WPU0000000018Q,SE3,Trängslet,Trängslet G1,1,MAW,PT1M,1,2023-09-19 13:00:00+02:00,A80
2025-10-07 01:02:23+00:00,0,SE_3,Planned maintenance,A03,,2023-09-24 20:00:00+02:00,ePXRhMMKYBY2Hvctv34OJg,1134.0,Nuclear,46WPU0000000014Y,SE3,Ringhals 4,,1,MAW,PT1M,9,2023-08-02 05:00:00+02:00,A77
2025-10-07 01:03:08+00:00,0,SE_3,Unplanned outage,A03,,2023-09-24 21:50:00+02:00,qGKDkUXfncclsxb0S1XO6Q,130.0,Hydro Water Reservoir,46WPU0000000018Q,SE3,Trängslet,Trängslet G3,1,MAW,PT1M,2,2023-09-24 20:49:00+02:00,A80
2025-10-07 01:15:42+00:00,75,SE_3,Planned maintenance,A03,,2023-10-12 16:00:00+02:00,bluJu7BJBBYXV6mThbQGOQ,330.0,Hydro Water Reservoir,46WPU0000000018Q,SE3,Trängslet,,1,MAW,PT1M,1,2023-10-12 08:00:00+02:00,A77
2025-10-07 01:21:02+00:00,700,SE_3,Unplanned outage,A03,,2023-10-02 13:00:00+02:00,H4uHSiX_CI5g1s40-CJLsg,1134.0,Nuclear,46WPU0000000014Y,SE3,Ringhals 4,,1,MAW,PT1M,2,2023-09-28 15:00:00+02:00,A77
2025-10-07 01:40:57+00:00,0,SE_3,Planned maintenance,A03,,2023-10-09 18:00:00+02:00,ZUjz57aXabSeceGU1ryDBQ,130.0,Hydro Water Reservoir,46WPU0000000018Q,SE3,Trängslet,Trängslet G3,1,MAW,PT1M,2,2023-10-09 09:30:00+02:00,A80
2025-10-07 01:42:50+00:00,0,SE_3,Planned maintenance,A03,,2023-10-10 14:05:00+02:00,iTylk2o5EkCdC3B03wreyw,130.0,Hydro Water Reservoir,46WPU0000000018Q,SE3,Trängslet,Trängslet G3,1,MAW,PT1M,2,2023-10-10 08:00:00+02:00,A80
2025-10-07 01:43:01+00:00,0,SE_3,Planned maintenance,A03,,2023-10-10 15:20:00+02:00,49aH9OfLYDHotZeQjFfMHw,120.0,Fossil Oil,46WPU0000000023X,SE3,Värtaverket,KVV8 Värtaverket,1,MAW,PT1M,4,2023-10-05 12:00:00+02:00,A80
2025-10-07 01:55:51+00:00,0,SE_3,Unplanned outage,A03,,2023-10-16 07:00:00+02:00,ZA1Jw5DfnE9-3publTlDGg,100.0,Hydro Water Reservoir,46WPU0000000018Q,SE3,Trängslet,Trängslet G1,1,MAW,PT1M,1,2023-10-16 05:59:00+02:00,A80
2025-10-07 02:09:18+00:00,0,SE_3,Unplanned outage,A03,,2023-10-21 08:00:00+02:00,BT048PlKPvIW5PbV9Yz-6w,1063.0,Nuclear,46WPU00000000121,SE3,Ringhals 3,,1,MAW,PT1M,4,2023-10-19 14:45:00+02:00,A77
2025-10-07 02:11:42+00:00,500,SE_3,Unplanned outage,A03,,2023-10-22 11:00:00+02:00,maYGaN09DccFCxiCLxIoTg,1063.0,Nuclear,46WPU00000000121,SE3,Ringhals 3,,1,MAW,PT1M,4,2023-10-21 15:00:00+02:00,A77
2025-10-07 02:12:59+00:00,0,SE_3,Planned maintenance,A03,Cancelled,2023-10-24 19:00:00+02:00,sMUi5H5eYcIn2jmmhWrKzw,120.0,Fossil Oil,46WPU0000000023X,SE3,Värtaverket,KVV8 Värtaverket,1,MAW,PT1M,2,2023-10-24 06:00:00+02:00,A80
2025-10-07 02:17:40+00:00,0,SE_3,Planned maintenance,A03,,2023-11-02 18:00:00+01:00,bYwXD_0gLHhP2ZcwJ8dXaQ,213.0,Wind Onshore,46WPU0000000065H,SE3,Jädraås Vindkraftpark,,1,MAW,PT1M,1,2023-11-02 07:00:00+01:00,A77
2025-10-07 02:17:46+00:00,230,SE_3,Planned maintenance,A03,,2023-10-24 10:50:00+02:00,BVBbyzRblhPx6aXVewlFug,330.0,Hydro Water Reservoir,46WPU0000000018Q,SE3,Trängslet,,1,MAW,PT1M,2,2023-10-23 09:00:00+02:00,A77
2025-10-07 02:23:36+00:00,75,SE_3,Planned maintenance,A03,,2023-10-26 11:07:00+02:00,5Whe_QIMD3gyrY2Dy6rz6w,330.0,Hydro Water Reservoir,46WPU0000000018Q,SE3,Trängslet,,1,MAW,PT1M,2,2023-10-25 09:00:00+02:00,A77
2025-10-07 02:24:22+00:00,130,SE_3,Unplanned outage,A03,,2023-10-26 18:00:00+02:00,2HocwBYV8Mw-4u4lDzNSEA,330.0,Hydro Water Reservoir,46WPU0000000018Q,SE3,Trängslet,,1,MAW,PT1M,1,2023-10-26 16:40:00+02:00,A77
2025-10-07 02:33:06+00:00,500,SE_3,Planned maintenance,A03,,2023-10-30 02:30:00+01:00,gQVeaQ5s8x4UGWV76KwBjQ,1118.0,Nuclear,46WPU0000000016U,SE3,Forsmark block 2,,64681,MAW,PT1M,19,2023-10-18 10:00:00+02:00,A77
2025-10-07 02:33:06+00:00,0,SE_3,Planned maintenance,A03,,2023-10-18 10:00:00+02:00,gQVeaQ5s8x4UGWV76KwBjQ,1118.0,Nuclear,46WPU0000000016U,SE3,Forsmark block 2,,1,MAW,PT1M,19,2023-09-03 12:00:00+02:00,A77
2025-10-07 02:38:30+00:00,0,SE_3,Unplanned outage,A03,,2023-11-03 12:00:00+01:00,gOpTcbNlTAktfgFyyjaEhg,100.0,Hydro Water Reservoir,46WPU0000000018Q,SE3,Trängslet,Trängslet G1,1,MAW,PT1M,1,2023-11-03 08:00:00+01:00,A80
2025-10-07 02:43:49+00:00,0,SE_3,Planned maintenance,A03,,2023-11-03 11:55:00+01:00,PcqPoV-SLU0IcV4cBpKDWA,130.0,Hydro Water Reservoir,46WPU0000000018Q,SE3,Trängslet,Trängslet G3,1441,MAW,PT1M,3,2023-11-03 08:00:00+01:00,A80
2025-10-07 02:43:49+00:00,0,SE_3,Planned maintenance,A03,,2023-11-02 17:35:00+01:00,PcqPoV-SLU0IcV4cBpKDWA,130.0,Hydro Water Reservoir,46WPU0000000018Q,SE3,Trängslet,Trängslet G3,1,MAW,PT1M,3,2023-11-02 08:00:00+01:00,A80
2025-10-07 02:43:49+00:00,130,SE_3,Planned maintenance,A03,,2023-11-03 08:00:00+01:00,PcqPoV-SLU0IcV4cBpKDWA,130.0,Hydro Water Reservoir,46WPU0000000018Q,SE3,Trängslet,Trängslet G3,576,MAW,PT1M,3,2023-11-02 17:35:00+01:00,A80
2025-10-07 02:46:13+00:00,810,SE_3,Planned maintenance,A03,,2023-11-04 11:30:00+01:00,AcR9X-YNe1E4KjIrXnGkYg,1172.0,Nuclear,46WPU0000000017S,SE3,Forsmark block 3,,1,MAW,PT1M,2,2023-11-04 10:00:00+01:00,A77
2025-10-07 02:54:25+00:00,0,SE_3,Unplanned outage,A03,,2023-11-08 08:00:00+01:00,gUH59Mr27ozqUJgtNmHypQ,100.0,Hydro Water Reservoir,46WPU0000000018Q,SE3,Trängslet,Trängslet G2,1,MAW,PT1M,1,2023-11-08 07:01:00+01:00,A80
2025-10-07 02:56:06+00:00,80,SE_3,Unplanned outage,A03,,2023-11-09 12:00:00+01:00,gKuIGthCOchu3Dmv783_3A,260.0,Fossil Gas,46WPU0000000062N,SE3,Rya KVV ,,1,MAW,PT1M,3,2023-11-03 12:00:00+01:00,A77
2025-10-07 03:01:01+00:00,0,SE_3,Unplanned outage,A03,,2023-11-11 04:24:00+01:00,BRA61byeFHFCAqbL1fBz9g,100.0,Hydro Water Reservoir,46WPU0000000018Q,SE3,Trängslet,Trängslet G2,1,MAW,PT1M,3,2023-11-11 02:37:00+01:00,A80
2025-10-07 03:01:36+00:00,715,SE_3,Planned maintenance,A03,,2023-11-11 13:15:00+01:00,HFNlv2GGJK1qsZZeAX2ifw,988.0,Nuclear,46WPU0000000015W,SE3,Forsmark block 1,,1,MAW,PT1M,2,2023-11-11 08:00:00+01:00,A77
2025-10-07 03:08:15+00:00,0,SE_3,Unplanned outage,A03,,2023-11-15 07:30:00+01:00,C0TQz99iAcdP1IKbf2QchA,100.0,Hydro Water Reservoir,46WPU0000000018Q,SE3,Trängslet,Trängslet G2,1,MAW,PT1M,1,2023-11-15 06:03:00+01:00,A80
2025-10-07 03:13:10+00:00,230,SE_3,Planned maintenance,A03,,2023-11-23 04:00:00+01:00,g_mf6Ouas8grvWRaHbyNRw,330.0,Hydro Water Reservoir,46WPU0000000018Q,SE3,Trängslet,,1,MAW,PT1M,1,2023-11-22 22:00:00+01:00,A77
2025-10-07 03:13:10+00:00,20,SE_3,Unplanned outage,A03,,2023-11-17 15:00:00+01:00,AVt_DB9YF7JkagDO0L_rkA,120.0,Fossil Oil,46WPU0000000023X,SE3,Värtaverket,KVV8 Värtaverket,40226,MAW,PT1M,10,2023-11-17 14:00:00+01:00,A80
2025-10-07 03:13:10+00:00,0,SE_3,Unplanned outage,A03,,2023-11-17 14:00:00+01:00,AVt_DB9YF7JkagDO0L_rkA,120.0,Fossil Oil,46WPU0000000023X,SE3,Värtaverket,KVV8 Värtaverket,1,MAW,PT1M,10,2023-10-20 16:35:00+02:00,A80
2025-10-07 03:13:10+00:00,30,SE_3,Unplanned outage,A03,,2023-11-17 16:00:00+01:00,AVt_DB9YF7JkagDO0L_rkA,120.0,Fossil Oil,46WPU0000000023X,SE3,Värtaverket,KVV8 Värtaverket,40286,MAW,PT1M,10,2023-11-17 15:00:00+01:00,A80
2025-10-07 03:14:09+00:00,0,SE_3,Unplanned outage,A03,,2023-11-18 07:30:00+01:00,wQPFpt6umBC8wT_SoSDRbw,100.0,Hydro Water Reservoir,46WPU0000000018Q,SE3,Trängslet,Trängslet G2,1,MAW,PT1M,1,2023-11-18 06:03:00+01:00,A80
2025-10-07 03:15:50+00:00,650,SE_3,Planned maintenance,A03,,2023-11-18 19:00:00+01:00,pxD8Xz2RK0NcRE2BFUl3wA,1400.0,Nuclear,46WPU0000000061P,SE3,Oskarshamn 3,Oskarshamn G3,1,MAW,PT1M,2,2023-11-18 08:00:00+01:00,A80
2025-10-07 03:19:04+00:00,922,SE_3,Unplanned outage,A03,,2023-11-20 11:00:00+01:00,Z7HbzCV-7KQd19Xa2yPT0w,988.0,Nuclear,46WPU0000000015W,SE3,Forsmark block 1,,1,MAW,PT1M,2,2023-11-20 03:47:00+01:00,A77
2025-10-07 03:31:18+00:00,0,SE_3,Unplanned outage,A03,,2023-11-24 21:00:00+01:00,l-oOZtBvmhZfSJaCw3K5mw,100.0,Hydro Water Reservoir,46WPU0000000018Q,SE3,Trängslet,Trängslet G2,1,MAW,PT1M,1,2023-11-24 19:51:00+01:00,A80
2025-10-07 03:32:55+00:00,0,SE_3,Unplanned outage,A03,,2023-11-25 17:40:00+01:00,7tBA3a5HPI7-ynhET-83ng,1172.0,Nuclear,46WPU0000000017S,SE3,Forsmark block 3,,1,MAW,PT1M,2,2023-11-25 01:39:00+01:00,A77
2025-10-07 03:36:25+00:00,0,SE_3,Unplanned outage,A03,,2023-11-27 15:00:00+01:00,dfXfrfnihwds3dTUYFCLzQ,1172.0,Nuclear,46WPU0000000017S,SE3,Forsmark block 3,,1,MAW,PT1M,5,2023-11-25 17:40:00+01:00,A77
2025-10-07 03:39:22+00:00,91,SE_3,Unplanned outage,A03,,2023-11-28 15:30:00+01:00,NdDsTTcYjP4-pw_IiHmY8Q,260.0,Fossil Gas,46WPU0000000062N,SE3,Rya KVV ,,1,MAW,PT1M,5,2023-11-28 07:10:00+01:00,A77
2025-10-07 03:39:22+00:00,169,SE_3,Unplanned outage,A03,,2023-11-28 17:00:00+01:00,NdDsTTcYjP4-pw_IiHmY8Q,260.0,Fossil Gas,46WPU0000000062N,SE3,Rya KVV ,,501,MAW,PT1M,5,2023-11-28 15:30:00+01:00,A77
2025-10-07 03:42:42+00:00,0,SE_3,Planned maintenance,A03,,2023-12-01 12:00:00+01:00,P3R33wCy9ASGRbm_9rOvQA,100.0,Hydro Water Reservoir,46WPU0000000018Q,SE3,Trängslet,Trängslet G2,1,MAW,PT1M,1,2023-12-01 10:00:00+01:00,A80
2025-10-07 03:45:45+00:00,0,SE_3,Planned maintenance,A03,,2024-06-14 16:00:00+02:00,Js4EetKpI9_L3WtnTOwehQ,100.0,Hydro Water Reservoir,46WPU0000000018Q,SE3,Trängslet,Trängslet G1,1,MAW,PT1M,1,2024-06-10 08:00:00+02:00,A80
2025-10-07 03:45:45+00:00,0,SE_3,Planned maintenance,A03,,2024-06-28 16:00:00+02:00,ivDZTx5uVKZEHkDYOBBr_A,100.0,Hydro Water Reservoir,46WPU0000000018Q,SE3,Trängslet,Trängslet G2,1,MAW,PT1M,1,2024-06-24 08:00:00+02:00,A80
2025-10-07 03:47:27+00:00,156,SE_3,Unplanned outage,A03,,2023-12-04 15:00:00+01:00,tdPNeLUtJbUnU0y-UIKeOg,260.0,Fossil Gas,46WPU0000000062N,SE3,Rya KVV ,,1,MAW,PT1M,1,2023-12-02 06:30:00+01:00,A77
2025-10-07 03:49:32+00:00,0,SE_3,Unplanned outage,A03,,2023-12-04 03:00:00+01:00,KvWUFmiHgVTG6h8KHkvmew,1134.0,Nuclear,46WPU0000000014Y,SE3,Ringhals 4,,1,MAW,PT1M,4,2023-11-29 01:25:00+01:00,A77
2025-10-07 03:55:15+00:00,540,SE_3,Unplanned outage,A03,,2023-12-05 13:00:00+01:00,d4EsGZZUKDlZL13Urlzw3w,1134.0,Nuclear,46WPU0000000014Y,SE3,Ringhals 4,,1,MAW,PT1M,3,2023-12-04 16:30:00+01:00,A77
2025-10-07 03:59:45+00:00,0,SE_3,Unplanned outage,A03,,2023-12-07 08:45:00+01:00,ASAdGGzSTn6eY1OqDDm4rQ,100.0,Hydro Water Reservoir,46WPU0000000018Q,SE3,Trängslet,Trängslet G2,1,MAW,PT1M,4,2023-12-01 14:35:00+01:00,A80
2025-10-07 04:01:45+00:00,0,SE_3,Unplanned outage,A03,,2023-12-08 06:00:00+01:00,BwUqRMB0O68BrPlZVDFTcA,565.0,Nuclear,46WPU0000000014Y,SE3,Ringhals 4,Ringhals block 4 G41,1,MAW,PT1M,2,2023-12-06 17:00:00+01:00,A80
2025-10-07 04:02:43+00:00,400,SE_3,Unplanned outage,A03,,2023-12-08 13:00:00+01:00,J73DD1YXnP6znbWTjFsn6A,565.0,Nuclear,46WPU0000000014Y,SE3,Ringhals 4,Ringhals block 4 G41,1,MAW,PT1M,1,2023-12-08 11:00:00+01:00,A80
2025-10-07 04:02:50+00:00,715,SE_3,Planned maintenance,A03,,2024-02-10 15:00:00+01:00,pgDY1Qc1tdoCNqii0lwftA,1014.0,Nuclear,46WPU0000000015W,SE3,Forsmark block 1,,1,MAW,PT1M,1,2024-02-10 08:00:00+01:00,A77
2025-10-07 04:08:30+00:00,86,SE_3,Unplanned outage,A03,,2023-12-13 15:00:00+01:00,02pGOZDjghAxzwR7Zhu8Tg,260.0,Fossil Gas,46WPU0000000062N,SE3,Rya KVV ,,1,MAW,PT1M,2,2023-12-08 22:47:00+01:00,A77
2025-10-07 04:08:43+00:00,0,SE_3,Planned maintenance,A03,,2024-03-31 23:59:00+02:00,dN42Mh8EPWt-CPkQgrWaUA,190.0,Fossil Oil,46WPU0000000023X,SE3,Värtaverket,KVV1 Värtaverket,1,MAW,PT1M,2,2023-02-18 00:01:00+01:00,A80
2025-10-07 04:08:51+00:00,91,SE_3,Planned maintenance,A03,,2023-12-11 20:16:00+01:00,B7pZOKtvMerBG00uRBJmXg,260.0,Fossil Gas,46WPU0000000062N,SE3,Rya KVV ,,1,MAW,PT1M,2,2023-12-08 10:00:00+01:00,A77
2025-10-07 04:09:06+00:00,0,SE_3,Unplanned outage,A03,,2023-12-12 01:30:00+01:00,wO_7hopj6s__iqFy7l0hCA,120.0,Fossil Oil,46WPU0000000023X,SE3,Värtaverket,KVV8 Värtaverket,1,MAW,PT1M,2,2023-12-11 17:55:00+01:00,A80
2025-10-07 04:14:53+00:00,0,SE_3,Planned maintenance,A03,,2023-12-14 14:42:00+01:00,ROQWVYfZkIriBHaladNwyA,100.0,Hydro Water Reservoir,46WPU0000000018Q,SE3,Trängslet,Trängslet G2,1,MAW,PT1M,2,2023-12-14 09:00:00+01:00,A80
2025-10-07 04:20:53+00:00,0,SE_3,Planned maintenance,A03,Cancelled,2023-12-19 16:00:00+01:00,C3zyJHVq9Wm0YTkXQhPBaQ,130.0,Hydro Water Reservoir,46WPU0000000018Q,SE3,Trängslet,Trängslet G3,1,MAW,PT1M,2,2023-12-19 08:00:00+01:00,A80
2025-10-07 04:25:49+00:00,230,SE_3,Planned maintenance,A03,,2023-12-20 16:00:00+01:00,UjmWcnSDWOJqecpZfmHhbQ,330.0,Hydro Water Reservoir,46WPU0000000018Q,SE3,Trängslet,,301,MAW,PT1M,2,2023-12-20 14:00:00+01:00,A77
2025-10-07 04:25:49+00:00,0,SE_3,Planned maintenance,A03,,2023-12-20 14:00:00+01:00,UjmWcnSDWOJqecpZfmHhbQ,330.0,Hydro Water Reservoir,46WPU0000000018Q,SE3,Trängslet,,1,MAW,PT1M,2,2023-12-20 09:00:00+01:00,A77
2025-10-07 04:53:03+00:00,740,SE_3,Planned maintenance,A03,Cancelled,2024-01-20 13:00:00+01:00,1DF1Pyl3wCHLUtoLf4LVfA,1121.0,Nuclear,46WPU0000000016U,SE3,Forsmark block 2,,1,MAW,PT1M,2,2024-01-20 08:00:00+01:00,A77
2025-10-07 04:53:41+00:00,80,SE_3,Unplanned outage,A03,,2024-01-04 16:00:00+01:00,_z0X6uvE8uhmhuYTDTeRsg,260.0,Fossil Gas,46WPU0000000062N,SE3,Rya KVV ,,1,MAW,PT1M,3,2024-01-03 15:08:00+01:00,A77
2025-10-07 04:56:55+00:00,0,SE_3,Planned maintenance,A03,,2024-01-04 18:44:00+01:00,F897xTM9JO4_mKuqgpjLwg,531.0,Nuclear,46WPU00000000121,SE3,Ringhals 3,Ringhals block 3 G32,1,MAW,PT1M,4,2024-01-04 05:00:00+01:00,A80
2025-10-07 04:57:14+00:00,0,SE_3,Unplanned outage,A03,,2024-01-05 01:03:00+01:00,X4bTBAxWHDSy_102rwjgIg,100.0,Hydro Water Reservoir,46WPU0000000018Q,SE3,Trängslet,Trängslet G1,1,MAW,PT1M,2,2024-01-04 23:55:00+01:00,A80
2025-10-07 05:22:23+00:00,0,SE_3,Unplanned outage,A03,,2024-01-17 08:00:00+01:00,HlV82ODyS4Mwuw1PyM5UVQ,100.0,Hydro Water Reservoir,46WPU0000000018Q,SE3,Trängslet,Trängslet G2,1,MAW,PT1M,1,2024-01-17 06:03:00+01:00,A80
2025-10-07 05:23:22+00:00,650,SE_3,Planned maintenance,A03,Cancelled,2024-02-17 17:00:00+01:00,mGTPKBaraKOCdikJmQtBpw,1400.0,Nuclear,46WPU0000000061P,SE3,Oskarshamn 3,Oskarshamn G3,1,MAW,PT1M,2,2024-02-17 08:00:00+01:00,A80
2025-10-07 05:34:31+00:00,630,SE_3,Unplanned outage,A03,,2024-01-23 09:30:00+01:00,Rt44xyYfK-pDTQYnxjceew,1400.0,Nuclear,46WPU0000000061P,SE3,Oskarshamn 3,Oskarshamn G3,1,MAW,PT1M,2,2024-01-19 08:00:00+01:00,A80
2025-10-07 05:51:12+00:00,0,SE_3,Planned maintenance,A03,,2024-02-01 16:00:00+01:00,AtpJgc6X1snN-GOm45P6Rg,260.0,Fossil Gas,46WPU0000000062N,SE3,Rya KVV ,,1,MAW,PT1M,1,2024-02-01 07:00:00+01:00,A77
2025-10-07 06:09:05+00:00,750,SE_3,Planned maintenance,A03,Cancelled,2024-02-11 13:00:00+01:00,EOBf0coSvL8BZBd4S9FxbQ,1121.0,Nuclear,46WPU0000000016U,SE3,Forsmark block 2,,1,MAW,PT1M,4,2024-02-11 08:00:00+01:00,A77
2025-10-07 06:09:49+00:00,300,SE_3,Unplanned outage,A03,,2023-12-30 01:00:00+01:00,Jwk-bx3wy4DEM0WONqbvCg,1118.0,Nuclear,46WPU0000000016U,SE3,Forsmark block 2,,1,MAW,PT1M,10,2023-12-29 23:09:00+01:00,A77
2025-10-07 06:09:49+00:00,421,SE_3,Unplanned outage,A03,,2024-02-09 03:00:00+01:00,Jwk-bx3wy4DEM0WONqbvCg,1118.0,Nuclear,46WPU0000000016U,SE3,Forsmark block 2,,112,MAW,PT1M,10,2023-12-30 01:00:00+01:00,A77
2025-10-07 06:12:50+00:00,730,SE_3,Unplanned outage,A03,,2024-02-11 00:00:00+01:00,sUVtFr2bHHEmNku06juZmQ,1121.0,Nuclear,46WPU0000000016U,SE3,Forsmark block 2,,1,MAW,PT1M,2,2024-02-10 20:00:00+01:00,A77
2025-10-07 06:22:56+00:00,0,SE_3,Unplanned outage,A03,,2024-02-16 15:00:00+01:00,TPb0x39RnksxAb40X_UzwA,120.0,Fossil Oil,46WPU0000000023X,SE3,Värtaverket,KVV8 Värtaverket,1,MAW,PT1M,1,2024-02-16 09:15:00+01:00,A80
2025-10-07 06:25:31+00:00,800,SE_3,Planned maintenance,A03,,2024-02-17 13:00:00+01:00,fBqfeO4sChGktNzQK9fe9g,1172.0,Nuclear,46WPU0000000017S,SE3,Forsmark block 3,,1,MAW,PT1M,4,2024-02-17 10:30:00+01:00,A77
2025-10-07 06:58:54+00:00,0,SE_3,Planned maintenance,A03,,2024-07-29 08:59:00+02:00,dlBy2QKjPVyXEgXYZmbL_g,190.0,Fossil Oil,46WPU0000000023X,SE3,Värtaverket,KVV1 Värtaverket,1,MAW,PT1M,2,2024-04-01 00:00:00+02:00,A80
2025-10-07 07:00:05+00:00,0,SE_3,Unplanned outage,A03,,2024-03-04 21:00:00+01:00,bgRWtayssUvHJrubXXn5ug,1121.0,Nuclear,46WPU0000000016U,SE3,Forsmark block 2,,1,MAW,PT1M,4,2024-03-01 00:00:00+01:00,A77
2025-10-07 07:03:07+00:00,440,SE_3,Unplanned outage,A03,,2024-03-05 23:00:00+01:00,qkh-3IonXMM8Jx-STbzuCg,1121.0,Nuclear,46WPU0000000016U,SE3,Forsmark block 2,,1,MAW,PT1M,2,2024-03-05 09:00:00+01:00,A77
2025-10-07 07:44:08+00:00,0,SE_3,Unplanned outage,A03,,2024-03-22 02:00:00+01:00,5HyBlEb1bJ-E5hjxWdMymw,1172.0,Nuclear,46WPU0000000017S,SE3,Forsmark block 3,,1,MAW,PT1M,3,2024-03-16 17:00:00+01:00,A77
2025-10-07 07:54:20+00:00,0,SE_3,Planned maintenance,A03,,2024-04-06 06:00:00+02:00,f3-b6TH2cSD2pccSlipHHg,130.0,Hydro Water Reservoir,46WPU0000000018Q,SE3,Trängslet,Trängslet G3,1,MAW,PT1M,3,2024-03-04 08:00:00+01:00,A80
2025-10-07 08:04:17+00:00,0,SE_3,Unplanned outage,A03,,2024-03-31 07:30:00+02:00,e0Gmz1vLXK_ZHuCFJkjhVw,100.0,Hydro Water Reservoir,46WPU0000000018Q,SE3,Trängslet,Trängslet G2,1,MAW,PT1M,1,2024-03-31 06:00:00+02:00,A80
2025-10-07 09:32:20+00:00,715,SE_3,Planned maintenance,A03,,2024-05-04 20:00:00+02:00,HWrspie85SIV7j8sURyRgA,1014.0,Nuclear,46WPU0000000015W,SE3,Forsmark block 1,,1,MAW,PT1M,4,2024-05-04 08:00:00+02:00,A77
2025-10-07 09:35:45+00:00,0,SE_3,Planned maintenance,A03,,2024-05-07 10:30:00+02:00,fpD7o6WEHXepBIQ1PEC43w,120.0,Fossil Oil,46WPU0000000023X,SE3,Värtaverket,KVV8 Värtaverket,1,MAW,PT1M,4,2024-05-06 06:00:00+02:00,A80
2025-10-07 09:37:08+00:00,0,SE_3,Planned maintenance,A03,,2024-05-08 01:57:00+02:00,QIa6AO8hOszCshoNR7qG-g,1400.0,Nuclear,46WPU0000000061P,SE3,Oskarshamn 3,Oskarshamn G3,1,MAW,PT1M,10,2024-04-06 19:00:00+02:00,A80
2025-10-07 09:37:27+00:00,60,SE_3,Planned maintenance,A03,,2024-05-14 16:00:00+02:00,IDwKbcGbcX2y9rRwzTto2Q,330.0,Hydro Water Reservoir,46WPU0000000018Q,SE3,Trängslet,,1,MAW,PT1M,2,2024-05-13 09:00:00+02:00,A77
2025-10-07 09:37:27+00:00,60,SE_3,Planned maintenance,A03,,2024-05-16 16:00:00+02:00,IDwKbcGbcX2y9rRwzTto2Q,330.0,Hydro Water Reservoir,46WPU0000000018Q,SE3,Trängslet,,4711,MAW,PT1M,2,2024-05-16 15:30:00+02:00,A77
2025-10-07 09:37:27+00:00,60,SE_3,Planned maintenance,A03,,2024-05-23 16:00:00+02:00,IDwKbcGbcX2y9rRwzTto2Q,330.0,Hydro Water Reservoir,46WPU0000000018Q,SE3,Trängslet,,14791,MAW,PT1M,2,2024-05-23 15:30:00+02:00,A77
2025-10-07 09:37:27+00:00,330,SE_3,Planned maintenance,A03,,2024-05-20 08:00:00+02:00,IDwKbcGbcX2y9rRwzTto2Q,330.0,Hydro Water Reservoir,46WPU0000000018Q,SE3,Trängslet,,4741,MAW,PT1M,2,2024-05-16 16:00:00+02:00,A77
2025-10-07 09:37:27+00:00,330,SE_3,Planned maintenance,A03,,2024-05-15 09:00:00+02:00,IDwKbcGbcX2y9rRwzTto2Q,330.0,Hydro Water Reservoir,46WPU0000000018Q,SE3,Trängslet,,1861,MAW,PT1M,2,2024-05-14 16:00:00+02:00,A77
2025-10-07 09:37:27+00:00,230,SE_3,Planned maintenance,A03,,2024-05-16 15:30:00+02:00,IDwKbcGbcX2y9rRwzTto2Q,330.0,Hydro Water Reservoir,46WPU0000000018Q,SE3,Trängslet,,2881,MAW,PT1M,2,2024-05-15 09:00:00+02:00,A77
2025-10-07 09:37:27+00:00,330,SE_3,Planned maintenance,A03,,2024-05-23 15:30:00+02:00,IDwKbcGbcX2y9rRwzTto2Q,330.0,Hydro Water Reservoir,46WPU0000000018Q,SE3,Trängslet,,10051,MAW,PT1M,2,2024-05-20 08:30:00+02:00,A77
2025-10-07 09:37:27+00:00,60,SE_3,Planned maintenance,A03,,2024-05-20 08:30:00+02:00,IDwKbcGbcX2y9rRwzTto2Q,330.0,Hydro Water Reservoir,46WPU0000000018Q,SE3,Trängslet,,10021,MAW,PT1M,2,2024-05-20 08:00:00+02:00,A77
2025-10-07 09:37:48+00:00,0,SE_3,Unplanned outage,A03,,2024-05-08 13:40:00+02:00,OoWNnwuh7EpF5z5MwWQmgA,120.0,Fossil Oil,46WPU0000000023X,SE3,Värtaverket,KVV8 Värtaverket,1,MAW,PT1M,3,2024-05-08 06:10:00+02:00,A80
2025-10-07 09:41:33+00:00,0,SE_3,Unplanned outage,A03,,2024-05-10 23:00:00+02:00,5xkHgguC6g_7HaYgIFQr7w,120.0,Fossil Oil,46WPU0000000023X,SE3,Värtaverket,KVV8 Värtaverket,1,MAW,PT1M,2,2024-05-10 21:09:00+02:00,A80
2025-10-07 09:41:56+00:00,200,SE_3,Planned maintenance,A03,,2024-04-18 12:00:00+02:00,lvVTFK8tpmGG2VeThGphDA,330.0,Hydro Water Reservoir,46WPU0000000018Q,SE3,Trängslet,,1604,MAW,PT1M,6,2024-04-07 08:43:00+02:00,A77
2025-10-07 09:41:56+00:00,0,SE_3,Planned maintenance,A03,,2024-04-07 08:43:00+02:00,lvVTFK8tpmGG2VeThGphDA,330.0,Hydro Water Reservoir,46WPU0000000018Q,SE3,Trängslet,,1,MAW,PT1M,6,2024-04-06 06:00:00+02:00,A77
2025-10-07 09:41:56+00:00,100,SE_3,Planned maintenance,A03,,2024-04-18 15:01:00+02:00,lvVTFK8tpmGG2VeThGphDA,330.0,Hydro Water Reservoir,46WPU0000000018Q,SE3,Trängslet,,17641,MAW,PT1M,6,2024-04-18 12:00:00+02:00,A77
2025-10-07 09:41:56+00:00,200,SE_3,Planned maintenance,A03,,2024-05-11 06:00:00+02:00,lvVTFK8tpmGG2VeThGphDA,330.0,Hydro Water Reservoir,46WPU0000000018Q,SE3,Trängslet,,17822,MAW,PT1M,6,2024-04-18 15:01:00+02:00,A77
2025-10-07 09:41:56+00:00,0,SE_3,Planned maintenance,A03,,2024-05-11 13:05:00+02:00,lvVTFK8tpmGG2VeThGphDA,330.0,Hydro Water Reservoir,46WPU0000000018Q,SE3,Trängslet,,50401,MAW,PT1M,6,2024-05-11 06:00:00+02:00,A77
2025-10-07 09:52:59+00:00,0,SE_3,Planned maintenance,A03,,2024-05-23 12:00:00+02:00,7TbYDC7NFrkc7u167qhFcA,1121.0,Nuclear,46WPU0000000016U,SE3,Forsmark block 2,,1,MAW,PT1M,7,2024-04-21 12:00:00+02:00,A77
2025-10-07 09:54:31+00:00,800,SE_3,Planned maintenance,A03,Cancelled,2024-06-01 13:00:00+02:00,6RBsaevipNShBjFkxUQk2Q,1172.0,Nuclear,46WPU0000000017S,SE3,Forsmark block 3,,1,MAW,PT1M,2,2024-06-01 10:30:00+02:00,A77
2025-10-07 10:06:54+00:00,750,SE_3,Planned maintenance,A03,Cancelled,2024-05-30 18:30:00+02:00,zx2lBqGQYg34ZWZTv9qDvg,1014.0,Nuclear,46WPU0000000015W,SE3,Forsmark block 1,,1,MAW,PT1M,2,2024-05-30 16:00:00+02:00,A77
2025-10-07 10:10:44+00:00,810,SE_3,Unplanned outage,A03,,2024-05-30 09:00:00+02:00,HKuyh-tYAmQl5bHO42SPqA,1014.0,Nuclear,46WPU0000000015W,SE3,Forsmark block 1,,1,MAW,PT1M,1,2024-05-30 03:00:00+02:00,A77
2025-10-07 10:22:30+00:00,0,SE_3,Unplanned outage,A03,,2024-06-07 09:00:00+02:00,D2BjbC-n9CLRGuqSS6RvqA,260.0,Fossil Gas,46WPU0000000062N,SE3,Rya KVV ,,1,MAW,PT1M,1,2024-06-07 00:15:00+02:00,A77
2025-10-07 10:22:56+00:00,945,SE_3,Planned maintenance,A03,,2024-06-08 12:00:00+02:00,qhB5HFJj4fgnpIvIHDVrJw,1121.0,Nuclear,46WPU0000000016U,SE3,Forsmark block 2,,1,MAW,PT1M,1,2024-06-07 10:30:00+02:00,A77
2025-10-07 10:27:19+00:00,815,SE_3,Planned maintenance,A03,,2024-06-11 02:30:00+02:00,1IsC2mT27b5sVXnEF4hqYg,1014.0,Nuclear,46WPU0000000015W,SE3,Forsmark block 1,,1,MAW,PT1M,1,2024-06-10 23:00:00+02:00,A77
2025-10-07 10:27:38+00:00,0,SE_3,Unplanned outage,A03,,2024-06-11 06:00:00+02:00,V2d7t5x705xhgCXT6xmOyw,1172.0,Nuclear,46WPU0000000017S,SE3,Forsmark block 3,,1,MAW,PT1M,3,2024-06-10 10:40:00+02:00,A77
2025-10-07 10:32:23+00:00,800,SE_3,Unplanned outage,A03,,2024-06-13 14:00:00+02:00,Z-rSFx9mbcn53A4zpcdlZw,1172.0,Nuclear,46WPU0000000017S,SE3,Forsmark block 3,,1,MAW,PT1M,1,2024-06-13 13:00:00+02:00,A77
2025-10-07 10:36:56+00:00,900,SE_3,Unplanned outage,A03,,2024-06-14 18:00:00+02:00,69NUywqKiusLEm0ZnKmVtg,1121.0,Nuclear,46WPU0000000016U,SE3,Forsmark block 2,,1,MAW,PT1M,2,2024-06-14 14:30:00+02:00,A77
2025-10-07 10:43:10+00:00,0,SE_3,Unplanned outage,A03,,2024-06-18 23:30:00+02:00,buhO1Zuhh5KpcVLM3Betew,100.0,Hydro Water Reservoir,46WPU0000000018Q,SE3,Trängslet,Trängslet G1,1,MAW,PT1M,1,2024-06-18 22:04:00+02:00,A80
2025-10-07 10:43:31+00:00,0,SE_3,Unplanned outage,A03,,2024-06-19 11:00:00+02:00,HuFOHPU1GIcXlSZ-miG8vA,1172.0,Nuclear,46WPU0000000017S,SE3,Forsmark block 3,,1,MAW,PT1M,8,2024-06-13 20:00:00+02:00,A77
2025-10-07 10:44:07+00:00,0,SE_3,Planned maintenance,A03,,2024-06-20 12:00:00+02:00,F7uTwCKgVJRVzRm9b8T_jw,100.0,Hydro Water Reservoir,46WPU0000000018Q,SE3,Trängslet,Trängslet G1,1,MAW,PT1M,1,2024-06-20 10:00:00+02:00,A80
2025-10-07 10:48:33+00:00,0,SE_3,Unplanned outage,A03,,2024-06-22 01:30:00+02:00,AR3XZAvVcMoQzJviqzsYCg,130.0,Hydro Water Reservoir,46WPU0000000018Q,SE3,Trängslet,Trängslet G3,1,MAW,PT1M,1,2024-06-22 00:08:00+02:00,A80
2025-10-07 10:50:43+00:00,0,SE_3,Unplanned outage,A03,,2024-06-24 23:59:00+02:00,Kotz7hoLO4Ze28N4KaATrg,1172.0,Nuclear,46WPU0000000017S,SE3,Forsmark block 3,,1,MAW,PT1M,2,2024-06-19 21:00:00+02:00,A77
2025-10-07 11:17:28+00:00,0,SE_3,Unplanned outage,A03,,2024-07-09 14:00:00+02:00,zWy3S5iE9qCXNu0qelFjlQ,569.0,Nuclear,46WPU0000000014Y,SE3,Ringhals 4,Ringhals block 4 G42,1,MAW,PT1M,6,2024-06-18 17:00:00+02:00,A80
2025-10-07 11:45:34+00:00,0,SE_3,Planned maintenance,A03,,2024-07-23 14:00:00+02:00,JJDv5QsXtyi_fc1myenqeg,130.0,Hydro Water Reservoir,46WPU0000000018Q,SE3,Trängslet,Trängslet G3,1,MAW,PT1M,1,2024-07-23 08:00:00+02:00,A80
2025-10-07 12:02:23+00:00,0,SE_3,Planned maintenance,A03,,2024-07-21 19:27:00+02:00,XKE7emB0GO2njuSysfy8Ow,1063.0,Nuclear,46WPU00000000121,SE3,Ringhals 3,,1,MAW,PT1M,12,2024-05-15 01:00:00+02:00,A77
2025-10-07 12:13:18+00:00,495,SE_3,Planned maintenance,A03,,2024-07-07 12:00:00+02:00,pEnmC0HKX0yAxcItVWmMNA,1014.0,Nuclear,46WPU0000000015W,SE3,Forsmark block 1,,1,MAW,PT1M,12,2024-06-30 22:00:00+02:00,A77
2025-10-07 12:13:18+00:00,0,SE_3,Planned maintenance,A03,,2024-07-26 17:00:00+02:00,pEnmC0HKX0yAxcItVWmMNA,1014.0,Nuclear,46WPU0000000015W,SE3,Forsmark block 1,,9481,MAW,PT1M,12,2024-07-07 12:00:00+02:00,A77
2025-10-07 12:13:18+00:00,495,SE_3,Planned maintenance,A03,,2024-07-30 17:00:00+02:00,pEnmC0HKX0yAxcItVWmMNA,1014.0,Nuclear,46WPU0000000015W,SE3,Forsmark block 1,,37141,MAW,PT1M,12,2024-07-26 17:00:00+02:00,A77
2025-10-07 12:27:02+00:00,0,SE_3,Unplanned outage,A03,,2024-08-06 03:00:00+02:00,uDUTYYdVTK5sdbC8yOSoiQ,100.0,Hydro Water Reservoir,46WPU0000000018Q,SE3,Trängslet,Trängslet G1,1,MAW,PT1M,1,2024-08-06 00:51:00+02:00,A80
2025-10-07 12:29:27+00:00,630,SE_3,Planned maintenance,A03,,2024-08-06 22:00:00+02:00,_Q1Ky4-IsDDgz4J7Oe2J1A,1400.0,Nuclear,46WPU0000000061P,SE3,Oskarshamn 3,Oskarshamn G3,1,MAW,PT1M,5,2024-08-06 09:00:00+02:00,A80
2025-10-07 12:38:31+00:00,0,SE_3,Planned maintenance,A03,,2024-08-08 14:55:00+02:00,uzAG4zjiQlm_Gw_fhTk_SA,100.0,Hydro Water Reservoir,46WPU0000000018Q,SE3,Trängslet,Trängslet G1,1,MAW,PT1M,3,2024-08-06 08:00:00+02:00,A80
2025-10-07 12:44:46+00:00,750,SE_3,Planned maintenance,A03,Cancelled,2024-08-17 14:00:00+02:00,bE-MqObYQF0zO3fX0p9pNA,1121.0,Nuclear,46WPU0000000016U,SE3,Forsmark block 2,,1,MAW,PT1M,2,2024-08-17 08:00:00+02:00,A77
2025-10-07 12:51:17+00:00,0,SE_3,Planned maintenance,A03,,2024-08-15 14:00:00+02:00,rXQHb4CFa1I930VAFmHsRg,100.0,Hydro Water Reservoir,46WPU0000000018Q,SE3,Trängslet,Trängslet G1,1,MAW,PT1M,1,2024-08-15 12:00:00+02:00,A80
2025-10-07 12:52:54+00:00,70,SE_3,Planned maintenance,A03,,2024-08-22 17:00:00+02:00,h2hRpbJ6ZSQ_WnJ0g1q_qw,213.0,Wind Onshore,46WPU0000000065H,SE3,Jädraås Vindkraftpark,,1,MAW,PT1M,1,2024-08-19 07:00:00+02:00,A77
2025-10-07 12:53:04+00:00,630,SE_3,Unplanned outage,A03,,2024-08-20 13:30:00+02:00,vsKybcGtDYlKOXZvApUwPg,1400.0,Nuclear,46WPU0000000061P,SE3,Oskarshamn 3,Oskarshamn G3,1,MAW,PT1M,1,2024-08-20 09:00:00+02:00,A80
2025-10-07 12:53:45+00:00,0,SE_3,Unplanned outage,A03,,2024-08-17 08:00:00+02:00,bCSMt_IhChbtP5KBpmWItg,100.0,Hydro Water Reservoir,46WPU0000000018Q,SE3,Trängslet,Trängslet G2,1,MAW,PT1M,1,2024-08-17 06:13:00+02:00,A80
2025-10-07 12:55:43+00:00,0,SE_3,Unplanned outage,A03,,2024-08-19 08:30:00+02:00,hQuuQgi5g5a9ir2Wh4N77A,100.0,Hydro Water Reservoir,46WPU0000000018Q,SE3,Trängslet,Trängslet G1,1,MAW,PT1M,1,2024-08-19 07:02:00+02:00,A80
2025-10-07 13:12:42+00:00,0,SE_3,Unplanned outage,A03,,2024-08-29 13:46:00+02:00,ZRFs2bEDQw44XgzoH_GNaQ,100.0,Hydro Water Reservoir,46WPU0000000018Q,SE3,Trängslet,Trängslet G1,1,MAW,PT1M,3,2024-08-28 08:45:00+02:00,A80
2025-10-07 13:14:41+00:00,0,SE_3,Planned maintenance,A03,,2024-09-03 18:00:00+02:00,tXJgASFAzdOjXTPAuGCQow,120.0,Fossil Oil,46WPU0000000023X,SE3,Värtaverket,KVV8 Värtaverket,1,MAW,PT1M,7,2024-05-23 14:30:00+02:00,A80
2025-10-07 13:18:27+00:00,270,SE_3,Planned maintenance,A03,,2024-09-03 12:00:00+02:00,iB1YhetCnKTpENqOE13MiQ,1014.0,Nuclear,46WPU0000000015W,SE3,Forsmark block 1,,11521,MAW,PT1M,3,2024-09-03 10:00:00+02:00,A77
2025-10-07 13:18:27+00:00,918,SE_3,Planned maintenance,A03,,2024-08-30 15:00:00+02:00,iB1YhetCnKTpENqOE13MiQ,1014.0,Nuclear,46WPU0000000015W,SE3,Forsmark block 1,,5761,MAW,PT1M,3,2024-08-30 10:00:00+02:00,A77
2025-10-07 13:18:27+00:00,900,SE_3,Planned maintenance,A03,,2024-08-29 15:00:00+02:00,iB1YhetCnKTpENqOE13MiQ,1014.0,Nuclear,46WPU0000000015W,SE3,Forsmark block 1,,4321,MAW,PT1M,3,2024-08-29 10:00:00+02:00,A77
2025-10-07 13:18:27+00:00,270,SE_3,Planned maintenance,A03,,2024-09-10 12:00:00+02:00,iB1YhetCnKTpENqOE13MiQ,1014.0,Nuclear,46WPU0000000015W,SE3,Forsmark block 1,,21601,MAW,PT1M,3,2024-09-10 10:00:00+02:00,A77
2025-10-07 13:18:27+00:00,1040,SE_3,Planned maintenance,A03,,2024-09-03 10:00:00+02:00,iB1YhetCnKTpENqOE13MiQ,1014.0,Nuclear,46WPU0000000015W,SE3,Forsmark block 1,,6061,MAW,PT1M,3,2024-08-30 15:00:00+02:00,A77
2025-10-07 13:18:27+00:00,1040,SE_3,Planned maintenance,A03,,2024-08-30 10:00:00+02:00,iB1YhetCnKTpENqOE13MiQ,1014.0,Nuclear,46WPU0000000015W,SE3,Forsmark block 1,,4621,MAW,PT1M,3,2024-08-29 15:00:00+02:00,A77
2025-10-07 13:18:27+00:00,1040,SE_3,Planned maintenance,A03,,2024-09-10 10:00:00+02:00,iB1YhetCnKTpENqOE13MiQ,1014.0,Nuclear,46WPU0000000015W,SE3,Forsmark block 1,,14521,MAW,PT1M,3,2024-09-05 12:00:00+02:00,A77
2025-10-07 13:18:27+00:00,270,SE_3,Planned maintenance,A03,,2024-09-05 12:00:00+02:00,iB1YhetCnKTpENqOE13MiQ,1014.0,Nuclear,46WPU0000000015W,SE3,Forsmark block 1,,14401,MAW,PT1M,3,2024-09-05 10:00:00+02:00,A77
2025-10-07 13:18:27+00:00,0,SE_3,Planned maintenance,A03,,2024-09-12 12:00:00+02:00,iB1YhetCnKTpENqOE13MiQ,1014.0,Nuclear,46WPU0000000015W,SE3,Forsmark block 1,,24481,MAW,PT1M,3,2024-09-12 10:00:00+02:00,A77
2025-10-07 13:18:27+00:00,1040,SE_3,Planned maintenance,A03,,2024-09-12 10:00:00+02:00,iB1YhetCnKTpENqOE13MiQ,1014.0,Nuclear,46WPU0000000015W,SE3,Forsmark block 1,,21721,MAW,PT1M,3,2024-09-10 12:00:00+02:00,A77
2025-10-07 13:18:27+00:00,1040,SE_3,Planned maintenance,A03,,2024-09-05 10:00:00+02:00,iB1YhetCnKTpENqOE13MiQ,1014.0,Nuclear,46WPU0000000015W,SE3,Forsmark block 1,,11641,MAW,PT1M,3,2024-09-03 12:00:00+02:00,A77
2025-10-07 13:18:27+00:00,936,SE_3,Planned maintenance,A03,,2024-08-27 15:00:00+02:00,iB1YhetCnKTpENqOE13MiQ,1014.0,Nuclear,46WPU0000000015W,SE3,Forsmark block 1,,1441,MAW,PT1M,3,2024-08-27 10:00:00+02:00,A77
2025-10-07 13:18:27+00:00,1017,SE_3,Planned maintenance,A03,,2024-08-26 15:00:00+02:00,iB1YhetCnKTpENqOE13MiQ,1014.0,Nuclear,46WPU0000000015W,SE3,Forsmark block 1,,1,MAW,PT1M,3,2024-08-26 10:00:00+02:00,A77
2025-10-07 13:18:27+00:00,1040,SE_3,Planned maintenance,A03,,2024-08-28 10:00:00+02:00,iB1YhetCnKTpENqOE13MiQ,1014.0,Nuclear,46WPU0000000015W,SE3,Forsmark block 1,,1741,MAW,PT1M,3,2024-08-27 15:00:00+02:00,A77
2025-10-07 13:18:27+00:00,1040,SE_3,Planned maintenance,A03,,2024-08-29 10:00:00+02:00,iB1YhetCnKTpENqOE13MiQ,1014.0,Nuclear,46WPU0000000015W,SE3,Forsmark block 1,,3181,MAW,PT1M,3,2024-08-28 15:00:00+02:00,A77
2025-10-07 13:18:27+00:00,927,SE_3,Planned maintenance,A03,,2024-08-28 15:00:00+02:00,iB1YhetCnKTpENqOE13MiQ,1014.0,Nuclear,46WPU0000000015W,SE3,Forsmark block 1,,2881,MAW,PT1M,3,2024-08-28 10:00:00+02:00,A77
2025-10-07 13:18:27+00:00,1040,SE_3,Planned maintenance,A03,,2024-08-27 10:00:00+02:00,iB1YhetCnKTpENqOE13MiQ,1014.0,Nuclear,46WPU0000000015W,SE3,Forsmark block 1,,301,MAW,PT1M,3,2024-08-26 15:00:00+02:00,A77
2025-10-07 13:19:30+00:00,169,SE_3,Planned maintenance,A03,,2024-09-03 08:00:00+02:00,p6xxPDTBH1-7ArtY0Uz3xg,260.0,Fossil Gas,46WPU0000000062N,SE3,Rya KVV ,,1,MAW,PT1M,1,2024-08-28 07:00:00+02:00,A77
2025-10-07 13:19:30+00:00,169,SE_3,Planned maintenance,A03,,2024-09-06 16:00:00+02:00,p6xxPDTBH1-7ArtY0Uz3xg,260.0,Fossil Gas,46WPU0000000062N,SE3,Rya KVV ,,8941,MAW,PT1M,1,2024-09-03 12:00:00+02:00,A77
2025-10-07 13:19:30+00:00,0,SE_3,Planned maintenance,A03,,2024-09-03 12:00:00+02:00,p6xxPDTBH1-7ArtY0Uz3xg,260.0,Fossil Gas,46WPU0000000062N,SE3,Rya KVV ,,8701,MAW,PT1M,1,2024-09-03 08:00:00+02:00,A77
2025-10-07 13:36:46+00:00,0,SE_3,Unplanned outage,A03,,2024-09-12 12:00:00+02:00,E8R43xQrFhfQbNt7nHvXkg,130.0,Hydro Water Reservoir,46WPU0000000018Q,SE3,Trängslet,Trängslet G3,1,MAW,PT1M,1,2024-09-12 10:26:00+02:00,A80
2025-10-07 13:37:08+00:00,0,SE_3,Planned maintenance,A03,,2024-09-18 15:00:00+02:00,IeKG0x6WsN2jUOeEn_oF1A,130.0,Hydro Water Reservoir,46WPU0000000018Q,SE3,Trängslet,Trängslet G3,1,MAW,PT1M,1,2024-09-18 09:30:00+02:00,A80
2025-10-07 13:38:49+00:00,1170,SE_3,Unplanned outage,A03,,2024-09-13 15:30:00+02:00,okakdZOBBVub6jm1SpX3Dw,1400.0,Nuclear,46WPU0000000061P,SE3,Oskarshamn 3,Oskarshamn G3,1,MAW,PT1M,1,2024-09-13 12:30:00+02:00,A80
2025-10-07 13:41:39+00:00,0,SE_3,Planned maintenance,A03,,2024-09-16 00:00:00+02:00,wrMaG_fIQ8GvHYs2SmZZsw,1134.0,Nuclear,46WPU0000000014Y,SE3,Ringhals 4,,1,MAW,PT1M,11,2024-08-15 03:00:00+02:00,A77
2025-10-07 13:51:50+00:00,775,SE_3,Unplanned outage,A03,,2024-09-18 19:30:00+02:00,uCTxsYbb9VZHurEGiBz-zA,1014.0,Nuclear,46WPU0000000015W,SE3,Forsmark block 1,,1,MAW,PT1M,2,2024-09-18 17:35:00+02:00,A77
2025-10-07 13:59:40+00:00,340,SE_3,Unplanned outage,A03,,2024-09-24 19:10:00+02:00,57nbAnSTb226byk9H1pSUw,1121.0,Nuclear,46WPU0000000016U,SE3,Forsmark block 2,,1,MAW,PT1M,4,2024-09-24 14:00:00+02:00,A77
2025-10-07 14:16:03+00:00,1014,SE_3,Unplanned outage,A03,,2024-10-04 07:30:00+02:00,8pdXStzrqqGbi-XicTdcxg,1014.0,Nuclear,46WPU0000000015W,SE3,Forsmark block 1,,1,MAW,PT1M,2,2024-10-02 09:15:00+02:00,A77
2025-10-07 14:16:03+00:00,550,SE_3,Unplanned outage,A03,,2024-10-05 18:00:00+02:00,8pdXStzrqqGbi-XicTdcxg,1014.0,Nuclear,46WPU0000000015W,SE3,Forsmark block 1,,2776,MAW,PT1M,2,2024-10-04 07:30:00+02:00,A77
2025-10-07 14:24:59+00:00,0,SE_3,Unplanned outage,A03,,2024-10-11 08:55:00+02:00,8wXvTGupCNJ-lb0vBjOINw,120.0,Fossil Oil,46WPU0000000023X,SE3,Värtaverket,KVV8 Värtaverket,1,MAW,PT1M,2,2024-10-03 16:30:00+02:00,A80
2025-10-07 14:27:55+00:00,910,SE_3,Unplanned outage,A03,,2024-10-13 19:30:00+02:00,kD0lzPQPfV5C8jzd18dWew,1014.0,Nuclear,46WPU0000000015W,SE3,Forsmark block 1,,1,MAW,PT1M,2,2024-10-13 18:30:00+02:00,A77
2025-10-07 14:29:14+00:00,0,SE_3,Unplanned outage,A03,,2024-10-15 12:00:00+02:00,x8MEESFVlo7mapvUyIJlFA,120.0,Fossil Oil,46WPU0000000023X,SE3,Värtaverket,KVV8 Värtaverket,1,MAW,PT1M,1,2024-10-14 14:55:00+02:00,A80
2025-10-07 14:32:34+00:00,0,SE_3,Planned maintenance,A03,,2024-10-17 09:00:00+02:00,NmgLzOw2uYQNC3o346Bh3Q,120.0,Fossil Oil,46WPU0000000023X,SE3,Värtaverket,KVV8 Värtaverket,1,MAW,PT1M,1,2024-10-17 07:00:00+02:00,A80
2025-10-07 14:39:57+00:00,750,SE_3,Planned maintenance,A03,Cancelled,2024-11-09 14:00:00+01:00,_H_BSUERftV1BufB-_GT3Q,1121.0,Nuclear,46WPU0000000016U,SE3,Forsmark block 2,,1,MAW,PT1M,2,2024-11-09 08:00:00+01:00,A77
2025-10-07 14:40:21+00:00,0,SE_3,Unplanned outage,A03,,2024-10-22 16:00:00+02:00,xKTUZbT3chglmK3LvWU3FQ,1121.0,Nuclear,46WPU0000000016U,SE3,Forsmark block 2,,1,MAW,PT1M,1,2024-10-21 22:55:00+02:00,A77
2025-10-07 14:48:07+00:00,1160,SE_3,Unplanned outage,A03,,2024-10-26 07:59:00+02:00,X020IM-mr6tUHG5dxLTnqA,1400.0,Nuclear,46WPU0000000061P,SE3,Oskarshamn 3,Oskarshamn G3,1,MAW,PT1M,2,2024-10-25 13:30:00+02:00,A80
2025-10-07 14:48:28+00:00,0,SE_3,Unplanned outage,A03,,2024-10-28 18:00:00+01:00,h5FhcFejwFnv_oN6Thgc7w,120.0,Fossil Oil,46WPU0000000023X,SE3,Värtaverket,KVV8 Värtaverket,1,MAW,PT1M,2,2024-10-23 15:00:00+02:00,A80
2025-10-07 14:48:41+00:00,504,SE_3,Unplanned outage,A03,,2024-10-25 19:00:00+02:00,BLu5fUlmJEc9zDSzT7B0GA,1121.0,Nuclear,46WPU0000000016U,SE3,Forsmark block 2,,343,MAW,PT1M,4,2024-10-24 18:00:00+02:00,A77
2025-10-07 14:48:41+00:00,0,SE_3,Unplanned outage,A03,,2024-10-24 18:00:00+02:00,BLu5fUlmJEc9zDSzT7B0GA,1121.0,Nuclear,46WPU0000000016U,SE3,Forsmark block 2,,1,MAW,PT1M,4,2024-10-24 12:18:00+02:00,A77
2025-10-07 14:50:37+00:00,1000,SE_3,Planned maintenance,A03,,2024-10-26 19:30:00+02:00,CQDleZUG6QAZMZQYgRYpyg,1400.0,Nuclear,46WPU0000000061P,SE3,Oskarshamn 3,Oskarshamn G3,1,MAW,PT1M,4,2024-10-26 08:00:00+02:00,A80
2025-10-07 15:02:58+00:00,0,SE_3,Planned maintenance,A03,,2024-11-03 13:30:00+01:00,A7DW_426ba5gP6sLx3fLFw,100.0,Hydro Water Reservoir,46WPU0000000018Q,SE3,Trängslet,Trängslet G1,1,MAW,PT1M,2,2024-11-03 09:00:00+01:00,A80
2025-10-07 15:06:55+00:00,0,SE_3,Unplanned outage,A03,,2024-11-05 21:51:00+01:00,4kELfnQ6nTV6Mnu5U2NvpA,130.0,Hydro Water Reservoir,46WPU0000000018Q,SE3,Trängslet,Trängslet G3,1,MAW,PT1M,2,2024-11-05 21:00:00+01:00,A80
2025-10-07 15:10:09+00:00,944,SE_3,Unplanned outage,A03,,2024-11-08 13:00:00+01:00,cNOk-3NKC8Kc-mwE2Q58Yw,1014.0,Nuclear,46WPU0000000015W,SE3,Forsmark block 1,,1,MAW,PT1M,1,2024-11-08 05:50:00+01:00,A77
2025-10-07 15:12:14+00:00,0,SE_3,Unplanned outage,A03,,2024-11-09 12:20:00+01:00,3TcuQMwQost_PMjY_uxVlQ,120.0,Fossil Oil,46WPU0000000023X,SE3,Värtaverket,KVV8 Värtaverket,1,MAW,PT1M,2,2024-11-09 08:00:00+01:00,A80
2025-10-07 15:19:33+00:00,126,SE_3,Planned maintenance,A03,,2024-11-12 16:00:00+01:00,Tvf2uPUcihqkcQAJFDNS_w,260.0,Fossil Gas,46WPU0000000062N,SE3,Rya KVV ,,69301,MAW,PT1M,12,2024-10-25 10:00:00+02:00,A77
2025-10-07 15:19:33+00:00,0,SE_3,Planned maintenance,A03,,2024-11-14 13:00:00+01:00,Tvf2uPUcihqkcQAJFDNS_w,260.0,Fossil Gas,46WPU0000000062N,SE3,Rya KVV ,,98041,MAW,PT1M,12,2024-11-14 08:00:00+01:00,A77
2025-10-07 15:19:33+00:00,169,SE_3,Planned maintenance,A03,,2024-11-14 08:00:00+01:00,Tvf2uPUcihqkcQAJFDNS_w,260.0,Fossil Gas,46WPU0000000062N,SE3,Rya KVV ,,95641,MAW,PT1M,12,2024-11-12 16:00:00+01:00,A77
2025-10-07 15:19:33+00:00,84,SE_3,Planned maintenance,A03,,2024-10-25 10:00:00+02:00,Tvf2uPUcihqkcQAJFDNS_w,260.0,Fossil Gas,46WPU0000000062N,SE3,Rya KVV ,,37861,MAW,PT1M,12,2024-10-03 14:00:00+02:00,A77
2025-10-07 15:19:33+00:00,42,SE_3,Planned maintenance,A03,,2024-09-18 07:00:00+02:00,Tvf2uPUcihqkcQAJFDNS_w,260.0,Fossil Gas,46WPU0000000062N,SE3,Rya KVV ,,1,MAW,PT1M,12,2024-09-07 07:00:00+02:00,A77
2025-10-07 15:19:33+00:00,0,SE_3,Planned maintenance,A03,,2024-10-03 14:00:00+02:00,Tvf2uPUcihqkcQAJFDNS_w,260.0,Fossil Gas,46WPU0000000062N,SE3,Rya KVV ,,15841,MAW,PT1M,12,2024-09-18 07:00:00+02:00,A77
2025-10-07 15:30:19+00:00,0,SE_3,Planned maintenance,A03,,2024-11-25 12:00:00+01:00,59POT5fg-RKQyBo8A1T0MQ,260.0,Fossil Gas,46WPU0000000062N,SE3,Rya KVV ,,1,MAW,PT1M,1,2024-11-25 08:00:00+01:00,A77
2025-10-07 15:32:26+00:00,0,SE_3,Planned maintenance,A03,,2024-11-26 12:30:00+01:00,1FhOTILuUBx0h-YR_47TjQ,130.0,Hydro Water Reservoir,46WPU0000000018Q,SE3,Trängslet,Trängslet G3,1,MAW,PT1M,1,2024-11-26 08:00:00+01:00,A80
2025-10-07 15:34:19+00:00,169,SE_3,Unplanned outage,A03,,2024-11-22 09:00:00+01:00,gV18ExdscMF_-kK-zhQrjw,260.0,Fossil Gas,46WPU0000000062N,SE3,Rya KVV ,,5333,MAW,PT1M,8,2024-11-19 08:00:00+01:00,A77
2025-10-07 15:34:19+00:00,42,SE_3,Unplanned outage,A03,,2024-11-19 08:00:00+01:00,gV18ExdscMF_-kK-zhQrjw,260.0,Fossil Gas,46WPU0000000062N,SE3,Rya KVV ,,1,MAW,PT1M,8,2024-11-15 15:08:00+01:00,A77
2025-10-07 15:34:19+00:00,169,SE_3,Unplanned outage,A03,,2024-11-24 18:30:00+01:00,gV18ExdscMF_-kK-zhQrjw,260.0,Fossil Gas,46WPU0000000062N,SE3,Rya KVV ,,9833,MAW,PT1M,8,2024-11-22 11:00:00+01:00,A77
2025-10-07 15:34:19+00:00,80,SE_3,Unplanned outage,A03,,2024-11-22 11:00:00+01:00,gV18ExdscMF_-kK-zhQrjw,260.0,Fossil Gas,46WPU0000000062N,SE3,Rya KVV ,,9713,MAW,PT1M,8,2024-11-22 09:00:00+01:00,A77
2025-10-07 15:34:49+00:00,0,SE_3,Planned maintenance,A03,Cancelled,2025-05-31 00:00:00+02:00,I6BdPSU7LtpNPiJ18YltRA,1172.0,Nuclear,46WPU0000000017S,SE3,Forsmark block 3,,1,MAW,PT1M,3,2025-05-04 00:00:00+02:00,A77
2025-10-07 15:39:22+00:00,704,SE_3,Planned maintenance,A03,,2024-11-27 20:30:00+01:00,tPhmFMUEnC6TmNur62ZrYQ,1014.0,Nuclear,46WPU0000000015W,SE3,Forsmark block 1,,1,MAW,PT1M,3,2024-11-27 08:00:00+01:00,A77
2025-10-07 16:19:22+00:00,0,SE_3,Planned maintenance,A03,,2025-05-14 16:00:00+02:00,DoBaTyqK0B2A0tYZrUJ05g,260.0,Fossil Gas,46WPU0000000062N,SE3,Rya KVV ,,1,MAW,PT1M,3,2025-04-26 07:00:00+02:00,A77
2025-10-07 16:21:00+00:00,0,SE_3,Unplanned outage,A03,,2024-12-17 22:30:00+01:00,dbkaaHEak3OSZQomTeRMrg,130.0,Hydro Water Reservoir,46WPU0000000018Q,SE3,Trängslet,Trängslet G3,1,MAW,PT1M,2,2024-12-17 21:26:00+01:00,A80
2025-10-07 16:25:08+00:00,0,SE_3,Planned maintenance,A03,,2024-12-20 15:00:00+01:00,j5wUtQRnnu5XJiNIbtyVKQ,120.0,Fossil Oil,46WPU0000000023X,SE3,Värtaverket,KVV8 Värtaverket,1,MAW,PT1M,1,2024-12-20 07:00:00+01:00,A80
2025-10-07 16:25:12+00:00,0,SE_3,Planned maintenance,A03,,2024-12-27 11:00:00+01:00,AOWoeKKQqnBpfv1I7EoGPQ,120.0,Fossil Oil,46WPU0000000023X,SE3,Värtaverket,KVV8 Värtaverket,1,MAW,PT1M,1,2024-12-27 08:30:00+01:00,A80
2025-10-07 16:42:21+00:00,0,SE_3,Planned maintenance,A03,,2024-12-30 10:22:00+01:00,-xQg3Ze-UgeEiFaT-vUp8A,120.0,Fossil Oil,46WPU0000000023X,SE3,Värtaverket,KVV8 Värtaverket,1,MAW,PT1M,3,2024-12-30 08:00:00+01:00,A80
2025-10-07 20:38:18+00:00,0,SE_3,Unplanned outage,A03,,2025-01-02 09:00:00+01:00,UfJD-GaMAgp9cYot81STSw,130.0,Hydro Water Reservoir,46WPU0000000018Q,SE3,Trängslet,Trängslet G3,1,MAW,PT1M,1,2025-01-02 07:00:00+01:00,A80
2025-10-07 20:54:17+00:00,0,SE_3,Planned maintenance,A03,,2025-01-08 18:00:00+01:00,ODOBC7g0QDXgw1IVGQW3Wg,330.0,Hydro Water Reservoir,46WPU0000000018Q,SE3,Trängslet,,207421,MAW,PT1M,7,2025-01-08 08:00:00+01:00,A77
2025-10-07 20:54:17+00:00,230,SE_3,Planned maintenance,A03,,2025-01-09 12:00:00+01:00,ODOBC7g0QDXgw1IVGQW3Wg,330.0,Hydro Water Reservoir,46WPU0000000018Q,SE3,Trängslet,,208021,MAW,PT1M,7,2025-01-08 18:00:00+01:00,A77
2025-10-07 20:54:17+00:00,230,SE_3,Planned maintenance,A03,,2025-01-10 08:00:00+01:00,ODOBC7g0QDXgw1IVGQW3Wg,330.0,Hydro Water Reservoir,46WPU0000000018Q,SE3,Trängslet,,209521,MAW,PT1M,7,2025-01-09 19:00:00+01:00,A77
2025-10-07 20:54:17+00:00,0,SE_3,Planned maintenance,A03,,2024-08-17 19:00:00+02:00,ODOBC7g0QDXgw1IVGQW3Wg,330.0,Hydro Water Reservoir,46WPU0000000018Q,SE3,Trängslet,,1,MAW,PT1M,7,2024-08-17 08:00:00+02:00,A77
2025-10-07 20:54:17+00:00,0,SE_3,Planned maintenance,A03,,2025-01-09 19:00:00+01:00,ODOBC7g0QDXgw1IVGQW3Wg,330.0,Hydro Water Reservoir,46WPU0000000018Q,SE3,Trängslet,,209101,MAW,PT1M,7,2025-01-09 12:00:00+01:00,A77
2025-10-07 20:54:17+00:00,0,SE_3,Planned maintenance,A03,,2025-01-10 14:00:00+01:00,ODOBC7g0QDXgw1IVGQW3Wg,330.0,Hydro Water Reservoir,46WPU0000000018Q,SE3,Trängslet,,210301,MAW,PT1M,7,2025-01-10 08:00:00+01:00,A77
2025-10-07 20:54:17+00:00,230,SE_3,Planned maintenance,A03,,2024-08-18 08:00:00+02:00,ODOBC7g0QDXgw1IVGQW3Wg,330.0,Hydro Water Reservoir,46WPU0000000018Q,SE3,Trängslet,,661,MAW,PT1M,7,2024-08-17 19:00:00+02:00,A77
2025-10-07 20:54:17+00:00,230,SE_3,Planned maintenance,A03,,2025-01-08 08:00:00+01:00,ODOBC7g0QDXgw1IVGQW3Wg,330.0,Hydro Water Reservoir,46WPU0000000018Q,SE3,Trängslet,,2041,MAW,PT1M,7,2024-08-18 18:00:00+02:00,A77
2025-10-07 20:54:17+00:00,0,SE_3,Planned maintenance,A03,,2024-08-18 18:00:00+02:00,ODOBC7g0QDXgw1IVGQW3Wg,330.0,Hydro Water Reservoir,46WPU0000000018Q,SE3,Trängslet,,1441,MAW,PT1M,7,2024-08-18 08:00:00+02:00,A77
2025-10-07 21:05:16+00:00,0,SE_3,Unplanned outage,A03,,2025-01-13 10:21:00+01:00,fKd5ZouV3refBequACEAfg,100.0,Hydro Water Reservoir,46WPU0000000018Q,SE3,Trängslet,Trängslet G2,1,MAW,PT1M,4,2025-01-10 14:17:00+01:00,A80
2025-10-07 21:10:16+00:00,0,SE_3,Unplanned outage,A03,,2025-01-16 14:00:00+01:00,L0-WBZp0555cI8pk1RfdsA,260.0,Fossil Gas,46WPU0000000062N,SE3,Rya KVV ,,1,MAW,PT1M,1,2025-01-16 07:00:00+01:00,A77
2025-10-07 21:12:15+00:00,0,SE_3,Unplanned outage,A03,,2025-01-16 16:00:00+01:00,hgtXRKT9iqwOdOBfTlo6Dg,100.0,Hydro Water Reservoir,46WPU0000000018Q,SE3,Trängslet,Trängslet G2,1,MAW,PT1M,1,2025-01-16 14:30:00+01:00,A80
2025-10-07 21:17:37+00:00,750,SE_3,Planned maintenance,A03,,2025-01-18 16:00:00+01:00,bMTcet-_2Wg7kkz54BsEGA,1121.0,Nuclear,46WPU0000000016U,SE3,Forsmark block 2,,1,MAW,PT1M,3,2025-01-18 08:00:00+01:00,A77
2025-10-07 21:18:10+00:00,640,SE_3,Planned maintenance,A03,,2025-01-18 23:30:00+01:00,mHAqeh-H7-_NVNp_QvMQjA,1400.0,Nuclear,46WPU0000000061P,SE3,Oskarshamn 3,Oskarshamn G3,1,MAW,PT1M,2,2025-01-18 08:00:00+01:00,A80
2025-10-07 21:20:51+00:00,0,SE_3,Unplanned outage,A03,,2025-01-19 20:10:00+01:00,mKXRrN0HkADfX-N5PS7IaA,100.0,Hydro Water Reservoir,46WPU0000000018Q,SE3,Trängslet,Trängslet G1,1,MAW,PT1M,2,2025-01-19 12:54:00+01:00,A80
2025-10-07 21:36:02+00:00,0,SE_3,Planned maintenance,A03,Cancelled,2025-07-22 23:59:00+02:00,0AR4qgunrJOLVL_2_PkDFg,200.0,Biomass,46WPU0000000023X,SE3,Värtaverket,KVV1 Värtaverket,1,MAW,PT1M,2,2025-07-07 00:00:00+02:00,A80
2025-10-07 21:52:35+00:00,0,SE_3,Unplanned outage,A03,,2025-01-30 06:00:00+01:00,PCEY2vE91uvcwGXTMlMbJQ,100.0,Hydro Water Reservoir,46WPU0000000018Q,SE3,Trängslet,Trängslet G1,1,MAW,PT1M,1,2025-01-30 04:25:00+01:00,A80
2025-10-07 21:56:09+00:00,0,SE_3,Unplanned outage,A03,,2025-01-31 04:00:00+01:00,phY9IWc1PNEcJKsvdzDrCQ,100.0,Hydro Water Reservoir,46WPU0000000018Q,SE3,Trängslet,Trängslet G1,1,MAW,PT1M,1,2025-01-31 01:43:00+01:00,A80
2025-10-07 21:58:59+00:00,0,SE_3,Planned maintenance,A03,,2025-02-01 02:00:00+01:00,7moUKog5clNklZ2xosqH0w,1172.0,Nuclear,46WPU0000000017S,SE3,Forsmark block 3,,1,MAW,PT1M,14,2024-09-01 00:00:00+02:00,A77
2025-10-07 22:03:43+00:00,350,SE_3,Unplanned outage,A03,,2025-02-03 18:00:00+01:00,DFnY__LmRgKX4AH7xSbSXg,1172.0,Nuclear,46WPU0000000017S,SE3,Forsmark block 3,,1,MAW,PT1M,1,2025-02-03 17:00:00+01:00,A77
2025-10-07 22:03:43+00:00,700,SE_3,Unplanned outage,A03,,2025-02-05 10:00:00+01:00,DFnY__LmRgKX4AH7xSbSXg,1172.0,Nuclear,46WPU0000000017S,SE3,Forsmark block 3,,61,MAW,PT1M,1,2025-02-03 18:00:00+01:00,A77
2025-10-07 22:03:46+00:00,0,SE_3,Planned maintenance,A03,Cancelled,2025-05-25 15:59:00+02:00,ZhFGQaidcbF6jkKvCPkLUw,200.0,Biomass,46WPU0000000023X,SE3,Värtaverket,KVV1 Värtaverket,1,MAW,PT1M,3,2025-04-01 00:00:00+02:00,A80
2025-10-07 22:18:29+00:00,0,SE_3,Unplanned outage,A03,,2025-02-08 04:00:00+01:00,TkOkIe0ByRAkNlLjf14HNw,1172.0,Nuclear,46WPU0000000017S,SE3,Forsmark block 3,,480,MAW,PT1M,5,2025-02-05 18:00:00+01:00,A77
2025-10-07 22:18:29+00:00,700,SE_3,Unplanned outage,A03,,2025-02-05 18:00:00+01:00,TkOkIe0ByRAkNlLjf14HNw,1172.0,Nuclear,46WPU0000000017S,SE3,Forsmark block 3,,1,MAW,PT1M,5,2025-02-05 10:01:00+01:00,A77
2025-10-07 22:19:06+00:00,1020,SE_3,Unplanned outage,A03,,2025-02-08 15:00:00+01:00,wIfr7f8p9_ijMpPoz5XhIg,1134.0,Nuclear,46WPU0000000014Y,SE3,Ringhals 4,,1,MAW,PT1M,3,2025-02-08 09:00:00+01:00,A77
2025-10-07 22:46:04+00:00,745,SE_3,Planned maintenance,A03,,2025-04-12 14:00:00+02:00,CzwuE4qDfA66jq6kQ8gnwg,1121.0,Nuclear,46WPU0000000016U,SE3,Forsmark block 2,,1,MAW,PT1M,1,2025-04-12 08:00:00+02:00,A77
2025-10-07 22:53:34+00:00,0,SE_3,Planned maintenance,A03,,2025-02-20 18:00:00+01:00,5lUJ03NT-juMIgfSLUlyPQ,130.0,Biomass,46WPU0000000023X,SE3,Värtaverket,KVV8 Värtaverket,1,MAW,PT1M,1,2025-02-20 06:00:00+01:00,A80
2025-10-07 22:57:33+00:00,130,SE_3,Planned maintenance,A03,,2025-02-20 15:00:00+01:00,11u5Xa6h_H_Vu8cBad0VoQ,130.0,Hydro Water Reservoir,46WPU0000000018Q,SE3,Trängslet,Trängslet G3,121,MAW,PT1M,3,2025-02-20 10:00:00+01:00,A80
2025-10-07 22:57:33+00:00,130,SE_3,Planned maintenance,A03,,2025-02-20 19:00:00+01:00,11u5Xa6h_H_Vu8cBad0VoQ,130.0,Hydro Water Reservoir,46WPU0000000018Q,SE3,Trängslet,Trängslet G3,556,MAW,PT1M,3,2025-02-20 17:15:00+01:00,A80
2025-10-07 22:57:33+00:00,0,SE_3,Planned maintenance,A03,,2025-02-20 10:00:00+01:00,11u5Xa6h_H_Vu8cBad0VoQ,130.0,Hydro Water Reservoir,46WPU0000000018Q,SE3,Trängslet,Trängslet G3,1,MAW,PT1M,3,2025-02-20 08:00:00+01:00,A80
2025-10-07 22:57:33+00:00,0,SE_3,Planned maintenance,A03,,2025-02-20 17:15:00+01:00,11u5Xa6h_H_Vu8cBad0VoQ,130.0,Hydro Water Reservoir,46WPU0000000018Q,SE3,Trängslet,Trängslet G3,421,MAW,PT1M,3,2025-02-20 15:00:00+01:00,A80
2025-10-07 23:02:46+00:00,704,SE_3,Planned maintenance,A03,,2025-02-22 22:00:00+01:00,RJdKhq8H5ZqY3Emrsj9KPg,1040.0,Nuclear,46WPU0000000015W,SE3,Forsmark block 1,,1,MAW,PT1M,3,2025-02-22 08:00:00+01:00,A77
2025-10-07 23:31:07+00:00,1021,SE_3,Planned maintenance,A03,,2025-04-09 14:00:00+02:00,Y6Nklo-vlg2GP_HhIlme_w,1121.0,Nuclear,46WPU0000000016U,SE3,Forsmark block 2,,1,MAW,PT1M,1,2025-04-09 12:00:00+02:00,A77
2025-10-08 00:14:06+00:00,500,SE_3,Unplanned outage,A03,,2025-03-19 23:59:00+01:00,pJooek-TiZG169kz8yHLdg,1121.0,Nuclear,46WPU0000000016U,SE3,Forsmark block 2,,1,MAW,PT1M,1,2025-03-17 18:30:00+01:00,A77
2025-10-08 00:18:38+00:00,500,SE_3,Unplanned outage,A03,,2025-03-20 23:59:00+01:00,4VeFxvynTyX4l5mO0qHRPQ,1121.0,Nuclear,46WPU0000000016U,SE3,Forsmark block 2,,1,MAW,PT1M,3,2025-03-17 18:30:00+01:00,A77
2025-10-08 00:33:02+00:00,0,SE_3,Planned maintenance,A03,,2025-03-24 14:40:00+01:00,T_swzJQ5_cFtmtEP3Bwy_Q,260.0,Fossil Gas,46WPU0000000062N,SE3,Rya KVV ,,7201,MAW,PT1M,2,2025-03-24 07:00:00+01:00,A77
2025-10-08 00:33:02+00:00,260,SE_3,Planned maintenance,A03,,2025-03-24 07:00:00+01:00,T_swzJQ5_cFtmtEP3Bwy_Q,260.0,Fossil Gas,46WPU0000000062N,SE3,Rya KVV ,,3541,MAW,PT1M,2,2025-03-21 18:00:00+01:00,A77
2025-10-08 00:33:02+00:00,0,SE_3,Planned maintenance,A03,,2025-03-21 18:00:00+01:00,T_swzJQ5_cFtmtEP3Bwy_Q,260.0,Fossil Gas,46WPU0000000062N,SE3,Rya KVV ,,1,MAW,PT1M,2,2025-03-19 07:00:00+01:00,A77
2025-10-08 00:42:25+00:00,0,SE_3,Unplanned outage,A03,,2025-03-28 10:00:00+01:00,EgBVySpyHlZHGKAA7EENyg,531.0,Nuclear,46WPU00000000121,SE3,Ringhals 3,Ringhals block 3 G31,1,MAW,PT1M,9,2025-02-28 14:30:00+01:00,A80
2025-10-08 00:54:57+00:00,0,SE_3,Planned maintenance,A03,,2025-04-01 10:25:00+02:00,HhpODmrjaiNlTygstPAbZA,100.0,Hydro Water Reservoir,46WPU0000000018Q,SE3,Trängslet,Trängslet G1,1,MAW,PT1M,2,2025-03-31 08:00:00+02:00,A80
2025-10-08 00:58:38+00:00,0,SE_3,Planned maintenance,A03,,2025-04-02 10:57:00+02:00,od5xsMB2lKTkOybo84-rFg,100.0,Hydro Water Reservoir,46WPU0000000018Q,SE3,Trängslet,Trängslet G1,1,MAW,PT1M,2,2025-04-02 10:00:00+02:00,A80
2025-10-08 01:03:09+00:00,1020,SE_3,Planned maintenance,A03,,2025-04-07 06:30:00+02:00,s-BM1kH99o791LKWQ2ErxA,1121.0,Nuclear,46WPU0000000016U,SE3,Forsmark block 2,,1,MAW,PT1M,2,2025-04-07 05:00:00+02:00,A77
2025-10-08 01:07:44+00:00,0,SE_3,Planned maintenance,A03,,2025-04-04 12:10:00+02:00,GYlsHkuyGL_asLbo7-4wIg,260.0,Fossil Gas,46WPU0000000062N,SE3,Rya KVV ,,1,MAW,PT1M,3,2025-03-31 07:00:00+02:00,A77
2025-10-08 01:09:46+00:00,400,SE_3,Unplanned outage,A03,,2025-04-05 02:00:00+02:00,3JxsVSCOvPmd0GYwUZ4KwA,1040.0,Nuclear,46WPU0000000015W,SE3,Forsmark block 1,,1,MAW,PT1M,4,2025-04-04 11:15:00+02:00,A77
2025-10-08 01:55:32+00:00,830,SE_3,Planned maintenance,A03,Cancelled,2025-04-26 13:30:00+02:00,rYq3A7W9zSu3SZSvPooRDg,1172.0,Nuclear,46WPU0000000017S,SE3,Forsmark block 3,,1,MAW,PT1M,2,2025-04-26 11:00:00+02:00,A77
2025-10-08 02:07:53+00:00,230,SE_3,Unplanned outage,A03,,2025-04-29 05:12:00+02:00,sSe57v1RfsKT-sZGoJCpIg,1040.0,Nuclear,46WPU0000000015W,SE3,Forsmark block 1,,1,MAW,PT1M,2,2025-04-29 04:33:00+02:00,A77
2025-10-08 02:29:41+00:00,0,SE_3,Planned maintenance,A03,,2025-05-07 15:00:00+02:00,TjwfCUlj7xrJDzcOHJFrHw,1172.0,Nuclear,46WPU0000000017S,SE3,Forsmark block 3,,1,MAW,PT1M,9,2025-04-27 22:00:00+02:00,A77
2025-10-08 02:51:12+00:00,0,SE_3,Planned maintenance,A03,,2025-05-17 06:00:00+02:00,9JlsCvAO5xP59GWTgGlDgg,1040.0,Nuclear,46WPU0000000015W,SE3,Forsmark block 1,,2941,MAW,PT1M,8,2025-05-09 18:00:00+02:00,A77
2025-10-08 02:51:12+00:00,603,SE_3,Planned maintenance,A03,,2025-05-08 10:00:00+02:00,9JlsCvAO5xP59GWTgGlDgg,1040.0,Nuclear,46WPU0000000015W,SE3,Forsmark block 1,,1,MAW,PT1M,8,2025-05-07 17:00:00+02:00,A77
2025-10-08 02:51:12+00:00,480,SE_3,Planned maintenance,A03,,2025-05-08 18:00:00+02:00,9JlsCvAO5xP59GWTgGlDgg,1040.0,Nuclear,46WPU0000000015W,SE3,Forsmark block 1,,1021,MAW,PT1M,8,2025-05-08 10:00:00+02:00,A77
2025-10-08 02:51:12+00:00,603,SE_3,Planned maintenance,A03,,2025-05-09 05:00:00+02:00,9JlsCvAO5xP59GWTgGlDgg,1040.0,Nuclear,46WPU0000000015W,SE3,Forsmark block 1,,1501,MAW,PT1M,8,2025-05-08 18:00:00+02:00,A77
2025-10-08 02:51:12+00:00,280,SE_3,Planned maintenance,A03,,2025-05-09 18:00:00+02:00,9JlsCvAO5xP59GWTgGlDgg,1040.0,Nuclear,46WPU0000000015W,SE3,Forsmark block 1,,2161,MAW,PT1M,8,2025-05-09 05:00:00+02:00,A77
2025-10-08 03:00:21+00:00,0,SE_3,Planned maintenance,A03,,2025-05-21 11:50:00+02:00,k162i-9gyJh2xW40pgG1RQ,130.0,Biomass,46WPU0000000023X,SE3,Värtaverket,KVV8 Värtaverket,1,MAW,PT1M,5,2025-05-17 15:00:00+02:00,A80
2025-10-08 03:00:22+00:00,25,SE_3,Unplanned outage,A03,,2025-05-21 16:30:00+02:00,rVLTyAyPMUEzHwVFaPqdZg,130.0,Biomass,46WPU0000000023X,SE3,Värtaverket,KVV8 Värtaverket,1,MAW,PT1M,1,2025-05-21 13:45:00+02:00,A80
2025-10-08 03:01:28+00:00,0,SE_3,Unplanned outage,A03,,2025-05-21 23:05:00+02:00,cW-fvJQJvlaTJJJM86HZGg,130.0,Biomass,46WPU0000000023X,SE3,Värtaverket,KVV8 Värtaverket,31,MAW,PT1M,3,2025-05-21 22:40:00+02:00,A80
2025-10-08 03:01:28+00:00,25,SE_3,Unplanned outage,A03,,2025-05-21 22:40:00+02:00,cW-fvJQJvlaTJJJM86HZGg,130.0,Biomass,46WPU0000000023X,SE3,Värtaverket,KVV8 Värtaverket,1,MAW,PT1M,3,2025-05-21 22:10:00+02:00,A80
2025-10-08 03:02:50+00:00,80,SE_3,Unplanned outage,A03,,2025-05-23 13:00:00+02:00,4SlobjHxgua3d417qM6CHw,260.0,Fossil Gas,46WPU0000000062N,SE3,Rya KVV ,,1,MAW,PT1M,1,2025-05-22 13:00:00+02:00,A77
2025-10-08 03:57:14+00:00,810,SE_3,Planned maintenance,A03,,2025-06-19 13:00:00+02:00,nTms4U0Hzs9NB3a3FIoGZg,1040.0,Nuclear,46WPU0000000015W,SE3,Forsmark block 1,,1,MAW,PT1M,1,2025-06-19 10:00:00+02:00,A77
2025-10-08 03:59:50+00:00,169,SE_3,Planned maintenance,A03,,2025-06-10 12:00:00+02:00,1hdaAVXv6uKqaOhvauKx8A,260.0,Fossil Gas,46WPU0000000062N,SE3,Rya KVV ,,1,MAW,PT1M,2,2025-05-15 07:00:00+02:00,A77
2025-10-08 03:59:50+00:00,86,SE_3,Planned maintenance,A03,,2025-06-12 12:00:00+02:00,1hdaAVXv6uKqaOhvauKx8A,260.0,Fossil Gas,46WPU0000000062N,SE3,Rya KVV ,,37741,MAW,PT1M,2,2025-06-10 12:00:00+02:00,A77
2025-10-08 04:18:38+00:00,0,SE_3,Planned maintenance,A03,,2025-06-23 04:39:00+02:00,r0fapLpOrjAwkxv7UrgCCg,1063.0,Nuclear,46WPU00000000121,SE3,Ringhals 3,,1,MAW,PT1M,9,2025-05-21 01:00:00+02:00,A77
2025-10-08 04:19:31+00:00,0,SE_3,Planned maintenance,A03,Cancelled,2026-10-15 23:59:00+02:00,Oiu4kz_NDp4Y0Zp2W95wpQ,1134.0,Nuclear,46WPU0000000014Y,SE3,Ringhals 4,,1,MAW,PT1M,5,2026-09-02 00:00:00+02:00,A77
2025-10-08 04:19:31+00:00,0,SE_3,Planned maintenance,A03,Cancelled,2025-09-13 23:59:00+02:00,4-3rIDA2SPcNyZc-841Ycw,1134.0,Nuclear,46WPU0000000014Y,SE3,Ringhals 4,,1,MAW,PT1M,7,2025-08-03 03:00:00+02:00,A77
2025-10-08 04:20:35+00:00,293,SE_3,Unplanned outage,A03,,2025-06-24 23:00:00+02:00,FdE7UuPXCiNYtUzKVpKtzA,1063.0,Nuclear,46WPU00000000121,SE3,Ringhals 3,,1,MAW,PT1M,2,2025-06-23 20:00:00+02:00,A77
2025-10-08 04:29:57+00:00,1050,SE_3,Planned maintenance,A03,,2025-06-28 19:30:00+02:00,9TozzHYlFfb78gS44uRx0Q,1172.0,Nuclear,46WPU0000000017S,SE3,Forsmark block 3,,1,MAW,PT1M,4,2025-06-28 06:30:00+02:00,A77
2025-10-08 04:42:11+00:00,1018,SE_3,Unplanned outage,A03,,2025-07-04 12:55:00+02:00,MLQlfIIOldzD_T_OosC26A,1121.0,Nuclear,46WPU0000000016U,SE3,Forsmark block 2,,1,MAW,PT1M,5,2025-05-15 11:30:00+02:00,A77
2025-10-08 04:42:11+00:00,880,SE_3,Unplanned outage,A03,,2025-07-04 15:15:00+02:00,MLQlfIIOldzD_T_OosC26A,1121.0,Nuclear,46WPU0000000016U,SE3,Forsmark block 2,,72086,MAW,PT1M,5,2025-07-04 12:55:00+02:00,A77
2025-10-08 04:42:11+00:00,950,SE_3,Unplanned outage,A03,,2025-07-06 12:00:00+02:00,MLQlfIIOldzD_T_OosC26A,1121.0,Nuclear,46WPU0000000016U,SE3,Forsmark block 2,,72226,MAW,PT1M,5,2025-07-04 15:15:00+02:00,A77
2025-10-08 04:52:46+00:00,0,SE_3,Planned maintenance,A03,,2025-08-14 23:59:00+02:00,6X9xH70u-DIKIiBGYM0e2Q,130.0,Biomass,46WPU0000000023X,SE3,Värtaverket,KVV8 Värtaverket,1,MAW,PT1M,9,2025-05-25 00:30:00+02:00,A80
2025-10-08 05:02:50+00:00,0,SE_3,Unplanned outage,A03,,2025-07-17 09:40:00+02:00,RYc_g-ghV-S2byi330uJPA,100.0,Hydro Water Reservoir,46WPU0000000018Q,SE3,Trängslet,Trängslet G2,1,MAW,PT1M,2,2025-07-17 06:30:00+02:00,A80
2025-10-08 05:03:58+00:00,0,SE_3,Unplanned outage,A03,,2025-07-17 20:00:00+02:00,i0SVz90s-Vbr2Czrg0C51g,100.0,Hydro Water Reservoir,46WPU0000000018Q,SE3,Trängslet,Trängslet G2,1,MAW,PT1M,1,2025-07-17 18:00:00+02:00,A80
2025-10-08 05:09:53+00:00,552,SE_3,Planned maintenance,A03,Cancelled,2025-07-20 03:00:00+02:00,1eRRqDJ5PQPXR9E3XOzD7g,1172.0,Nuclear,46WPU0000000017S,SE3,Forsmark block 3,,1,MAW,PT1M,6,2025-07-19 10:00:00+02:00,A77
2025-10-08 05:11:01+00:00,0,SE_3,Unplanned outage,A03,,2025-07-21 14:00:00+02:00,ovJ293lbs3RTlPQE7FNxuw,1172.0,Nuclear,46WPU0000000017S,SE3,Forsmark block 3,,1,MAW,PT1M,3,2025-07-20 03:00:00+02:00,A77
2025-10-08 05:16:22+00:00,0,SE_3,Planned maintenance,A03,,2025-07-24 11:00:00+02:00,20-_lOS8pK90lh-GFtyM4A,1121.0,Nuclear,46WPU0000000016U,SE3,Forsmark block 2,,1,MAW,PT1M,7,2025-07-06 12:00:00+02:00,A77
2025-10-08 05:17:55+00:00,410,SE_3,Unplanned outage,A03,,2025-07-25 23:59:00+02:00,K2l2nptxGtsxzEQ67dd0Fw,1121.0,Nuclear,46WPU0000000016U,SE3,Forsmark block 2,,1,MAW,PT1M,2,2025-07-25 00:00:00+02:00,A77
2025-10-08 05:48:54+00:00,704,SE_3,Planned maintenance,A03,,2025-08-09 17:00:00+02:00,YHpS7O-MRwV5LCdqq7kMHQ,1040.0,Nuclear,46WPU0000000015W,SE3,Forsmark block 1,,1,MAW,PT1M,3,2025-08-09 08:00:00+02:00,A77
2025-10-08 06:03:12+00:00,0,SE_3,Unplanned outage,A03,,2025-08-16 14:00:00+02:00,FuyHxxtAzHL9-WXLpDZbbA,1121.0,Nuclear,46WPU0000000016U,SE3,Forsmark block 2,,1,MAW,PT1M,5,2025-08-14 03:00:00+02:00,A77
2025-10-08 06:20:35+00:00,0,SE_3,Planned maintenance,A03,,2025-08-28 07:30:00+02:00,n3KzgDWOut9eTCRIEQoUEQ,260.0,Fossil Gas,46WPU0000000062N,SE3,Rya KVV ,,1,MAW,PT1M,1,2025-08-28 07:00:00+02:00,A77
2025-10-08 06:22:55+00:00,0,SE_3,Unplanned outage,A03,,2025-08-28 15:00:00+02:00,VizL4Kqx9vD1uOtgRcPZ9w,1040.0,Nuclear,46WPU0000000015W,SE3,Forsmark block 1,,1,MAW,PT1M,10,2025-08-17 13:30:00+02:00,A77
2025-10-08 06:31:40+00:00,550,SE_3,Unplanned outage,A03,,2025-09-02 06:00:00+02:00,JBtoxWNlRjl1lK9T3nhUIQ,1040.0,Nuclear,46WPU0000000015W,SE3,Forsmark block 1,,1,MAW,PT1M,8,2025-08-28 21:45:00+02:00,A77
2025-10-08 06:46:07+00:00,0,SE_3,Planned maintenance,A03,,2025-09-05 10:00:00+02:00,dbzDoFD2w8wT92FYxoQTyw,130.0,Biomass,46WPU0000000023X,SE3,Värtaverket,KVV8 Värtaverket,1,MAW,PT1M,3,2025-09-01 08:00:00+02:00,A80
2025-10-08 07:22:56+00:00,0,SE_3,Planned maintenance,A03,,2025-09-17 10:37:00+02:00,aXiFtGxbKVlQEepgafodwQ,1134.0,Nuclear,46WPU0000000014Y,SE3,Ringhals 4,,1,MAW,PT1M,6,2025-08-03 03:00:00+02:00,A77
2025-10-08 07:36:31+00:00,567,SE_3,Unplanned outage,A03,,2025-09-19 05:44:00+02:00,ST5dh_fbN83fkpv-CZhjyg,1134.0,Nuclear,46WPU0000000014Y,SE3,Ringhals 4,,1,MAW,PT1M,2,2025-09-18 22:30:00+02:00,A77
2025-10-08 07:37:15+00:00,80,SE_3,Planned maintenance,A03,,2025-09-23 16:00:00+02:00,KhmIvckQpTQz4ilTOiVOcg,260.0,Fossil Gas,46WPU0000000062N,SE3,Rya KVV ,,1,MAW,PT1M,3,2025-09-06 07:00:00+02:00,A77
2025-11-10 14:15:09+00:00,80,SE_3,Planned maintenance,A03,,2025-10-14 16:00:00+02:00,WPKTDBof6Udg9OTnvNouhA,260.0,Fossil Gas,46WPU0000000062N,SE3,Rya KVV ,,1,MAW,PT1M,2,2025-09-24 07:00:00+02:00,A77
2025-11-10 14:20:22+00:00,800,SE_3,Planned maintenance,A03,,2025-10-18 12:00:00+02:00,YnqEq5WaUXxlSGu46avi-g,1172.0,Nuclear,46WPU0000000017S,SE3,Forsmark block 3,,1,MAW,PT1M,3,2025-10-18 10:00:00+02:00,A77
2025-11-10 14:22:31+00:00,0,SE_3,Unplanned outage,A03,,2025-10-14 12:00:00+02:00,a2Pq7s9eMOH_gJiQIZb_dg,565.0,Nuclear,46WPU0000000014Y,SE3,Ringhals 4,Ringhals block 4 G41,1,MAW,PT1M,2,2025-10-12 11:00:00+02:00,A80
2025-11-10 14:44:27+00:00,0,SE_3,Planned maintenance,A03,,2025-10-22 13:59:00+02:00,SHN-2f6sXQA8qmUQqplCpA,130.0,Biomass,46WPU0000000023X,SE3,Värtaverket,KVV8 Värtaverket,1,MAW,PT1M,4,2025-10-20 11:00:00+02:00,A80
2025-11-10 14:44:38+00:00,0,SE_3,Unplanned outage,A03,,2025-10-22 18:00:00+02:00,drGqFc-Qkb1QV6ykCxLqMA,130.0,Biomass,46WPU0000000023X,SE3,Värtaverket,KVV8 Värtaverket,1,MAW,PT1M,1,2025-10-22 15:00:00+02:00,A80
2025-11-10 15:02:12+00:00,135,SE_3,Planned maintenance,A03,,2025-11-07 16:00:00+01:00,N9kZETMxwKbcdxSgOXmAMQ,260.0,Fossil Gas,46WPU0000000062N,SE3,Rya KVV ,,1,MAW,PT1M,2,2025-11-05 07:00:00+01:00,A77
2025-11-10 15:11:21+00:00,0,SE_3,Planned maintenance,A03,,2025-11-02 08:16:00+01:00,Nilntk4-ZifAIdxNM5sUkA,1400.0,Nuclear,46WPU0000000061P,SE3,Oskarshamn 3,Oskarshamn G3,1,MAW,PT1M,16,2025-03-29 17:33:00+01:00,A80
2025-11-10 15:18:45+00:00,0,SE_3,Planned maintenance,A03,,2025-11-11 16:00:00+01:00,4f7nIh-LHNZ0AEQnICALQg,260.0,Fossil Gas,46WPU0000000062N,SE3,Rya KVV ,,1,MAW,PT1M,1,2025-11-11 08:00:00+01:00,A77
2025-11-10 15:19:45+00:00,970,SE_3,Planned maintenance,A03,,2025-11-06 10:00:00+01:00,dnytJyuIfZzEHiB2H-dARQ,1172.0,Nuclear,46WPU0000000017S,SE3,Forsmark block 3,,1,MAW,PT1M,4,2025-11-06 08:00:00+01:00,A77
2025-11-10 15:19:50+00:00,970,SE_3,Planned maintenance,A03,,2025-12-11 10:00:00+01:00,Rl07WK43sgyrtuqfpV0cGw,1172.0,Nuclear,46WPU0000000017S,SE3,Forsmark block 3,,1,MAW,PT1M,1,2025-12-11 08:00:00+01:00,A77
2025-11-10 15:23:18+00:00,740,SE_3,Planned maintenance,A03,,2025-11-08 12:00:00+01:00,UxhlUAyCHdaKjEovZPqc7g,1121.0,Nuclear,46WPU0000000016U,SE3,Forsmark block 2,,1,MAW,PT1M,2,2025-11-08 08:00:00+01:00,A77
2025-11-17 14:54:02+00:00,0,SE_3,Planned maintenance,A03,Cancelled,2026-09-11 16:00:00+02:00,WuQqOp7X1PEypTpXW4_9IA,100.0,Hydro Water Reservoir,46WPU0000000018Q,SE3,Trängslet,Trängslet G1,1,MAW,PT1M,2,2026-08-10 07:00:00+02:00,A80
2025-11-17 15:00:01+00:00,230,SE_3,Planned maintenance,A03,Cancelled,2026-05-29 06:59:00+02:00,Yq1LjMXtFdFPQPIyy4xizA,330.0,Hydro Water Reservoir,46WPU0000000018Q,SE3,Trängslet,,35280,MAW,PT1M,2,2026-05-28 18:59:00+02:00,A77
2025-11-17 15:00:01+00:00,0,SE_3,Planned maintenance,A03,Cancelled,2026-05-28 18:59:00+02:00,Yq1LjMXtFdFPQPIyy4xizA,330.0,Hydro Water Reservoir,46WPU0000000018Q,SE3,Trängslet,,34560,MAW,PT1M,2,2026-05-28 06:59:00+02:00,A77
2025-11-17 15:00:01+00:00,0,SE_3,Planned maintenance,A03,Cancelled,2026-05-27 18:59:00+02:00,Yq1LjMXtFdFPQPIyy4xizA,330.0,Hydro Water Reservoir,46WPU0000000018Q,SE3,Trängslet,,33120,MAW,PT1M,2,2026-05-27 06:59:00+02:00,A77
2025-11-17 15:00:01+00:00,230,SE_3,Planned maintenance,A03,Cancelled,2026-05-27 06:59:00+02:00,Yq1LjMXtFdFPQPIyy4xizA,330.0,Hydro Water Reservoir,46WPU0000000018Q,SE3,Trängslet,,3600,MAW,PT1M,2,2026-05-06 18:59:00+02:00,A77
2025-11-17 15:00:01+00:00,0,SE_3,Planned maintenance,A03,Cancelled,2026-05-06 18:59:00+02:00,Yq1LjMXtFdFPQPIyy4xizA,330.0,Hydro Water Reservoir,46WPU0000000018Q,SE3,Trängslet,,2880,MAW,PT1M,2,2026-05-06 06:59:00+02:00,A77
2025-11-17 15:00:01+00:00,0,SE_3,Planned maintenance,A03,Cancelled,2026-05-04 18:59:00+02:00,Yq1LjMXtFdFPQPIyy4xizA,330.0,Hydro Water Reservoir,46WPU0000000018Q,SE3,Trängslet,,1,MAW,PT1M,2,2026-05-04 07:00:00+02:00,A77
2025-11-17 15:00:01+00:00,230,SE_3,Planned maintenance,A03,Cancelled,2026-05-05 06:59:00+02:00,Yq1LjMXtFdFPQPIyy4xizA,330.0,Hydro Water Reservoir,46WPU0000000018Q,SE3,Trängslet,,720,MAW,PT1M,2,2026-05-04 18:59:00+02:00,A77
2025-11-17 15:00:01+00:00,230,SE_3,Planned maintenance,A03,Cancelled,2026-05-06 06:59:00+02:00,Yq1LjMXtFdFPQPIyy4xizA,330.0,Hydro Water Reservoir,46WPU0000000018Q,SE3,Trängslet,,2160,MAW,PT1M,2,2026-05-05 18:59:00+02:00,A77
2025-11-17 15:00:01+00:00,0,SE_3,Planned maintenance,A03,Cancelled,2026-05-29 18:59:00+02:00,Yq1LjMXtFdFPQPIyy4xizA,330.0,Hydro Water Reservoir,46WPU0000000018Q,SE3,Trängslet,,36000,MAW,PT1M,2,2026-05-29 06:59:00+02:00,A77
2025-11-17 15:00:01+00:00,100,SE_3,Planned maintenance,A03,Cancelled,2026-06-05 16:00:00+02:00,Yq1LjMXtFdFPQPIyy4xizA,330.0,Hydro Water Reservoir,46WPU0000000018Q,SE3,Trängslet,,36720,MAW,PT1M,2,2026-05-29 18:59:00+02:00,A77
2025-11-17 15:00:01+00:00,0,SE_3,Planned maintenance,A03,Cancelled,2026-05-05 18:59:00+02:00,Yq1LjMXtFdFPQPIyy4xizA,330.0,Hydro Water Reservoir,46WPU0000000018Q,SE3,Trängslet,,1440,MAW,PT1M,2,2026-05-05 06:59:00+02:00,A77
2025-11-17 15:00:01+00:00,230,SE_3,Planned maintenance,A03,Cancelled,2026-05-28 06:59:00+02:00,Yq1LjMXtFdFPQPIyy4xizA,330.0,Hydro Water Reservoir,46WPU0000000018Q,SE3,Trängslet,,33840,MAW,PT1M,2,2026-05-27 18:59:00+02:00,A77
2025-11-20 15:05:27+00:00,1185,SE_3,Unplanned outage,A03,,2025-11-20 19:00:00+01:00,xGiQWTdQkt6pxfXNGZwz4g,1400.0,Nuclear,46WPU0000000061P,SE3,Oskarshamn 3,Oskarshamn G3,1,MAW,PT1M,1,2025-11-20 17:00:00+01:00,A80
2025-11-21 11:20:09+00:00,0,SE_3,Planned maintenance,A03,Cancelled,2026-01-27 17:58:00+01:00,xEnYp1uSH7enzeZO3CXXtg,330.0,Hydro Water Reservoir,46WPU0000000018Q,SE3,Trängslet,,486719,MAW,PT1M,1,2026-01-27 06:58:00+01:00,A77
2025-11-21 11:20:09+00:00,185,SE_3,Planned maintenance,A03,Cancelled,2025-04-13 19:58:00+02:00,xEnYp1uSH7enzeZO3CXXtg,330.0,Hydro Water Reservoir,46WPU0000000018Q,SE3,Trängslet,,67619,MAW,PT1M,1,2025-04-11 06:58:00+02:00,A77
2025-11-21 11:20:09+00:00,100,SE_3,Planned maintenance,A03,Cancelled,2025-04-11 06:58:00+02:00,xEnYp1uSH7enzeZO3CXXtg,330.0,Hydro Water Reservoir,46WPU0000000018Q,SE3,Trängslet,,67559,MAW,PT1M,1,2025-04-11 05:58:00+02:00,A77
2025-11-21 11:20:09+00:00,200,SE_3,Planned maintenance,A03,Cancelled,2026-02-14 18:00:00+01:00,xEnYp1uSH7enzeZO3CXXtg,330.0,Hydro Water Reservoir,46WPU0000000018Q,SE3,Trängslet,,488819,MAW,PT1M,1,2026-01-28 17:58:00+01:00,A77
2025-11-21 11:20:09+00:00,200,SE_3,Planned maintenance,A03,Cancelled,2026-01-28 06:58:00+01:00,xEnYp1uSH7enzeZO3CXXtg,330.0,Hydro Water Reservoir,46WPU0000000018Q,SE3,Trängslet,,487379,MAW,PT1M,1,2026-01-27 17:58:00+01:00,A77
2025-11-21 11:20:09+00:00,100,SE_3,Planned maintenance,A03,Cancelled,2025-10-06 08:58:00+02:00,xEnYp1uSH7enzeZO3CXXtg,330.0,Hydro Water Reservoir,46WPU0000000018Q,SE3,Trängslet,,323894,MAW,PT1M,1,2025-10-06 06:13:00+02:00,A77
2025-11-21 11:20:09+00:00,200,SE_3,Planned maintenance,A03,Cancelled,2026-01-27 06:58:00+01:00,xEnYp1uSH7enzeZO3CXXtg,330.0,Hydro Water Reservoir,46WPU0000000018Q,SE3,Trängslet,,324059,MAW,PT1M,1,2025-10-06 08:58:00+02:00,A77
2025-11-21 11:20:09+00:00,0,SE_3,Planned maintenance,A03,Cancelled,2025-09-20 14:50:00+02:00,xEnYp1uSH7enzeZO3CXXtg,330.0,Hydro Water Reservoir,46WPU0000000018Q,SE3,Trängslet,,300959,MAW,PT1M,1,2025-09-20 07:58:00+02:00,A77
2025-11-21 11:20:09+00:00,200,SE_3,Planned maintenance,A03,Cancelled,2025-04-11 05:58:00+02:00,xEnYp1uSH7enzeZO3CXXtg,330.0,Hydro Water Reservoir,46WPU0000000018Q,SE3,Trängslet,,389,MAW,PT1M,1,2025-02-23 13:28:00+01:00,A77
2025-11-21 11:20:09+00:00,200,SE_3,Planned maintenance,A03,Cancelled,2025-05-08 08:58:00+02:00,xEnYp1uSH7enzeZO3CXXtg,330.0,Hydro Water Reservoir,46WPU0000000018Q,SE3,Trängslet,,71339,MAW,PT1M,1,2025-04-13 20:58:00+02:00,A77
2025-11-21 11:20:09+00:00,0,SE_3,Planned maintenance,A03,Cancelled,2025-05-08 16:58:00+02:00,xEnYp1uSH7enzeZO3CXXtg,330.0,Hydro Water Reservoir,46WPU0000000018Q,SE3,Trängslet,,106619,MAW,PT1M,1,2025-05-08 08:58:00+02:00,A77
2025-11-21 11:20:09+00:00,200,SE_3,Planned maintenance,A03,Cancelled,2025-05-09 07:58:00+02:00,xEnYp1uSH7enzeZO3CXXtg,330.0,Hydro Water Reservoir,46WPU0000000018Q,SE3,Trängslet,,107099,MAW,PT1M,1,2025-05-08 16:58:00+02:00,A77
2025-11-21 11:20:09+00:00,100,SE_3,Planned maintenance,A03,Cancelled,2025-05-09 20:58:00+02:00,xEnYp1uSH7enzeZO3CXXtg,330.0,Hydro Water Reservoir,46WPU0000000018Q,SE3,Trängslet,,107999,MAW,PT1M,1,2025-05-09 07:58:00+02:00,A77
2025-11-21 11:20:09+00:00,100,SE_3,Planned maintenance,A03,Cancelled,2025-04-13 20:58:00+02:00,xEnYp1uSH7enzeZO3CXXtg,330.0,Hydro Water Reservoir,46WPU0000000018Q,SE3,Trängslet,,71279,MAW,PT1M,1,2025-04-13 19:58:00+02:00,A77
2025-11-21 11:20:09+00:00,0,SE_3,Planned maintenance,A03,Cancelled,2026-01-28 17:58:00+01:00,xEnYp1uSH7enzeZO3CXXtg,330.0,Hydro Water Reservoir,46WPU0000000018Q,SE3,Trängslet,,488159,MAW,PT1M,1,2026-01-28 06:58:00+01:00,A77
2025-11-21 11:20:09+00:00,200,SE_3,Planned maintenance,A03,Cancelled,2025-09-20 07:58:00+02:00,xEnYp1uSH7enzeZO3CXXtg,330.0,Hydro Water Reservoir,46WPU0000000018Q,SE3,Trängslet,,108779,MAW,PT1M,1,2025-05-09 20:58:00+02:00,A77
2025-11-21 11:20:09+00:00,0,SE_3,Planned maintenance,A03,Cancelled,2025-02-23 13:28:00+01:00,xEnYp1uSH7enzeZO3CXXtg,330.0,Hydro Water Reservoir,46WPU0000000018Q,SE3,Trängslet,,1,MAW,PT1M,1,2025-02-23 07:00:00+01:00,A77
2025-11-21 11:20:09+00:00,200,SE_3,Planned maintenance,A03,Cancelled,2025-10-06 06:13:00+02:00,xEnYp1uSH7enzeZO3CXXtg,330.0,Hydro Water Reservoir,46WPU0000000018Q,SE3,Trängslet,,301371,MAW,PT1M,1,2025-09-20 14:50:00+02:00,A77
2025-11-22 06:41:50+00:00,1185,SE_3,Unplanned outage,A03,,2025-11-22 08:30:00+01:00,RIcU_yJdLzZVb8OF0liLfQ,1400.0,Nuclear,46WPU0000000061P,SE3,Oskarshamn 3,Oskarshamn G3,1,MAW,PT1M,2,2025-11-21 08:30:00+01:00,A80
2025-11-28 05:54:49+00:00,830,SE_3,Planned maintenance,A03,,2026-01-17 14:30:00+01:00,x2_NOWoufG113opx7Er_gQ,1172.0,Nuclear,46WPU0000000017S,SE3,Forsmark block 3,,1,MAW,PT1M,2,2026-01-17 10:00:00+01:00,A77
2025-12-03 11:23:47+00:00,90,SE_3,Planned maintenance,A03,,2026-09-29 16:00:00+02:00,b37lYhv9CrJUhqRq4jz7IQ,260.0,Fossil Gas,46WPU0000000062N,SE3,Rya KVV ,,1,MAW,PT1M,3,2026-09-04 07:00:00+02:00,A77
2025-12-09 05:58:37+00:00,740,SE_3,Planned maintenance,A03,,2026-01-31 12:00:00+01:00,5cuZmzamKKwKvgx8Cijymg,1121.0,Nuclear,46WPU0000000016U,SE3,Forsmark block 2,,1,MAW,PT1M,1,2026-01-31 08:00:00+01:00,A77
2025-12-12 11:42:41+00:00,135,SE_3,Unplanned outage,A03,,2025-12-12 12:42:00+01:00,S4NriWk-mIPYoClgA0BsFA,260.0,Fossil Gas,46WPU0000000062N,SE3,Rya KVV ,,1,MAW,PT1M,2,2025-12-11 14:12:00+01:00,A77
2025-12-15 13:46:21+00:00,0,SE_3,Planned maintenance,A03,,2025-12-15 17:30:00+01:00,oJ-o9KeQGi1DkMSR2Ss0Yw,1040.0,Nuclear,46WPU0000000015W,SE3,Forsmark block 1,,1,MAW,PT1M,9,2025-09-07 12:00:00+02:00,A77
2025-12-17 13:15:30+00:00,0,SE_3,Unplanned outage,A03,,2025-12-17 14:30:00+01:00,HWqNG2wT0kN6-OUhWQn9YA,130.0,Biomass,46WPU0000000023X,SE3,Värtaverket,KVV8 Värtaverket,1,MAW,PT1M,13,2025-12-12 13:55:00+01:00,A80
2025-12-17 14:51:39+00:00,0,SE_3,Unplanned outage,A03,,2025-12-17 18:00:00+01:00,2tAscRDfUlKkXC77wNRphQ,130.0,Biomass,46WPU0000000023X,SE3,Värtaverket,KVV8 Värtaverket,1,MAW,PT1M,2,2025-12-17 14:37:00+01:00,A80
2025-12-18 07:51:54+00:00,128,SE_3,Unplanned outage,A03,,2025-12-18 09:00:00+01:00,dk2rlcOmHFKIhRDexumsrg,260.0,Fossil Gas,46WPU0000000062N,SE3,Rya KVV ,,1,MAW,PT1M,4,2025-12-15 09:15:00+01:00,A77
2025-12-18 19:56:42+00:00,0,SE_3,Unplanned outage,A03,,2025-12-18 04:59:00+01:00,3DzQM_p1C75jbK15DoHyjQ,1400.0,Nuclear,46WPU0000000061P,SE3,Oskarshamn 3,Oskarshamn G3,1,MAW,PT1M,8,2025-12-12 02:30:00+01:00,A80
2025-12-19 10:00:39+00:00,640,SE_3,Planned maintenance,A03,Cancelled,2026-01-24 21:30:00+01:00,eo2tpkrrbQcgvxZ9HhBiUw,1400.0,Nuclear,46WPU0000000061P,SE3,Oskarshamn 3,Oskarshamn G3,1,MAW,PT1M,2,2026-01-24 08:00:00+01:00,A80
2026-01-06 00:35:59+00:00,0,SE_3,Unplanned outage,A03,,2025-12-24 10:30:00+01:00,hROCq3ZjqvUQeM7PJhFbvg,1040.0,Nuclear,46WPU0000000015W,SE3,Forsmark block 1,,1,MAW,PT1M,6,2025-12-22 20:28:00+01:00,A77
2026-01-06 00:35:59+00:00,930,SE_3,Unplanned outage,A03,,2026-01-01 12:00:00+01:00,hROCq3ZjqvUQeM7PJhFbvg,1040.0,Nuclear,46WPU0000000015W,SE3,Forsmark block 1,,2283,MAW,PT1M,6,2025-12-24 10:30:00+01:00,A77
2026-01-06 00:35:59+00:00,552,SE_3,Unplanned outage,A03,,2026-01-06 02:30:00+01:00,hROCq3ZjqvUQeM7PJhFbvg,1040.0,Nuclear,46WPU0000000015W,SE3,Forsmark block 1,,13893,MAW,PT1M,6,2026-01-01 12:00:00+01:00,A77
2026-01-10 18:44:30+00:00,0,SE_3,Unplanned outage,A03,,2026-01-10 22:00:00+01:00,Xw0n42b3jCvQcAKPr3tISg,100.0,Hydro Water Reservoir,46WPU0000000018Q,SE3,Trängslet,Trängslet G2,1,MAW,PT1M,1,2026-01-10 18:54:00+01:00,A80
2026-01-12 14:20:24+00:00,1000,SE_3,Unplanned outage,A03,,2026-01-12 19:30:00+01:00,u70hxwxezNZWX9ZyYNpuRQ,1100.0,Nuclear,46WPU0000000015W,SE3,Forsmark block 1,,1,MAW,PT1M,4,2026-01-06 16:20:00+01:00,A77
2026-01-13 08:52:01+00:00,42,SE_3,Unplanned outage,A03,,2026-01-12 11:50:00+01:00,s0v78MwB3FlylTSzI71jLw,260.0,Fossil Gas,46WPU0000000062N,SE3,Rya KVV ,,5166,MAW,PT1M,5,2026-01-10 23:25:00+01:00,A77
2026-01-13 08:52:01+00:00,169,SE_3,Unplanned outage,A03,,2026-01-13 09:50:00+01:00,s0v78MwB3FlylTSzI71jLw,260.0,Fossil Gas,46WPU0000000062N,SE3,Rya KVV ,,7351,MAW,PT1M,5,2026-01-12 11:50:00+01:00,A77
2026-01-13 08:52:01+00:00,169,SE_3,Unplanned outage,A03,,2026-01-10 16:40:00+01:00,s0v78MwB3FlylTSzI71jLw,260.0,Fossil Gas,46WPU0000000062N,SE3,Rya KVV ,,1,MAW,PT1M,5,2026-01-07 09:20:00+01:00,A77
2026-01-13 08:52:01+00:00,80,SE_3,Unplanned outage,A03,,2026-01-10 23:25:00+01:00,s0v78MwB3FlylTSzI71jLw,260.0,Fossil Gas,46WPU0000000062N,SE3,Rya KVV ,,4761,MAW,PT1M,5,2026-01-10 16:40:00+01:00,A77
2026-01-18 23:45:03+00:00,150,SE_3,Unplanned outage,A03,,2026-01-19 02:00:00+01:00,8EH7aw5k8l5ACDpozAip_g,1172.0,Nuclear,46WPU0000000017S,SE3,Forsmark block 3,,1,MAW,PT1M,4,2026-01-18 15:00:00+01:00,A77
2026-01-24 14:50:32+00:00,125,SE_3,Unplanned outage,A03,,2026-01-24 16:00:00+01:00,Ig4NyFoSP0o-i-fGjSLeuw,260.0,Fossil Gas,46WPU0000000062N,SE3,Rya KVV ,,1,MAW,PT1M,2,2026-01-23 10:00:00+01:00,A77
2026-02-01 08:25:46+00:00,730,SE_3,Unplanned outage,A03,,2026-02-01 10:30:00+01:00,ZgEX2us9Raut0zBy6yqdhg,1121.0,Nuclear,46WPU0000000016U,SE3,Forsmark block 2,,1,MAW,PT1M,2,2026-02-01 01:30:00+01:00,A77
2026-02-04 09:52:37+00:00,0,SE_3,Unplanned outage,A03,,2026-02-04 16:00:00+01:00,0HWwmg7MPaxngFaJwiv2FQ,260.0,Fossil Gas,46WPU0000000062N,SE3,Rya KVV ,,1,MAW,PT1M,2,2026-01-27 01:00:00+01:00,A77
2026-02-08 08:45:06+00:00,140,SE_3,Unplanned outage,A03,,2026-02-09 16:00:00+01:00,1UyFodbSxmDMPb4akas63g,260.0,Fossil Gas,46WPU0000000062N,SE3,Rya KVV ,,1,MAW,PT1M,1,2026-02-08 08:32:00+01:00,A77
2026-02-23 10:27:58+00:00,1072,SE_3,Planned maintenance,A03,,2026-02-26 14:10:00+01:00,ksbJno03ZKhCPX9NJ36Dcw,1172.0,Nuclear,46WPU0000000017S,SE3,Forsmark block 3,,61,MAW,PT1M,1,2026-02-26 13:40:00+01:00,A77
2026-02-23 10:27:58+00:00,1172,SE_3,Planned maintenance,A03,,2026-02-26 13:40:00+01:00,ksbJno03ZKhCPX9NJ36Dcw,1172.0,Nuclear,46WPU0000000017S,SE3,Forsmark block 3,,31,MAW,PT1M,1,2026-02-26 13:10:00+01:00,A77
2026-02-23 10:27:58+00:00,1072,SE_3,Planned maintenance,A03,,2026-02-26 13:10:00+01:00,ksbJno03ZKhCPX9NJ36Dcw,1172.0,Nuclear,46WPU0000000017S,SE3,Forsmark block 3,,1,MAW,PT1M,1,2026-02-26 12:40:00+01:00,A77
2026-02-23 10:29:11+00:00,0,SE_3,Unplanned outage,A03,,2026-03-28 19:00:00+01:00,yqXs65qY2CHSKj38PFAqNw,1400.0,Nuclear,46WPU0000000061P,SE3,Oskarshamn 3,Oskarshamn G3,1,MAW,PT1M,1,2026-02-23 16:00:00+01:00,A80
2026-02-23 10:29:54+00:00,1004,SE_3,Planned maintenance,A03,,2026-02-26 13:40:00+01:00,vWA3GlTDoEp4kD0KhRGfHg,1100.0,Nuclear,46WPU0000000015W,SE3,Forsmark block 1,,61,MAW,PT1M,1,2026-02-26 13:10:00+01:00,A77
2026-02-23 10:29:54+00:00,1104,SE_3,Planned maintenance,A03,,2026-02-26 13:10:00+01:00,vWA3GlTDoEp4kD0KhRGfHg,1100.0,Nuclear,46WPU0000000015W,SE3,Forsmark block 1,,31,MAW,PT1M,1,2026-02-26 12:40:00+01:00,A77
2026-02-23 10:29:54+00:00,1004,SE_3,Planned maintenance,A03,,2026-02-26 12:40:00+01:00,vWA3GlTDoEp4kD0KhRGfHg,1100.0,Nuclear,46WPU0000000015W,SE3,Forsmark block 1,,1,MAW,PT1M,1,2026-02-26 12:10:00+01:00,A77
2026-02-25 08:10:14+00:00,0,SE_3,Unplanned outage,A03,,2026-02-16 10:00:00+01:00,TkSVdh43DzzlWN12sYzjGA,260.0,Fossil Gas,46WPU0000000062N,SE3,Rya KVV ,,5632,MAW,PT1M,12,2026-02-15 08:00:00+01:00,A77
2026-02-25 08:10:14+00:00,169,SE_3,Unplanned outage,A03,,2026-02-27 12:00:00+01:00,TkSVdh43DzzlWN12sYzjGA,260.0,Fossil Gas,46WPU0000000062N,SE3,Rya KVV ,,19192,MAW,PT1M,12,2026-02-24 18:00:00+01:00,A77
2026-02-25 08:10:14+00:00,80,SE_3,Unplanned outage,A03,,2026-02-16 16:00:00+01:00,TkSVdh43DzzlWN12sYzjGA,260.0,Fossil Gas,46WPU0000000062N,SE3,Rya KVV ,,7192,MAW,PT1M,12,2026-02-16 10:00:00+01:00,A77
2026-02-25 08:10:14+00:00,0,SE_3,Unplanned outage,A03,,2026-02-17 10:05:00+01:00,TkSVdh43DzzlWN12sYzjGA,260.0,Fossil Gas,46WPU0000000062N,SE3,Rya KVV ,,7552,MAW,PT1M,12,2026-02-16 16:00:00+01:00,A77
2026-02-25 08:10:14+00:00,0,SE_3,Unplanned outage,A03,,2026-02-13 10:00:00+01:00,TkSVdh43DzzlWN12sYzjGA,260.0,Fossil Gas,46WPU0000000062N,SE3,Rya KVV ,,1,MAW,PT1M,12,2026-02-11 10:09:00+01:00,A77
2026-02-25 08:10:14+00:00,80,SE_3,Unplanned outage,A03,,2026-02-15 08:00:00+01:00,TkSVdh43DzzlWN12sYzjGA,260.0,Fossil Gas,46WPU0000000062N,SE3,Rya KVV ,,2872,MAW,PT1M,12,2026-02-13 10:00:00+01:00,A77
2026-02-25 08:10:14+00:00,80,SE_3,Unplanned outage,A03,,2026-02-24 18:00:00+01:00,TkSVdh43DzzlWN12sYzjGA,260.0,Fossil Gas,46WPU0000000062N,SE3,Rya KVV ,,8637,MAW,PT1M,12,2026-02-17 10:05:00+01:00,A77
2026-02-27 11:19:34+00:00,715,SE_3,Planned maintenance,A03,,2026-03-12 15:00:00+01:00,m_eFHDxUGAN91Diia3Dybg,1100.0,Nuclear,46WPU0000000015W,SE3,Forsmark block 1,,1,MAW,PT1M,3,2026-03-12 08:00:00+01:00,A77
2026-03-02 09:09:53+00:00,0,SE_3,Planned maintenance,A03,,2026-03-02 10:12:00+01:00,aLxGd78f5zX7cKfgqoESgQ,260.0,Fossil Gas,46WPU0000000062N,SE3,Rya KVV ,,1,MAW,PT1M,2,2026-02-27 12:00:00+01:00,A77
2026-03-16 14:17:29+00:00,169,SE_3,Unplanned outage,A03,,2026-03-13 07:20:00+01:00,PQaHzwGvQs6YEBb2GAE-iw,260.0,Fossil Gas,46WPU0000000062N,SE3,Rya KVV ,,1,MAW,PT1M,3,2026-03-03 14:02:00+01:00,A77
2026-03-16 14:17:29+00:00,80,SE_3,Unplanned outage,A03,,2026-03-24 16:00:00+01:00,PQaHzwGvQs6YEBb2GAE-iw,260.0,Fossil Gas,46WPU0000000062N,SE3,Rya KVV ,,13999,MAW,PT1M,3,2026-03-13 07:20:00+01:00,A77
2026-03-27 18:07:32+00:00,695,SE_3,Planned maintenance,A03,,2026-06-09 15:00:00+02:00,kCi2xkv_Ju07qVjt4MB5uQ,1100.0,Nuclear,46WPU0000000015W,SE3,Forsmark block 1,,1,MAW,PT1M,2,2026-06-09 08:00:00+02:00,A77
2026-03-27 18:10:06+00:00,0,SE_3,Planned maintenance,A03,,2026-07-13 07:59:00+02:00,BGCpfD40A3-god2I77HKLg,200.0,Biomass,46WPU0000000023X,SE3,Värtaverket,KVV1 Värtaverket,1,MAW,PT1M,3,2026-06-27 08:00:00+02:00,A80
2026-03-30 00:45:03+00:00,0,SE_3,Planned maintenance,A03,,2026-03-30 05:00:00+02:00,NfiIHIy9RJ0rIvqolM1ncw,569.0,Nuclear,46WPU0000000014Y,SE3,Ringhals 4,Ringhals block 4 G42,1,MAW,PT1M,4,2026-03-27 21:00:00+01:00,A80
2026-03-31 10:52:32+00:00,0,SE_3,Planned maintenance,A03,,2026-03-31 13:00:00+02:00,EiZMK95oV8jbmjAoaEJXbQ,190.0,Fossil Oil,46WPU0000000023X,SE3,Värtaverket,KVV1 Värtaverket,1,MAW,PT1M,13,2024-07-29 09:00:00+02:00,A80
2026-04-04 17:52:08+00:00,0,SE_3,Planned maintenance,A03,,2026-04-05 12:00:00+02:00,XWLi8F4VryGcU4GNXgd87A,1172.0,Nuclear,46WPU0000000017S,SE3,Forsmark block 3,,1,MAW,PT1M,7,2026-03-08 00:00:00+01:00,A77
2026-04-06 04:52:24+00:00,0,SE_3,Unplanned outage,A03,,2026-04-06 08:15:00+02:00,sv7DmKpQW7TklC1M5WbD-A,1172.0,Nuclear,46WPU0000000017S,SE3,Forsmark block 3,,1,MAW,PT1M,2,2026-04-05 14:10:00+02:00,A77
2026-04-07 04:04:06+00:00,0,SE_3,Unplanned outage,A03,,2026-04-04 08:59:00+02:00,FVEhzsd85whGU9OdQmXrkQ,130.0,Biomass,46WPU0000000023X,SE3,Värtaverket,KVV8 Värtaverket,1,MAW,PT1M,1,2026-04-04 06:00:00+02:00,A80
2026-04-07 05:26:02+00:00,0,SE_3,Unplanned outage,A03,,2026-04-07 07:20:00+02:00,vAleYVCl-QL69yrRuUVOMw,130.0,Biomass,46WPU0000000023X,SE3,Värtaverket,KVV8 Värtaverket,1,MAW,PT1M,2,2026-04-07 06:00:00+02:00,A80
2026-04-07 14:18:49+00:00,0,SE_3,Unplanned outage,A03,,2026-04-07 17:30:00+02:00,iltFsRz7VyKvngieqsHoMA,1172.0,Nuclear,46WPU0000000017S,SE3,Forsmark block 3,,1,MAW,PT1M,5,2026-04-06 15:15:00+02:00,A77
2026-04-08 13:50:57+00:00,160,SE_3,Unplanned outage,A03,,2026-04-09 03:00:00+02:00,QLjlC3yoe8R8_XJkjf5_yw,1172.0,Nuclear,46WPU0000000017S,SE3,Forsmark block 3,,1,MAW,PT1M,2,2026-04-07 18:35:00+02:00,A77
2026-04-10 20:12:55+00:00,0,SE_3,Unplanned outage,A03,,2026-04-11 01:30:00+02:00,wHHRr5sIPZS8caKe-o9jRg,1172.0,Nuclear,46WPU0000000017S,SE3,Forsmark block 3,,1,MAW,PT1M,6,2026-04-09 03:00:00+02:00,A77
2026-04-14 15:24:47+00:00,130,SE_3,Planned maintenance,A03,,2026-04-14 16:30:00+02:00,xy816RBrqxMre9GXIucJWw,260.0,Fossil Gas,46WPU0000000062N,SE3,Rya KVV ,,27841,MAW,PT1M,5,2026-04-13 01:00:00+02:00,A77
2026-04-14 15:24:47+00:00,180,SE_3,Planned maintenance,A03,,2026-04-13 01:00:00+02:00,xy816RBrqxMre9GXIucJWw,260.0,Fossil Gas,46WPU0000000062N,SE3,Rya KVV ,,11461,MAW,PT1M,5,2026-04-01 16:00:00+02:00,A77
2026-04-14 15:24:47+00:00,80,SE_3,Planned maintenance,A03,,2026-04-01 16:00:00+02:00,xy816RBrqxMre9GXIucJWw,260.0,Fossil Gas,46WPU0000000062N,SE3,Rya KVV ,,1,MAW,PT1M,5,2026-03-24 16:00:00+01:00,A77
2026-04-14 15:24:47+00:00,170,SE_3,Planned maintenance,A03,,2026-04-17 16:00:00+02:00,xy816RBrqxMre9GXIucJWw,260.0,Fossil Gas,46WPU0000000062N,SE3,Rya KVV ,,30211,MAW,PT1M,5,2026-04-14 16:30:00+02:00,A77
2026-04-15 15:12:24+00:00,350,SE_3,Unplanned outage,A03,,2026-04-13 05:00:00+02:00,o_PasfN24xPyVZChe5GRmQ,1100.0,Nuclear,46WPU0000000015W,SE3,Forsmark block 1,,1,MAW,PT1M,6,2026-04-13 03:24:00+02:00,A77
2026-04-15 15:12:24+00:00,480,SE_3,Unplanned outage,A03,,2026-04-15 21:00:00+02:00,o_PasfN24xPyVZChe5GRmQ,1100.0,Nuclear,46WPU0000000015W,SE3,Forsmark block 1,,1236,MAW,PT1M,6,2026-04-13 23:59:00+02:00,A77
2026-04-15 15:12:24+00:00,450,SE_3,Unplanned outage,A03,,2026-04-13 23:59:00+02:00,o_PasfN24xPyVZChe5GRmQ,1100.0,Nuclear,46WPU0000000015W,SE3,Forsmark block 1,,97,MAW,PT1M,6,2026-04-13 05:00:00+02:00,A77
2026-04-16 17:27:40+00:00,0,SE_3,Unplanned outage,A03,,2026-04-17 00:00:00+02:00,ZOkKECEF-2z9mDNxwIoF-w,492.0,Nuclear,46WPU0000000015W,SE3,Forsmark block 1,Forsmark block 1 G11,1,MAW,PT1M,3,2026-04-15 23:46:00+02:00,A80
2026-04-22 18:30:49+00:00,700,SE_3,Unplanned outage,A03,,2026-04-22 22:00:00+02:00,UYpub315y4jtV1JKExEwwg,1172.0,Nuclear,46WPU0000000017S,SE3,Forsmark block 3,,310,MAW,PT1M,4,2026-04-22 15:59:00+02:00,A77
2026-04-22 18:30:49+00:00,900,SE_3,Unplanned outage,A03,,2026-04-22 15:59:00+02:00,UYpub315y4jtV1JKExEwwg,1172.0,Nuclear,46WPU0000000017S,SE3,Forsmark block 3,,1,MAW,PT1M,4,2026-04-22 10:50:00+02:00,A77
2026-04-23 14:26:30+00:00,100,SE_3,Planned maintenance,A03,,2025-04-11 07:00:00+02:00,GdEfr4YhqXb8-C1BHCI0gg,330.0,Hydro Water Reservoir,46WPU0000000018Q,SE3,Trängslet,,67561,MAW,PT1M,44,2025-04-11 06:00:00+02:00,A77
2026-04-23 14:26:30+00:00,0,SE_3,Planned maintenance,A03,,2026-04-21 13:30:00+02:00,GdEfr4YhqXb8-C1BHCI0gg,330.0,Hydro Water Reservoir,46WPU0000000018Q,SE3,Trängslet,,606211,MAW,PT1M,44,2026-04-20 07:30:00+02:00,A77
2026-04-23 14:26:30+00:00,100,SE_3,Planned maintenance,A03,,2025-12-27 18:00:00+01:00,GdEfr4YhqXb8-C1BHCI0gg,330.0,Hydro Water Reservoir,46WPU0000000018Q,SE3,Trängslet,,442588,MAW,PT1M,44,2025-12-27 15:27:00+01:00,A77
2026-04-23 14:26:30+00:00,200,SE_3,Planned maintenance,A03,,2026-04-23 17:00:00+02:00,GdEfr4YhqXb8-C1BHCI0gg,330.0,Hydro Water Reservoir,46WPU0000000018Q,SE3,Trängslet,,608941,MAW,PT1M,44,2026-04-22 05:00:00+02:00,A77
2026-04-23 14:26:30+00:00,200,SE_3,Planned maintenance,A03,,2025-12-28 04:50:00+01:00,GdEfr4YhqXb8-C1BHCI0gg,330.0,Hydro Water Reservoir,46WPU0000000018Q,SE3,Trängslet,,442741,MAW,PT1M,44,2025-12-27 18:00:00+01:00,A77
2026-04-23 14:26:30+00:00,100,SE_3,Planned maintenance,A03,,2025-12-28 08:00:00+01:00,GdEfr4YhqXb8-C1BHCI0gg,330.0,Hydro Water Reservoir,46WPU0000000018Q,SE3,Trängslet,,443391,MAW,PT1M,44,2025-12-28 04:50:00+01:00,A77
2026-04-23 14:26:30+00:00,200,SE_3,Planned maintenance,A03,,2026-01-25 09:00:00+01:00,GdEfr4YhqXb8-C1BHCI0gg,330.0,Hydro Water Reservoir,46WPU0000000018Q,SE3,Trängslet,,443581,MAW,PT1M,44,2025-12-28 08:00:00+01:00,A77
2026-04-23 14:26:30+00:00,100,SE_3,Planned maintenance,A03,,2026-01-25 12:45:00+01:00,GdEfr4YhqXb8-C1BHCI0gg,330.0,Hydro Water Reservoir,46WPU0000000018Q,SE3,Trängslet,,483961,MAW,PT1M,44,2026-01-25 09:00:00+01:00,A77
2026-04-23 14:26:30+00:00,0,SE_3,Planned maintenance,A03,,2026-02-04 18:34:00+01:00,GdEfr4YhqXb8-C1BHCI0gg,330.0,Hydro Water Reservoir,46WPU0000000018Q,SE3,Trängslet,,498241,MAW,PT1M,44,2026-02-04 07:00:00+01:00,A77
2026-04-23 14:26:30+00:00,0,SE_3,Planned maintenance,A03,,2026-02-03 18:00:00+01:00,GdEfr4YhqXb8-C1BHCI0gg,330.0,Hydro Water Reservoir,46WPU0000000018Q,SE3,Trängslet,,496801,MAW,PT1M,44,2026-02-03 07:00:00+01:00,A77
2026-04-23 14:26:30+00:00,100,SE_3,Planned maintenance,A03,,2025-04-13 21:00:00+02:00,GdEfr4YhqXb8-C1BHCI0gg,330.0,Hydro Water Reservoir,46WPU0000000018Q,SE3,Trängslet,,71281,MAW,PT1M,44,2025-04-13 20:00:00+02:00,A77
2026-04-23 14:26:30+00:00,200,SE_3,Planned maintenance,A03,,2026-02-04 07:00:00+01:00,GdEfr4YhqXb8-C1BHCI0gg,330.0,Hydro Water Reservoir,46WPU0000000018Q,SE3,Trängslet,,497461,MAW,PT1M,44,2026-02-03 18:00:00+01:00,A77
2026-04-23 14:26:30+00:00,200,SE_3,Planned maintenance,A03,,2025-12-27 15:27:00+01:00,GdEfr4YhqXb8-C1BHCI0gg,330.0,Hydro Water Reservoir,46WPU0000000018Q,SE3,Trängslet,,430981,MAW,PT1M,44,2025-12-19 14:00:00+01:00,A77
2026-04-23 14:26:30+00:00,100,SE_3,Planned maintenance,A03,,2025-12-19 14:00:00+01:00,GdEfr4YhqXb8-C1BHCI0gg,330.0,Hydro Water Reservoir,46WPU0000000018Q,SE3,Trängslet,,430621,MAW,PT1M,44,2025-12-19 08:00:00+01:00,A77
2026-04-23 14:26:30+00:00,185,SE_3,Planned maintenance,A03,,2025-04-13 20:00:00+02:00,GdEfr4YhqXb8-C1BHCI0gg,330.0,Hydro Water Reservoir,46WPU0000000018Q,SE3,Trängslet,,67621,MAW,PT1M,44,2025-04-11 07:00:00+02:00,A77
2026-04-23 14:26:30+00:00,100,SE_3,Planned maintenance,A03,,2025-12-01 12:00:00+01:00,GdEfr4YhqXb8-C1BHCI0gg,330.0,Hydro Water Reservoir,46WPU0000000018Q,SE3,Trängslet,,403998,MAW,PT1M,44,2025-11-30 20:17:00+01:00,A77
2026-04-23 14:26:30+00:00,200,SE_3,Planned maintenance,A03,,2025-11-30 20:17:00+01:00,GdEfr4YhqXb8-C1BHCI0gg,330.0,Hydro Water Reservoir,46WPU0000000018Q,SE3,Trängslet,,324061,MAW,PT1M,44,2025-10-06 09:00:00+02:00,A77
2026-04-23 14:26:30+00:00,100,SE_3,Planned maintenance,A03,,2025-10-06 09:00:00+02:00,GdEfr4YhqXb8-C1BHCI0gg,330.0,Hydro Water Reservoir,46WPU0000000018Q,SE3,Trängslet,,323896,MAW,PT1M,44,2025-10-06 06:15:00+02:00,A77
2026-04-23 14:26:30+00:00,200,SE_3,Planned maintenance,A03,,2026-02-03 07:00:00+01:00,GdEfr4YhqXb8-C1BHCI0gg,330.0,Hydro Water Reservoir,46WPU0000000018Q,SE3,Trängslet,,484186,MAW,PT1M,44,2026-01-25 12:45:00+01:00,A77
2026-04-23 14:26:30+00:00,200,SE_3,Planned maintenance,A03,,2026-04-20 07:30:00+02:00,GdEfr4YhqXb8-C1BHCI0gg,330.0,Hydro Water Reservoir,46WPU0000000018Q,SE3,Trängslet,,498935,MAW,PT1M,44,2026-02-04 18:34:00+01:00,A77
2026-04-23 14:26:30+00:00,100,SE_3,Planned maintenance,A03,,2026-04-22 05:00:00+02:00,GdEfr4YhqXb8-C1BHCI0gg,330.0,Hydro Water Reservoir,46WPU0000000018Q,SE3,Trängslet,,608823,MAW,PT1M,44,2026-04-22 03:02:00+02:00,A77
2026-04-23 14:26:30+00:00,200,SE_3,Planned maintenance,A03,,2026-04-22 03:02:00+02:00,GdEfr4YhqXb8-C1BHCI0gg,330.0,Hydro Water Reservoir,46WPU0000000018Q,SE3,Trängslet,,608011,MAW,PT1M,44,2026-04-21 13:30:00+02:00,A77
2026-04-23 14:26:30+00:00,0,SE_3,Planned maintenance,A03,,2025-02-23 13:30:00+01:00,GdEfr4YhqXb8-C1BHCI0gg,330.0,Hydro Water Reservoir,46WPU0000000018Q,SE3,Trängslet,,1,MAW,PT1M,44,2025-02-23 07:00:00+01:00,A77
2026-04-23 14:26:30+00:00,200,SE_3,Planned maintenance,A03,,2025-04-11 06:00:00+02:00,GdEfr4YhqXb8-C1BHCI0gg,330.0,Hydro Water Reservoir,46WPU0000000018Q,SE3,Trängslet,,391,MAW,PT1M,44,2025-02-23 13:30:00+01:00,A77
2026-04-23 14:26:30+00:00,200,SE_3,Planned maintenance,A03,,2025-10-06 06:15:00+02:00,GdEfr4YhqXb8-C1BHCI0gg,330.0,Hydro Water Reservoir,46WPU0000000018Q,SE3,Trängslet,,301373,MAW,PT1M,44,2025-09-20 14:52:00+02:00,A77
2026-04-23 14:26:30+00:00,200,SE_3,Planned maintenance,A03,,2025-12-19 08:00:00+01:00,GdEfr4YhqXb8-C1BHCI0gg,330.0,Hydro Water Reservoir,46WPU0000000018Q,SE3,Trängslet,,404941,MAW,PT1M,44,2025-12-01 12:00:00+01:00,A77
2026-04-23 14:26:30+00:00,0,SE_3,Planned maintenance,A03,,2025-09-20 14:52:00+02:00,GdEfr4YhqXb8-C1BHCI0gg,330.0,Hydro Water Reservoir,46WPU0000000018Q,SE3,Trängslet,,300961,MAW,PT1M,44,2025-09-20 08:00:00+02:00,A77
2026-04-23 14:26:30+00:00,200,SE_3,Planned maintenance,A03,,2025-05-09 08:00:00+02:00,GdEfr4YhqXb8-C1BHCI0gg,330.0,Hydro Water Reservoir,46WPU0000000018Q,SE3,Trängslet,,107101,MAW,PT1M,44,2025-05-08 17:00:00+02:00,A77
2026-04-23 14:26:30+00:00,200,SE_3,Planned maintenance,A03,,2025-05-08 09:00:00+02:00,GdEfr4YhqXb8-C1BHCI0gg,330.0,Hydro Water Reservoir,46WPU0000000018Q,SE3,Trängslet,,71341,MAW,PT1M,44,2025-04-13 21:00:00+02:00,A77
2026-04-23 14:26:30+00:00,0,SE_3,Planned maintenance,A03,,2025-05-08 17:00:00+02:00,GdEfr4YhqXb8-C1BHCI0gg,330.0,Hydro Water Reservoir,46WPU0000000018Q,SE3,Trängslet,,106621,MAW,PT1M,44,2025-05-08 09:00:00+02:00,A77
2026-04-23 14:26:30+00:00,200,SE_3,Planned maintenance,A03,,2025-09-20 08:00:00+02:00,GdEfr4YhqXb8-C1BHCI0gg,330.0,Hydro Water Reservoir,46WPU0000000018Q,SE3,Trängslet,,108781,MAW,PT1M,44,2025-05-09 21:00:00+02:00,A77
2026-04-23 14:26:30+00:00,100,SE_3,Planned maintenance,A03,,2025-05-09 21:00:00+02:00,GdEfr4YhqXb8-C1BHCI0gg,330.0,Hydro Water Reservoir,46WPU0000000018Q,SE3,Trängslet,,108001,MAW,PT1M,44,2025-05-09 08:00:00+02:00,A77
2026-04-24 10:19:09+00:00,0,SE_3,Planned maintenance,A03,,2026-04-24 11:59:00+02:00,SKOx_nKuM8TNOkPzZK-Ypg,130.0,Biomass,46WPU0000000023X,SE3,Värtaverket,KVV8 Värtaverket,1,MAW,PT1M,4,2026-04-23 08:00:00+02:00,A80
2026-04-28 15:16:38+00:00,480,SE_3,Unplanned outage,A03,,2026-04-28 18:00:00+02:00,Tl5rMpqZPWbJxLtDoA0qmQ,1100.0,Nuclear,46WPU0000000015W,SE3,Forsmark block 1,,1,MAW,PT1M,5,2026-04-28 04:00:00+02:00,A77
2026-05-03 13:53:17+00:00,0,SE_3,Unplanned outage,A03,,2026-05-03 20:00:00+02:00,3zBV77-iQAafxHm6SW5GpQ,130.0,Biomass,46WPU0000000023X,SE3,Värtaverket,KVV8 Värtaverket,1,MAW,PT1M,1,2026-05-03 15:35:00+02:00,A80
2026-05-05 16:18:58+00:00,0,SE_3,Planned maintenance,A03,,2026-05-05 18:11:00+02:00,Obych5qg3OPyeo9BRU45TA,100.0,Hydro Water Reservoir,46WPU0000000018Q,SE3,Trängslet,Trängslet G2,1,MAW,PT1M,2,2026-05-04 08:00:00+02:00,A80
2026-05-06 01:23:36+00:00,0,SE_3,Unplanned outage,A03,,2026-05-06 05:00:00+02:00,VkSUmURcWcU3n_fjT7ybOA,100.0,Hydro Water Reservoir,46WPU0000000018Q,SE3,Trängslet,Trängslet G2,1,MAW,PT1M,1,2026-05-06 03:15:00+02:00,A80
2026-05-13 12:46:28+00:00,0,SE_3,Planned maintenance,A03,,2026-05-19 19:00:00+02:00,OHp3yBrW5si0MJSgW3jIXg,130.0,Hydro Water Reservoir,46WPU0000000018Q,SE3,Trängslet,Trängslet G3,1,MAW,PT1M,2,2026-04-23 17:00:00+02:00,A80
2026-05-21 13:40:12+00:00,0,SE_3,Planned maintenance,A03,,2026-05-21 15:10:00+02:00,f7CTMSRiFE0EPsVQs1iHtw,100.0,Hydro Water Reservoir,46WPU0000000018Q,SE3,Trängslet,Trängslet G2,1,MAW,PT1M,2,2026-05-21 10:00:00+02:00,A80
2026-05-21 19:20:09+00:00,0,SE_3,Unplanned outage,A03,,2026-05-21 21:59:00+02:00,rRm8QnLR_RoedYh2bUSEjg,130.0,Biomass,46WPU0000000023X,SE3,Värtaverket,KVV8 Värtaverket,1,MAW,PT1M,19,2026-05-15 03:00:00+02:00,A80
2026-05-22 10:45:50+00:00,230,SE_3,Planned maintenance,A03,,2026-05-22 12:34:00+02:00,vSDjyffkpWG3uvsaCbd2cA,330.0,Hydro Water Reservoir,46WPU0000000018Q,SE3,Trängslet,,1,MAW,PT1M,2,2026-05-04 08:00:00+02:00,A77
2026-05-29 19:48:57+00:00,0,SE_3,Unplanned outage,A03,,2026-05-29 23:00:00+02:00,0qp90S5_sJD62Na7x_TkJQ,130.0,Hydro Water Reservoir,46WPU0000000018Q,SE3,Trängslet,Trängslet G3,1,MAW,PT1M,1,2026-05-29 21:36:00+02:00,A80
2026-05-30 07:54:02+00:00,0,SE_3,Unplanned outage,A03,,2026-05-30 12:00:00+02:00,pmEhcVY8KSvitbfyb81p9A,100.0,Hydro Water Reservoir,46WPU0000000018Q,SE3,Trängslet,Trängslet G2,1,MAW,PT1M,1,2026-05-30 09:42:00+02:00,A80
2026-06-01 15:07:32+00:00,0,SE_3,Unplanned outage,A03,,2026-06-01 18:00:00+02:00,NWoBsBhUYbwoGUSzWSAXQQ,1172.0,Nuclear,46WPU0000000017S,SE3,Forsmark block 3,,1,MAW,PT1M,1,2026-06-01 17:02:00+02:00,A77
2026-06-02 12:06:54+00:00,0,SE_3,Planned maintenance,A03,,2026-06-04 14:00:00+02:00,duVrS-1F9Pcy80xILLprsg,100.0,Hydro Water Reservoir,46WPU0000000018Q,SE3,Trängslet,Trängslet G2,1,MAW,PT1M,1,2026-06-04 09:00:00+02:00,A80
2026-06-04 10:58:40+00:00,0,SE_3,Planned maintenance,A03,,2026-06-27 07:59:00+02:00,nmkOnVsel_DJ4eG-2TfPpw,200.0,Biomass,46WPU0000000023X,SE3,Värtaverket,KVV1 Värtaverket,1,MAW,PT1M,5,2026-03-31 13:00:00+02:00,A80
2026-06-05 07:36:45+00:00,879,SE_3,Planned maintenance,A03,Cancelled,2026-07-04 15:00:00+02:00,l6wTsLKkj3zHPsIFoMtpqg,1172.0,Nuclear,46WPU0000000017S,SE3,Forsmark block 3,,1,MAW,PT1M,2,2026-07-04 10:00:00+02:00,A77
2026-06-06 16:24:01+00:00,100,SE_3,Unplanned outage,A03,,2026-06-06 20:00:00+02:00,zExC6Zf862lnySLYDPkGfw,330.0,Hydro Water Reservoir,46WPU0000000018Q,SE3,Trängslet,,1,MAW,PT1M,1,2026-06-06 18:12:00+02:00,A77
2026-06-07 08:21:40+00:00,0,SE_3,Unplanned outage,A03,,2025-06-07 12:00:00+02:00,Pr_4Jor1nf0AEex3BpXmHA,100.0,Hydro Water Reservoir,46WPU0000000018Q,SE3,Trängslet,Trängslet G2,1,MAW,PT1M,1,2025-06-07 10:11:00+02:00,A80
2026-06-07 08:36:20+00:00,0,SE_3,Unplanned outage,A03,,2026-06-07 12:00:00+02:00,cqiTIyn47T9b0zopM88eXg,100.0,Hydro Water Reservoir,46WPU0000000018Q,SE3,Trängslet,Trängslet G2,1,MAW,PT1M,1,2026-06-07 10:11:00+02:00,A80
2026-06-09 14:44:02+00:00,695,SE_3,Planned maintenance,A03,,2026-06-09 17:00:00+02:00,FNNe0u97lbD-38HTK60xXg,1100.0,Nuclear,46WPU0000000015W,SE3,Forsmark block 1,,1,MAW,PT1M,2,2026-06-09 15:12:00+02:00,A77
2026-06-11 12:30:13+00:00,0,SE_3,Planned maintenance,A03,,2026-06-11 14:26:00+02:00,aei0PcH-_bPOTnXsPld2ig,100.0,Hydro Water Reservoir,46WPU0000000018Q,SE3,Trängslet,Trängslet G2,1,MAW,PT1M,2,2026-06-11 11:00:00+02:00,A80
2026-06-12 13:58:32+00:00,879,SE_3,Planned maintenance,A03,Cancelled,2026-07-04 15:00:00+02:00,QXalO_L5KoitQHY_SscW6g,1172.0,Nuclear,46WPU0000000017S,SE3,Forsmark block 3,,1,MAW,PT1M,1,2026-07-04 10:00:00+02:00,A77
2026-06-12 18:08:29+00:00,0,SE_3,Unplanned outage,A03,,2026-06-12 22:00:00+02:00,xh8trkYq3FvTEoiOpc1udQ,100.0,Hydro Water Reservoir,46WPU0000000018Q,SE3,Trängslet,Trängslet G2,1,MAW,PT1M,1,2026-06-12 20:02:00+02:00,A80
2026-06-25 06:49:08+00:00,0,SE_3,Planned maintenance,A03,,2026-06-25 08:28:00+02:00,xMieolU5sErLV-bodKHZ1A,330.0,Hydro Water Reservoir,46WPU0000000018Q,SE3,Trängslet,,1,MAW,PT1M,2,2026-06-25 08:00:00+02:00,A77
2026-06-29 05:05:59+00:00,0,SE_3,Planned maintenance,A03,,2026-06-29 13:00:00+02:00,TzA-qGpY_hfXYU3sMZBMBA,1121.0,Nuclear,46WPU0000000016U,SE3,Forsmark block 2,,1,MAW,PT1M,16,2026-04-12 12:00:00+02:00,A77
2026-06-29 07:10:46+00:00,0,SE_3,Planned maintenance,A03,,2026-08-11 16:00:00+02:00,5sSjC-avPpbulWyZ43_wTg,100.0,Hydro Water Reservoir,46WPU0000000018Q,SE3,Trängslet,Trängslet G2,1,MAW,PT1M,1,2026-08-11 08:00:00+02:00,A80
2026-06-29 07:12:21+00:00,0,SE_3,Planned maintenance,A03,,2026-08-11 16:00:00+02:00,UYF2PV1HM6Ndxah8HREgbQ,130.0,Hydro Water Reservoir,46WPU0000000018Q,SE3,Trängslet,Trängslet G3,1,MAW,PT1M,1,2026-08-11 08:00:00+02:00,A80
2026-06-30 13:02:33+00:00,0,SE_3,Unplanned outage,A03,,2026-09-02 00:00:00+02:00,0gtmbkA8_IJwyaoMpteDWg,569.0,Nuclear,46WPU0000000014Y,SE3,Ringhals 4,Ringhals block 4 G42,1,MAW,PT1M,1,2026-06-30 21:00:00+02:00,A80
2026-07-01 15:08:44+00:00,0,SE_3,Unplanned outage,A03,,2026-07-01 18:50:00+02:00,kda65f9XuTfv2GtlWLBfzg,330.0,Hydro Water Reservoir,46WPU0000000018Q,SE3,Trängslet,,1,MAW,PT1M,1,2026-07-01 16:50:00+02:00,A77
2026-07-01 23:49:39+00:00,0,SE_3,Unplanned outage,A03,,2026-07-02 12:00:00+02:00,utcrE48z1D9PlmkN6HRBCg,130.0,Hydro Water Reservoir,46WPU0000000018Q,SE3,Trängslet,Trängslet G3,1,MAW,PT1M,4,2026-07-01 19:37:00+02:00,A80
2026-07-03 07:05:05+00:00,0,SE_3,Unplanned outage,A03,,2026-07-03 09:02:00+02:00,SbZrwBxluykyQupLjco6gQ,100.0,Hydro Water Reservoir,46WPU0000000018Q,SE3,Trängslet,Trängslet G2,1,MAW,PT1M,3,2026-07-03 00:13:00+02:00,A80
2026-07-04 15:22:54+00:00,800,SE_3,Planned maintenance,A03,,2026-07-04 18:00:00+02:00,Naw_BZXSA2jXg0cC3i8C5g,1172.0,Nuclear,46WPU0000000017S,SE3,Forsmark block 3,,1,MAW,PT1M,3,2026-07-04 10:00:00+02:00,A77
2026-07-05 01:48:20+00:00,0,SE_3,Unplanned outage,A03,,2026-07-05 03:45:00+02:00,6itiy2WoGR0IrbaUN8Y6nA,100.0,Hydro Water Reservoir,46WPU0000000018Q,SE3,Trängslet,Trängslet G2,1,MAW,PT1M,2,2026-07-05 02:55:00+02:00,A80
2026-07-08 12:18:54+00:00,0,SE_3,Planned maintenance,A03,,2026-10-31 23:59:00+01:00,HawV7yyTRT4Ru3eb2cPl2Q,1063.0,Nuclear,46WPU00000000121,SE3,Ringhals 3,,1,MAW,PT1M,9,2026-05-04 05:00:00+02:00,A77
2026-07-08 12:36:14+00:00,0,SE_3,Unplanned outage,A03,,2026-09-02 00:00:00+02:00,J1SuWPrzAOPzwP-1zAR6dg,565.0,Nuclear,46WPU0000000014Y,SE3,Ringhals 4,Ringhals block 4 G41,1,MAW,PT1M,9,2026-05-23 17:00:00+02:00,A80
2026-07-09 03:47:21+00:00,515,SE_3,Unplanned outage,A03,,2026-07-09 09:00:00+02:00,haMFBsuenb_3dPAS-Ltcxw,1121.0,Nuclear,46WPU0000000016U,SE3,Forsmark block 2,,1,MAW,PT1M,9,2026-07-06 07:00:00+02:00,A77
2026-07-10 16:51:27+00:00,0,SE_3,Planned maintenance,A03,,2026-07-10 22:00:00+02:00,v1rawI4JuFu7tFxU9BB2Gg,1400.0,Nuclear,46WPU0000000061P,SE3,Oskarshamn 3,Oskarshamn G3,1,MAW,PT1M,12,2026-03-28 19:00:00+01:00,A80
2026-07-12 17:24:26+00:00,950,SE_3,Unplanned outage,A03,,2026-07-12 20:30:00+02:00,lmG5YzEoz44_07gvqs9XuA,1100.0,Nuclear,46WPU0000000015W,SE3,Forsmark block 1,,1,MAW,PT1M,3,2026-07-11 21:15:00+02:00,A77
2026-07-13 20:53:22+00:00,0,SE_3,Unplanned outage,A03,,2026-07-14 01:00:00+02:00,NOGa5_um7fZ3oIybl4-BWw,1400.0,Nuclear,46WPU0000000061P,SE3,Oskarshamn 3,,1,MAW,PT1M,2,2026-07-13 14:30:00+02:00,A77
2026-07-19 11:25:47+00:00,600,SE_3,Unplanned outage,A03,,2026-07-19 14:30:00+02:00,t8m0jCBdd0LKalpDpHp6XQ,1400.0,Nuclear,46WPU0000000061P,SE3,Oskarshamn 3,,1,MAW,PT1M,2,2026-07-18 04:00:00+02:00,A77
2026-07-24 12:29:25+00:00,0,SE_3,Planned maintenance,A03,,2026-08-21 23:59:00+02:00,BFmqXYRlEELEYNunOyfVsA,130.0,Biomass,46WPU0000000023X,SE3,Värtaverket,KVV8 Värtaverket,1,MAW,PT1M,11,2026-05-22 23:00:00+02:00,A80
2026-08-13 11:54:10+00:00,1200,SE_3,Planned maintenance,A03,,2026-08-13 14:00:00+02:00,eS23iCPo3fEMsDd6M8KKvg,1400.0,Nuclear,46WPU0000000061P,SE3,Oskarshamn 3,Oskarshamn G3,1,MAW,PT1M,2,2026-08-13 09:00:00+02:00,A80
2026-08-15 19:43:55+00:00,0,SE_3,Unplanned outage,A03,,2026-08-15 23:59:00+02:00,UMfCibAYWzp0UbGwyks4bw,100.0,Hydro Water Reservoir,46WPU0000000018Q,SE3,Trängslet,Trängslet G2,1,MAW,PT1M,1,2026-08-15 21:35:00+02:00,A80
2026-08-24 16:29:52+00:00,0,SE_3,Unplanned outage,A03,,2026-08-24 18:25:00+02:00,cs6_dyAqllvJRJbkogJePw,100.0,Hydro Water Reservoir,46WPU0000000018Q,SE3,Trängslet,Trängslet G2,1,MAW,PT1M,2,2026-08-24 16:43:00+02:00,A80
2026-08-24 16:54:40+00:00,0,SE_3,Planned maintenance,A03,Cancelled,2026-08-28 16:00:00+02:00,l1ZAhMNoB0TM73zWcruRTQ,100.0,Hydro Water Reservoir,46WPU0000000018Q,SE3,Trängslet,Trängslet G2,1,MAW,PT1M,2,2026-08-28 13:00:00+02:00,A80
2026-08-25 14:27:58+00:00,0,SE_3,Unplanned outage,A03,,2026-08-25 18:00:00+02:00,edeAdeL7nSa1AQ3gGNtwOQ,130.0,Hydro Water Reservoir,46WPU0000000018Q,SE3,Trängslet,Trängslet G3,1,MAW,PT1M,1,2026-08-25 16:20:00+02:00,A80
2026-08-27 07:36:38+00:00,0,SE_3,Planned maintenance,A03,,2026-09-18 17:00:00+02:00,TpF8zzdR_eMF-rEJp4oTvA,200.0,Biomass,46WPU0000000023X,SE3,Värtaverket,KVV1 Värtaverket,1,MAW,PT1M,4,2026-07-13 08:00:00+02:00,A80
2026-09-04 04:03:19+00:00,0,SE_3,Unplanned outage,A03,,2026-09-04 07:00:00+02:00,m7rIxFMMS28HMeOHWbfhbA,130.0,Hydro Water Reservoir,46WPU0000000018Q,SE3,Trängslet,Trängslet G3,1,MAW,PT1M,1,2026-09-04 05:58:00+02:00,A80
2026-09-04 08:45:25+00:00,0,SE_3,Planned maintenance,A03,,2026-11-17 12:00:00+01:00,i5JT22neolYpgIGu24zN6Q,1100.0,Nuclear,46WPU0000000015W,SE3,Forsmark block 1,,1,MAW,PT1M,6,2026-09-06 12:00:00+02:00,A77
2026-09-04 17:59:57+00:00,0,SE_3,Planned maintenance,A03,,2026-09-04 20:00:00+02:00,ffIwIaSA2YnXKEY0c4Zm2A,130.0,Biomass,46WPU0000000023X,SE3,Värtaverket,KVV8 Värtaverket,1,MAW,PT1M,7,2026-09-01 11:00:00+02:00,A80
2026-09-05 01:55:10+00:00,0,SE_3,Unplanned outage,A03,,2026-09-05 04:00:00+02:00,eTEBzNtngWORscHYOkNfYg,130.0,Biomass,46WPU0000000023X,SE3,Värtaverket,KVV8 Värtaverket,1,MAW,PT1M,4,2026-09-04 20:00:00+02:00,A80
2026-09-05 03:09:33+00:00,220,SE_3,Planned maintenance,A03,,2026-09-05 05:00:00+02:00,uYG0NJ8P511n2koPcGYHIA,330.0,Hydro Water Reservoir,46WPU0000000018Q,SE3,Trängslet,,1,MAW,PT1M,11,2026-08-19 06:00:00+02:00,A77
2026-09-06 22:30:06+00:00,250,SE_3,Unplanned outage,A03,,2026-09-07 00:30:00+02:00,ija_L3V3ThI7wQYHRheCsw,1121.0,Nuclear,46WPU0000000016U,SE3,Forsmark block 2,,1,MAW,PT1M,2,2026-09-06 21:56:00+02:00,A77
2026-09-07 23:52:49+00:00,490,SE_3,Unplanned outage,A03,,2026-09-07 19:00:00+02:00,On5aDfI02OpvMHv6_IGo1Q,1121.0,Nuclear,46WPU0000000016U,SE3,Forsmark block 2,,1,MAW,PT1M,4,2026-09-07 00:30:00+02:00,A77
2026-09-08 14:49:51+00:00,0,SE_3,Planned maintenance,A03,,2026-11-30 23:59:00+01:00,0wKhEBiUOOK5jiHt8Nkiiw,1134.0,Nuclear,46WPU0000000014Y,SE3,Ringhals 4,,1,MAW,PT1M,2,2026-09-02 00:00:00+02:00,A77
2026-09-11 03:32:38+00:00,0,SE_3,Unplanned outage,A03,,2026-09-11 07:00:00+02:00,8e2CrFRa9jwBIazz8cIh9g,130.0,Hydro Water Reservoir,46WPU0000000018Q,SE3,Trängslet,Trängslet G3,1,MAW,PT1M,1,2026-09-11 05:27:00+02:00,A80
2026-09-11 05:56:07+00:00,0,SE_3,Planned maintenance,A03,,2026-09-10 20:14:00+02:00,eCalFoB1rd-j2ZF-twRPHQ,100.0,Hydro Water Reservoir,46WPU0000000018Q,SE3,Trängslet,Trängslet G1,1,MAW,PT1M,4,2026-08-10 07:00:00+02:00,A80
