created_doc_time,docstatus,mrid,revision,businesstype,in_domain,out_domain,qty_uom,curvetype,start,end,resolution,pstn,avail_qty,pair,kept
2025-11-05 11:52:19+00:00,Cancelled,0VQvxPVJ1mJWMZgAQ2HeOg,7,Planned maintenance,SE_3,SE_2,MAW,A03,2020-01-01 01:00:00+01:00,2021-01-01 01:00:00+01:00,PT1M,1,0,se2_se3,False
2025-11-05 11:52:19+00:00,Cancelled,pR4JGqQhdYG3IfIMW00sjg,8,Planned maintenance,SE_3,SE_2,MAW,A03,2020-01-01 01:00:00+01:00,2021-01-01 01:00:00+01:00,PT1M,1,0,se2_se3,False
2025-11-05 11:52:19+00:00,Cancelled,UNDk4b86SO_FpTrP86LXKQ,4,Planned maintenance,SE_3,SE_2,MAW,A03,2020-01-01 01:00:00+01:00,2021-01-01 01:00:00+01:00,PT1M,1,0,se2_se3,False
2025-11-05 11:52:19+00:00,Cancelled,iOK6TTf5urju_oi4w_sjNA,10,Planned maintenance,SE_3,SE_2,MAW,A03,2020-01-01 01:00:00+01:00,2021-01-01 01:00:00+01:00,PT1M,1,0,se2_se3,False
2025-11-05 11:52:19+00:00,Cancelled,lOuDc2eGI9otwvmwh1JgrQ,6,Planned maintenance,SE_3,SE_2,MAW,A03,2020-01-01 01:00:00+01:00,2021-01-01 01:00:00+01:00,PT1M,1,0,se2_se3,False
2025-11-05 11:52:19+00:00,Cancelled,H2W0qTQcxH1-7R3pPK9BtA,2,Planned maintenance,SE_3,SE_2,MAW,A03,2020-01-01 01:00:00+01:00,2021-01-01 01:00:00+01:00,PT1M,1,0,se2_se3,False
2025-11-05 11:52:19+00:00,Cancelled,6cIpBmMq22xncFqK_Goimw,34,Planned maintenance,SE_3,SE_2,MAW,A03,2020-01-01 01:00:00+01:00,2021-01-01 01:00:00+01:00,PT1M,1,0,se2_se3,False
2025-11-05 11:52:20+00:00,Cancelled,X5L-XkzBZmvNkfjCPsqWKQ,8,Planned maintenance,SE_3,SE_2,MAW,A03,2020-01-01 01:00:00+01:00,2021-01-01 01:00:00+01:00,PT1M,1,0,se2_se3,False
2025-11-05 11:52:20+00:00,Cancelled,hVxDAs9n5l9mJpTZ3-APZA,8,Planned maintenance,SE_3,SE_2,MAW,A03,2020-01-01 01:00:00+01:00,2021-01-01 01:00:00+01:00,PT1M,1,0,se2_se3,False
2025-11-05 11:52:20+00:00,Cancelled,ONsGb9DWttd5yjjZiIIGhw,15,Planned maintenance,SE_3,SE_2,MAW,A03,2020-01-01 01:00:00+01:00,2021-01-01 01:00:00+01:00,PT1M,1,0,se2_se3,False
2025-11-05 11:52:20+00:00,Cancelled,0KvO-TohVpmkhiTBU1n5Bg,6,Planned maintenance,SE_3,SE_2,MAW,A03,2020-01-01 01:00:00+01:00,2021-01-01 01:00:00+01:00,PT1M,1,0,se2_se3,False
2025-11-05 11:52:20+00:00,Cancelled,htx1IYGsV39bzcmTZDcQoQ,18,Planned maintenance,SE_3,SE_2,MAW,A03,2020-01-01 01:00:00+01:00,2021-01-01 01:00:00+01:00,PT1M,1,0,se2_se3,False
2025-11-05 11:52:20+00:00,Cancelled,CwBqb3LfnRijI3gy2tmXEg,3,Planned maintenance,SE_3,SE_2,MAW,A03,2020-01-01 01:00:00+01:00,2021-01-01 01:00:00+01:00,PT1M,1,0,se2_se3,False
2025-11-05 11:52:20+00:00,Cancelled,uwqLsObigB-Vh44-zahlLQ,8,Planned maintenance,SE_3,SE_2,MAW,A03,2020-01-01 01:00:00+01:00,2021-01-01 01:00:00+01:00,PT1M,1,0,se2_se3,False
2025-11-05 11:52:20+00:00,Cancelled,2QTIjjj4dz434UANdqexHg,3,Planned maintenance,SE_3,SE_2,MAW,A03,2020-01-01 01:00:00+01:00,2021-01-01 01:00:00+01:00,PT1M,1,0,se2_se3,False
2025-11-05 11:52:20+00:00,Cancelled,6RijKd_dPwoj5V_xv0Ge-g,4,Planned maintenance,SE_3,SE_2,MAW,A03,2020-01-01 01:00:00+01:00,2021-01-01 01:00:00+01:00,PT1M,1,0,se2_se3,False
2025-11-05 11:52:20+00:00,Cancelled,JDiwKWzg7vhQkt_gd61AZw,8,Planned maintenance,SE_3,SE_2,MAW,A03,2020-01-01 01:00:00+01:00,2021-01-01 01:00:00+01:00,PT1M,1,0,se2_se3,False
2025-11-05 11:52:20+00:00,Cancelled,0brYVvkgADyFsES0KvNz6g,3,Planned maintenance,SE_3,SE_2,MAW,A03,2020-01-01 01:00:00+01:00,2021-01-01 01:00:00+01:00,PT1M,1,0,se2_se3,False
2025-11-05 11:52:20+00:00,Cancelled,ig6Tvis6N3xFt7OwN1wSPg,11,Planned maintenance,SE_3,SE_2,MAW,A03,2020-01-01 01:00:00+01:00,2021-01-01 01:00:00+01:00,PT1M,1,0,se2_se3,False
2025-11-05 11:52:20+00:00,Cancelled,uzxJ0JQvKSW7o3Uul4jPTw,6,Planned maintenance,SE_3,SE_2,MAW,A03,2020-01-01 01:00:00+01:00,2021-01-01 01:00:00+01:00,PT1M,1,0,se2_se3,False
2025-11-05 11:52:20+00:00,Cancelled,uShqh1isaJDRsM5E-b1Hww,10,Planned maintenance,SE_3,SE_2,MAW,A03,2020-01-01 01:00:00+01:00,2021-01-01 01:00:00+01:00,PT1M,1,0,se2_se3,False
2025-11-05 11:52:20+00:00,Cancelled,ABnqTuPdv0OM2dBZepJV_Q,3,Planned maintenance,SE_3,SE_2,MAW,A03,2020-01-01 01:00:00+01:00,2021-01-01 01:00:00+01:00,PT1M,1,0,se2_se3,False
2025-11-05 11:52:21+00:00,Cancelled,J6pJF9CECg7Qk4SdDjX5Nw,10,Planned maintenance,SE_3,SE_2,MAW,A03,2020-01-01 01:00:00+01:00,2021-01-01 01:00:00+01:00,PT1M,1,0,se2_se3,False
2025-11-05 11:52:21+00:00,Cancelled,AHmVoutHC0u_fqcBA8pbUg,13,Planned maintenance,SE_3,SE_2,MAW,A03,2020-01-01 01:00:00+01:00,2021-01-01 01:00:00+01:00,PT1M,1,0,se2_se3,False
2025-11-05 11:52:21+00:00,Cancelled,uBToGT7KKNwmxieglI3H7w,7,Planned maintenance,SE_3,SE_2,MAW,A03,2020-01-01 01:00:00+01:00,2021-01-01 01:00:00+01:00,PT1M,1,0,se2_se3,False
2025-11-05 11:52:21+00:00,Cancelled,o0DvONbnrh5aNKg_3Mhtnw,12,Planned maintenance,SE_3,SE_2,MAW,A03,2020-01-01 01:00:00+01:00,2021-01-01 01:00:00+01:00,PT1M,1,0,se2_se3,False
2025-11-05 11:52:21+00:00,Cancelled,uZ1RgtLxSdK5IA3lgoS8uw,8,Planned maintenance,SE_3,SE_2,MAW,A03,2020-01-01 01:00:00+01:00,2021-01-01 01:00:00+01:00,PT1M,1,0,se2_se3,False
2025-11-05 11:52:21+00:00,Cancelled,X1za6P02qsCyriNDzLd0kQ,7,Planned maintenance,SE_3,SE_2,MAW,A03,2020-01-01 01:00:00+01:00,2021-01-01 01:00:00+01:00,PT1M,1,0,se2_se3,False
2025-11-05 11:52:21+00:00,Cancelled,N6k9o0JzdFkK05gBng5Lag,3,Planned maintenance,SE_3,SE_2,MAW,A03,2020-01-01 01:00:00+01:00,2021-01-01 01:00:00+01:00,PT1M,1,0,se2_se3,False
2025-11-05 11:52:21+00:00,Cancelled,BsJsMGwIlrNWwjkt5hum-Q,23,Planned maintenance,SE_3,SE_2,MAW,A03,2020-01-01 01:00:00+01:00,2021-01-01 01:00:00+01:00,PT1M,1,0,se2_se3,False
2025-11-05 11:52:21+00:00,Cancelled,WKEmprwooF_psrHAl_ZxXQ,13,Planned maintenance,SE_3,SE_2,MAW,A03,2020-01-01 01:00:00+01:00,2021-01-01 01:00:00+01:00,PT1M,1,0,se2_se3,False
2025-11-05 11:52:21+00:00,Cancelled,-pfRZ4H3col80VJ4KYrOEw,9,Planned maintenance,SE_3,SE_2,MAW,A03,2020-01-01 01:00:00+01:00,2021-01-01 01:00:00+01:00,PT1M,1,0,se2_se3,False
2025-11-05 11:52:21+00:00,Cancelled,4dYmbHL8-wA4XxZPT7tsIQ,5,Planned maintenance,SE_3,SE_2,MAW,A03,2020-01-01 01:00:00+01:00,2021-01-01 01:00:00+01:00,PT1M,1,0,se2_se3,False
2025-11-05 11:52:21+00:00,Cancelled,L30czW2HHJJnuRTM5V7HBw,4,Planned maintenance,SE_3,SE_2,MAW,A03,2020-01-01 01:00:00+01:00,2021-01-01 01:00:00+01:00,PT1M,1,0,se2_se3,False
2025-11-05 11:52:21+00:00,Cancelled,GDsoZUMT5XNA7y1-34BKSg,14,Planned maintenance,SE_3,SE_2,MAW,A03,2020-01-01 01:00:00+01:00,2021-01-01 01:00:00+01:00,PT1M,1,0,se2_se3,False
2025-11-05 11:52:21+00:00,Cancelled,DukhgIZfPwZ4wvl5SD6igQ,37,Planned maintenance,SE_3,SE_2,MAW,A03,2020-01-01 01:00:00+01:00,2021-01-01 01:00:00+01:00,PT1M,1,0,se2_se3,False
2025-11-05 11:52:21+00:00,Cancelled,J5TQfCyK8hZWyy-Cd-i1ig,3,Planned maintenance,SE_3,SE_2,MAW,A03,2020-01-01 01:00:00+01:00,2021-01-01 01:00:00+01:00,PT1M,1,0,se2_se3,False
2025-11-05 11:52:22+00:00,Cancelled,Ufv_T__T_7cyWrFk0D_mBg,3,Planned maintenance,SE_3,SE_2,MAW,A03,2020-01-01 01:00:00+01:00,2021-01-01 01:00:00+01:00,PT1M,1,0,se2_se3,False
2025-11-05 11:52:22+00:00,Cancelled,o_jMuSf2jMNtO3nwaE6f8g,8,Planned maintenance,SE_3,SE_2,MAW,A03,2020-01-01 01:00:00+01:00,2021-01-01 01:00:00+01:00,PT1M,1,0,se2_se3,False
2025-11-05 11:52:22+00:00,Cancelled,fvqYN_u_F8ewyrGrnsMwfA,48,Planned maintenance,SE_3,SE_2,MAW,A03,2020-01-01 01:00:00+01:00,2021-01-01 01:00:00+01:00,PT1M,1,0,se2_se3,False
2025-11-05 11:52:22+00:00,Cancelled,800vPdXwUPwQubR1Ai_1GQ,2,Planned maintenance,SE_3,SE_2,MAW,A03,2020-01-01 01:00:00+01:00,2021-01-01 01:00:00+01:00,PT1M,1,0,se2_se3,False
2025-11-05 11:52:22+00:00,Cancelled,FI0WP45ZWinhROv63Xblgg,4,Planned maintenance,SE_3,SE_2,MAW,A03,2020-01-01 01:00:00+01:00,2021-01-01 01:00:00+01:00,PT1M,1,0,se2_se3,False
2025-11-05 11:52:22+00:00,Cancelled,p89hEH0UQ50WJ1_rysXHQg,2,Planned maintenance,SE_3,SE_2,MAW,A03,2020-01-01 01:00:00+01:00,2021-01-01 01:00:00+01:00,PT1M,1,0,se2_se3,False
2025-11-05 11:52:22+00:00,Cancelled,6wSmX-imAzu6s1ZrUucBvw,5,Planned maintenance,SE_3,SE_4,MAW,A03,2020-01-01 01:00:00+01:00,2021-01-01 01:00:00+01:00,PT1M,1,0,se4_se3,False
2025-11-05 11:52:22+00:00,Cancelled,miputdoV-uScXsZqPQpoLQ,2,Planned maintenance,SE_3,SE_4,MAW,A03,2020-01-01 01:00:00+01:00,2021-01-01 01:00:00+01:00,PT1M,1,0,se4_se3,False
2025-11-05 11:52:22+00:00,Cancelled,uyKXbQ3EYblEKWvxQzmNDg,4,Planned maintenance,SE_3,DK_1,MAW,A03,2020-01-01 01:00:00+01:00,2021-01-01 01:00:00+01:00,PT1M,1,0,dk1_se3,False
2025-11-05 11:52:22+00:00,Cancelled,j5CLPQyt_tKZ2Dny2DvMNw,3,Planned maintenance,SE_3,DK_1,MAW,A03,2020-01-01 01:00:00+01:00,2021-01-01 01:00:00+01:00,PT1M,1,0,dk1_se3,False
2025-11-05 11:52:22+00:00,Cancelled,5H7Y-u0axhx4pVoJuJyzxA,5,Planned maintenance,SE_3,SE_4,MAW,A03,2020-01-01 01:00:00+01:00,2021-01-01 01:00:00+01:00,PT1M,1,0,se4_se3,False
2025-11-05 11:52:22+00:00,Cancelled,mFrTpuaoPeWeAkYnMOD9Jw,17,Planned maintenance,SE_3,DK_1,MAW,A03,2020-01-01 01:00:00+01:00,2021-01-01 01:00:00+01:00,PT1M,1,0,dk1_se3,False
2025-11-05 11:52:22+00:00,Cancelled,xgY772TU5DNOKIbhuTFMWA,22,Planned maintenance,SE_3,DK_1,MAW,A03,2020-01-01 01:00:00+01:00,2021-01-01 01:00:00+01:00,PT1M,1,0,dk1_se3,False
2025-11-05 11:52:22+00:00,Cancelled,LgS0UUyzZxjCjr6h892gQw,3,Planned maintenance,SE_3,DK_1,MAW,A03,2020-01-01 01:00:00+01:00,2021-01-01 01:00:00+01:00,PT1M,1,0,dk1_se3,False
2025-11-05 11:52:23+00:00,Cancelled,YNCq18peyu0ZmkH7EZbJPw,7,Planned maintenance,SE_3,DK_1,MAW,A03,2020-01-01 01:00:00+01:00,2021-01-01 01:00:00+01:00,PT1M,1,0,dk1_se3,False
2025-11-05 11:52:23+00:00,Cancelled,hGHclv6nz7avUr_gFdAoWw,9,Planned maintenance,SE_3,DK_1,MAW,A03,2020-01-01 01:00:00+01:00,2021-01-01 01:00:00+01:00,PT1M,1,0,dk1_se3,False
2025-11-05 11:52:23+00:00,Cancelled,cOj0dZcDeM91t1b1TqUbDA,3,Planned maintenance,SE_3,DK_1,MAW,A03,2020-01-01 01:00:00+01:00,2021-01-01 01:00:00+01:00,PT1M,1,0,dk1_se3,False
2025-11-05 11:52:23+00:00,Cancelled,o3CezSt2d2DeZ-yw9Zi95g,3,Planned maintenance,SE_3,DK_1,MAW,A03,2020-01-01 01:00:00+01:00,2021-01-01 01:00:00+01:00,PT1M,1,0,dk1_se3,False
2025-11-05 11:52:23+00:00,Cancelled,zIag_7Ap2aQCucK-S9jSsA,7,Planned maintenance,SE_3,DK_1,MAW,A03,2020-01-01 01:00:00+01:00,2021-01-01 01:00:00+01:00,PT1M,1,0,dk1_se3,False
2025-11-05 11:52:23+00:00,Cancelled,ZXUT9v53LVOLEnd__SahIw,5,Planned maintenance,SE_3,DK_1,MAW,A03,2020-01-01 01:00:00+01:00,2021-01-01 01:00:00+01:00,PT1M,1,0,dk1_se3,False
2025-11-05 11:52:23+00:00,Cancelled,MYqqad0RhHEnKZ_2hMvb3g,5,Planned maintenance,SE_3,DK_1,MAW,A03,2020-01-01 01:00:00+01:00,2021-01-01 01:00:00+01:00,PT1M,1,0,dk1_se3,False
2025-11-05 11:52:23+00:00,Cancelled,CdutXVkNxktlrR3nBBLbBw,5,Planned maintenance,SE_3,DK_1,MAW,A03,2020-01-01 01:00:00+01:00,2021-01-01 01:00:00+01:00,PT1M,1,0,dk1_se3,False
2025-11-05 11:52:23+00:00,Cancelled,KPDyhpesJu9b-F4OfGfBzA,7,Planned maintenance,SE_3,DK_1,MAW,A03,2020-01-01 01:00:00+01:00,2021-01-01 01:00:00+01:00,PT1M,1,0,dk1_se3,False
2025-11-05 11:52:23+00:00,Cancelled,h5qv6AX1wCIqC7asAy-q5A,3,Planned maintenance,SE_3,DK_1,MAW,A03,2020-01-01 01:00:00+01:00,2021-01-01 01:00:00+01:00,PT1M,1,0,dk1_se3,False
2025-11-05 11:52:23+00:00,Cancelled,86jpdMlE0kXjjIU89BjTTw,5,Planned maintenance,SE_3,DK_1,MAW,A03,2020-01-01 01:00:00+01:00,2021-01-01 01:00:00+01:00,PT1M,1,0,dk1_se3,False
2025-11-05 11:52:23+00:00,Cancelled,GPr7PwSo1iLJh3f58lr7_g,3,Planned maintenance,SE_3,DK_1,MAW,A03,2020-01-01 01:00:00+01:00,2021-01-01 01:00:00+01:00,PT1M,1,0,dk1_se3,False
2025-11-05 11:52:24+00:00,Cancelled,3mEOjWDnuXINfhk4DSV9bQ,8,Planned maintenance,SE_3,FI,MAW,A03,2020-01-01 02:00:00+02:00,2021-01-01 02:00:00+02:00,PT1M,1,0,fi_se3,False
2025-11-05 11:52:24+00:00,Cancelled,j-rLD1pDQu1fFrnha8eobA,15,Planned maintenance,SE_3,FI,MAW,A03,2020-01-01 02:00:00+02:00,2021-01-01 02:00:00+02:00,PT1M,1,0,fi_se3,False
2025-11-05 11:52:24+00:00,Cancelled,HWtadBDMZeJ_x2__cx_zvQ,18,Planned maintenance,SE_3,FI,MAW,A03,2020-01-01 02:00:00+02:00,2021-01-01 02:00:00+02:00,PT1M,1,0,fi_se3,False
2025-11-05 11:52:24+00:00,Cancelled,3srbhK_y1g0ujqEtflobiA,5,Planned maintenance,SE_3,FI,MAW,A03,2020-01-01 02:00:00+02:00,2021-01-01 02:00:00+02:00,PT1M,1,0,fi_se3,False
2025-11-05 11:52:24+00:00,Cancelled,-auCgJ-HreY6S8AD2uMIYg,3,Planned maintenance,SE_3,DK_1,MAW,A03,2020-01-01 01:00:00+01:00,2021-01-01 01:00:00+01:00,PT1M,1,0,dk1_se3,False
2025-11-05 11:52:26+00:00,Cancelled,HvEck6pjaduaZY34WrlnNw,8,Planned maintenance,SE_3,FI,MAW,A03,2020-01-01 02:00:00+02:00,2021-01-01 02:00:00+02:00,PT1M,1,0,fi_se3,False
2025-11-05 11:52:26+00:00,Cancelled,JshClKOQtMMUs36lTylvMg,8,Planned maintenance,SE_3,FI,MAW,A03,2020-01-01 02:00:00+02:00,2021-01-01 02:00:00+02:00,PT1M,1,0,fi_se3,False
2025-11-05 11:52:26+00:00,Cancelled,p17ahgbp-2jHyjVlAOjNQg,7,Planned maintenance,SE_3,NO_1,MAW,A03,2020-01-01 01:00:00+01:00,2021-01-01 01:00:00+01:00,PT1M,1,0,no1_se3,False
2025-11-05 11:52:26+00:00,Cancelled,IFKOKJxC6dzxYZo5x4PMDg,28,Planned maintenance,SE_3,NO_1,MAW,A03,2020-01-01 01:00:00+01:00,2021-01-01 01:00:00+01:00,PT1M,1,0,no1_se3,False
2025-11-05 11:52:26+00:00,Cancelled,JEGlRtBnQ8y432P0D2yLYg,3,Planned maintenance,SE_3,NO_1,MAW,A03,2020-01-01 01:00:00+01:00,2021-01-01 01:00:00+01:00,PT1M,1,0,no1_se3,False
2025-11-05 11:52:27+00:00,Cancelled,Pl1k7ITao49WmsYiqOfULg,24,Planned maintenance,SE_3,NO_1,MAW,A03,2020-01-01 01:00:00+01:00,2021-01-01 01:00:00+01:00,PT1M,1,0,no1_se3,False
2025-11-05 11:52:27+00:00,Cancelled,UunCWeQAkcXXtmiZ7r7ReA,3,Planned maintenance,SE_3,NO_1,MAW,A03,2020-01-01 01:00:00+01:00,2021-01-01 01:00:00+01:00,PT1M,1,0,no1_se3,False
2025-11-05 11:52:27+00:00,Cancelled,H7CYQYqmKK-ZYrOtbJKe9w,6,Planned maintenance,SE_3,NO_1,MAW,A03,2020-01-01 01:00:00+01:00,2021-01-01 01:00:00+01:00,PT1M,1,0,no1_se3,False
2025-11-05 11:52:27+00:00,Cancelled,u9q-KrPXqyKfv8k7t5ed8w,3,Planned maintenance,SE_3,NO_1,MAW,A03,2020-01-01 01:00:00+01:00,2021-01-01 01:00:00+01:00,PT1M,1,0,no1_se3,False
2025-11-05 11:52:27+00:00,Cancelled,esRmp1XMfEnH0J4Zntw0pQ,2,Planned maintenance,SE_3,NO_1,MAW,A03,2020-01-01 01:00:00+01:00,2021-01-01 01:00:00+01:00,PT1M,1,0,no1_se3,False
2025-11-05 11:52:27+00:00,Cancelled,ieRmDnzIzx43p2zLFcNsbg,12,Planned maintenance,SE_3,NO_1,MAW,A03,2020-01-01 01:00:00+01:00,2021-01-01 01:00:00+01:00,PT1M,1,0,no1_se3,False
2025-11-05 11:52:27+00:00,Cancelled,kTQatlLCTHSJTcqxYpuduA,7,Planned maintenance,SE_3,NO_1,MAW,A03,2020-01-01 01:00:00+01:00,2021-01-01 01:00:00+01:00,PT1M,1,0,no1_se3,False
2025-11-05 11:52:27+00:00,Cancelled,OvEmTFGGTzuu4O1-tkkHrQ,41,Planned maintenance,SE_3,NO_1,MAW,A03,2020-01-01 01:00:00+01:00,2021-01-01 01:00:00+01:00,PT1M,1,0,no1_se3,False
2025-11-05 11:52:27+00:00,Cancelled,vMcfGuVOF0bE4HyeMMG38w,3,Planned maintenance,SE_3,NO_1,MAW,A03,2020-01-01 01:00:00+01:00,2021-01-01 01:00:00+01:00,PT1M,1,0,no1_se3,False
2025-11-05 11:52:27+00:00,Cancelled,UvdgwGzg64Uuod1litjWtA,9,Planned maintenance,SE_3,NO_1,MAW,A03,2020-01-01 01:00:00+01:00,2021-01-01 01:00:00+01:00,PT1M,1,0,no1_se3,False
2025-11-05 11:52:27+00:00,Cancelled,Sj4tV8DivkkRQ5IBmQylpQ,4,Planned maintenance,SE_3,NO_1,MAW,A03,2020-01-01 01:00:00+01:00,2021-01-01 01:00:00+01:00,PT1M,1,0,no1_se3,False
2025-11-05 11:52:27+00:00,Cancelled,8CVOBLYwf0oFVJr2NaruAQ,7,Planned maintenance,SE_3,NO_1,MAW,A03,2020-01-01 01:00:00+01:00,2021-01-01 01:00:00+01:00,PT1M,1,0,no1_se3,False
2025-11-05 11:52:27+00:00,Cancelled,129p3H0C1QoadUg9MFYtxg,17,Planned maintenance,SE_3,NO_1,MAW,A03,2020-01-01 01:00:00+01:00,2021-01-01 01:00:00+01:00,PT1M,1,0,no1_se3,False
2025-11-05 11:52:27+00:00,Cancelled,8i9vPunikgTBwgTi3voktQ,3,Planned maintenance,SE_3,NO_1,MAW,A03,2020-01-01 01:00:00+01:00,2021-01-01 01:00:00+01:00,PT1M,1,0,no1_se3,False
2025-11-05 11:52:27+00:00,Cancelled,veNOLJFAtozBFgZV2KuB7g,3,Planned maintenance,SE_3,NO_1,MAW,A03,2020-01-01 01:00:00+01:00,2021-01-01 01:00:00+01:00,PT1M,1,0,no1_se3,False
2025-11-05 11:52:27+00:00,Cancelled,0SIF-xEVvZ-tYi9IORFOKQ,5,Planned maintenance,SE_3,NO_1,MAW,A03,2020-01-01 01:00:00+01:00,2021-01-01 01:00:00+01:00,PT1M,1,0,no1_se3,False
2025-11-05 11:52:28+00:00,Cancelled,13h-dCeyqEeSxvicjYCZnQ,30,Planned maintenance,SE_3,NO_1,MAW,A03,2020-01-01 01:00:00+01:00,2021-01-01 01:00:00+01:00,PT1M,1,0,no1_se3,False
2025-11-05 11:52:28+00:00,Cancelled,AJJOjL9lI5BdCl5VzCnX_w,5,Planned maintenance,SE_3,NO_1,MAW,A03,2020-01-01 01:00:00+01:00,2021-01-01 01:00:00+01:00,PT1M,1,0,no1_se3,False
2025-11-05 11:52:28+00:00,Cancelled,WHLU5fvXFlYMnd9f4Eg67A,5,Planned maintenance,SE_3,NO_1,MAW,A03,2020-01-01 01:00:00+01:00,2021-01-01 01:00:00+01:00,PT1M,1,0,no1_se3,False
2025-11-05 11:52:28+00:00,Cancelled,3eD_pdIgIGm8779iUbudZw,26,Planned maintenance,SE_3,NO_1,MAW,A03,2020-01-01 01:00:00+01:00,2021-01-01 01:00:00+01:00,PT1M,1,0,no1_se3,False
2025-11-05 11:52:28+00:00,Cancelled,r84EQjnHPox720b-Tvqkgg,29,Planned maintenance,SE_3,NO_1,MAW,A03,2020-01-01 01:00:00+01:00,2021-01-01 01:00:00+01:00,PT1M,1,0,no1_se3,False
2025-11-05 11:52:28+00:00,Cancelled,CYxTjfduk_a8FaSREvyrDQ,9,Planned maintenance,SE_3,NO_1,MAW,A03,2020-01-01 01:00:00+01:00,2021-01-01 01:00:00+01:00,PT1M,1,0,no1_se3,False
2025-11-05 11:52:28+00:00,Cancelled,1S3JSa3CM_e1sf8IHpJ9uA,8,Planned maintenance,SE_3,NO_1,MAW,A03,2020-01-01 01:00:00+01:00,2021-01-01 01:00:00+01:00,PT1M,1,0,no1_se3,False
2025-11-05 11:52:28+00:00,Cancelled,8nS-Dx82rnYMOFKyOYHAYw,2,Planned maintenance,SE_3,NO_1,MAW,A03,2020-01-01 01:00:00+01:00,2021-01-01 01:00:00+01:00,PT1M,1,0,no1_se3,False
2025-11-05 11:52:28+00:00,Cancelled,RrihODB65iRhrX_cy3TDew,5,Planned maintenance,SE_3,NO_1,MAW,A03,2020-01-01 01:00:00+01:00,2021-01-01 01:00:00+01:00,PT1M,1,0,no1_se3,False
2025-11-05 11:52:28+00:00,Cancelled,cPYRML0dehQQHXrb-T70Kw,20,Planned maintenance,SE_3,NO_1,MAW,A03,2020-01-01 01:00:00+01:00,2021-01-01 01:00:00+01:00,PT1M,1,0,no1_se3,False
2025-11-05 11:52:28+00:00,Cancelled,h6KPePtwuGJZwj3D8mRfyQ,12,Planned maintenance,SE_3,NO_1,MAW,A03,2020-01-01 01:00:00+01:00,2021-01-01 01:00:00+01:00,PT1M,1,0,no1_se3,False
2025-11-05 11:52:28+00:00,Cancelled,1vEKd9F8cKxTDyTYnZ6-Eg,9,Planned maintenance,SE_3,NO_1,MAW,A03,2020-01-01 01:00:00+01:00,2021-01-01 01:00:00+01:00,PT1M,1,0,no1_se3,False
2025-11-05 11:52:28+00:00,Cancelled,bSnF6bRgV5diaAEtZxapsg,15,Planned maintenance,SE_3,NO_1,MAW,A03,2020-01-01 01:00:00+01:00,2021-01-01 01:00:00+01:00,PT1M,1,0,no1_se3,False
2025-11-05 11:52:28+00:00,Cancelled,nuoy-XXzpTjZJawWqdAJqQ,3,Planned maintenance,SE_3,NO_1,MAW,A03,2020-01-01 01:00:00+01:00,2021-01-01 01:00:00+01:00,PT1M,1,0,no1_se3,False
2025-11-05 11:52:28+00:00,Cancelled,zLezb5jwgcFllHuSIeqnjA,5,Planned maintenance,SE_3,NO_1,MAW,A03,2020-01-01 01:00:00+01:00,2021-01-01 01:00:00+01:00,PT1M,1,0,no1_se3,False
2025-11-05 11:52:28+00:00,Cancelled,UhE7QhfRQwi4cXytZqXsOg,2,Planned maintenance,SE_3,NO_1,MAW,A03,2020-01-01 01:00:00+01:00,2021-01-01 01:00:00+01:00,PT1M,1,0,no1_se3,False
2025-11-05 11:52:29+00:00,Cancelled,Y8x8XcIlIYOi9Rem4ijk9A,13,Planned maintenance,SE_4,SE_3,MAW,A03,2020-01-01 01:00:00+01:00,2021-01-01 01:00:00+01:00,PT1M,1,0,se3_se4,False
2025-11-05 11:52:29+00:00,Cancelled,rF_7YZA57wr59mcFBQYh9Q,12,Planned maintenance,SE_4,SE_3,MAW,A03,2020-01-01 01:00:00+01:00,2021-01-01 01:00:00+01:00,PT1M,1,0,se3_se4,False
2025-11-05 11:52:29+00:00,Cancelled,lO_5yJXyGMx-h2kgRSrhfw,5,Planned maintenance,SE_4,SE_3,MAW,A03,2020-01-01 01:00:00+01:00,2021-01-01 01:00:00+01:00,PT1M,1,0,se3_se4,False
2025-11-05 11:52:29+00:00,Cancelled,CLSSq6fIfDNeARKYHaf6YQ,7,Planned maintenance,SE_4,SE_3,MAW,A03,2020-01-01 01:00:00+01:00,2021-01-01 01:00:00+01:00,PT1M,1,0,se3_se4,False
2025-11-05 11:52:29+00:00,Cancelled,a-xPXGihAICy5MMOlwoiPA,3,Planned maintenance,SE_4,SE_3,MAW,A03,2020-01-01 01:00:00+01:00,2021-01-01 01:00:00+01:00,PT1M,1,0,se3_se4,False
2025-11-05 11:52:29+00:00,Cancelled,SQ07yhjENiD2wBXvJW7ZZQ,6,Planned maintenance,SE_3,NO_1,MAW,A03,2020-01-01 01:00:00+01:00,2021-01-01 01:00:00+01:00,PT1M,1,0,no1_se3,False
2025-11-05 11:52:29+00:00,Cancelled,EvPUA1l4XoYJkykRzLVi3w,34,Planned maintenance,SE_4,SE_3,MAW,A03,2020-01-01 01:00:00+01:00,2021-01-01 01:00:00+01:00,PT1M,1,0,se3_se4,False
2025-11-05 11:52:29+00:00,Cancelled,2ML9KmX88e6Gasp1Ae44TQ,16,Planned maintenance,SE_4,SE_3,MAW,A03,2020-01-01 01:00:00+01:00,2021-01-01 01:00:00+01:00,PT1M,1,0,se3_se4,False
2025-11-05 11:52:29+00:00,Cancelled,LQ2sSgUhUU-HhxVqQ_4JdA,3,Planned maintenance,SE_4,SE_3,MAW,A03,2020-01-01 01:00:00+01:00,2021-01-01 01:00:00+01:00,PT1M,1,0,se3_se4,False
2025-11-05 11:52:29+00:00,Cancelled,bnrY4v-5138EQCk0RJdN7g,2,Planned maintenance,SE_4,SE_3,MAW,A03,2020-01-01 01:00:00+01:00,2021-01-01 01:00:00+01:00,PT1M,1,0,se3_se4,False
2025-11-05 11:52:29+00:00,Cancelled,Pn1TkvFY8VCI1IRaWAz6Xw,6,Planned maintenance,SE_4,SE_3,MAW,A03,2020-01-01 01:00:00+01:00,2021-01-01 01:00:00+01:00,PT1M,1,0,se3_se4,False
2025-11-05 11:52:29+00:00,Cancelled,50VP_LJv4kA8WoNpk1SeUw,7,Planned maintenance,SE_4,SE_3,MAW,A03,2020-01-01 01:00:00+01:00,2021-01-01 01:00:00+01:00,PT1M,1,0,se3_se4,False
2025-11-05 11:52:29+00:00,Cancelled,mei1fdubTQo-DMoIwYbfxg,3,Planned maintenance,SE_4,SE_3,MAW,A03,2020-01-01 01:00:00+01:00,2021-01-01 01:00:00+01:00,PT1M,1,0,se3_se4,False
2025-11-05 11:52:29+00:00,Cancelled,lyajvVaXM8iIiJc9XiA6ow,3,Planned maintenance,SE_4,SE_3,MAW,A03,2020-01-01 01:00:00+01:00,2021-01-01 01:00:00+01:00,PT1M,1,0,se3_se4,False
2025-11-05 11:52:29+00:00,Cancelled,fib4kLtfDq6EGtdDUPUQqg,16,Planned maintenance,SE_4,SE_3,MAW,A03,2020-01-01 01:00:00+01:00,2021-01-01 01:00:00+01:00,PT1M,1,0,se3_se4,False
2025-11-05 11:52:29+00:00,Cancelled,orTcyaiiC1hZvYHm3tjyhA,6,Planned maintenance,SE_4,SE_3,MAW,A03,2020-01-01 01:00:00+01:00,2021-01-01 01:00:00+01:00,PT1M,1,0,se3_se4,False
2025-11-05 11:52:30+00:00,Cancelled,jUtBUCVdHgUSkjEruwKSiA,18,Planned maintenance,SE_4,SE_3,MAW,A03,2020-01-01 01:00:00+01:00,2021-01-01 01:00:00+01:00,PT1M,1,0,se3_se4,False
2025-11-05 11:52:30+00:00,Cancelled,xG0zLKOylksJv_QeVfCbLQ,6,Planned maintenance,SE_4,SE_3,MAW,A03,2020-01-01 01:00:00+01:00,2021-01-01 01:00:00+01:00,PT1M,1,0,se3_se4,False
2025-11-05 11:52:30+00:00,Cancelled,9A5jZUBUM3hlz88UcJJ8OA,4,Planned maintenance,SE_4,SE_3,MAW,A03,2020-01-01 01:00:00+01:00,2021-01-01 01:00:00+01:00,PT1M,1,0,se3_se4,False
2025-11-05 11:52:30+00:00,Cancelled,orOZE34BrBaF3zDJU6nHgQ,2,Planned maintenance,SE_4,SE_3,MAW,A03,2020-01-01 01:00:00+01:00,2021-01-01 01:00:00+01:00,PT1M,1,0,se3_se4,False
2025-11-05 11:52:30+00:00,Cancelled,3h-ppycIui-TG5lslObDYQ,13,Planned maintenance,SE_4,SE_3,MAW,A03,2020-01-01 01:00:00+01:00,2021-01-01 01:00:00+01:00,PT1M,1,0,se3_se4,False
2025-11-05 11:52:30+00:00,Cancelled,GeBqcneY-eCTBvytXzYnhw,3,Planned maintenance,SE_4,SE_3,MAW,A03,2020-01-01 01:00:00+01:00,2021-01-01 01:00:00+01:00,PT1M,1,0,se3_se4,False
2025-11-05 11:52:30+00:00,Cancelled,jL6diCpbyiFOncRRX-n_ww,10,Planned maintenance,SE_4,SE_3,MAW,A03,2020-01-01 01:00:00+01:00,2021-01-01 01:00:00+01:00,PT1M,1,0,se3_se4,False
2025-11-05 11:52:30+00:00,Cancelled,omNasB4TbyzJV6oisozEOA,5,Planned maintenance,SE_4,SE_3,MAW,A03,2020-01-01 01:00:00+01:00,2021-01-01 01:00:00+01:00,PT1M,1,0,se3_se4,False
2025-11-05 11:52:30+00:00,Cancelled,b1n-wSb8LwTNpT_jcweHIQ,9,Planned maintenance,SE_4,SE_3,MAW,A03,2020-01-01 01:00:00+01:00,2021-01-01 01:00:00+01:00,PT1M,1,0,se3_se4,False
2025-11-05 11:52:30+00:00,Cancelled,Lhq7v6KRomMuK67-GNY28A,3,Planned maintenance,SE_4,SE_3,MAW,A03,2020-01-01 01:00:00+01:00,2021-01-01 01:00:00+01:00,PT1M,1,0,se3_se4,False
2025-11-05 11:52:30+00:00,Cancelled,QzWtRAPHrZk7Fmpsl5ONlQ,15,Planned maintenance,SE_4,SE_3,MAW,A03,2020-01-01 01:00:00+01:00,2021-01-01 01:00:00+01:00,PT1M,1,0,se3_se4,False
2025-11-05 11:52:30+00:00,Cancelled,FkYbWmZjVaAwUH5dbRaQ7g,5,Planned maintenance,SE_4,SE_3,MAW,A03,2020-01-01 01:00:00+01:00,2021-01-01 01:00:00+01:00,PT1M,1,0,se3_se4,False
2025-11-05 11:52:31+00:00,Cancelled,vY2JLcbDWkw3jLV5AOZSZQ,2,Planned maintenance,SE_4,SE_3,MAW,A03,2020-01-01 01:00:00+01:00,2021-01-01 01:00:00+01:00,PT1M,1,0,se3_se4,False
2025-11-05 11:52:31+00:00,Cancelled,JBb9OKxPeRcyE0eY7BjIeg,37,Planned maintenance,SE_4,SE_3,MAW,A03,2020-01-01 01:00:00+01:00,2021-01-01 01:00:00+01:00,PT1M,1,0,se3_se4,False
2025-11-05 11:52:31+00:00,Cancelled,a1WD1YETh5rMZfd-Xq5mzQ,13,Planned maintenance,SE_4,SE_3,MAW,A03,2020-01-01 01:00:00+01:00,2021-01-01 01:00:00+01:00,PT1M,1,0,se3_se4,False
2025-11-05 11:52:31+00:00,Cancelled,eklYx37v-fay52qtCUlCTA,16,Planned maintenance,SE_4,SE_3,MAW,A03,2020-01-01 01:00:00+01:00,2021-01-01 01:00:00+01:00,PT1M,1,0,se3_se4,False
2025-11-05 11:52:31+00:00,Cancelled,IsT3MNc6VlUdmbx_XDJ3CA,3,Planned maintenance,SE_4,SE_3,MAW,A03,2020-01-01 01:00:00+01:00,2021-01-01 01:00:00+01:00,PT1M,1,0,se3_se4,False
2025-11-05 11:52:31+00:00,Cancelled,YmLa6NYLikAGwJWmNVcbrA,11,Planned maintenance,SE_4,SE_3,MAW,A03,2020-01-01 01:00:00+01:00,2021-01-01 01:00:00+01:00,PT1M,1,0,se3_se4,False
2025-11-05 11:52:31+00:00,Cancelled,I3gjTaACdnBErw64dqBMYg,6,Planned maintenance,SE_4,SE_3,MAW,A03,2020-01-01 01:00:00+01:00,2021-01-01 01:00:00+01:00,PT1M,1,0,se3_se4,False
2025-11-05 11:52:31+00:00,Cancelled,BZKOcke5RNJq5ZK1X634Dw,8,Planned maintenance,SE_4,SE_3,MAW,A03,2020-01-01 01:00:00+01:00,2021-01-01 01:00:00+01:00,PT1M,1,0,se3_se4,False
2025-11-05 11:52:31+00:00,Cancelled,DxIOi9sExAeTfx_kJhIwlA,3,Planned maintenance,SE_4,SE_3,MAW,A03,2020-01-01 01:00:00+01:00,2021-01-01 01:00:00+01:00,PT1M,1,0,se3_se4,False
2025-11-05 11:52:31+00:00,Cancelled,mnLhZMjUNNS6R9PxTwZKLA,2,Planned maintenance,SE_4,SE_3,MAW,A03,2020-01-01 01:00:00+01:00,2021-01-01 01:00:00+01:00,PT1M,1,0,se3_se4,False
2025-11-05 11:52:41+00:00,Cancelled,fE8b8LyNGuW2GBsdr3IezQ,4,Planned maintenance,DK_1,SE_3,MAW,A03,2020-01-01 01:00:00+01:00,2021-01-01 01:00:00+01:00,PT1M,1,0,se3_dk1,False
2025-11-05 11:52:41+00:00,Cancelled,B0IBP9B0AuJA_6SB0nM0JA,3,Planned maintenance,DK_1,SE_3,MAW,A03,2020-01-01 01:00:00+01:00,2021-01-01 01:00:00+01:00,PT1M,1,0,se3_dk1,False
2025-11-05 11:52:41+00:00,Cancelled,yL5eLpU35uuukQMalSOeZA,31,Planned maintenance,DK_1,SE_3,MAW,A03,2020-01-01 01:00:00+01:00,2021-01-01 01:00:00+01:00,PT1M,1,0,se3_dk1,False
2025-11-05 11:52:41+00:00,Cancelled,hvM80LqSRSRbu6X2RaLDcg,3,Planned maintenance,DK_1,SE_3,MAW,A03,2020-01-01 01:00:00+01:00,2021-01-01 01:00:00+01:00,PT1M,1,0,se3_dk1,False
2025-11-05 11:52:41+00:00,Cancelled,u0ZQaikOyWvaf9zMWk8KGQ,6,Planned maintenance,DK_1,SE_3,MAW,A03,2020-01-01 01:00:00+01:00,2021-01-01 01:00:00+01:00,PT1M,1,0,se3_dk1,False
2025-11-05 11:52:41+00:00,Cancelled,t4-_EjncMsFaizxlLiSzNw,11,Planned maintenance,DK_1,SE_3,MAW,A03,2020-01-01 01:00:00+01:00,2021-01-01 01:00:00+01:00,PT1M,1,0,se3_dk1,False
2025-11-05 11:52:41+00:00,Cancelled,ITTQYkyQpsCGY1JpP7zLUg,3,Planned maintenance,DK_1,SE_3,MAW,A03,2020-01-01 01:00:00+01:00,2021-01-01 01:00:00+01:00,PT1M,1,0,se3_dk1,False
2025-11-05 11:52:41+00:00,Cancelled,qpKy0Nb8Wgxy6FXI08-44w,9,Planned maintenance,DK_1,SE_3,MAW,A03,2020-01-01 01:00:00+01:00,2021-01-01 01:00:00+01:00,PT1M,1,0,se3_dk1,False
2025-11-05 11:52:41+00:00,Cancelled,JY_CGUrmTNcQG47_WOOYNQ,17,Planned maintenance,DK_1,SE_3,MAW,A03,2020-01-01 01:00:00+01:00,2021-01-01 01:00:00+01:00,PT1M,1,0,se3_dk1,False
2025-11-05 11:52:41+00:00,Cancelled,meLhxZD6NDiXQN5c2C9NVQ,9,Planned maintenance,DK_1,SE_3,MAW,A03,2020-01-01 01:00:00+01:00,2021-01-01 01:00:00+01:00,PT1M,1,0,se3_dk1,False
2025-11-05 11:52:41+00:00,Cancelled,O02r0ra3BoVp5D31CxdOiA,19,Planned maintenance,DK_1,SE_3,MAW,A03,2020-01-01 01:00:00+01:00,2021-01-01 01:00:00+01:00,PT1M,1,0,se3_dk1,False
2025-11-05 11:52:41+00:00,Cancelled,qwPa4LOANkHCqIPRxSF9SQ,3,Planned maintenance,DK_1,SE_3,MAW,A03,2020-01-01 01:00:00+01:00,2021-01-01 01:00:00+01:00,PT1M,1,0,se3_dk1,False
2025-11-05 11:52:41+00:00,Cancelled,V-5jdQVIEIZTvoQN7m_OMw,3,Planned maintenance,DK_1,SE_3,MAW,A03,2020-01-01 01:00:00+01:00,2021-01-01 01:00:00+01:00,PT1M,1,0,se3_dk1,False
2025-11-05 11:52:41+00:00,Cancelled,Dhm7-Dn12kQv8CvDERYMaQ,2,Planned maintenance,DK_1,SE_3,MAW,A03,2020-01-01 01:00:00+01:00,2021-01-01 01:00:00+01:00,PT1M,1,0,se3_dk1,False
2025-11-05 11:52:42+00:00,Cancelled,3NmhhCKocZIQ9oo5B5Za0Q,17,Planned maintenance,DK_1,SE_3,MAW,A03,2020-01-01 01:00:00+01:00,2021-01-01 01:00:00+01:00,PT1M,1,0,se3_dk1,False
2025-11-05 11:52:42+00:00,Cancelled,XAy6MY3DL5aqxY3GwyQG0g,3,Planned maintenance,DK_1,SE_3,MAW,A03,2020-01-01 01:00:00+01:00,2021-01-01 01:00:00+01:00,PT1M,1,0,se3_dk1,False
2025-11-05 11:52:42+00:00,Cancelled,Zw2YXgJpNj4-OpIivjZH5w,3,Planned maintenance,DK_1,SE_3,MAW,A03,2020-01-01 01:00:00+01:00,2021-01-01 01:00:00+01:00,PT1M,1,0,se3_dk1,False
2025-11-05 11:52:42+00:00,Cancelled,xw1Zz7WVYs04aCL9aaPI9g,7,Planned maintenance,DK_1,SE_3,MAW,A03,2020-01-01 01:00:00+01:00,2021-01-01 01:00:00+01:00,PT1M,1,0,se3_dk1,False
2025-11-05 11:52:42+00:00,Cancelled,mtoLpZizRy4GbUmUTDbj3w,22,Planned maintenance,DK_1,SE_3,MAW,A03,2020-01-01 01:00:00+01:00,2021-01-01 01:00:00+01:00,PT1M,1,0,se3_dk1,False
2025-11-05 11:52:42+00:00,Cancelled,5v5EwNymlDhdE5d_K2mrsQ,2,Planned maintenance,DK_1,SE_3,MAW,A03,2020-01-01 01:00:00+01:00,2021-01-01 01:00:00+01:00,PT1M,1,0,se3_dk1,False
2025-11-05 11:52:42+00:00,Cancelled,cm7QsnBnRrmahQuCJe6cZw,3,Planned maintenance,DK_1,SE_3,MAW,A03,2020-01-01 01:00:00+01:00,2021-01-01 01:00:00+01:00,PT1M,1,0,se3_dk1,False
2025-11-05 11:52:42+00:00,Cancelled,IfI3im5eVJW3KglZIeHc4w,9,Planned maintenance,DK_1,SE_3,MAW,A03,2020-01-01 01:00:00+01:00,2021-01-01 01:00:00+01:00,PT1M,1,0,se3_dk1,False
2025-11-05 11:52:42+00:00,Cancelled,FHq7tVBFwbp06lE57FVL5A,3,Planned maintenance,DK_1,SE_3,MAW,A03,2020-01-01 01:00:00+01:00,2021-01-01 01:00:00+01:00,PT1M,1,0,se3_dk1,False
2025-11-05 11:52:42+00:00,Cancelled,PyjMMHtxhoZvZONPberR6Q,3,Planned maintenance,DK_1,SE_3,MAW,A03,2020-01-01 01:00:00+01:00,2021-01-01 01:00:00+01:00,PT1M,1,0,se3_dk1,False
2025-11-05 11:52:42+00:00,Cancelled,8zYwtccvB-rtAnaOjAr-Gw,3,Planned maintenance,DK_1,SE_3,MAW,A03,2020-01-01 01:00:00+01:00,2021-01-01 01:00:00+01:00,PT1M,1,0,se3_dk1,False
2025-11-05 11:52:42+00:00,Cancelled,Ew4tuqAJhi0j_9c1-O33rA,4,Planned maintenance,DK_1,SE_3,MAW,A03,2020-01-01 01:00:00+01:00,2021-01-01 01:00:00+01:00,PT1M,1,0,se3_dk1,False
2025-11-05 11:52:42+00:00,Cancelled,JBiFkBYSX3bB1cheYEk64g,4,Planned maintenance,DK_1,SE_3,MAW,A03,2020-01-01 01:00:00+01:00,2021-01-01 01:00:00+01:00,PT1M,1,0,se3_dk1,False
2025-11-05 11:52:42+00:00,Cancelled,e8VMHOn_doxKEpivUgcxpw,5,Planned maintenance,DK_1,SE_3,MAW,A03,2020-01-01 01:00:00+01:00,2021-01-01 01:00:00+01:00,PT1M,1,0,se3_dk1,False
2025-11-05 11:52:42+00:00,Cancelled,5626B7Vup5TPsDUobeIcLA,6,Planned maintenance,DK_1,SE_3,MAW,A03,2020-01-01 01:00:00+01:00,2021-01-01 01:00:00+01:00,PT1M,1,0,se3_dk1,False
2025-11-05 11:52:47+00:00,Cancelled,u3Ie44cLyIwgOU5ERtfgXA,5,Planned maintenance,FI,SE_3,MAW,A03,2020-01-01 01:00:00+01:00,2021-01-01 01:00:00+01:00,PT1M,1,0,se3_fi,False
2025-11-05 11:52:47+00:00,Cancelled,rwj06qoj8eQkSR66i4oKrg,8,Planned maintenance,FI,SE_3,MAW,A03,2020-01-01 01:00:00+01:00,2021-01-01 01:00:00+01:00,PT1M,1,0,se3_fi,False
2025-11-05 11:52:47+00:00,Cancelled,1PtWIWyTq5PEoQSoohgiOg,3,Planned maintenance,FI,SE_3,MAW,A03,2020-01-01 01:00:00+01:00,2021-01-01 01:00:00+01:00,PT1M,1,0,se3_fi,False
2025-11-05 11:52:47+00:00,Cancelled,QNJzaXxutMtlXBx8RjTiFw,3,Planned maintenance,FI,SE_3,MAW,A03,2020-01-01 01:00:00+01:00,2021-01-01 01:00:00+01:00,PT1M,1,0,se3_fi,False
2025-11-05 11:52:48+00:00,Cancelled,44EYnNwp6kDTPUPaXy6Pfg,7,Planned maintenance,NO_1,SE_3,MAW,A03,2020-01-01 01:00:00+01:00,2021-01-01 01:00:00+01:00,PT1M,1,0,se3_no1,False
2025-11-05 11:52:48+00:00,Cancelled,wziKliucbLtyu9ry4pAaOQ,27,Planned maintenance,NO_1,SE_3,MAW,A03,2020-01-01 01:00:00+01:00,2021-01-01 01:00:00+01:00,PT1M,1,0,se3_no1,False
2025-11-05 11:52:48+00:00,Cancelled,qmoCKw1AhNiEncY7S5kZFg,3,Planned maintenance,NO_1,SE_3,MAW,A03,2020-01-01 01:00:00+01:00,2021-01-01 01:00:00+01:00,PT1M,1,0,se3_no1,False
2025-11-05 11:52:49+00:00,Cancelled,UAWklCLjzLBp3NFTednBQg,9,Planned maintenance,NO_1,SE_3,MAW,A03,2020-01-01 01:00:00+01:00,2021-01-01 01:00:00+01:00,PT1M,1,0,se3_no1,False
2025-11-05 11:52:49+00:00,Cancelled,f-zszko4IgR00aevKoP4Og,4,Planned maintenance,NO_1,SE_3,MAW,A03,2020-01-01 01:00:00+01:00,2021-01-01 01:00:00+01:00,PT1M,1,0,se3_no1,False
2025-11-05 11:52:49+00:00,Cancelled,pz3j9jgnuanj3iYHPwVa_w,9,Planned maintenance,NO_1,SE_3,MAW,A03,2020-01-01 01:00:00+01:00,2021-01-01 01:00:00+01:00,PT1M,1,0,se3_no1,False
2025-11-05 11:52:49+00:00,Cancelled,1d-KOSLnDabmtDs667dPZQ,8,Planned maintenance,NO_1,SE_3,MAW,A03,2020-01-01 01:00:00+01:00,2021-01-01 01:00:00+01:00,PT1M,1,0,se3_no1,False
2025-11-05 11:52:49+00:00,Cancelled,it6I1fKEz2aZszwlM2-L_g,4,Planned maintenance,NO_1,SE_3,MAW,A03,2020-01-01 01:00:00+01:00,2021-01-01 01:00:00+01:00,PT1M,1,0,se3_no1,False
2025-11-05 11:52:49+00:00,Cancelled,1oJBRMopT6VyMgY94S3WSQ,4,Planned maintenance,NO_1,SE_3,MAW,A03,2020-01-01 01:00:00+01:00,2021-01-01 01:00:00+01:00,PT1M,1,0,se3_no1,False
2025-11-05 11:52:49+00:00,Cancelled,q6dNft1-X7ebzHtf-7thkw,7,Planned maintenance,NO_1,SE_3,MAW,A03,2020-01-01 01:00:00+01:00,2021-01-01 01:00:00+01:00,PT1M,1,0,se3_no1,False
2025-11-05 11:52:49+00:00,Cancelled,jwqF30gqB-brwUjjT6VS7g,5,Planned maintenance,NO_1,SE_3,MAW,A03,2020-01-01 01:00:00+01:00,2021-01-01 01:00:00+01:00,PT1M,1,0,se3_no1,False
2025-11-05 11:52:49+00:00,Cancelled,Mu2IkakX-3Qmov146NTBog,7,Planned maintenance,NO_1,SE_3,MAW,A03,2020-01-01 01:00:00+01:00,2021-01-01 01:00:00+01:00,PT1M,1,0,se3_no1,False
2025-11-05 11:52:49+00:00,Cancelled,JiU7pZRxIelyoYYm6s5rqw,5,Planned maintenance,NO_1,SE_3,MAW,A03,2020-01-01 01:00:00+01:00,2021-01-01 01:00:00+01:00,PT1M,1,0,se3_no1,False
2025-11-05 11:52:49+00:00,Cancelled,G4Bf8BWA0r4s6hMdus5dVg,4,Planned maintenance,NO_1,SE_3,MAW,A03,2020-01-01 01:00:00+01:00,2021-01-01 01:00:00+01:00,PT1M,1,0,se3_no1,False
2025-11-05 11:52:49+00:00,Cancelled,k8QrTf8QZsH6qPmZKgK6hA,10,Planned maintenance,NO_1,SE_3,MAW,A03,2020-01-01 01:00:00+01:00,2021-01-01 01:00:00+01:00,PT1M,1,0,se3_no1,False
2025-11-05 11:52:49+00:00,Cancelled,kB9qv3XNab7mqK6QCfOOOQ,6,Planned maintenance,NO_1,SE_3,MAW,A03,2020-01-01 01:00:00+01:00,2021-01-01 01:00:00+01:00,PT1M,1,0,se3_no1,False
2025-11-05 11:52:50+00:00,Cancelled,TaytP8I757edPeNBHs9wLQ,15,Planned maintenance,NO_1,SE_3,MAW,A03,2020-01-01 01:00:00+01:00,2021-01-01 01:00:00+01:00,PT1M,1,0,se3_no1,False
2025-11-05 11:52:50+00:00,Cancelled,g1BFM2MGY41ZeV1uqtptMA,9,Planned maintenance,NO_1,SE_3,MAW,A03,2020-01-01 01:00:00+01:00,2021-01-01 01:00:00+01:00,PT1M,1,0,se3_no1,False
2025-11-05 11:52:50+00:00,Cancelled,BqRBhPph8vfUKKsh-_5ZzQ,21,Planned maintenance,NO_1,SE_3,MAW,A03,2020-01-01 01:00:00+01:00,2021-01-01 01:00:00+01:00,PT1M,1,0,se3_no1,False
2025-11-05 11:52:50+00:00,Cancelled,y6BaBbpn1ul54Hqqsh_uBw,2,Planned maintenance,NO_1,SE_3,MAW,A03,2020-01-01 01:00:00+01:00,2021-01-01 01:00:00+01:00,PT1M,1,0,se3_no1,False
2025-11-05 11:52:50+00:00,Cancelled,Cm3e0wF9H2whRFacS_-cNQ,5,Planned maintenance,NO_1,SE_3,MAW,A03,2020-01-01 01:00:00+01:00,2021-01-01 01:00:00+01:00,PT1M,1,0,se3_no1,False
2025-11-05 11:52:50+00:00,Cancelled,mQWe3rL22ujdSAlP2D11dw,28,Planned maintenance,NO_1,SE_3,MAW,A03,2020-01-01 01:00:00+01:00,2021-01-01 01:00:00+01:00,PT1M,1,0,se3_no1,False
2025-11-05 11:52:50+00:00,Cancelled,SRIypmigXwrEySwt9XCAPg,6,Planned maintenance,NO_1,SE_3,MAW,A03,2020-01-01 01:00:00+01:00,2021-01-01 01:00:00+01:00,PT1M,1,0,se3_no1,False
2025-11-05 11:52:50+00:00,Cancelled,QbFkBQvl0LgWUoMFyh-cQQ,17,Planned maintenance,NO_1,SE_3,MAW,A03,2020-01-01 01:00:00+01:00,2021-01-01 01:00:00+01:00,PT1M,1,0,se3_no1,False
2025-11-05 11:52:50+00:00,Cancelled,BFivgV8q6CV74qWfXmJ3MA,12,Planned maintenance,NO_1,SE_3,MAW,A03,2020-01-01 01:00:00+01:00,2021-01-01 01:00:00+01:00,PT1M,1,0,se3_no1,False
2025-11-05 11:52:50+00:00,Cancelled,nOb90B_SrCvfDM3uIvvoJg,9,Planned maintenance,NO_1,SE_3,MAW,A03,2020-01-01 01:00:00+01:00,2021-01-01 01:00:00+01:00,PT1M,1,0,se3_no1,False
2025-11-05 11:52:50+00:00,Cancelled,lF0DwQbl-FFwmHJsxqAsQw,30,Planned maintenance,NO_1,SE_3,MAW,A03,2020-01-01 01:00:00+01:00,2021-01-01 01:00:00+01:00,PT1M,1,0,se3_no1,False
2025-11-05 11:52:50+00:00,Cancelled,xN7_z55C-CILq7YRa5P09Q,8,Planned maintenance,NO_1,SE_3,MAW,A03,2020-01-01 01:00:00+01:00,2021-01-01 01:00:00+01:00,PT1M,1,0,se3_no1,False
2025-11-05 11:53:27+00:00,Cancelled,VNphfcX1AvTnDMYlRBZnKw,4,Planned maintenance,SE_3,SE_2,MAW,A03,2021-01-01 01:00:00+01:00,2022-01-01 01:00:00+01:00,PT1M,1,0,se2_se3,False
2025-11-05 11:53:27+00:00,Cancelled,9Mng9aRc5Kdx-x9bGGNjsg,7,Planned maintenance,SE_3,SE_2,MAW,A03,2021-01-01 01:00:00+01:00,2022-01-01 01:00:00+01:00,PT1M,1,0,se2_se3,False
2025-11-05 11:53:27+00:00,Cancelled,X4vRjSg06Thz8j2Fdl_PmQ,4,Planned maintenance,SE_3,SE_2,MAW,A03,2021-01-01 01:00:00+01:00,2022-01-01 01:00:00+01:00,PT1M,1,0,se2_se3,False
2025-11-05 11:53:27+00:00,Cancelled,BM1ixqrhJkqrYoNQKZns3w,5,Planned maintenance,SE_3,SE_2,MAW,A03,2021-01-01 01:00:00+01:00,2022-01-01 01:00:00+01:00,PT1M,1,0,se2_se3,False
2025-11-05 11:53:28+00:00,Cancelled,_hJqO9UNjZH7Db44G6yL3g,3,Planned maintenance,SE_3,SE_2,MAW,A03,2021-01-01 01:00:00+01:00,2022-01-01 01:00:00+01:00,PT1M,1,0,se2_se3,False
2025-11-05 11:53:28+00:00,Cancelled,QoibY7zC7Aho31VUTXrAog,3,Planned maintenance,SE_3,SE_2,MAW,A03,2021-01-01 01:00:00+01:00,2022-01-01 01:00:00+01:00,PT1M,1,0,se2_se3,False
2025-11-05 11:53:28+00:00,Cancelled,an9Hy5g_ICRuybLA37sW-g,3,Planned maintenance,SE_3,SE_2,MAW,A03,2021-01-01 01:00:00+01:00,2022-01-01 01:00:00+01:00,PT1M,1,0,se2_se3,False
2025-11-05 11:53:28+00:00,Cancelled,RRpyDGa4iTp7bZxbwb2tyw,3,Planned maintenance,SE_3,SE_2,MAW,A03,2021-01-01 01:00:00+01:00,2022-01-01 01:00:00+01:00,PT1M,1,0,se2_se3,False
2025-11-05 11:53:28+00:00,Cancelled,9EMiWQu_34h_WfKn46sI3Q,4,Planned maintenance,SE_3,SE_2,MAW,A03,2021-01-01 01:00:00+01:00,2022-01-01 01:00:00+01:00,PT1M,1,0,se2_se3,False
2025-11-05 11:53:28+00:00,Cancelled,xMY1BZwV0JWS5w67i-H_5A,5,Planned maintenance,SE_3,SE_2,MAW,A03,2021-01-01 01:00:00+01:00,2022-01-01 01:00:00+01:00,PT1M,1,0,se2_se3,False
2025-11-05 11:53:28+00:00,Cancelled,nytqHHoiVfL-NA-fjrsBpg,10,Planned maintenance,SE_3,SE_2,MAW,A03,2021-01-01 01:00:00+01:00,2022-01-01 01:00:00+01:00,PT1M,1,0,se2_se3,False
2025-11-05 11:53:28+00:00,Cancelled,SCHoe-EIey2cRGtEmXsnrA,3,Planned maintenance,SE_3,SE_2,MAW,A03,2021-01-01 01:00:00+01:00,2022-01-01 01:00:00+01:00,PT1M,1,0,se2_se3,False
2025-11-05 11:53:28+00:00,Cancelled,NOdI9_EZX1mg1ZgPfJIFuQ,9,Planned maintenance,SE_3,SE_2,MAW,A03,2021-01-01 01:00:00+01:00,2022-01-01 01:00:00+01:00,PT1M,1,0,se2_se3,False
2025-11-05 11:53:28+00:00,Cancelled,S-fTsbqBJZlmfvwR4x92cQ,2,Planned maintenance,SE_3,SE_2,MAW,A03,2021-01-01 01:00:00+01:00,2022-01-01 01:00:00+01:00,PT1M,1,0,se2_se3,False
2025-11-05 11:53:28+00:00,Cancelled,SV_a3n-r_-8uIQdPGuOLvA,3,Planned maintenance,SE_3,SE_2,MAW,A03,2021-01-01 01:00:00+01:00,2022-01-01 01:00:00+01:00,PT1M,1,0,se2_se3,False
2025-11-05 11:53:28+00:00,Cancelled,lQVD9Zp86falYqC-GzSraA,3,Planned maintenance,SE_3,SE_2,MAW,A03,2021-01-01 01:00:00+01:00,2022-01-01 01:00:00+01:00,PT1M,1,0,se2_se3,False
2025-11-05 11:53:28+00:00,Cancelled,mFYfGMvZkNtIAeKCYOpQnQ,3,Planned maintenance,SE_3,SE_2,MAW,A03,2021-01-01 01:00:00+01:00,2022-01-01 01:00:00+01:00,PT1M,1,0,se2_se3,False
2025-11-05 11:53:29+00:00,Cancelled,S9qD92KWotY_930d9_M0Cw,4,Planned maintenance,SE_3,SE_2,MAW,A03,2021-01-01 01:00:00+01:00,2022-01-01 01:00:00+01:00,PT1M,1,0,se2_se3,False
2025-11-05 11:53:29+00:00,Cancelled,FU0MbFEyfLuQlwsi2G2QEA,4,Planned maintenance,SE_3,SE_2,MAW,A03,2021-01-01 01:00:00+01:00,2022-01-01 01:00:00+01:00,PT1M,1,0,se2_se3,False
2025-11-05 11:53:29+00:00,Cancelled,IykthhclU0GNE5fMEu4LQA,2,Planned maintenance,SE_3,SE_2,MAW,A03,2021-01-01 01:00:00+01:00,2022-01-01 01:00:00+01:00,PT1M,1,0,se2_se3,False
2025-11-05 11:53:29+00:00,Cancelled,4EId07gAdKQkVgytqIj1zg,2,Planned maintenance,SE_3,SE_2,MAW,A03,2021-01-01 01:00:00+01:00,2022-01-01 01:00:00+01:00,PT1M,1,0,se2_se3,False
2025-11-05 11:53:29+00:00,Cancelled,Kc6FlNoc2SGDb8PmBcdTjQ,3,Planned maintenance,SE_3,SE_2,MAW,A03,2021-01-01 01:00:00+01:00,2022-01-01 01:00:00+01:00,PT1M,1,0,se2_se3,False
2025-11-05 11:53:30+00:00,Cancelled,jnKIAqA6mVa-WARNfhJQXA,4,Planned maintenance,SE_3,SE_2,MAW,A03,2021-01-01 01:00:00+01:00,2022-01-01 01:00:00+01:00,PT1M,1,0,se2_se3,False
2025-11-05 11:53:30+00:00,Cancelled,rSLAgdz5yQRTbhVf6INYoA,3,Planned maintenance,SE_3,SE_2,MAW,A03,2021-01-01 01:00:00+01:00,2022-01-01 01:00:00+01:00,PT1M,1,0,se2_se3,False
2025-11-05 11:53:30+00:00,Cancelled,O2LUu63-CD8TcKedG8hHtQ,3,Planned maintenance,SE_3,SE_2,MAW,A03,2021-01-01 01:00:00+01:00,2022-01-01 01:00:00+01:00,PT1M,1,0,se2_se3,False
2025-11-05 11:53:31+00:00,Cancelled,JuaRkvLLCO3JD5IKjvY6tg,2,Planned maintenance,SE_3,SE_2,MAW,A03,2021-01-01 01:00:00+01:00,2022-01-01 01:00:00+01:00,PT1M,1,0,se2_se3,False
2025-11-05 11:53:31+00:00,Cancelled,Dd1vj1QEXstjZkgSRfKkZw,5,Planned maintenance,SE_3,SE_2,MAW,A03,2021-01-01 01:00:00+01:00,2022-01-01 01:00:00+01:00,PT1M,1,0,se2_se3,False
2025-11-05 11:53:31+00:00,Cancelled,iB3vylfV65L-ykYyXAHQUw,2,Planned maintenance,SE_3,DK_1,MAW,A03,2021-01-01 01:00:00+01:00,2022-01-01 01:00:00+01:00,PT1M,1,0,dk1_se3,False
2025-11-05 11:53:31+00:00,Cancelled,degm7-eTrM9XGraD4S973A,7,Planned maintenance,SE_3,DK_1,MAW,A03,2021-01-01 01:00:00+01:00,2022-01-01 01:00:00+01:00,PT1M,1,0,dk1_se3,False
2025-11-05 11:53:31+00:00,Cancelled,fH2Y1q3d3rXA7uynvwMh_g,2,Planned maintenance,SE_3,DK_1,MAW,A03,2021-01-01 01:00:00+01:00,2022-01-01 01:00:00+01:00,PT1M,1,0,dk1_se3,False
2025-11-05 11:53:31+00:00,Cancelled,Ckx6aOI6dTyUReTVM8PNbw,7,Planned maintenance,SE_3,DK_1,MAW,A03,2021-01-01 01:00:00+01:00,2022-01-01 01:00:00+01:00,PT1M,1,0,dk1_se3,False
2025-11-05 11:53:31+00:00,Cancelled,dh7kp2TEbPz7LMO6kMzndA,3,Planned maintenance,SE_3,SE_4,MAW,A03,2021-01-01 01:00:00+01:00,2022-01-01 01:00:00+01:00,PT1M,1,0,se4_se3,False
2025-11-05 11:53:31+00:00,Cancelled,ngjZE-beOBMhq4uIsWs3zQ,2,Planned maintenance,SE_3,SE_4,MAW,A03,2021-01-01 01:00:00+01:00,2022-01-01 01:00:00+01:00,PT1M,1,0,se4_se3,False
2025-11-05 11:53:31+00:00,Cancelled,mx4KFsNzdShsEc_MFeBv3Q,5,Planned maintenance,SE_3,SE_4,MAW,A03,2021-01-01 01:00:00+01:00,2022-01-01 01:00:00+01:00,PT1M,1,0,se4_se3,False
2025-11-05 11:53:31+00:00,Cancelled,bnsHTJpMuPf5dysWI9WgeQ,3,Planned maintenance,SE_3,SE_2,MAW,A03,2021-01-01 01:00:00+01:00,2022-01-01 01:00:00+01:00,PT1M,1,0,se2_se3,False
2025-11-05 11:53:31+00:00,Cancelled,qAKB48vRL0QnK1ktjvE1Rw,4,Planned maintenance,SE_3,DK_1,MAW,A03,2021-01-01 01:00:00+01:00,2022-01-01 01:00:00+01:00,PT1M,1,0,dk1_se3,False
2025-11-05 11:53:32+00:00,Cancelled,iZqkUg197zvm5aNOoa2tuA,2,Planned maintenance,SE_3,DK_1,MAW,A03,2021-01-01 01:00:00+01:00,2022-01-01 01:00:00+01:00,PT1M,1,0,dk1_se3,False
2025-11-05 11:53:32+00:00,Cancelled,q3Vt4WrPriLhsYXCDtVEFw,3,Planned maintenance,SE_3,DK_1,MAW,A03,2021-01-01 01:00:00+01:00,2022-01-01 01:00:00+01:00,PT1M,1,0,dk1_se3,False
2025-11-05 11:53:33+00:00,Cancelled,2mwCxVrW_RtrWt3FQsbnGg,2,Planned maintenance,SE_3,FI,MAW,A03,2021-01-01 02:00:00+02:00,2022-01-01 02:00:00+02:00,PT1M,1,0,fi_se3,False
2025-11-05 11:53:33+00:00,Cancelled,F5F-yjYr0LkuL5H1o__ziA,2,Planned maintenance,SE_3,DK_1,MAW,A03,2021-01-01 01:00:00+01:00,2022-01-01 01:00:00+01:00,PT1M,1,0,dk1_se3,False
2025-11-05 11:53:33+00:00,Cancelled,9mAlJN6K5un2cQOxICjMsA,2,Planned maintenance,SE_3,DK_1,MAW,A03,2021-01-01 01:00:00+01:00,2022-01-01 01:00:00+01:00,PT1M,1,0,dk1_se3,False
2025-11-05 11:53:33+00:00,Cancelled,7THOUYzeJIFgw_dNsy5VuA,4,Planned maintenance,SE_3,DK_1,MAW,A03,2021-01-01 01:00:00+01:00,2022-01-01 01:00:00+01:00,PT1M,1,0,dk1_se3,False
2025-11-05 11:53:33+00:00,Cancelled,wCbGplZaKBuGtwMRp8GQVw,2,Planned maintenance,SE_3,DK_1,MAW,A03,2021-01-01 01:00:00+01:00,2022-01-01 01:00:00+01:00,PT1M,1,0,dk1_se3,False
2025-11-05 11:53:33+00:00,Cancelled,yMNcCR-Viz6DgMRd6FsBGw,3,Planned maintenance,SE_3,DK_1,MAW,A03,2021-01-01 01:00:00+01:00,2022-01-01 01:00:00+01:00,PT1M,1,0,dk1_se3,False
2025-11-05 11:53:33+00:00,Cancelled,G_ffn7CM0iApuWFEZwYL_Q,9,Planned maintenance,SE_3,FI,MAW,A03,2021-01-01 02:00:00+02:00,2022-01-01 02:00:00+02:00,PT1M,1,0,fi_se3,False
2025-11-05 11:53:33+00:00,Cancelled,_yFE-5zsKMvLTt4SYNJlqA,2,Planned maintenance,SE_3,DK_1,MAW,A03,2021-01-01 01:00:00+01:00,2022-01-01 01:00:00+01:00,PT1M,1,0,dk1_se3,False
2025-11-05 11:53:33+00:00,Cancelled,bKFKJN01ZPu-UHTg8x1Xzg,3,Planned maintenance,SE_3,DK_1,MAW,A03,2021-01-01 01:00:00+01:00,2022-01-01 01:00:00+01:00,PT1M,1,0,dk1_se3,False
2025-11-05 11:53:33+00:00,Cancelled,Phw9UKOs04Y6DYXHtarKRQ,5,Planned maintenance,SE_3,FI,MAW,A03,2021-01-01 02:00:00+02:00,2022-01-01 02:00:00+02:00,PT1M,1,0,fi_se3,False
2025-11-05 11:53:34+00:00,Cancelled,1CCQwXPCPXgDd3MkJYeQ4w,7,Planned maintenance,SE_3,FI,MAW,A03,2021-01-01 02:00:00+02:00,2022-01-01 02:00:00+02:00,PT1M,1,0,fi_se3,False
2025-11-05 11:53:34+00:00,Cancelled,nP3lMkjEtQPCVEiinZ7vTA,2,Planned maintenance,SE_3,NO_1,MAW,A03,2021-01-01 01:00:00+01:00,2022-01-01 01:00:00+01:00,PT1M,1,0,no1_se3,False
2025-11-05 11:53:34+00:00,Cancelled,9xsMuDZh9qvW1MMT-HSTVg,7,Planned maintenance,SE_3,NO_1,MAW,A03,2021-01-01 01:00:00+01:00,2022-01-01 01:00:00+01:00,PT1M,1,0,no1_se3,False
2025-11-05 11:53:34+00:00,Cancelled,XHN0NCpST-iYh_yL0q2bDA,3,Planned maintenance,SE_3,FI,MAW,A03,2021-01-01 02:00:00+02:00,2022-01-01 02:00:00+02:00,PT1M,1,0,fi_se3,False
2025-11-05 11:53:34+00:00,Cancelled,Xn4G5KFHax3JVmiF2s9dMA,2,Planned maintenance,SE_3,NO_1,MAW,A03,2021-01-01 01:00:00+01:00,2022-01-01 01:00:00+01:00,PT1M,1,0,no1_se3,False
2025-11-05 11:53:34+00:00,Cancelled,_kco-pFdahnEHTySp2loeA,3,Planned maintenance,SE_3,NO_1,MAW,A03,2021-01-01 01:00:00+01:00,2022-01-01 01:00:00+01:00,PT1M,1,0,no1_se3,False
2025-11-05 11:53:34+00:00,Cancelled,xxqp2kOnIdgOv-1FYZxEQw,4,Planned maintenance,SE_3,NO_1,MAW,A03,2021-01-01 01:00:00+01:00,2022-01-01 01:00:00+01:00,PT1M,1,0,no1_se3,False
2025-11-05 11:53:34+00:00,Cancelled,hnuzIjhMVg6oiYT5oCcvnQ,2,Planned maintenance,SE_3,NO_1,MAW,A03,2021-01-01 01:00:00+01:00,2022-01-01 01:00:00+01:00,PT1M,1,0,no1_se3,False
2025-11-05 11:53:34+00:00,Cancelled,YLxFqBQIZwlkPe4vXNK8yA,2,Planned maintenance,SE_3,FI,MAW,A03,2021-01-01 02:00:00+02:00,2022-01-01 02:00:00+02:00,PT1M,1,0,fi_se3,False
2025-11-05 11:53:34+00:00,Cancelled,cMvXg8p5L3l-uPbADCSHFQ,8,Planned maintenance,SE_3,FI,MAW,A03,2021-01-01 02:00:00+02:00,2022-01-01 02:00:00+02:00,PT1M,1,0,fi_se3,False
2025-11-05 11:53:34+00:00,Cancelled,QOS2OgwDPUAaGwPXxDUZ0g,3,Planned maintenance,SE_3,FI,MAW,A03,2021-01-01 02:00:00+02:00,2022-01-01 02:00:00+02:00,PT1M,1,0,fi_se3,False
2025-11-05 11:53:34+00:00,Cancelled,f6ybirWvV4Z607fGFL6Dfg,3,Planned maintenance,SE_3,NO_1,MAW,A03,2021-01-01 01:00:00+01:00,2022-01-01 01:00:00+01:00,PT1M,1,0,no1_se3,False
2025-11-05 11:53:34+00:00,Cancelled,kHMDqRqO5PsZRvgOH8e_Nw,3,Planned maintenance,SE_3,FI,MAW,A03,2021-01-01 02:00:00+02:00,2022-01-01 02:00:00+02:00,PT1M,1,0,fi_se3,False
2025-11-05 11:53:34+00:00,Cancelled,ekeHm_3pTYuVkdMrsAHohw,3,Planned maintenance,SE_3,FI,MAW,A03,2021-01-01 02:00:00+02:00,2022-01-01 02:00:00+02:00,PT1M,1,0,fi_se3,False
2025-11-05 11:53:34+00:00,Cancelled,8YXZTaDay3cqJlVlvpml4Q,2,Planned maintenance,SE_3,NO_1,MAW,A03,2021-01-01 01:00:00+01:00,2022-01-01 01:00:00+01:00,PT1M,1,0,no1_se3,False
2025-11-05 11:53:34+00:00,Cancelled,6S7dGGS6q1GXz6SPVGNt5w,2,Planned maintenance,SE_3,FI,MAW,A03,2021-01-01 02:00:00+02:00,2022-01-01 02:00:00+02:00,PT1M,1,0,fi_se3,False
2025-11-05 11:53:35+00:00,Cancelled,_Se6aI3SQ084LHA7haER3g,3,Planned maintenance,SE_3,NO_1,MAW,A03,2021-01-01 01:00:00+01:00,2022-01-01 01:00:00+01:00,PT1M,1,0,no1_se3,False
2025-11-05 11:53:35+00:00,Cancelled,m-wc0sxPtiaiq0pNN4cDEg,7,Planned maintenance,SE_3,NO_1,MAW,A03,2021-01-01 01:00:00+01:00,2022-01-01 01:00:00+01:00,PT1M,1,0,no1_se3,False
2025-11-05 11:53:35+00:00,Cancelled,eqVqfHIOEihnxkpiQP7kcg,6,Planned maintenance,SE_3,NO_1,MAW,A03,2021-01-01 01:00:00+01:00,2022-01-01 01:00:00+01:00,PT1M,1,0,no1_se3,False
2025-11-05 11:53:35+00:00,Cancelled,GctyKEt7akeh3LAm0LHh7Q,6,Planned maintenance,SE_3,NO_1,MAW,A03,2021-01-01 01:00:00+01:00,2022-01-01 01:00:00+01:00,PT1M,1,0,no1_se3,False
2025-11-05 11:53:35+00:00,Cancelled,TWzxm-7HDj-Ls66MajPoWQ,4,Planned maintenance,SE_3,NO_1,MAW,A03,2021-01-01 01:00:00+01:00,2022-01-01 01:00:00+01:00,PT1M,1,0,no1_se3,False
2025-11-05 11:53:35+00:00,Cancelled,qCZFU0xRQ_fCnVmwx2CjLA,5,Planned maintenance,SE_3,NO_1,MAW,A03,2021-01-01 01:00:00+01:00,2022-01-01 01:00:00+01:00,PT1M,1,0,no1_se3,False
2025-11-05 11:53:35+00:00,Cancelled,2xNKG5L8pScTqbfcYXC5_w,4,Planned maintenance,SE_3,NO_1,MAW,A03,2021-01-01 01:00:00+01:00,2022-01-01 01:00:00+01:00,PT1M,1,0,no1_se3,False
2025-11-05 11:53:35+00:00,Cancelled,RCgdR4HiU8aNBI7eG-tuYQ,5,Planned maintenance,SE_3,NO_1,MAW,A03,2021-01-01 01:00:00+01:00,2022-01-01 01:00:00+01:00,PT1M,1,0,no1_se3,False
2025-11-05 11:53:35+00:00,Cancelled,4LQGrR6xtE4Dioo9xfelrg,5,Planned maintenance,SE_3,NO_1,MAW,A03,2021-01-01 01:00:00+01:00,2022-01-01 01:00:00+01:00,PT1M,1,0,no1_se3,False
2025-11-05 11:53:35+00:00,Cancelled,LPdrweZFz55Y84HlY-u1qw,9,Planned maintenance,SE_3,NO_1,MAW,A03,2021-01-01 01:00:00+01:00,2022-01-01 01:00:00+01:00,PT1M,1,0,no1_se3,False
2025-11-05 11:53:35+00:00,Cancelled,VWBLqSJ6KLkeUXkscvmPbQ,2,Planned maintenance,SE_3,NO_1,MAW,A03,2021-01-01 01:00:00+01:00,2022-01-01 01:00:00+01:00,PT1M,1,0,no1_se3,False
2025-11-05 11:53:35+00:00,Cancelled,4zMVSMwXFFyei3WryopTQQ,2,Planned maintenance,SE_3,NO_1,MAW,A03,2021-01-01 01:00:00+01:00,2022-01-01 01:00:00+01:00,PT1M,1,0,no1_se3,False
2025-11-05 11:53:35+00:00,Cancelled,IDJD25oggsFzYNrLSUV95w,3,Planned maintenance,SE_3,NO_1,MAW,A03,2021-01-01 01:00:00+01:00,2022-01-01 01:00:00+01:00,PT1M,1,0,no1_se3,False
2025-11-05 11:53:36+00:00,Cancelled,JbhZrTnZKlHWIn0q9INuhQ,7,Planned maintenance,SE_4,SE_3,MAW,A03,2021-01-01 01:00:00+01:00,2022-01-01 01:00:00+01:00,PT1M,1,0,se3_se4,False
2025-11-05 11:53:36+00:00,Cancelled,gaxrw1FURPUQodDXcBQJTw,2,Planned maintenance,SE_4,SE_3,MAW,A03,2021-01-01 01:00:00+01:00,2022-01-01 01:00:00+01:00,PT1M,1,0,se3_se4,False
2025-11-05 11:53:36+00:00,Cancelled,8IRlRaGb5lTGL3BI7bBSfA,3,Planned maintenance,SE_4,SE_3,MAW,A03,2021-01-01 01:00:00+01:00,2022-01-01 01:00:00+01:00,PT1M,1,0,se3_se4,False
2025-11-05 11:53:36+00:00,Cancelled,E4em2wrnO8pqSW8cx_C1IQ,5,Planned maintenance,SE_4,SE_3,MAW,A03,2021-01-01 01:00:00+01:00,2022-01-01 01:00:00+01:00,PT1M,1,0,se3_se4,False
2025-11-05 11:53:36+00:00,Cancelled,F2M0g-CmjjEK04dhuS5vuQ,2,Planned maintenance,SE_4,SE_3,MAW,A03,2021-01-01 01:00:00+01:00,2022-01-01 01:00:00+01:00,PT1M,1,0,se3_se4,False
2025-11-05 11:53:36+00:00,Cancelled,RhHSGGYD0uhdNYzxyAWrHg,5,Planned maintenance,SE_4,SE_3,MAW,A03,2021-01-01 01:00:00+01:00,2022-01-01 01:00:00+01:00,PT1M,1,0,se3_se4,False
2025-11-05 11:53:36+00:00,Cancelled,YIPVMEYvX-rcwB_YGA-d1A,2,Planned maintenance,SE_4,SE_3,MAW,A03,2021-01-01 01:00:00+01:00,2022-01-01 01:00:00+01:00,PT1M,1,0,se3_se4,False
2025-11-05 11:53:36+00:00,Cancelled,YBXbP_GVhN8n0VPBB1hWgQ,2,Planned maintenance,SE_4,SE_3,MAW,A03,2021-01-01 01:00:00+01:00,2022-01-01 01:00:00+01:00,PT1M,1,0,se3_se4,False
2025-11-05 11:53:36+00:00,Cancelled,6mstfmu0F1OaQhPYq-WdxA,6,Planned maintenance,SE_3,NO_1,MAW,A03,2021-01-01 01:00:00+01:00,2022-01-01 01:00:00+01:00,PT1M,1,0,no1_se3,False
2025-11-05 11:53:36+00:00,Cancelled,y-ubPa6xTDVThehShyke_A,2,Planned maintenance,SE_3,NO_1,MAW,A03,2021-01-01 01:00:00+01:00,2022-01-01 01:00:00+01:00,PT1M,1,0,no1_se3,False
2025-11-05 11:53:36+00:00,Cancelled,32tEkTScgplXbAqMuOqofg,3,Planned maintenance,SE_4,SE_3,MAW,A03,2021-01-01 01:00:00+01:00,2022-01-01 01:00:00+01:00,PT1M,1,0,se3_se4,False
2025-11-05 11:53:36+00:00,Cancelled,ZFaOS1BVneH8wWh1bbbJ1Q,11,Planned maintenance,SE_4,SE_3,MAW,A03,2021-01-01 01:00:00+01:00,2022-01-01 01:00:00+01:00,PT1M,1,0,se3_se4,False
2025-11-05 11:53:37+00:00,Cancelled,dA0SBHkM1CAD8Zm-qTRpWg,4,Planned maintenance,SE_4,SE_3,MAW,A03,2021-01-01 01:00:00+01:00,2022-01-01 01:00:00+01:00,PT1M,1,0,se3_se4,False
2025-11-05 11:53:37+00:00,Cancelled,MojS5NNRBuqpoOn-zRJZIw,3,Planned maintenance,SE_4,SE_3,MAW,A03,2021-01-01 01:00:00+01:00,2022-01-01 01:00:00+01:00,PT1M,1,0,se3_se4,False
2025-11-05 11:53:37+00:00,Cancelled,sqxthHZsXrh5p6d9Oajc7g,4,Planned maintenance,SE_4,SE_3,MAW,A03,2021-01-01 01:00:00+01:00,2022-01-01 01:00:00+01:00,PT1M,1,0,se3_se4,False
2025-11-05 11:53:37+00:00,Cancelled,BRL4Zz5VeYDezgyqoy1XQw,2,Planned maintenance,SE_4,SE_3,MAW,A03,2021-01-01 01:00:00+01:00,2022-01-01 01:00:00+01:00,PT1M,1,0,se3_se4,False
2025-11-05 11:53:37+00:00,Cancelled,EmkKkTF6NlrfstFwrKfAcw,3,Planned maintenance,SE_4,SE_3,MAW,A03,2021-01-01 01:00:00+01:00,2022-01-01 01:00:00+01:00,PT1M,1,0,se3_se4,False
2025-11-05 11:53:37+00:00,Cancelled,09KPck5onLxDXx44B1khSA,10,Planned maintenance,SE_4,SE_3,MAW,A03,2021-01-01 01:00:00+01:00,2022-01-01 01:00:00+01:00,PT1M,1,0,se3_se4,False
2025-11-05 11:53:37+00:00,Cancelled,YH6tnhPR49Pk9PCBxzYA8w,5,Planned maintenance,SE_4,SE_3,MAW,A03,2021-01-01 01:00:00+01:00,2022-01-01 01:00:00+01:00,PT1M,1,0,se3_se4,False
2025-11-05 11:53:37+00:00,Cancelled,L9bZQreeDyNjcLPmScD2Yw,4,Planned maintenance,SE_4,SE_3,MAW,A03,2021-01-01 01:00:00+01:00,2022-01-01 01:00:00+01:00,PT1M,1,0,se3_se4,False
2025-11-05 11:53:37+00:00,Cancelled,dt5jIzQ7KM6NPddAG-guAQ,2,Planned maintenance,SE_4,SE_3,MAW,A03,2021-01-01 01:00:00+01:00,2022-01-01 01:00:00+01:00,PT1M,1,0,se3_se4,False
2025-11-05 11:53:37+00:00,Cancelled,O4yY57JqW2eSmP91Cwm3QA,3,Planned maintenance,SE_4,SE_3,MAW,A03,2021-01-01 01:00:00+01:00,2022-01-01 01:00:00+01:00,PT1M,1,0,se3_se4,False
2025-11-05 11:53:37+00:00,Cancelled,ncO7b56uEoQtXR4TXAGCSg,3,Planned maintenance,SE_4,SE_3,MAW,A03,2021-01-01 01:00:00+01:00,2022-01-01 01:00:00+01:00,PT1M,1,0,se3_se4,False
2025-11-05 11:53:37+00:00,Cancelled,tz3ZxiKFrnvfkJqxl7qCow,2,Planned maintenance,SE_4,SE_3,MAW,A03,2021-01-01 01:00:00+01:00,2022-01-01 01:00:00+01:00,PT1M,1,0,se3_se4,False
2025-11-05 11:53:37+00:00,Cancelled,-7rjzKA5nTKNUYxEmYSyXA,3,Planned maintenance,SE_4,SE_3,MAW,A03,2021-01-01 01:00:00+01:00,2022-01-01 01:00:00+01:00,PT1M,1,0,se3_se4,False
2025-11-05 11:53:41+00:00,Cancelled,xlQEqxF96NA3nlyeUF-WLg,2,Planned maintenance,DK_1,SE_3,MAW,A03,2021-01-01 01:00:00+01:00,2022-01-01 01:00:00+01:00,PT1M,1,0,se3_dk1,False
2025-11-05 11:53:41+00:00,Cancelled,AnGkKN_1FKkovz62EFn9dw,3,Planned maintenance,DK_1,SE_3,MAW,A03,2021-01-01 01:00:00+01:00,2022-01-01 01:00:00+01:00,PT1M,1,0,se3_dk1,False
2025-11-05 11:53:41+00:00,Cancelled,eX71rVilf6-DzUA226wjww,4,Planned maintenance,DK_1,SE_3,MAW,A03,2021-01-01 01:00:00+01:00,2022-01-01 01:00:00+01:00,PT1M,1,0,se3_dk1,False
2025-11-05 11:53:41+00:00,Cancelled,bRXIOMvlrelx3BFw4jqaww,2,Planned maintenance,DK_1,SE_3,MAW,A03,2021-01-01 01:00:00+01:00,2022-01-01 01:00:00+01:00,PT1M,1,0,se3_dk1,False
2025-11-05 11:53:41+00:00,Cancelled,5UAS9et-dK3BPsScik6XKA,7,Planned maintenance,DK_1,SE_3,MAW,A03,2021-01-01 01:00:00+01:00,2022-01-01 01:00:00+01:00,PT1M,1,0,se3_dk1,False
2025-11-05 11:53:41+00:00,Cancelled,rq0IXpJ7NT8m9uFGNfZeAg,6,Planned maintenance,DK_1,SE_3,MAW,A03,2021-01-01 01:00:00+01:00,2022-01-01 01:00:00+01:00,PT1M,1,0,se3_dk1,False
2025-11-05 11:53:42+00:00,Cancelled,fxhXL_tf-ksOU00zfbkmjw,2,Planned maintenance,DK_1,SE_3,MAW,A03,2021-01-01 01:00:00+01:00,2022-01-01 01:00:00+01:00,PT1M,1,0,se3_dk1,False
2025-11-05 11:53:42+00:00,Cancelled,gy2SABVm9S_j-y5DWKubAQ,3,Planned maintenance,DK_1,SE_3,MAW,A03,2021-01-01 01:00:00+01:00,2022-01-01 01:00:00+01:00,PT1M,1,0,se3_dk1,False
2025-11-05 11:53:42+00:00,Cancelled,bGVrn6NhO0VfIXhf29fL1w,2,Planned maintenance,DK_1,SE_3,MAW,A03,2021-01-01 01:00:00+01:00,2022-01-01 01:00:00+01:00,PT1M,1,0,se3_dk1,False
2025-11-05 11:53:42+00:00,Cancelled,SeBzcL58oRsdnkws1m_SGg,3,Planned maintenance,DK_1,SE_3,MAW,A03,2021-01-01 01:00:00+01:00,2022-01-01 01:00:00+01:00,PT1M,1,0,se3_dk1,False
2025-11-05 11:53:42+00:00,Cancelled,aD9WCxjNIWhyZJ-eOJzv-g,7,Planned maintenance,DK_1,SE_3,MAW,A03,2021-01-01 01:00:00+01:00,2022-01-01 01:00:00+01:00,PT1M,1,0,se3_dk1,False
2025-11-05 11:53:42+00:00,Cancelled,kGx5fcHCKDuzVYhjFCGPZQ,2,Planned maintenance,DK_1,SE_3,MAW,A03,2021-01-01 01:00:00+01:00,2022-01-01 01:00:00+01:00,PT1M,1,0,se3_dk1,False
2025-11-05 11:53:42+00:00,Cancelled,SJ9TIdmKuJoa-z6vyKGKLA,3,Planned maintenance,DK_1,SE_3,MAW,A03,2021-01-01 01:00:00+01:00,2022-01-01 01:00:00+01:00,PT1M,1,0,se3_dk1,False
2025-11-05 11:53:42+00:00,Cancelled,UAFJSIM7eu68qVB2HXJ02Q,3,Planned maintenance,DK_1,SE_3,MAW,A03,2021-01-01 01:00:00+01:00,2022-01-01 01:00:00+01:00,PT1M,1,0,se3_dk1,False
2025-11-05 11:53:42+00:00,Cancelled,viadRVafQUce9eyUlSFdiA,2,Planned maintenance,DK_1,SE_3,MAW,A03,2021-01-01 01:00:00+01:00,2022-01-01 01:00:00+01:00,PT1M,1,0,se3_dk1,False
2025-11-05 11:53:42+00:00,Cancelled,s9twXGd66rjg9xlBCPFQHA,11,Planned maintenance,DK_1,SE_3,MAW,A03,2021-01-01 01:00:00+01:00,2022-01-01 01:00:00+01:00,PT1M,1,0,se3_dk1,False
2025-11-05 11:53:42+00:00,Cancelled,69C_TTSLszNT0AhqIaeE7w,2,Planned maintenance,DK_1,SE_3,MAW,A03,2021-01-01 01:00:00+01:00,2022-01-01 01:00:00+01:00,PT1M,1,0,se3_dk1,False
2025-11-05 11:53:42+00:00,Cancelled,U3qTMk_VUF0pmycwUN55sg,4,Planned maintenance,DK_1,SE_3,MAW,A03,2021-01-01 01:00:00+01:00,2022-01-01 01:00:00+01:00,PT1M,1,0,se3_dk1,False
2025-11-05 11:53:43+00:00,Cancelled,EHbGQy0t_BpeKV_tQH7R1Q,2,Planned maintenance,DK_1,SE_3,MAW,A03,2021-01-01 01:00:00+01:00,2022-01-01 01:00:00+01:00,PT1M,1,0,se3_dk1,False
2025-11-05 11:53:46+00:00,Cancelled,fHidp1VZjfxktnNC_E233g,2,Planned maintenance,FI,SE_3,MAW,A03,2021-01-01 01:00:00+01:00,2022-01-01 01:00:00+01:00,PT1M,1,0,se3_fi,False
2025-11-05 11:53:46+00:00,Cancelled,oymmUA3ursBYlwf0fsdVoA,3,Planned maintenance,FI,SE_3,MAW,A03,2021-01-01 01:00:00+01:00,2022-01-01 01:00:00+01:00,PT1M,1,0,se3_fi,False
2025-11-05 11:53:46+00:00,Cancelled,xJFknyppc5O8laha-FkqsQ,5,Planned maintenance,FI,SE_3,MAW,A03,2021-01-01 01:00:00+01:00,2022-01-01 01:00:00+01:00,PT1M,1,0,se3_fi,False
2025-11-05 11:53:46+00:00,Cancelled,XVVGsx5ndT6d4a5y-3670Q,9,Planned maintenance,FI,SE_3,MAW,A03,2021-01-01 01:00:00+01:00,2022-01-01 01:00:00+01:00,PT1M,1,0,se3_fi,False
2025-11-05 11:53:46+00:00,Cancelled,6jN6EmajyTTK-x7wiRN5gg,3,Planned maintenance,FI,SE_3,MAW,A03,2021-01-01 01:00:00+01:00,2022-01-01 01:00:00+01:00,PT1M,1,0,se3_fi,False
2025-11-05 11:53:48+00:00,Cancelled,4hiURgBGq3K4-DboXlNEyA,2,Planned maintenance,NO_1,SE_3,MAW,A03,2021-01-01 01:00:00+01:00,2022-01-01 01:00:00+01:00,PT1M,1,0,se3_no1,False
2025-11-05 11:53:48+00:00,Cancelled,yS1mFPkvyMLvExtrhdPMMg,5,Planned maintenance,NO_1,SE_3,MAW,A03,2021-01-01 01:00:00+01:00,2022-01-01 01:00:00+01:00,PT1M,1,0,se3_no1,False
2025-11-05 11:53:48+00:00,Cancelled,5USCYIGFzxB3tJdgGnj6qA,2,Planned maintenance,NO_1,SE_3,MAW,A03,2021-01-01 01:00:00+01:00,2022-01-01 01:00:00+01:00,PT1M,1,0,se3_no1,False
2025-11-05 11:53:48+00:00,Cancelled,hwiVdwOEzphuTQzMKRG-LQ,2,Planned maintenance,NO_1,SE_3,MAW,A03,2021-01-01 01:00:00+01:00,2022-01-01 01:00:00+01:00,PT1M,1,0,se3_no1,False
2025-11-05 11:53:48+00:00,Cancelled,iFlN0aRF8kuZueDEvSTdrA,10,Planned maintenance,NO_1,SE_3,MAW,A03,2021-01-01 01:00:00+01:00,2022-01-01 01:00:00+01:00,PT1M,1,0,se3_no1,False
2025-11-05 11:53:48+00:00,Cancelled,eFOmW3EiHwOfus_dPbojog,3,Planned maintenance,NO_1,SE_3,MAW,A03,2021-01-01 01:00:00+01:00,2022-01-01 01:00:00+01:00,PT1M,1,0,se3_no1,False
2025-11-05 11:53:48+00:00,Cancelled,8DJ8BodtrHZXt96shMrJaw,2,Planned maintenance,NO_1,SE_3,MAW,A03,2021-01-01 01:00:00+01:00,2022-01-01 01:00:00+01:00,PT1M,1,0,se3_no1,False
2025-11-05 11:53:48+00:00,Cancelled,7X_JPjoVwR-x0UcbfPFCYg,3,Planned maintenance,NO_1,SE_3,MAW,A03,2021-01-01 01:00:00+01:00,2022-01-01 01:00:00+01:00,PT1M,1,0,se3_no1,False
2025-11-05 11:53:48+00:00,Cancelled,t8tOuayTeUXa1rKCb1LPkQ,4,Planned maintenance,NO_1,SE_3,MAW,A03,2021-01-01 01:00:00+01:00,2022-01-01 01:00:00+01:00,PT1M,1,0,se3_no1,False
2025-11-05 11:53:48+00:00,Cancelled,6t8_xYIuuKuH5RbsHBgFwQ,2,Planned maintenance,NO_1,SE_3,MAW,A03,2021-01-01 01:00:00+01:00,2022-01-01 01:00:00+01:00,PT1M,1,0,se3_no1,False
2025-11-05 11:53:49+00:00,Cancelled,HPURifdp7JzdzkAZf0x8HA,3,Planned maintenance,NO_1,SE_3,MAW,A03,2021-01-01 01:00:00+01:00,2022-01-01 01:00:00+01:00,PT1M,1,0,se3_no1,False
2025-11-05 11:53:49+00:00,Cancelled,_IJ9GvUQXhKIjIa-6C5wLw,9,Planned maintenance,NO_1,SE_3,MAW,A03,2021-01-01 01:00:00+01:00,2022-01-01 01:00:00+01:00,PT1M,1,0,se3_no1,False
2025-11-05 11:53:49+00:00,Cancelled,LpfkuV66yLA5d37OXnWw8w,2,Planned maintenance,NO_1,SE_3,MAW,A03,2021-01-01 01:00:00+01:00,2022-01-01 01:00:00+01:00,PT1M,1,0,se3_no1,False
2025-11-05 11:53:49+00:00,Cancelled,26CQnx8YbGHbHufSjK9h8Q,6,Planned maintenance,NO_1,SE_3,MAW,A03,2021-01-01 01:00:00+01:00,2022-01-01 01:00:00+01:00,PT1M,1,0,se3_no1,False
2025-11-05 11:53:49+00:00,Cancelled,vH7Mb6gsQC7HetzFKdsnDw,3,Planned maintenance,NO_1,SE_3,MAW,A03,2021-01-01 01:00:00+01:00,2022-01-01 01:00:00+01:00,PT1M,1,0,se3_no1,False
2025-11-05 11:53:49+00:00,Cancelled,Xvn0cEJG5pQaGaN_hYkm4w,4,Planned maintenance,NO_1,SE_3,MAW,A03,2021-01-01 01:00:00+01:00,2022-01-01 01:00:00+01:00,PT1M,1,0,se3_no1,False
2025-11-05 11:53:49+00:00,Cancelled,xj2O00kUPBckkSQeC7nIKQ,2,Planned maintenance,NO_1,SE_3,MAW,A03,2021-01-01 01:00:00+01:00,2022-01-01 01:00:00+01:00,PT1M,1,0,se3_no1,False
2025-11-05 11:53:49+00:00,Cancelled,z7jl65gOzgvbvZGiHOlGDg,5,Planned maintenance,NO_1,SE_3,MAW,A03,2021-01-01 01:00:00+01:00,2022-01-01 01:00:00+01:00,PT1M,1,0,se3_no1,False
2025-11-05 11:53:49+00:00,Cancelled,BZnOvO6DmRi6F3Asywadtg,5,Planned maintenance,NO_1,SE_3,MAW,A03,2021-01-01 01:00:00+01:00,2022-01-01 01:00:00+01:00,PT1M,1,0,se3_no1,False
2025-11-05 11:53:49+00:00,Cancelled,TL9KR76GxEZYsSopVJnSQw,4,Planned maintenance,NO_1,SE_3,MAW,A03,2021-01-01 01:00:00+01:00,2022-01-01 01:00:00+01:00,PT1M,1,0,se3_no1,False
2025-11-05 11:54:04+00:00,Cancelled,M0C85iAj6Xo1BEw08Bh44w,2,Planned maintenance,SE_3,SE_2,MAW,A03,2022-01-01 01:00:00+01:00,2023-01-01 01:00:00+01:00,PT1M,1,0,se2_se3,False
2025-11-05 11:58:52+00:00,,eJeJW7m6CNYqicNH-BuaEg,1,Planned maintenance,SE_3,FI,MAW,A03,2021-01-16 09:00:00+02:00,2021-01-16 12:15:00+02:00,PT1M,1,0,fi_se3,True
2025-11-05 11:58:54+00:00,,vkOcmb6SxaZ5pv8w8bfIcg,1,Unplanned outage,SE_3,FI,MAW,A03,2021-01-23 16:31:00+02:00,2021-01-27 14:45:00+02:00,PT1M,1,800,fi_se3,True
2025-11-05 11:58:54+00:00,,yo0MqUVcfAeECKCSS8fGDQ,1,Unplanned outage,SE_3,FI,MAW,A03,2021-01-13 15:30:00+02:00,2021-01-16 09:00:00+02:00,PT1M,1,1000,fi_se3,True
2025-11-05 11:58:59+00:00,,e5gM2KlhAUnBqElMdTzWcg,1,Planned maintenance,SE_3,NO_1,MAW,A03,2021-08-23 06:00:00+02:00,2021-08-25 05:59:00+02:00,PT1M,1,895,no1_se3,True
2025-11-05 11:58:59+00:00,,e5gM2KlhAUnBqElMdTzWcg,1,Planned maintenance,SE_3,NO_1,MAW,A03,2021-08-25 05:59:00+02:00,2021-08-25 16:00:00+02:00,PT1M,2880,695,no1_se3,True
2025-11-05 11:59:23+00:00,,mnfc25YsHsZ-m7LyLl1SkA,1,Planned maintenance,SE_3,DK_1,MAW,A03,2021-03-10 15:59:00+01:00,2021-03-11 06:59:00+01:00,PT1M,540,715,dk1_se3,True
2025-11-05 11:59:23+00:00,,mnfc25YsHsZ-m7LyLl1SkA,1,Planned maintenance,SE_3,DK_1,MAW,A03,2021-03-10 07:00:00+01:00,2021-03-10 15:59:00+01:00,PT1M,1,310,dk1_se3,True
2025-11-05 11:59:23+00:00,,mnfc25YsHsZ-m7LyLl1SkA,1,Planned maintenance,SE_3,DK_1,MAW,A03,2021-03-12 06:59:00+01:00,2021-03-12 16:00:00+01:00,PT1M,2880,310,dk1_se3,True
2025-11-05 11:59:23+00:00,,mnfc25YsHsZ-m7LyLl1SkA,1,Planned maintenance,SE_3,DK_1,MAW,A03,2021-03-11 06:59:00+01:00,2021-03-11 15:59:00+01:00,PT1M,1440,310,dk1_se3,True
2025-11-05 11:59:23+00:00,,mnfc25YsHsZ-m7LyLl1SkA,1,Planned maintenance,SE_3,DK_1,MAW,A03,2021-03-11 15:59:00+01:00,2021-03-12 06:59:00+01:00,PT1M,1980,715,dk1_se3,True
2025-11-05 11:59:27+00:00,,35ipSYdN-pThnUJDQ8FKFQ,1,Planned maintenance,SE_3,SE_2,MAW,A03,2021-03-24 06:00:00+01:00,2021-04-11 17:00:00+02:00,PT1M,1,6600,se2_se3,True
2025-11-05 11:59:34+00:00,,DqhtxnNlLopgq1uUxkqgxQ,2,Unplanned outage,DK_1,SE_3,MAW,A03,2021-02-17 23:59:00+01:00,2021-03-25 00:00:00+01:00,PT1M,4320,345,se3_dk1,True
2025-11-05 11:59:34+00:00,,OQulwS-o4CLPphvTQt5ftA,1,Unplanned outage,DK_1,SE_3,MAW,A03,2021-02-14 11:00:00+01:00,2021-02-14 23:59:00+01:00,PT1M,1,358,se3_dk1,True
2025-11-05 11:59:34+00:00,,DqhtxnNlLopgq1uUxkqgxQ,2,Unplanned outage,DK_1,SE_3,MAW,A03,2021-02-15 00:00:00+01:00,2021-02-17 23:59:00+01:00,PT1M,1,358,se3_dk1,True
2025-11-05 11:59:37+00:00,,SzVtzB-Kea0fmkn1_3unFg,1,Planned maintenance,SE_4,SE_3,MAW,A03,2021-03-21 07:00:00+01:00,2021-03-21 13:36:00+01:00,PT1M,1,3200,se3_se4,True
2025-11-05 11:59:40+00:00,,fr0TOxHmuIrRBEPic0g1zQ,1,Planned maintenance,SE_3,NO_1,MAW,A03,2021-08-23 06:00:00+02:00,2021-08-25 05:59:00+02:00,PT1M,1,895,no1_se3,True
2025-11-05 11:59:40+00:00,,fr0TOxHmuIrRBEPic0g1zQ,1,Planned maintenance,SE_3,NO_1,MAW,A03,2021-08-25 05:59:00+02:00,2021-08-25 16:00:00+02:00,PT1M,2880,695,no1_se3,True
2025-11-05 11:59:41+00:00,,rZIivnQmO6TQTG7m9lo-oQ,1,Planned maintenance,SE_3,NO_1,MAW,A03,2021-11-05 06:00:00+01:00,2021-11-05 18:00:00+01:00,PT1M,1,895,no1_se3,True
2025-11-05 11:59:45+00:00,,ByzRpIMdd_O70bx8B_JURQ,1,Planned maintenance,SE_3,SE_2,MAW,A03,2021-03-15 06:00:00+01:00,2021-03-18 17:00:00+01:00,PT1M,1,6500,se2_se3,True
2025-11-05 11:59:46+00:00,,AV2ejpiGSiW393BSkuFKxQ,1,Unplanned outage,SE_4,SE_3,MAW,A03,2021-03-03 20:00:00+01:00,2021-03-10 10:00:00+01:00,PT1M,1,3300,se3_se4,True
2025-11-05 11:59:47+00:00,,SFxjzkXILHYFCR1P6_YB0g,1,Planned maintenance,SE_3,DK_1,MAW,A03,2021-09-20 07:00:00+02:00,2021-09-21 16:00:00+02:00,PT1M,1,700,dk1_se3,True
2025-11-05 11:59:50+00:00,,2MdKuYM8mkvAfUqOhrYExA,1,Planned maintenance,DK_1,SE_3,MAW,A03,2021-09-22 07:00:00+02:00,2021-09-23 16:00:00+02:00,PT1M,1,684,se3_dk1,True
2025-11-05 11:59:54+00:00,,XXVO79KbDDp5juucB0n7kg,1,Unplanned outage,FI,SE_3,MAW,A03,2021-03-11 18:49:00+01:00,2021-03-11 22:59:00+01:00,PT1M,1,400,se3_fi,True
2025-11-05 11:59:54+00:00,,Ci1hSDpC8NgtlauYOE_u3g,1,Planned maintenance,FI,SE_3,MAW,A03,2021-01-16 08:00:00+01:00,2021-01-16 11:15:00+01:00,PT1M,1,0,se3_fi,True
2025-11-05 11:59:54+00:00,,8NU2rkZJHIn7htDFtScEzw,1,Planned maintenance,FI,SE_3,MAW,A03,2021-03-13 06:00:00+01:00,2021-03-13 21:00:00+01:00,PT1M,1,400,se3_fi,True
2025-11-05 11:59:54+00:00,,9IzNiHFg0-Aq9zhYgym6vw,1,Planned maintenance,FI,SE_3,MAW,A03,2021-03-06 09:00:00+01:00,2021-03-06 14:17:00+01:00,PT1M,1,400,se3_fi,True
2025-11-05 11:59:54+00:00,,Bx51HRqyWB2CIYkSF0OWVQ,1,Unplanned outage,FI,SE_3,MAW,A03,2021-01-13 14:30:00+01:00,2021-01-16 08:00:00+01:00,PT1M,1,1000,se3_fi,True
2025-11-05 11:59:54+00:00,,U2mosnJ526yKNKWmdZwxxA,1,Unplanned outage,FI,SE_3,MAW,A03,2021-02-04 09:12:00+01:00,2021-02-04 10:29:00+01:00,PT1M,1,400,se3_fi,True
2025-11-05 12:00:01+00:00,,BoOUBv28fWIfjTzTOa5FUQ,1,Planned maintenance,NO_1,SE_3,MAW,A03,2021-03-15 06:00:00+01:00,2021-03-17 23:59:00+01:00,PT1M,1,600,se3_no1,True
2025-11-05 12:00:01+00:00,,BoOUBv28fWIfjTzTOa5FUQ,1,Planned maintenance,NO_1,SE_3,MAW,A03,2021-03-17 23:59:00+01:00,2021-03-29 17:00:00+02:00,PT1M,3960,450,se3_no1,True
2025-11-05 12:00:08+00:00,,59ZAIUagD9SnF1LhR4frHQ,1,Planned maintenance,SE_3,NO_1,MAW,A03,2021-09-23 06:00:00+02:00,2021-09-24 16:00:00+02:00,PT1M,1,1000,no1_se3,True
2025-11-05 12:00:11+00:00,,pMBhvXB_OlAVKmjVlD4SLA,1,Planned maintenance,NO_1,SE_3,MAW,A03,2021-03-21 07:00:00+01:00,2021-03-21 13:36:00+01:00,PT1M,1,250,se3_no1,True
2025-11-05 12:00:18+00:00,,BYaXDQU_fcMxBqKMksp5Rg,1,Unplanned outage,DK_1,SE_3,MAW,A03,2021-03-19 09:00:00+01:00,2021-03-19 17:59:00+01:00,PT1M,1,0,se3_dk1,True
2025-11-05 12:00:18+00:00,,BYaXDQU_fcMxBqKMksp5Rg,1,Unplanned outage,DK_1,SE_3,MAW,A03,2021-03-22 17:59:00+01:00,2021-03-23 08:59:00+01:00,PT1M,4860,345,se3_dk1,True
2025-11-05 12:00:18+00:00,,BYaXDQU_fcMxBqKMksp5Rg,1,Unplanned outage,DK_1,SE_3,MAW,A03,2021-03-22 08:59:00+01:00,2021-03-22 17:59:00+01:00,PT1M,4320,0,se3_dk1,True
2025-11-05 12:00:18+00:00,,BYaXDQU_fcMxBqKMksp5Rg,1,Unplanned outage,DK_1,SE_3,MAW,A03,2021-03-21 17:59:00+01:00,2021-03-22 08:59:00+01:00,PT1M,3420,345,se3_dk1,True
2025-11-05 12:00:18+00:00,,BYaXDQU_fcMxBqKMksp5Rg,1,Unplanned outage,DK_1,SE_3,MAW,A03,2021-03-20 08:59:00+01:00,2021-03-20 17:59:00+01:00,PT1M,1440,0,se3_dk1,True
2025-11-05 12:00:18+00:00,,BYaXDQU_fcMxBqKMksp5Rg,1,Unplanned outage,DK_1,SE_3,MAW,A03,2021-03-21 08:59:00+01:00,2021-03-21 17:59:00+01:00,PT1M,2880,0,se3_dk1,True
2025-11-05 12:00:18+00:00,,BYaXDQU_fcMxBqKMksp5Rg,1,Unplanned outage,DK_1,SE_3,MAW,A03,2021-03-20 17:59:00+01:00,2021-03-21 08:59:00+01:00,PT1M,1980,345,se3_dk1,True
2025-11-05 12:00:18+00:00,,BYaXDQU_fcMxBqKMksp5Rg,1,Unplanned outage,DK_1,SE_3,MAW,A03,2021-03-23 08:59:00+01:00,2021-03-23 13:55:00+01:00,PT1M,5760,0,se3_dk1,True
2025-11-05 12:00:18+00:00,,BYaXDQU_fcMxBqKMksp5Rg,1,Unplanned outage,DK_1,SE_3,MAW,A03,2021-03-19 17:59:00+01:00,2021-03-20 08:59:00+01:00,PT1M,540,345,se3_dk1,True
2025-11-05 12:00:19+00:00,,_nqYMDXrYw1jM1xCHqgQzQ,1,Planned maintenance,DK_1,SE_3,MAW,A03,2021-03-08 06:00:00+01:00,2021-03-16 19:00:00+01:00,PT1M,1,0,se3_dk1,True
2025-11-05 12:00:20+00:00,,Oc2k1nanInJSYzfLYlWhKA,1,Unplanned outage,FI,SE_3,MAW,A03,2021-01-13 14:30:00+01:00,2021-01-16 08:00:00+01:00,PT1M,1,1000,se3_fi,True
2025-11-05 12:00:20+00:00,,GxRjAeqKyUpdwZdKi707eA,1,Unplanned outage,FI,SE_3,MAW,A03,2021-01-23 15:31:00+01:00,2021-01-27 13:45:00+01:00,PT1M,1,800,se3_fi,True
2025-11-05 12:00:20+00:00,,e12MXToNCqOYl-O6jJ5O-A,1,Planned maintenance,FI,SE_3,MAW,A03,2021-01-16 08:00:00+01:00,2021-01-16 11:15:00+01:00,PT1M,1,0,se3_fi,True
2025-11-05 12:00:24+00:00,,ef_qRxWaZVvRVffNDPi-CA,1,Planned maintenance,SE_3,SE_2,MAW,A03,2021-03-04 09:00:00+01:00,2021-03-04 14:00:00+01:00,PT1M,1,5500,se2_se3,True
2025-11-05 12:00:27+00:00,,r5MNnZDak8-0G3MVaz_0Uw,1,Planned maintenance,DK_1,SE_3,MAW,A03,2021-01-25 07:00:00+01:00,2021-01-25 18:00:00+01:00,PT1M,1,0,se3_dk1,True
2025-11-05 12:00:27+00:00,,n57NuVMAtNfVMFqwZigHrg,1,Planned maintenance,DK_1,SE_3,MAW,A03,2021-03-24 00:00:00+01:00,2021-03-29 17:00:00+02:00,PT1M,1,350,se3_dk1,True
2025-11-05 12:00:31+00:00,,V7WGLJV0-wp-mEXIhi6KPw,1,Planned maintenance,SE_3,NO_1,MAW,A03,2021-05-18 06:00:00+02:00,2021-05-18 17:00:00+02:00,PT1M,1,1700,no1_se3,True
2025-11-05 12:00:33+00:00,,xh4u1oSNrojEIzCujv-LLA,1,Planned maintenance,SE_3,FI,MAW,A03,2021-03-30 07:00:00+03:00,2021-04-01 18:00:00+03:00,PT1M,1,0,fi_se3,True
2025-11-05 12:00:35+00:00,,YgAWLq_iwVFgwV5qEdRlNg,2,Unplanned outage,SE_3,DK_1,MAW,A03,2021-02-17 23:59:00+01:00,2021-03-25 00:00:00+01:00,PT1M,4320,345,dk1_se3,True
2025-11-05 12:00:35+00:00,,sJh4YYK6-UjsqDdpU6TiUg,1,Unplanned outage,SE_3,DK_1,MAW,A03,2021-02-14 11:00:00+01:00,2021-02-14 23:59:00+01:00,PT1M,1,358,dk1_se3,True
2025-11-05 12:00:35+00:00,,YgAWLq_iwVFgwV5qEdRlNg,2,Unplanned outage,SE_3,DK_1,MAW,A03,2021-02-15 00:00:00+01:00,2021-02-17 23:59:00+01:00,PT1M,1,358,dk1_se3,True
2025-11-05 12:00:36+00:00,,kmP1_6yGqUGpa7yTjQB7oA,1,Planned maintenance,SE_3,SE_2,MAW,A03,2021-11-12 06:00:00+01:00,2021-11-12 17:00:00+01:00,PT1M,1,7100,se2_se3,True
2025-11-05 12:00:40+00:00,,PF1psTbiPP8aV_EtYXZPaA,1,Planned maintenance,DK_1,SE_3,MAW,A03,2021-03-11 06:59:00+01:00,2021-03-11 15:59:00+01:00,PT1M,1440,40,se3_dk1,True
2025-11-05 12:00:40+00:00,,PF1psTbiPP8aV_EtYXZPaA,1,Planned maintenance,DK_1,SE_3,MAW,A03,2021-03-10 15:59:00+01:00,2021-03-11 06:59:00+01:00,PT1M,540,715,se3_dk1,True
2025-11-05 12:00:40+00:00,,PF1psTbiPP8aV_EtYXZPaA,1,Planned maintenance,DK_1,SE_3,MAW,A03,2021-03-10 07:00:00+01:00,2021-03-10 15:59:00+01:00,PT1M,1,40,se3_dk1,True
2025-11-05 12:00:40+00:00,,PF1psTbiPP8aV_EtYXZPaA,1,Planned maintenance,DK_1,SE_3,MAW,A03,2021-03-11 15:59:00+01:00,2021-03-12 06:59:00+01:00,PT1M,1980,715,se3_dk1,True
2025-11-05 12:00:40+00:00,,PF1psTbiPP8aV_EtYXZPaA,1,Planned maintenance,DK_1,SE_3,MAW,A03,2021-03-12 06:59:00+01:00,2021-03-12 16:00:00+01:00,PT1M,2880,40,se3_dk1,True
2025-11-05 12:00:41+00:00,,c3kEO17va6GcDXpa7WJgBQ,1,Unplanned outage,SE_3,SE_2,MAW,A03,2021-03-04 00:00:00+01:00,2021-03-04 04:00:00+01:00,PT1M,1,5500,se2_se3,True
2025-11-05 12:00:42+00:00,,cE7K2ymOnNNF3aMXIaBgCQ,1,Planned maintenance,FI,SE_3,MAW,A03,2021-03-04 09:00:00+01:00,2021-03-04 14:00:00+01:00,PT1M,1,800,se3_fi,True
2025-11-05 12:00:57+00:00,,-aUUPHt411qn-r_8pAEzBw,1,Planned maintenance,DK_1,SE_3,MAW,A03,2021-09-20 07:00:00+02:00,2021-09-21 16:00:00+02:00,PT1M,1,684,se3_dk1,True
2025-11-05 12:01:01+00:00,,vkJclaWo2s1kjpfPtkVmUg,1,Planned maintenance,SE_3,DK_1,MAW,A03,2021-09-22 07:00:00+02:00,2021-09-23 16:00:00+02:00,PT1M,1,700,dk1_se3,True
2025-11-05 12:01:02+00:00,,Ms6VtYEPuHlZTqDHTGRBPw,1,Planned maintenance,SE_3,NO_1,MAW,A03,2021-09-23 06:00:00+02:00,2021-09-24 16:00:00+02:00,PT1M,1,1000,no1_se3,True
2025-11-05 12:01:03+00:00,,oV9yEgFpe4aN1LryCuqcPg,1,Planned maintenance,SE_3,SE_2,MAW,A03,2021-03-15 06:00:00+01:00,2021-03-22 23:59:00+01:00,PT1M,1,6100,se2_se3,True
2025-11-05 12:01:03+00:00,,oV9yEgFpe4aN1LryCuqcPg,1,Planned maintenance,SE_3,SE_2,MAW,A03,2021-03-22 23:59:00+01:00,2021-03-29 17:00:00+02:00,PT1M,11160,6200,se2_se3,True
2025-11-05 12:01:05+00:00,,7eAtYhEFKEW-iEtO6rsNOQ,1,Planned maintenance,DK_1,SE_3,MAW,A03,2021-02-10 06:59:00+01:00,2021-02-10 17:59:00+01:00,PT1M,12960,135,se3_dk1,True
2025-11-05 12:01:05+00:00,,7eAtYhEFKEW-iEtO6rsNOQ,1,Planned maintenance,DK_1,SE_3,MAW,A03,2021-02-09 17:59:00+01:00,2021-02-10 06:59:00+01:00,PT1M,12180,715,se3_dk1,True
2025-11-05 12:01:05+00:00,,7eAtYhEFKEW-iEtO6rsNOQ,1,Planned maintenance,DK_1,SE_3,MAW,A03,2021-02-05 06:59:00+01:00,2021-02-05 17:59:00+01:00,PT1M,5760,135,se3_dk1,True
2025-11-05 12:01:05+00:00,,7eAtYhEFKEW-iEtO6rsNOQ,1,Planned maintenance,DK_1,SE_3,MAW,A03,2021-02-08 17:59:00+01:00,2021-02-09 06:59:00+01:00,PT1M,10740,715,se3_dk1,True
2025-11-05 12:01:05+00:00,,7eAtYhEFKEW-iEtO6rsNOQ,1,Planned maintenance,DK_1,SE_3,MAW,A03,2021-02-08 06:59:00+01:00,2021-02-08 17:59:00+01:00,PT1M,10080,135,se3_dk1,True
2025-11-05 12:01:05+00:00,,7eAtYhEFKEW-iEtO6rsNOQ,1,Planned maintenance,DK_1,SE_3,MAW,A03,2021-02-09 06:59:00+01:00,2021-02-09 17:59:00+01:00,PT1M,11520,135,se3_dk1,True
2025-11-05 12:01:05+00:00,,7eAtYhEFKEW-iEtO6rsNOQ,1,Planned maintenance,DK_1,SE_3,MAW,A03,2021-02-04 17:59:00+01:00,2021-02-05 06:59:00+01:00,PT1M,4980,715,se3_dk1,True
2025-11-05 12:01:05+00:00,,7eAtYhEFKEW-iEtO6rsNOQ,1,Planned maintenance,DK_1,SE_3,MAW,A03,2021-02-01 07:00:00+01:00,2021-02-01 17:59:00+01:00,PT1M,1,135,se3_dk1,True
2025-11-05 12:01:05+00:00,,7eAtYhEFKEW-iEtO6rsNOQ,1,Planned maintenance,DK_1,SE_3,MAW,A03,2021-02-02 17:59:00+01:00,2021-02-03 06:59:00+01:00,PT1M,2100,715,se3_dk1,True
2025-11-05 12:01:05+00:00,,7eAtYhEFKEW-iEtO6rsNOQ,1,Planned maintenance,DK_1,SE_3,MAW,A03,2021-02-05 17:59:00+01:00,2021-02-08 06:59:00+01:00,PT1M,6420,715,se3_dk1,True
2025-11-05 12:01:05+00:00,,Uoc4oMf8CqSsbe_KL7Da3g,1,Planned maintenance,DK_1,SE_3,MAW,A03,2021-01-26 07:00:00+01:00,2021-01-26 18:00:00+01:00,PT1M,1,135,se3_dk1,True
2025-11-05 12:01:05+00:00,,7eAtYhEFKEW-iEtO6rsNOQ,1,Planned maintenance,DK_1,SE_3,MAW,A03,2021-02-04 06:59:00+01:00,2021-02-04 17:59:00+01:00,PT1M,4320,135,se3_dk1,True
2025-11-05 12:01:05+00:00,,7eAtYhEFKEW-iEtO6rsNOQ,1,Planned maintenance,DK_1,SE_3,MAW,A03,2021-02-10 17:59:00+01:00,2021-02-11 06:59:00+01:00,PT1M,13620,715,se3_dk1,True
2025-11-05 12:01:05+00:00,,7eAtYhEFKEW-iEtO6rsNOQ,1,Planned maintenance,DK_1,SE_3,MAW,A03,2021-02-01 17:59:00+01:00,2021-02-02 06:59:00+01:00,PT1M,660,715,se3_dk1,True
2025-11-05 12:01:05+00:00,,7eAtYhEFKEW-iEtO6rsNOQ,1,Planned maintenance,DK_1,SE_3,MAW,A03,2021-02-03 17:59:00+01:00,2021-02-04 06:59:00+01:00,PT1M,3540,715,se3_dk1,True
2025-11-05 12:01:05+00:00,,7eAtYhEFKEW-iEtO6rsNOQ,1,Planned maintenance,DK_1,SE_3,MAW,A03,2021-02-03 06:59:00+01:00,2021-02-03 17:59:00+01:00,PT1M,2880,135,se3_dk1,True
2025-11-05 12:01:05+00:00,,7eAtYhEFKEW-iEtO6rsNOQ,1,Planned maintenance,DK_1,SE_3,MAW,A03,2021-02-02 06:59:00+01:00,2021-02-02 17:59:00+01:00,PT1M,1440,135,se3_dk1,True
2025-11-05 12:01:05+00:00,,7eAtYhEFKEW-iEtO6rsNOQ,1,Planned maintenance,DK_1,SE_3,MAW,A03,2021-02-11 06:59:00+01:00,2021-02-11 17:59:00+01:00,PT1M,14400,135,se3_dk1,True
2025-11-05 12:01:05+00:00,,7eAtYhEFKEW-iEtO6rsNOQ,1,Planned maintenance,DK_1,SE_3,MAW,A03,2021-02-11 17:59:00+01:00,2021-02-12 06:59:00+01:00,PT1M,15060,715,se3_dk1,True
2025-11-05 12:01:05+00:00,,7eAtYhEFKEW-iEtO6rsNOQ,1,Planned maintenance,DK_1,SE_3,MAW,A03,2021-02-12 06:59:00+01:00,2021-02-12 12:00:00+01:00,PT1M,15840,135,se3_dk1,True
2025-11-05 12:01:06+00:00,,hgQiYfoV2ttC21MlJZI-FQ,1,Planned maintenance,NO_1,SE_3,MAW,A03,2021-03-02 00:00:00+01:00,2021-03-09 23:59:00+01:00,PT1M,1,1470,se3_no1,True
2025-11-05 12:01:06+00:00,,hgQiYfoV2ttC21MlJZI-FQ,1,Planned maintenance,NO_1,SE_3,MAW,A03,2021-03-09 23:59:00+01:00,2021-03-15 06:00:00+01:00,PT1M,11520,600,se3_no1,True
2025-11-05 12:01:06+00:00,,WgoLX_JrxxtSxRB_xx5JZg,1,Unplanned outage,NO_1,SE_3,MAW,A03,2021-03-06 00:00:00+01:00,2021-03-08 07:59:00+01:00,PT1M,1,500,se3_no1,True
2025-11-05 12:01:06+00:00,,WgoLX_JrxxtSxRB_xx5JZg,1,Unplanned outage,NO_1,SE_3,MAW,A03,2021-03-09 23:58:00+01:00,2021-03-10 10:00:00+01:00,PT1M,5759,600,se3_no1,True
2025-11-05 12:01:06+00:00,,WgoLX_JrxxtSxRB_xx5JZg,1,Unplanned outage,NO_1,SE_3,MAW,A03,2021-03-08 07:59:00+01:00,2021-03-09 23:58:00+01:00,PT1M,3360,750,se3_no1,True
2025-11-05 12:01:10+00:00,,OnKqsYQYjlMeD74eSF9oxQ,1,Planned maintenance,SE_3,SE_2,MAW,A03,2021-03-21 07:00:00+01:00,2021-03-21 13:36:00+01:00,PT1M,1,5800,se2_se3,True
2025-11-05 12:05:33+00:00,,PnLgySVFCf5KtbTT4pfo2A,1,Planned maintenance,SE_3,FI,MAW,A03,2021-01-16 09:00:00+02:00,2021-01-16 12:15:00+02:00,PT1M,1,0,fi_se3,True
2025-11-05 12:05:33+00:00,,63ZIBHZk-6FyEwbS1c8Uig,1,Planned maintenance,SE_3,FI,MAW,A03,2021-03-06 10:00:00+02:00,2021-03-06 15:17:00+02:00,PT1M,1,400,fi_se3,True
2025-11-05 12:05:34+00:00,,nqAgYqP-G38HeLkX3H6gqQ,1,Planned maintenance,SE_3,FI,MAW,A03,2021-03-13 07:00:00+02:00,2021-03-13 22:00:00+02:00,PT1M,1,400,fi_se3,True
2025-11-05 12:05:34+00:00,,KkFanwK1eiiUjxkt6V260g,1,Unplanned outage,SE_3,FI,MAW,A03,2021-01-13 15:30:00+02:00,2021-01-16 09:00:00+02:00,PT1M,1,1000,fi_se3,True
2025-11-05 12:05:34+00:00,,-sQQ2IimEoVzlifTWifhTA,1,Unplanned outage,SE_3,FI,MAW,A03,2021-02-04 10:12:00+02:00,2021-02-04 11:29:00+02:00,PT1M,1,400,fi_se3,True
2025-11-05 12:05:36+00:00,,I5jL7saHowjyBnOWLLDCKQ,1,Planned maintenance,SE_3,SE_2,MAW,A03,2021-03-15 06:00:00+01:00,2021-03-18 17:00:00+01:00,PT1M,1,6500,se2_se3,True
2025-11-05 12:05:37+00:00,,0Z9_MfN-dcimck0ubU9lQg,1,Planned maintenance,SE_3,FI,MAW,A03,2021-03-03 01:00:00+02:00,2021-03-15 07:00:00+02:00,PT1M,1,840,fi_se3,True
2025-11-05 12:05:37+00:00,,iU67uTS-QFrF-OL-qL-OCQ,1,Planned maintenance,SE_3,FI,MAW,A03,2021-02-27 09:00:00+02:00,2021-02-28 13:00:00+02:00,PT1M,1,0,fi_se3,True
2025-11-05 12:05:37+00:00,,t3uNBJan9g9-GPT7MYYlEg,1,Unplanned outage,SE_3,FI,MAW,A03,2021-03-03 15:00:00+02:00,2021-03-10 11:00:00+02:00,PT1M,1,0,fi_se3,True
2025-11-05 12:05:43+00:00,,tQY6wn0FUDJ4SDXYJyJx-Q,1,Planned maintenance,SE_3,NO_1,MAW,A03,2021-09-23 06:00:00+02:00,2021-09-29 16:00:00+02:00,PT1M,1,1245,no1_se3,True
2025-11-05 12:05:49+00:00,,xVcGD1vdPyKoTeY1PmFuKQ,1,Planned maintenance,SE_3,SE_2,MAW,A03,2021-03-30 06:00:00+02:00,2021-04-01 17:00:00+02:00,PT1M,1,5800,se2_se3,True
2025-11-05 12:05:50+00:00,,CrCe04kiYhXBVAmGX9Kp2Q,1,Planned maintenance,SE_3,FI,MAW,A03,2021-03-21 08:00:00+02:00,2021-03-21 14:36:00+02:00,PT1M,1,0,fi_se3,True
2025-11-05 12:05:52+00:00,,x4Z3HI45h5TnBY2wqqm8aQ,1,Unplanned outage,SE_3,SE_2,MAW,A03,2021-03-23 09:28:00+01:00,2021-03-23 15:45:00+01:00,PT1M,1,6000,se2_se3,True
2025-11-05 12:05:59+00:00,,nOIhySOZOhRXSg1jPeNdKg,1,Planned maintenance,SE_3,FI,MAW,A03,2021-03-15 07:00:00+02:00,2021-03-29 18:00:00+03:00,PT1M,1,0,fi_se3,True
2025-11-05 12:06:00+00:00,,0dZ2JXrk_VzJ2JIeqtvQTQ,1,Unplanned outage,SE_3,DK_1,MAW,A03,2021-03-20 17:59:00+01:00,2021-03-21 08:59:00+01:00,PT1M,1980,345,dk1_se3,True
2025-11-05 12:06:00+00:00,,0dZ2JXrk_VzJ2JIeqtvQTQ,1,Unplanned outage,SE_3,DK_1,MAW,A03,2021-03-21 08:59:00+01:00,2021-03-21 17:59:00+01:00,PT1M,2880,0,dk1_se3,True
2025-11-05 12:06:00+00:00,,0dZ2JXrk_VzJ2JIeqtvQTQ,1,Unplanned outage,SE_3,DK_1,MAW,A03,2021-03-21 17:59:00+01:00,2021-03-22 08:59:00+01:00,PT1M,3420,345,dk1_se3,True
2025-11-05 12:06:00+00:00,,0dZ2JXrk_VzJ2JIeqtvQTQ,1,Unplanned outage,SE_3,DK_1,MAW,A03,2021-03-22 08:59:00+01:00,2021-03-22 17:59:00+01:00,PT1M,4320,0,dk1_se3,True
2025-11-05 12:06:00+00:00,,0dZ2JXrk_VzJ2JIeqtvQTQ,1,Unplanned outage,SE_3,DK_1,MAW,A03,2021-03-22 17:59:00+01:00,2021-03-23 08:59:00+01:00,PT1M,4860,345,dk1_se3,True
2025-11-05 12:06:00+00:00,,0dZ2JXrk_VzJ2JIeqtvQTQ,1,Unplanned outage,SE_3,DK_1,MAW,A03,2021-03-20 08:59:00+01:00,2021-03-20 17:59:00+01:00,PT1M,1440,0,dk1_se3,True
2025-11-05 12:06:00+00:00,,0dZ2JXrk_VzJ2JIeqtvQTQ,1,Unplanned outage,SE_3,DK_1,MAW,A03,2021-03-19 17:59:00+01:00,2021-03-20 08:59:00+01:00,PT1M,540,345,dk1_se3,True
2025-11-05 12:06:00+00:00,,0dZ2JXrk_VzJ2JIeqtvQTQ,1,Unplanned outage,SE_3,DK_1,MAW,A03,2021-03-19 09:00:00+01:00,2021-03-19 17:59:00+01:00,PT1M,1,0,dk1_se3,True
2025-11-05 12:06:00+00:00,,0dZ2JXrk_VzJ2JIeqtvQTQ,1,Unplanned outage,SE_3,DK_1,MAW,A03,2021-03-23 08:59:00+01:00,2021-03-23 13:55:00+01:00,PT1M,5760,0,dk1_se3,True
2025-11-05 12:06:01+00:00,,14Kj-tMq1AT8F_HhW19tyA,1,Planned maintenance,SE_3,DK_1,MAW,A03,2021-03-08 06:00:00+01:00,2021-03-16 19:00:00+01:00,PT1M,1,0,dk1_se3,True
2025-11-05 12:06:08+00:00,,Gzydk49hLVZO_00gxlXZMg,1,Planned maintenance,NO_1,SE_3,MAW,A03,2021-08-23 06:00:00+02:00,2021-08-25 05:59:00+02:00,PT1M,1,1195,se3_no1,True
2025-11-05 12:06:08+00:00,,Gzydk49hLVZO_00gxlXZMg,1,Planned maintenance,NO_1,SE_3,MAW,A03,2021-08-25 05:59:00+02:00,2021-08-25 16:00:00+02:00,PT1M,2880,645,se3_no1,True
2025-11-05 12:06:08+00:00,,eZzGgAVYln2Wuleyh9vbKA,1,Planned maintenance,SE_3,DK_1,MAW,A03,2021-01-26 07:00:00+01:00,2021-01-26 18:00:00+01:00,PT1M,1,415,dk1_se3,True
2025-11-05 12:06:08+00:00,,LG42M1yrPWjQW4wobP9nag,1,Planned maintenance,NO_1,SE_3,MAW,A03,2021-11-05 06:00:00+01:00,2021-11-05 18:00:00+01:00,PT1M,1,1195,se3_no1,True
2025-11-05 12:06:09+00:00,,qE1v_8FZ_PbmHnKJ8AS1TQ,1,Planned maintenance,SE_3,DK_1,MAW,A03,2021-02-08 06:59:00+01:00,2021-02-08 17:59:00+01:00,PT1M,10080,415,dk1_se3,True
2025-11-05 12:06:09+00:00,,qE1v_8FZ_PbmHnKJ8AS1TQ,1,Planned maintenance,SE_3,DK_1,MAW,A03,2021-02-10 06:59:00+01:00,2021-02-10 17:59:00+01:00,PT1M,12960,415,dk1_se3,True
2025-11-05 12:06:09+00:00,,qE1v_8FZ_PbmHnKJ8AS1TQ,1,Planned maintenance,SE_3,DK_1,MAW,A03,2021-02-01 07:00:00+01:00,2021-02-01 17:59:00+01:00,PT1M,1,415,dk1_se3,True
2025-11-05 12:06:09+00:00,,qE1v_8FZ_PbmHnKJ8AS1TQ,1,Planned maintenance,SE_3,DK_1,MAW,A03,2021-02-08 17:59:00+01:00,2021-02-09 06:59:00+01:00,PT1M,10740,715,dk1_se3,True
2025-11-05 12:06:09+00:00,,qE1v_8FZ_PbmHnKJ8AS1TQ,1,Planned maintenance,SE_3,DK_1,MAW,A03,2021-02-02 17:59:00+01:00,2021-02-03 06:59:00+01:00,PT1M,2100,715,dk1_se3,True
2025-11-05 12:06:09+00:00,,qE1v_8FZ_PbmHnKJ8AS1TQ,1,Planned maintenance,SE_3,DK_1,MAW,A03,2021-02-02 06:59:00+01:00,2021-02-02 17:59:00+01:00,PT1M,1440,415,dk1_se3,True
2025-11-05 12:06:09+00:00,,qE1v_8FZ_PbmHnKJ8AS1TQ,1,Planned maintenance,SE_3,DK_1,MAW,A03,2021-02-04 17:59:00+01:00,2021-02-05 06:59:00+01:00,PT1M,4980,715,dk1_se3,True
2025-11-05 12:06:09+00:00,,qE1v_8FZ_PbmHnKJ8AS1TQ,1,Planned maintenance,SE_3,DK_1,MAW,A03,2021-02-05 06:59:00+01:00,2021-02-05 17:59:00+01:00,PT1M,5760,415,dk1_se3,True
2025-11-05 12:06:09+00:00,,qE1v_8FZ_PbmHnKJ8AS1TQ,1,Planned maintenance,SE_3,DK_1,MAW,A03,2021-02-03 17:59:00+01:00,2021-02-04 06:59:00+01:00,PT1M,3540,715,dk1_se3,True
2025-11-05 12:06:09+00:00,,qE1v_8FZ_PbmHnKJ8AS1TQ,1,Planned maintenance,SE_3,DK_1,MAW,A03,2021-02-01 17:59:00+01:00,2021-02-02 06:59:00+01:00,PT1M,660,715,dk1_se3,True
2025-11-05 12:06:09+00:00,,qE1v_8FZ_PbmHnKJ8AS1TQ,1,Planned maintenance,SE_3,DK_1,MAW,A03,2021-02-05 17:59:00+01:00,2021-02-08 06:59:00+01:00,PT1M,6420,715,dk1_se3,True
2025-11-05 12:06:09+00:00,,qE1v_8FZ_PbmHnKJ8AS1TQ,1,Planned maintenance,SE_3,DK_1,MAW,A03,2021-02-03 06:59:00+01:00,2021-02-03 17:59:00+01:00,PT1M,2880,415,dk1_se3,True
2025-11-05 12:06:09+00:00,,qE1v_8FZ_PbmHnKJ8AS1TQ,1,Planned maintenance,SE_3,DK_1,MAW,A03,2021-02-09 06:59:00+01:00,2021-02-09 17:59:00+01:00,PT1M,11520,415,dk1_se3,True
2025-11-05 12:06:09+00:00,,qE1v_8FZ_PbmHnKJ8AS1TQ,1,Planned maintenance,SE_3,DK_1,MAW,A03,2021-02-10 17:59:00+01:00,2021-02-11 06:59:00+01:00,PT1M,13620,715,dk1_se3,True
2025-11-05 12:06:09+00:00,,qE1v_8FZ_PbmHnKJ8AS1TQ,1,Planned maintenance,SE_3,DK_1,MAW,A03,2021-02-11 06:59:00+01:00,2021-02-11 17:59:00+01:00,PT1M,14400,415,dk1_se3,True
2025-11-05 12:06:09+00:00,,qE1v_8FZ_PbmHnKJ8AS1TQ,1,Planned maintenance,SE_3,DK_1,MAW,A03,2021-02-11 17:59:00+01:00,2021-02-12 06:59:00+01:00,PT1M,15060,715,dk1_se3,True
2025-11-05 12:06:09+00:00,,qE1v_8FZ_PbmHnKJ8AS1TQ,1,Planned maintenance,SE_3,DK_1,MAW,A03,2021-02-12 06:59:00+01:00,2021-02-12 12:00:00+01:00,PT1M,15840,415,dk1_se3,True
2025-11-05 12:06:09+00:00,,qE1v_8FZ_PbmHnKJ8AS1TQ,1,Planned maintenance,SE_3,DK_1,MAW,A03,2021-02-04 06:59:00+01:00,2021-02-04 17:59:00+01:00,PT1M,4320,415,dk1_se3,True
2025-11-05 12:06:09+00:00,,qE1v_8FZ_PbmHnKJ8AS1TQ,1,Planned maintenance,SE_3,DK_1,MAW,A03,2021-02-09 17:59:00+01:00,2021-02-10 06:59:00+01:00,PT1M,12180,715,dk1_se3,True
2025-11-05 12:06:15+00:00,,b_G3UpfvW_DS7DU1z91RoQ,1,Planned maintenance,NO_1,SE_3,MAW,A03,2021-03-30 06:00:00+02:00,2021-04-01 17:00:00+02:00,PT1M,1,750,se3_no1,True
2025-11-05 12:09:55+00:00,,3NePiSSk4X7b5d9gkUYyQg,2,Unplanned outage,SE_3,NO_1,MAW,A03,2021-03-19 19:59:00+01:00,2021-03-26 04:59:00+01:00,PT1M,900,1995,no1_se3,True
2025-11-05 12:09:55+00:00,,3NePiSSk4X7b5d9gkUYyQg,2,Unplanned outage,SE_3,NO_1,MAW,A03,2021-03-26 04:59:00+01:00,2021-03-26 17:30:00+01:00,PT1M,10080,900,no1_se3,True
2025-11-05 12:09:55+00:00,,LcPJTpVgsVm_O_xuNbWRsw,2,Unplanned outage,SE_3,NO_1,MAW,A03,2021-03-19 19:59:00+01:00,2021-03-26 04:59:00+01:00,PT1M,900,1995,no1_se3,True
2025-11-05 12:09:55+00:00,,NL-wS7Bj4kUZhBkaQEWRlQ,2,Unplanned outage,NO_1,SE_3,MAW,A03,2021-03-26 04:59:00+01:00,2021-03-26 17:30:00+01:00,PT1M,10080,1200,se3_no1,True
2025-11-05 12:09:55+00:00,,zjfr8oOgvP9956y5hEMVxg,2,Unplanned outage,NO_1,SE_3,MAW,A03,2021-03-19 05:00:00+01:00,2021-03-19 19:59:00+01:00,PT1M,1,1200,se3_no1,True
2025-11-05 12:09:55+00:00,,zjfr8oOgvP9956y5hEMVxg,2,Unplanned outage,NO_1,SE_3,MAW,A03,2021-03-19 19:59:00+01:00,2021-03-26 04:59:00+01:00,PT1M,900,2095,se3_no1,True
2025-11-05 12:09:55+00:00,,zjfr8oOgvP9956y5hEMVxg,2,Unplanned outage,NO_1,SE_3,MAW,A03,2021-03-26 04:59:00+01:00,2021-03-26 17:30:00+01:00,PT1M,10080,1200,se3_no1,True
2025-11-05 12:09:55+00:00,,NL-wS7Bj4kUZhBkaQEWRlQ,2,Unplanned outage,NO_1,SE_3,MAW,A03,2021-03-19 05:00:00+01:00,2021-03-19 19:59:00+01:00,PT1M,1,1200,se3_no1,True
2025-11-05 12:09:55+00:00,,NL-wS7Bj4kUZhBkaQEWRlQ,2,Unplanned outage,NO_1,SE_3,MAW,A03,2021-03-19 19:59:00+01:00,2021-03-26 04:59:00+01:00,PT1M,900,2095,se3_no1,True
2025-11-05 12:09:55+00:00,,3NePiSSk4X7b5d9gkUYyQg,2,Unplanned outage,SE_3,NO_1,MAW,A03,2021-03-19 05:00:00+01:00,2021-03-19 19:59:00+01:00,PT1M,1,700,no1_se3,True
2025-11-05 12:09:55+00:00,,RKOReNl2iBD4-gKLSxXzww,2,Unplanned outage,SE_3,NO_1,MAW,A03,2021-03-19 05:00:00+01:00,2021-03-19 19:59:00+01:00,PT1M,1,700,no1_se3,True
2025-11-05 12:09:55+00:00,,LcPJTpVgsVm_O_xuNbWRsw,2,Unplanned outage,SE_3,NO_1,MAW,A03,2021-03-26 04:59:00+01:00,2021-03-26 17:30:00+01:00,PT1M,10080,900,no1_se3,True
2025-11-05 12:09:55+00:00,,LcPJTpVgsVm_O_xuNbWRsw,2,Unplanned outage,SE_3,NO_1,MAW,A03,2021-03-19 05:00:00+01:00,2021-03-19 19:59:00+01:00,PT1M,1,700,no1_se3,True
2025-11-05 12:09:55+00:00,,RKOReNl2iBD4-gKLSxXzww,2,Unplanned outage,SE_3,NO_1,MAW,A03,2021-03-19 19:59:00+01:00,2021-03-26 04:59:00+01:00,PT1M,900,1995,no1_se3,True
2025-11-05 12:09:55+00:00,,RKOReNl2iBD4-gKLSxXzww,2,Unplanned outage,SE_3,NO_1,MAW,A03,2021-03-26 04:59:00+01:00,2021-03-26 17:30:00+01:00,PT1M,10080,900,no1_se3,True
2025-11-05 12:09:56+00:00,,SLzngs-Gvh5jPoj3de1pHw,2,Unplanned outage,NO_1,SE_3,MAW,A03,2021-03-26 04:59:00+01:00,2021-03-26 17:30:00+01:00,PT1M,10080,1200,se3_no1,True
2025-11-05 12:09:56+00:00,,SLzngs-Gvh5jPoj3de1pHw,2,Unplanned outage,NO_1,SE_3,MAW,A03,2021-03-19 05:00:00+01:00,2021-03-19 19:59:00+01:00,PT1M,1,1200,se3_no1,True
2025-11-05 12:09:56+00:00,,SLzngs-Gvh5jPoj3de1pHw,2,Unplanned outage,NO_1,SE_3,MAW,A03,2021-03-19 19:59:00+01:00,2021-03-26 04:59:00+01:00,PT1M,900,2095,se3_no1,True
2025-11-05 12:11:07+00:00,Cancelled,hMa0IS8FV2cheplAwzHTPw,2,Planned maintenance,DK_1,SE_3,MAW,A03,2021-04-02 06:00:00+02:00,2021-04-05 17:00:00+02:00,PT1M,1,350,se3_dk1,False
2025-11-05 12:11:07+00:00,Cancelled,QeOrkykLCgBjHLv-YcVw7g,2,Planned maintenance,SE_3,FI,MAW,A03,2021-04-02 07:00:00+03:00,2021-04-05 18:00:00+03:00,PT1M,1,0,fi_se3,False
2025-11-05 12:11:07+00:00,Cancelled,P-3XhHvYiykD50bvHarDwA,2,Planned maintenance,NO_1,SE_3,MAW,A03,2021-04-02 06:00:00+02:00,2021-04-05 17:00:00+02:00,PT1M,1,450,se3_no1,False
2025-11-05 12:11:07+00:00,Cancelled,aBs68EMWhn4IZHshMKL9_g,2,Planned maintenance,SE_3,SE_2,MAW,A03,2021-04-02 06:00:00+02:00,2021-04-05 17:00:00+02:00,PT1M,1,6100,se2_se3,False
2025-11-05 12:12:20+00:00,,hzu35IU4CHc7oOLfFJyLJA,2,Planned maintenance,SE_3,SE_2,MAW,A03,2021-04-19 06:00:00+02:00,2021-04-20 17:00:00+02:00,PT1M,1,6300,se2_se3,True
2025-11-05 12:12:31+00:00,,RbvbM-uej8ZlexaTBejkEg,2,Planned maintenance,DK_1,SE_3,MAW,A03,2021-05-03 08:00:00+02:00,2021-05-04 17:00:00+02:00,PT1M,1,682,se3_dk1,True
2025-11-05 12:12:31+00:00,,uyFGpm_4AacamNjeIW4u1Q,2,Planned maintenance,DK_1,SE_3,MAW,A03,2021-05-03 08:00:00+02:00,2021-05-04 17:00:00+02:00,PT1M,1,682,se3_dk1,True
2025-11-05 12:12:34+00:00,,MZ41BeadVH9m-pigMaAGkw,1,Planned maintenance,SE_4,SE_3,MAW,A03,2021-05-23 06:00:00+02:00,2021-06-06 17:00:00+02:00,PT1M,1,3200,se3_se4,True
2025-11-05 12:12:34+00:00,,hPqVY2IlnFBnKSlx1aNYUQ,2,Planned maintenance,SE_4,SE_3,MAW,A03,2021-05-23 06:00:00+02:00,2021-06-06 17:00:00+02:00,PT1M,1,3200,se3_se4,True
2025-11-05 12:12:43+00:00,Cancelled,uVrZOcPWy9HG2_eXCuFtPg,2,Planned maintenance,NO_1,SE_3,MAW,A03,2021-08-25 17:00:00+02:00,2021-09-13 06:00:00+02:00,PT1M,1,1200,se3_no1,False
2025-11-05 12:12:43+00:00,Cancelled,Bw8SfwNC3Kouw-2UrKtCJQ,2,Planned maintenance,SE_3,NO_1,MAW,A03,2021-08-25 17:00:00+02:00,2021-09-28 17:00:00+02:00,PT1M,1,600,no1_se3,False
2025-11-05 12:12:44+00:00,Cancelled,syiv3iMCSgnmjefx9nJ1tA,3,Planned maintenance,SE_3,SE_4,MAW,A03,2021-08-25 17:00:00+02:00,2021-09-13 06:00:00+02:00,PT1M,1,1000,se4_se3,False
2025-11-05 12:12:44+00:00,Cancelled,Ji4EmAxTvjzShW-SDn1bdw,3,Planned maintenance,SE_4,SE_3,MAW,A03,2021-08-25 17:00:00+02:00,2021-09-28 17:00:00+02:00,PT1M,1,4000,se3_se4,False
2025-11-05 12:12:44+00:00,Cancelled,3WmfT164NKIXPui3eC0oLw,3,Planned maintenance,SE_3,SE_2,MAW,A03,2021-08-25 17:00:00+02:00,2021-09-28 17:00:00+02:00,PT1M,1,6000,se2_se3,False
2025-11-05 12:12:44+00:00,Cancelled,1v0s3SvsRGXL2jcRY9Q9Lw,3,Planned maintenance,DK_1,SE_3,MAW,A03,2021-08-25 17:00:00+02:00,2021-09-28 17:00:00+02:00,PT1M,1,300,se3_dk1,False
2025-11-05 12:14:05+00:00,,EUjxZy0NoKr4HdrVe5sk_w,2,Planned maintenance,SE_3,SE_2,MAW,A03,2021-04-12 08:00:00+02:00,2021-04-15 17:00:00+02:00,PT1M,1,6500,se2_se3,True
2025-11-05 12:14:05+00:00,,6A22nprHISK3j8whXFDRYQ,2,Planned maintenance,SE_4,SE_3,MAW,A03,2021-04-12 08:00:00+02:00,2021-04-15 17:00:00+02:00,PT1M,1,4300,se3_se4,True
2025-11-05 12:15:21+00:00,,vWAEtU8gCv8vs85y3sbCuw,2,Planned maintenance,NO_1,SE_3,MAW,A03,2021-04-08 00:00:00+02:00,2021-04-08 20:00:00+02:00,PT1M,1,750,se3_no1,True
2025-11-05 12:15:21+00:00,,v8TPKhh0mMwutlQ3dHioAQ,2,Planned maintenance,NO_1,SE_3,MAW,A03,2021-04-08 00:00:00+02:00,2021-04-08 20:00:00+02:00,PT1M,1,750,se3_no1,True
2025-11-05 12:15:48+00:00,,2XpulDLfahPaDU2s2Zj38g,6,Planned maintenance,SE_3,SE_2,MAW,A03,2021-04-06 06:00:00+02:00,2021-04-09 15:52:00+02:00,PT1M,1,5800,se2_se3,True
2025-11-05 12:15:48+00:00,,gZ50ORjefiXOeKohVcd_-w,4,Planned maintenance,NO_1,SE_3,MAW,A03,2021-04-06 06:00:00+02:00,2021-04-09 15:52:00+02:00,PT1M,1,750,se3_no1,True
2025-11-05 12:15:48+00:00,,hX0z6Drg99m1UT4b6qWCxA,6,Planned maintenance,SE_3,FI,MAW,A03,2021-04-06 07:00:00+03:00,2021-04-09 16:52:00+03:00,PT1M,1,0,fi_se3,True
2025-11-05 12:18:11+00:00,,OlSxtiJTxBJs4j64qsUDOw,4,Planned maintenance,SE_3,NO_1,MAW,A03,2021-04-12 08:00:00+02:00,2021-04-18 19:00:00+02:00,PT1M,1,1245,no1_se3,True
2025-11-05 12:18:11+00:00,,KQAB7jPDcgH8tOO_13tLUA,4,Planned maintenance,SE_3,NO_1,MAW,A03,2021-04-12 08:00:00+02:00,2021-04-18 19:00:00+02:00,PT1M,1,1245,no1_se3,True
2025-11-05 12:18:11+00:00,,cZQVS9GhP-oQdcOtJ4jtMw,4,Planned maintenance,SE_3,NO_1,MAW,A03,2021-04-12 08:00:00+02:00,2021-04-18 19:00:00+02:00,PT1M,1,1245,no1_se3,True
2025-11-05 12:18:11+00:00,,HWHFh0Qb1k6oHO1XH3lHtA,4,Planned maintenance,SE_3,NO_1,MAW,A03,2021-04-12 08:00:00+02:00,2021-04-18 19:00:00+02:00,PT1M,1,1245,no1_se3,True
2025-11-05 12:18:39+00:00,,AarcCtUH_EgFlzN49pD9gg,1,Planned maintenance,DK_1,SE_3,MAW,A03,2021-04-22 07:00:00+02:00,2021-04-22 18:00:00+02:00,PT1M,1,40,se3_dk1,True
2025-11-05 12:18:39+00:00,,64tO56Gtvz527BZvcxinAA,1,Planned maintenance,SE_3,DK_1,MAW,A03,2021-04-22 07:00:00+02:00,2021-04-22 18:00:00+02:00,PT1M,1,265,dk1_se3,True
2025-11-05 12:18:48+00:00,,H61llSP0xJyKEcwij9wJng,4,Unplanned outage,FI,SE_3,MAW,A03,2021-04-14 16:00:00+02:00,2021-04-19 16:30:00+02:00,PT1M,1,800,se3_fi,True
2025-11-05 12:18:48+00:00,,M-DMwT5ADxfFG2CEELGGjQ,4,Unplanned outage,SE_3,FI,MAW,A03,2021-04-14 17:00:00+03:00,2021-04-19 17:30:00+03:00,PT1M,1,800,fi_se3,True
2025-11-05 12:19:02+00:00,Cancelled,sMATVQa5DqtLmffFYtS_hw,2,Planned maintenance,SE_3,FI,MAW,A03,2021-04-23 10:00:00+03:00,2021-04-23 14:00:00+03:00,PT1M,1,800,fi_se3,False
2025-11-05 12:19:02+00:00,Cancelled,8DAlbodntm-pCLBO1LIofw,2,Planned maintenance,FI,SE_3,MAW,A03,2021-04-23 09:00:00+02:00,2021-04-23 13:00:00+02:00,PT1M,1,800,se3_fi,False
2025-11-05 12:19:18+00:00,,j2sD8u5k1EHunWfqpg5QgA,3,Planned maintenance,SE_3,DK_1,MAW,A03,2021-04-20 06:00:00+02:00,2021-04-21 13:00:00+02:00,PT1M,1,300,dk1_se3,True
2025-11-05 12:19:18+00:00,,JZGD0qyBt1hkwVQdRArqDw,3,Planned maintenance,SE_3,DK_1,MAW,A03,2021-04-20 06:00:00+02:00,2021-04-21 13:00:00+02:00,PT1M,1,300,dk1_se3,True
2025-11-05 12:19:18+00:00,,Lsc8jmLjzYiwZYO7skO7JQ,3,Planned maintenance,SE_4,SE_3,MAW,A03,2021-04-21 12:29:00+02:00,2021-04-22 17:00:00+02:00,PT1M,3150,3600,se3_se4,True
2025-11-05 12:19:18+00:00,,KNhHq5C2wW1hhhtIdgLQDw,3,Planned maintenance,SE_4,SE_3,MAW,A03,2021-04-21 12:29:00+02:00,2021-04-22 17:00:00+02:00,PT1M,3150,3600,se3_se4,True
2025-11-05 12:19:18+00:00,,KNhHq5C2wW1hhhtIdgLQDw,3,Planned maintenance,SE_4,SE_3,MAW,A03,2021-04-19 08:00:00+02:00,2021-04-21 12:29:00+02:00,PT1M,1,4300,se3_se4,True
2025-11-05 12:19:18+00:00,,Lsc8jmLjzYiwZYO7skO7JQ,3,Planned maintenance,SE_4,SE_3,MAW,A03,2021-04-19 08:00:00+02:00,2021-04-21 12:29:00+02:00,PT1M,1,4300,se3_se4,True
2025-11-05 12:19:19+00:00,,lCzRfT3lB5ewoeCCAxJooA,3,Planned maintenance,SE_4,SE_3,MAW,A03,2021-04-20 06:00:00+02:00,2021-04-21 13:00:00+02:00,PT1M,1,2900,se3_se4,True
2025-11-05 12:19:19+00:00,,EdStpV-krGS5xKxpbkHKIg,3,Planned maintenance,SE_4,SE_3,MAW,A03,2021-04-20 06:00:00+02:00,2021-04-21 13:00:00+02:00,PT1M,1,2900,se3_se4,True
2025-11-05 12:19:55+00:00,Cancelled,YhOpLqrMVwEEWgugkhrrrA,2,Planned maintenance,SE_4,SE_3,MAW,A03,2021-06-20 23:58:00+02:00,2021-09-30 23:59:00+02:00,PT1M,120959,3700,se3_se4,False
2025-11-05 12:19:55+00:00,Cancelled,YhOpLqrMVwEEWgugkhrrrA,2,Planned maintenance,SE_4,SE_3,MAW,A03,2021-04-30 23:59:00+02:00,2021-05-22 18:59:00+02:00,PT1M,47520,3700,se3_se4,False
2025-11-05 12:19:55+00:00,Cancelled,YhOpLqrMVwEEWgugkhrrrA,2,Planned maintenance,SE_4,SE_3,MAW,A03,2021-03-29 00:00:00+02:00,2021-04-30 23:59:00+02:00,PT1M,1,3900,se3_se4,False
2025-11-05 12:19:55+00:00,Cancelled,VZsKmfAoVa1HiHPxK2FIKg,2,Planned maintenance,DK_1,SE_3,MAW,A03,2020-12-18 23:59:00+01:00,2020-12-23 23:58:00+01:00,PT1M,11520,620,se3_dk1,False
2025-11-05 12:19:55+00:00,Cancelled,VZsKmfAoVa1HiHPxK2FIKg,2,Planned maintenance,DK_1,SE_3,MAW,A03,2021-06-20 23:58:00+02:00,2021-09-30 23:59:00+02:00,PT1M,276419,501,se3_dk1,False
2025-11-05 12:19:55+00:00,Cancelled,VZsKmfAoVa1HiHPxK2FIKg,2,Planned maintenance,DK_1,SE_3,MAW,A03,2021-03-09 23:59:00+01:00,2021-05-22 18:59:00+02:00,PT1M,128160,501,se3_dk1,False
2025-11-05 12:19:55+00:00,Cancelled,VZsKmfAoVa1HiHPxK2FIKg,2,Planned maintenance,DK_1,SE_3,MAW,A03,2021-05-22 18:59:00+02:00,2021-06-20 23:58:00+02:00,PT1M,234360,300,se3_dk1,False
2025-11-05 12:19:55+00:00,Cancelled,YhOpLqrMVwEEWgugkhrrrA,2,Planned maintenance,SE_4,SE_3,MAW,A03,2021-05-22 18:59:00+02:00,2021-06-20 23:58:00+02:00,PT1M,78900,3200,se3_se4,False
2025-11-05 12:19:55+00:00,Cancelled,-smKLxYuoVtx_rQvdnQ_-Q,2,Planned maintenance,SE_3,NO_1,MAW,A03,2020-12-09 10:59:00+01:00,2020-12-10 23:59:00+01:00,PT1M,660,2045,no1_se3,False
2025-11-05 12:19:55+00:00,Cancelled,VZsKmfAoVa1HiHPxK2FIKg,2,Planned maintenance,DK_1,SE_3,MAW,A03,2020-12-11 00:00:00+01:00,2020-12-18 23:59:00+01:00,PT1M,1,580,se3_dk1,False
2025-11-05 12:19:55+00:00,Cancelled,BKknCKqkld-GwC3ieN3E0Q,2,Planned maintenance,NO_1,SE_3,MAW,A03,2021-04-30 23:59:00+02:00,2021-09-30 23:59:00+02:00,PT1M,47520,550,se3_no1,False
2025-11-05 12:19:55+00:00,Cancelled,BKknCKqkld-GwC3ieN3E0Q,2,Planned maintenance,NO_1,SE_3,MAW,A03,2021-03-31 23:59:00+02:00,2021-04-30 23:59:00+02:00,PT1M,4320,750,se3_no1,False
2025-11-05 12:19:55+00:00,Cancelled,BKknCKqkld-GwC3ieN3E0Q,2,Planned maintenance,NO_1,SE_3,MAW,A03,2021-03-29 00:00:00+02:00,2021-03-31 23:59:00+02:00,PT1M,1,850,se3_no1,False
2025-11-05 12:19:55+00:00,Cancelled,VY05NZ8K9-4A4SlZHECapw,2,Planned maintenance,SE_3,SE_2,MAW,A03,2021-06-20 23:58:00+02:00,2021-09-30 23:59:00+02:00,PT1M,120959,6000,se2_se3,False
2025-11-05 12:19:55+00:00,Cancelled,-smKLxYuoVtx_rQvdnQ_-Q,2,Planned maintenance,SE_3,NO_1,MAW,A03,2020-12-09 00:00:00+01:00,2020-12-09 10:59:00+01:00,PT1M,1,1945,no1_se3,False
2025-11-05 12:19:55+00:00,Cancelled,VY05NZ8K9-4A4SlZHECapw,2,Planned maintenance,SE_3,SE_2,MAW,A03,2021-05-22 18:59:00+02:00,2021-06-20 23:58:00+02:00,PT1M,78900,5100,se2_se3,False
2025-11-05 12:19:55+00:00,Cancelled,VY05NZ8K9-4A4SlZHECapw,2,Planned maintenance,SE_3,SE_2,MAW,A03,2021-03-29 00:00:00+02:00,2021-05-22 18:59:00+02:00,PT1M,1,6000,se2_se3,False
2025-11-05 12:19:55+00:00,Cancelled,wxDMJZI8qSOcxqorTp3EkQ,2,Planned maintenance,SE_3,FI,MAW,A03,2021-03-29 01:00:00+03:00,2021-05-22 19:59:00+03:00,PT1M,1,250,fi_se3,False
2025-11-05 12:19:55+00:00,Cancelled,wxDMJZI8qSOcxqorTp3EkQ,2,Planned maintenance,SE_3,FI,MAW,A03,2021-06-21 00:58:00+03:00,2021-10-01 00:59:00+03:00,PT1M,120959,250,fi_se3,False
2025-11-05 12:19:55+00:00,Cancelled,wxDMJZI8qSOcxqorTp3EkQ,2,Planned maintenance,SE_3,FI,MAW,A03,2021-05-22 19:59:00+03:00,2021-06-21 00:58:00+03:00,PT1M,78900,0,fi_se3,False
2025-11-05 12:19:55+00:00,Cancelled,-smKLxYuoVtx_rQvdnQ_-Q,2,Planned maintenance,SE_3,NO_1,MAW,A03,2020-12-10 23:59:00+01:00,2020-12-23 23:58:00+01:00,PT1M,2880,1845,no1_se3,False
2025-11-05 12:19:55+00:00,Cancelled,-smKLxYuoVtx_rQvdnQ_-Q,2,Planned maintenance,SE_3,NO_1,MAW,A03,2021-05-22 18:59:00+02:00,2021-06-20 23:59:00+02:00,PT1M,237240,1400,no1_se3,False
2025-11-05 12:19:55+00:00,Cancelled,-smKLxYuoVtx_rQvdnQ_-Q,2,Planned maintenance,SE_3,NO_1,MAW,A03,2020-12-23 23:58:00+01:00,2021-05-22 18:59:00+02:00,PT1M,21599,1800,no1_se3,False
2025-11-05 12:19:55+00:00,Cancelled,VZsKmfAoVa1HiHPxK2FIKg,2,Planned maintenance,DK_1,SE_3,MAW,A03,2020-12-23 23:58:00+01:00,2021-03-09 23:59:00+01:00,PT1M,18719,600,se3_dk1,False
2025-11-05 12:19:59+00:00,,kEnzFJBH7YcjPGyk_jVqoA,2,Planned maintenance,SE_3,SE_2,MAW,A03,2021-04-21 06:00:00+02:00,2021-04-22 18:00:00+02:00,PT1M,1,6000,se2_se3,True
2025-11-05 12:20:30+00:00,,CAnOE5PKUd2kKUI7bqsrNw,5,Planned maintenance,DK_1,SE_3,MAW,A03,2021-04-27 05:59:00+02:00,2021-04-27 18:00:00+02:00,PT1M,21420,715,se3_dk1,True
2025-11-05 12:20:30+00:00,,kdcyiRswMhkOTAALFZ5UEQ,8,Planned maintenance,SE_3,FI,MAW,A03,2021-04-12 10:00:00+03:00,2021-04-27 19:00:00+03:00,PT1M,1,0,fi_se3,True
2025-11-05 12:20:30+00:00,,CAnOE5PKUd2kKUI7bqsrNw,5,Planned maintenance,DK_1,SE_3,MAW,A03,2021-04-15 20:59:00+02:00,2021-04-16 05:59:00+02:00,PT1M,5040,250,se3_dk1,True
2025-11-05 12:20:30+00:00,,CAnOE5PKUd2kKUI7bqsrNw,5,Planned maintenance,DK_1,SE_3,MAW,A03,2021-04-12 09:00:00+02:00,2021-04-14 23:59:00+02:00,PT1M,1,715,se3_dk1,True
2025-11-05 12:20:30+00:00,,CAnOE5PKUd2kKUI7bqsrNw,5,Planned maintenance,DK_1,SE_3,MAW,A03,2021-04-14 23:59:00+02:00,2021-04-15 05:59:00+02:00,PT1M,3780,250,se3_dk1,True
2025-11-05 12:20:30+00:00,,CAnOE5PKUd2kKUI7bqsrNw,5,Planned maintenance,DK_1,SE_3,MAW,A03,2021-04-15 05:59:00+02:00,2021-04-15 20:59:00+02:00,PT1M,4140,715,se3_dk1,True
2025-11-05 12:20:30+00:00,,CAnOE5PKUd2kKUI7bqsrNw,5,Planned maintenance,DK_1,SE_3,MAW,A03,2021-04-22 20:59:00+02:00,2021-04-23 05:59:00+02:00,PT1M,15120,250,se3_dk1,True
2025-11-05 12:20:30+00:00,,CAnOE5PKUd2kKUI7bqsrNw,5,Planned maintenance,DK_1,SE_3,MAW,A03,2021-04-16 05:59:00+02:00,2021-04-16 20:59:00+02:00,PT1M,5580,715,se3_dk1,True
2025-11-05 12:20:30+00:00,,CAnOE5PKUd2kKUI7bqsrNw,5,Planned maintenance,DK_1,SE_3,MAW,A03,2021-04-23 20:59:00+02:00,2021-04-26 05:59:00+02:00,PT1M,16560,250,se3_dk1,True
2025-11-05 12:20:30+00:00,,CAnOE5PKUd2kKUI7bqsrNw,5,Planned maintenance,DK_1,SE_3,MAW,A03,2021-04-23 05:59:00+02:00,2021-04-23 20:59:00+02:00,PT1M,15660,715,se3_dk1,True
2025-11-05 12:20:30+00:00,,CAnOE5PKUd2kKUI7bqsrNw,5,Planned maintenance,DK_1,SE_3,MAW,A03,2021-04-16 20:59:00+02:00,2021-04-19 05:59:00+02:00,PT1M,6480,250,se3_dk1,True
2025-11-05 12:20:30+00:00,,CAnOE5PKUd2kKUI7bqsrNw,5,Planned maintenance,DK_1,SE_3,MAW,A03,2021-04-26 05:59:00+02:00,2021-04-26 20:59:00+02:00,PT1M,19980,715,se3_dk1,True
2025-11-05 12:20:30+00:00,,CAnOE5PKUd2kKUI7bqsrNw,5,Planned maintenance,DK_1,SE_3,MAW,A03,2021-04-26 20:59:00+02:00,2021-04-27 05:59:00+02:00,PT1M,20880,250,se3_dk1,True
2025-11-05 12:20:30+00:00,,CAnOE5PKUd2kKUI7bqsrNw,5,Planned maintenance,DK_1,SE_3,MAW,A03,2021-04-19 05:59:00+02:00,2021-04-22 20:59:00+02:00,PT1M,9900,715,se3_dk1,True
2025-11-05 12:20:31+00:00,,DJoSZMiQOJoAqgO9EOIT8Q,5,Planned maintenance,SE_4,SE_3,MAW,A03,2021-04-23 06:00:00+02:00,2021-04-23 13:37:00+02:00,PT1M,1,4000,se3_se4,True
2025-11-05 12:20:31+00:00,,mE3-Vbq22u2Swrvc3LY61w,3,Planned maintenance,DK_1,SE_3,MAW,A03,2021-04-23 06:00:00+02:00,2021-04-23 13:37:00+02:00,PT1M,1,300,se3_dk1,True
2025-11-05 12:20:31+00:00,,59Fa9c6QQcFAAKUlwfcrCg,3,Planned maintenance,DK_1,SE_3,MAW,A03,2021-04-23 06:00:00+02:00,2021-04-23 13:37:00+02:00,PT1M,1,300,se3_dk1,True
2025-11-05 12:20:31+00:00,,EuCYhPy81QbgphofAVHx4w,5,Planned maintenance,SE_4,SE_3,MAW,A03,2021-04-23 06:00:00+02:00,2021-04-23 13:37:00+02:00,PT1M,1,4000,se3_se4,True
2025-11-05 12:20:51+00:00,,OWKwtJpSbvtdh5RnyaGs5w,2,Planned maintenance,SE_3,DK_1,MAW,A03,2021-04-25 12:00:00+02:00,2021-04-25 16:00:00+02:00,PT1M,1,715,dk1_se3,True
2025-11-05 12:20:51+00:00,,Y1qh4vCoBajq3FmbpOiAdw,2,Planned maintenance,DK_1,SE_3,MAW,A03,2021-04-25 12:00:00+02:00,2021-04-25 16:00:00+02:00,PT1M,1,250,se3_dk1,True
2025-11-05 12:21:19+00:00,,4IjiUScpsK2DfyIv5po3TQ,3,Unplanned outage,FI,SE_3,MAW,A03,2021-04-22 02:53:00+02:00,2021-04-26 09:00:00+02:00,PT1M,1,800,se3_fi,True
2025-11-05 12:21:19+00:00,,eVGPwIx-IcTIJ9p-6X5GvA,4,Unplanned outage,SE_3,FI,MAW,A03,2021-04-22 03:53:00+03:00,2021-04-26 10:00:00+03:00,PT1M,1,800,fi_se3,True
2025-11-05 12:21:47+00:00,,afECaO8yxDbV4x82QEf4dw,3,Planned maintenance,SE_4,SE_3,MAW,A03,2021-04-27 09:59:00+02:00,2021-04-29 17:00:00+02:00,PT1M,240,4400,se3_se4,True
2025-11-05 12:21:47+00:00,,afECaO8yxDbV4x82QEf4dw,3,Planned maintenance,SE_4,SE_3,MAW,A03,2021-04-27 06:00:00+02:00,2021-04-27 09:59:00+02:00,PT1M,1,3900,se3_se4,True
2025-11-05 12:22:04+00:00,Cancelled,TFSB3z62_XLVnFIu9-i6hg,2,Planned maintenance,SE_2,SE_3,MAW,A03,2021-05-03 08:00:00+02:00,2021-05-05 16:00:00+02:00,PT1M,1,0,se3_se2,False
2025-11-05 12:24:02+00:00,Cancelled,JOiXILQ0kdvx4mKZE3jtaA,2,Planned maintenance,SE_3,SE_2,MAW,A03,2022-04-04 06:00:00+02:00,2022-07-24 17:00:00+02:00,PT1M,1,0,se2_se3,False
2025-11-05 12:24:02+00:00,Cancelled,-K_BjCq_Bf2YyG2U7z66yQ,8,Planned maintenance,SE_3,SE_2,MAW,A03,2021-04-12 06:00:00+02:00,2021-07-25 17:00:00+02:00,PT1M,1,0,se2_se3,False
2025-11-05 12:24:30+00:00,,OPITA8G5bOwh5C6eNb0mDg,5,Planned maintenance,SE_4,SE_3,MAW,A03,2021-05-10 08:00:00+02:00,2021-05-12 17:00:00+02:00,PT1M,1,3000,se3_se4,True
2025-11-05 12:24:30+00:00,,HuDXMxdSvUhXR-d7UVrv3g,5,Planned maintenance,SE_4,SE_3,MAW,A03,2021-05-10 08:00:00+02:00,2021-05-12 17:00:00+02:00,PT1M,1,3000,se3_se4,True
2025-11-05 12:24:30+00:00,,svX6G7OXUzuNQbOhCrUPbw,5,Planned maintenance,SE_3,DK_1,MAW,A03,2021-05-10 08:00:00+02:00,2021-05-12 17:00:00+02:00,PT1M,1,300,dk1_se3,True
2025-11-05 12:24:30+00:00,,-vO6pBbUQR-m4U5uRnjaJg,5,Planned maintenance,SE_3,DK_1,MAW,A03,2021-05-10 08:00:00+02:00,2021-05-12 17:00:00+02:00,PT1M,1,300,dk1_se3,True
2025-11-05 12:25:08+00:00,,Qdcw03e3rnyXL8u44yM1Eg,4,Planned maintenance,NO_1,SE_3,MAW,A03,2021-05-03 08:00:00+02:00,2021-05-06 14:00:00+02:00,PT1M,1,850,se3_no1,True
2025-11-05 12:25:08+00:00,,a8lI3pLQVHSuqmR38FtmvA,3,Planned maintenance,SE_3,SE_2,MAW,A03,2021-05-03 08:00:00+02:00,2021-05-06 14:00:00+02:00,PT1M,1,6000,se2_se3,True
2025-11-05 12:25:34+00:00,,7eBEte_Lh-QQN_DZnzLofg,1,Planned maintenance,SE_3,NO_1,MAW,A03,2021-10-04 06:00:00+02:00,2021-10-08 16:00:00+02:00,PT1M,1,1245,no1_se3,True
2025-11-05 12:25:37+00:00,,8ZBoG-118fSsFwKL0yPz2g,2,Planned maintenance,SE_3,SE_2,MAW,A03,2021-05-07 06:00:00+02:00,2021-05-07 17:00:00+02:00,PT1M,1,6600,se2_se3,True
2025-11-05 12:27:30+00:00,,gbt8eIwMm34Wyx6anUseWA,1,Planned maintenance,SE_3,SE_2,MAW,A03,2021-05-19 06:00:00+02:00,2021-05-19 17:00:00+02:00,PT1M,1,6200,se2_se3,True
2025-11-05 12:27:30+00:00,,zkc33a3k2B0a0Pz08lEyQg,2,Planned maintenance,SE_4,SE_3,MAW,A03,2021-05-19 06:00:00+02:00,2021-05-19 17:00:00+02:00,PT1M,1,4500,se3_se4,True
2025-11-05 12:27:56+00:00,,lJIwxwCs-AHwAjgkcXYPBQ,2,Planned maintenance,DK_1,SE_3,MAW,A03,2021-05-18 06:00:00+02:00,2021-05-18 17:00:00+02:00,PT1M,1,300,se3_dk1,True
2025-11-05 12:27:56+00:00,,fYeA4g51J5HamIrjNu4Gbw,2,Planned maintenance,SE_4,SE_3,MAW,A03,2021-05-18 06:00:00+02:00,2021-05-18 17:00:00+02:00,PT1M,1,4000,se3_se4,True
2025-11-05 12:27:56+00:00,,2ZCok_U8N7QmXkYicX_1cg,1,Planned maintenance,NO_1,SE_3,MAW,A03,2021-05-18 06:00:00+02:00,2021-05-18 17:00:00+02:00,PT1M,1,450,se3_no1,True
2025-11-05 12:27:56+00:00,,B_zg9hPk9MM9k41B4kJAQQ,1,Planned maintenance,SE_3,FI,MAW,A03,2021-05-18 07:00:00+03:00,2021-05-18 18:00:00+03:00,PT1M,1,0,fi_se3,True
2025-11-05 12:27:56+00:00,,Jja5wSsiXKwDhmw0rQA1Gw,1,Planned maintenance,SE_3,SE_2,MAW,A03,2021-05-18 06:00:00+02:00,2021-05-18 17:00:00+02:00,PT1M,1,6100,se2_se3,True
2025-11-05 12:29:40+00:00,,1UwolR-BJ6o4hDh60XqdpA,9,Planned maintenance,NO_1,SE_3,MAW,A03,2021-05-21 07:00:00+02:00,2021-05-21 18:00:00+02:00,PT1M,1,450,se3_no1,True
2025-11-05 12:29:41+00:00,,jxSDbldrvIvKKwu5wJKbuw,9,Planned maintenance,SE_3,SE_2,MAW,A03,2021-05-21 07:00:00+02:00,2021-05-21 18:00:00+02:00,PT1M,1,5900,se2_se3,True
2025-11-05 12:29:41+00:00,,3MvAYrfLF5aFfsgWxsW7VA,1,Planned maintenance,DK_1,SE_3,MAW,A03,2021-05-21 07:00:00+02:00,2021-05-21 18:00:00+02:00,PT1M,1,450,se3_dk1,True
2025-11-05 12:29:59+00:00,,2MvAgY2kQXVbZJqSWry8Iw,1,Planned maintenance,SE_3,SE_2,MAW,A03,2021-06-10 06:00:00+02:00,2021-06-10 12:00:00+02:00,PT1M,1,6000,se2_se3,True
2025-11-05 12:30:33+00:00,,om4CzLr1GF3arQZl79D2kg,2,Planned maintenance,SE_3,SE_2,MAW,A03,2021-05-20 07:00:00+02:00,2021-05-20 13:20:00+02:00,PT1M,1,6000,se2_se3,True
2025-11-05 12:30:33+00:00,,M1QXNeQ3LCJ-g8S38OdJHA,2,Planned maintenance,NO_1,SE_3,MAW,A03,2021-05-20 07:00:00+02:00,2021-05-20 13:20:00+02:00,PT1M,1,450,se3_no1,True
2025-11-05 12:30:33+00:00,,lz6qE5KjRuyrlpK0HWmm0A,2,Planned maintenance,DK_1,SE_3,MAW,A03,2021-05-20 07:00:00+02:00,2021-05-20 13:20:00+02:00,PT1M,1,300,se3_dk1,True
2025-11-05 12:32:14+00:00,,c0yH-PLYLJFmDRTqVu4xgQ,3,Planned maintenance,SE_3,FI,MAW,A03,2021-09-29 07:00:00+03:00,2021-10-02 06:59:00+03:00,PT1M,1,800,fi_se3,True
2025-11-05 12:32:14+00:00,,c0yH-PLYLJFmDRTqVu4xgQ,3,Planned maintenance,SE_3,FI,MAW,A03,2021-10-03 21:59:00+03:00,2021-10-06 22:00:00+03:00,PT1M,6660,400,fi_se3,True
2025-11-05 12:32:14+00:00,,c0yH-PLYLJFmDRTqVu4xgQ,3,Planned maintenance,SE_3,FI,MAW,A03,2021-10-02 06:59:00+03:00,2021-10-03 21:59:00+03:00,PT1M,4320,0,fi_se3,True
2025-11-05 12:32:19+00:00,,QlVOg5M30E23jBlDcUhbnA,5,Planned maintenance,SE_3,NO_1,MAW,A03,2020-12-10 23:59:00+01:00,2020-12-23 23:58:00+01:00,PT1M,2880,1845,no1_se3,True
2025-11-05 12:32:19+00:00,,QlVOg5M30E23jBlDcUhbnA,5,Planned maintenance,SE_3,NO_1,MAW,A03,2020-12-09 10:59:00+01:00,2020-12-10 23:59:00+01:00,PT1M,660,2045,no1_se3,True
2025-11-05 12:32:19+00:00,,QlVOg5M30E23jBlDcUhbnA,5,Planned maintenance,SE_3,NO_1,MAW,A03,2020-12-23 23:58:00+01:00,2021-05-31 23:59:00+02:00,PT1M,21599,1800,no1_se3,True
2025-11-05 12:32:19+00:00,,QlVOg5M30E23jBlDcUhbnA,5,Planned maintenance,SE_3,NO_1,MAW,A03,2020-12-09 00:00:00+01:00,2020-12-09 10:59:00+01:00,PT1M,1,1945,no1_se3,True
2025-11-05 12:32:19+00:00,,vK3qpVdzTnbqPfVI81dPeA,4,Planned maintenance,SE_3,SE_2,MAW,A03,2020-12-12 06:59:00+01:00,2020-12-15 23:59:00+01:00,PT1M,4740,6300,se2_se3,True
2025-11-05 12:32:19+00:00,,vK3qpVdzTnbqPfVI81dPeA,4,Planned maintenance,SE_3,SE_2,MAW,A03,2021-03-04 22:59:00+01:00,2021-03-15 23:59:00+01:00,PT1M,123780,5900,se2_se3,True
2025-11-05 12:32:19+00:00,,vK3qpVdzTnbqPfVI81dPeA,4,Planned maintenance,SE_3,SE_2,MAW,A03,2020-12-09 00:00:00+01:00,2020-12-12 06:59:00+01:00,PT1M,1,6500,se2_se3,True
2025-11-05 12:32:19+00:00,,vK3qpVdzTnbqPfVI81dPeA,4,Planned maintenance,SE_3,SE_2,MAW,A03,2020-12-16 23:59:00+01:00,2020-12-23 23:58:00+01:00,PT1M,11520,6700,se2_se3,True
2025-11-05 12:32:19+00:00,,vK3qpVdzTnbqPfVI81dPeA,4,Planned maintenance,SE_3,SE_2,MAW,A03,2020-12-23 23:58:00+01:00,2021-03-04 22:59:00+01:00,PT1M,21599,6500,se2_se3,True
2025-11-05 12:32:19+00:00,,vK3qpVdzTnbqPfVI81dPeA,4,Planned maintenance,SE_3,SE_2,MAW,A03,2020-12-15 23:59:00+01:00,2020-12-16 23:59:00+01:00,PT1M,10080,6500,se2_se3,True
2025-11-05 12:32:20+00:00,,Q94oqX10XNrIh-cgwcLq8w,4,Planned maintenance,SE_4,SE_3,MAW,A03,2020-12-23 23:58:00+01:00,2021-02-27 07:59:00+01:00,PT1M,21599,4600,se3_se4,True
2025-11-05 12:32:20+00:00,,Q94oqX10XNrIh-cgwcLq8w,4,Planned maintenance,SE_4,SE_3,MAW,A03,2020-12-09 00:00:00+01:00,2020-12-09 10:59:00+01:00,PT1M,1,4800,se3_se4,True
2025-11-05 12:32:20+00:00,,Q94oqX10XNrIh-cgwcLq8w,4,Planned maintenance,SE_4,SE_3,MAW,A03,2020-12-09 10:59:00+01:00,2020-12-10 23:59:00+01:00,PT1M,660,4900,se3_se4,True
2025-11-05 12:32:20+00:00,,Q94oqX10XNrIh-cgwcLq8w,4,Planned maintenance,SE_4,SE_3,MAW,A03,2020-12-10 23:59:00+01:00,2020-12-18 23:59:00+01:00,PT1M,2880,4700,se3_se4,True
2025-11-05 12:32:20+00:00,,Q94oqX10XNrIh-cgwcLq8w,4,Planned maintenance,SE_4,SE_3,MAW,A03,2020-12-18 23:59:00+01:00,2020-12-23 23:58:00+01:00,PT1M,14400,4800,se3_se4,True
2025-11-05 12:32:20+00:00,,Q94oqX10XNrIh-cgwcLq8w,4,Planned maintenance,SE_4,SE_3,MAW,A03,2021-02-28 11:59:00+01:00,2021-03-02 23:59:00+01:00,PT1M,117360,4600,se3_se4,True
2025-11-05 12:32:20+00:00,,Q94oqX10XNrIh-cgwcLq8w,4,Planned maintenance,SE_4,SE_3,MAW,A03,2021-02-27 07:59:00+01:00,2021-02-28 11:59:00+01:00,PT1M,115680,4400,se3_se4,True
2025-11-05 12:32:20+00:00,,Q94oqX10XNrIh-cgwcLq8w,4,Planned maintenance,SE_4,SE_3,MAW,A03,2021-03-02 23:59:00+01:00,2021-03-15 23:59:00+01:00,PT1M,120960,3800,se3_se4,True
2025-11-05 12:33:59+00:00,,hEcrvGSstoV7bpMt2-2G3w,1,Planned maintenance,SE_4,SE_3,MAW,A03,2021-11-16 00:00:00+01:00,2022-03-15 23:59:00+01:00,PT1M,1,5200,se3_se4,True
2025-11-05 12:33:59+00:00,,R5bPXx--1wBa7YFzaR1TrA,1,Planned maintenance,SE_4,SE_3,MAW,A03,2021-11-16 00:00:00+01:00,2022-03-15 23:59:00+01:00,PT1M,1,5200,se3_se4,True
2025-11-05 12:33:59+00:00,,GGCQMUryJbhRZvv5IvBPyA,1,Planned maintenance,SE_3,SE_2,MAW,A03,2021-11-16 00:00:00+01:00,2022-03-15 23:59:00+01:00,PT1M,1,6300,se2_se3,True
2025-11-05 12:33:59+00:00,,KlhOQwPcRyyDxFd9ao7MNg,1,Planned maintenance,SE_3,SE_2,MAW,A03,2021-11-16 00:00:00+01:00,2022-03-15 23:59:00+01:00,PT1M,1,6300,se2_se3,True
2025-11-05 12:33:59+00:00,,AXwtgOXvLkszctIVKnjSKA,1,Planned maintenance,SE_3,SE_2,MAW,A03,2021-11-16 00:00:00+01:00,2022-03-15 23:59:00+01:00,PT1M,1,6300,se2_se3,True
2025-11-05 12:33:59+00:00,,pwoiSsZ5s5tCUN5mINxuAQ,1,Planned maintenance,SE_4,SE_3,MAW,A03,2021-11-16 00:00:00+01:00,2022-03-15 23:59:00+01:00,PT1M,1,5200,se3_se4,True
2025-11-05 12:41:30+00:00,,WzcvINIk3daTGz4Vbjcnaw,2,Planned maintenance,SE_3,NO_1,MAW,A03,2021-05-30 10:00:00+02:00,2021-05-31 17:00:00+02:00,PT1M,1,900,no1_se3,True
2025-11-05 12:41:31+00:00,,_NrvZzL7GujzYXdzdBGw_A,3,Planned maintenance,SE_4,SE_3,MAW,A03,2021-05-30 00:00:00+02:00,2021-05-31 17:00:00+02:00,PT1M,1,2750,se3_se4,True
2025-11-05 12:41:31+00:00,,6OEEpAF4icdusO-X_IA0QA,3,Planned maintenance,DK_1,SE_3,MAW,A03,2021-05-30 00:00:00+02:00,2021-05-31 17:00:00+02:00,PT1M,1,100,se3_dk1,True
2025-11-05 12:41:37+00:00,,JWbjjj85fjYVJyvTuOIH_Q,1,Planned maintenance,SE_3,NO_1,MAW,A03,2021-06-01 07:00:00+02:00,2021-06-01 16:00:00+02:00,PT1M,1,1945,no1_se3,True
2025-11-05 12:41:37+00:00,,eAp6BXNrSgfrzxLObO5-ZA,1,Planned maintenance,SE_3,NO_1,MAW,A03,2021-06-01 07:00:00+02:00,2021-06-01 16:00:00+02:00,PT1M,1,1945,no1_se3,True
2025-11-05 12:41:37+00:00,,RQcgOJ1lrqGNoTjr6jBfMw,1,Planned maintenance,NO_1,SE_3,MAW,A03,2021-06-01 07:00:00+02:00,2021-06-01 16:00:00+02:00,PT1M,1,1895,se3_no1,True
2025-11-05 12:41:38+00:00,,Ux3obTVJcSCvPIqSY2i6uA,1,Planned maintenance,NO_1,SE_3,MAW,A03,2021-06-01 07:00:00+02:00,2021-06-01 16:00:00+02:00,PT1M,1,1895,se3_no1,True
2025-11-05 12:41:48+00:00,,V_I-9Gj6ogJV7SoxoPdFjA,1,Planned maintenance,SE_3,DK_1,MAW,A03,2021-06-10 07:00:00+02:00,2021-06-10 16:00:00+02:00,PT1M,1,310,dk1_se3,True
2025-11-05 12:41:48+00:00,,otvART6qNZnQHqXLogAtgQ,1,Planned maintenance,DK_1,SE_3,MAW,A03,2021-06-10 07:00:00+02:00,2021-06-10 16:00:00+02:00,PT1M,1,40,se3_dk1,True
2025-11-05 12:41:50+00:00,,xcoGKiL4Ua_snqDWrXuTIQ,2,Planned maintenance,SE_4,SE_3,MAW,A03,2021-06-07 08:00:00+02:00,2021-06-08 17:00:00+02:00,PT1M,1,3000,se3_se4,True
2025-11-05 12:42:09+00:00,,c-aOrMlL8tb3Z6dkv14jow,1,Planned maintenance,SE_3,NO_1,MAW,A03,2021-06-10 00:00:00+02:00,2021-06-14 16:00:00+02:00,PT1M,1,1500,no1_se3,True
2025-11-05 12:42:13+00:00,,fjAdm6BplNvz7cJPIs-wvg,4,Planned maintenance,SE_3,SE_2,MAW,A03,2021-05-24 06:00:00+02:00,2021-06-09 15:45:00+02:00,PT1M,1,7000,se2_se3,True
2025-11-05 12:42:20+00:00,,GZ9qaIZHPWKtAGTA6QSBjw,2,Planned maintenance,SE_4,SE_3,MAW,A03,2021-06-17 07:00:00+02:00,2021-06-18 01:00:00+02:00,PT1M,1,4700,se3_se4,True
2025-11-05 12:42:28+00:00,,maOy-wBdCnrLYyPHwqSELQ,1,Planned maintenance,SE_4,SE_3,MAW,A03,2021-06-16 10:00:00+02:00,2021-06-16 16:00:00+02:00,PT1M,1,3800,se3_se4,True
2025-11-05 12:42:28+00:00,,fkJXnyVIAYhcRlF3nfHHUA,1,Planned maintenance,SE_4,SE_3,MAW,A03,2021-06-16 10:00:00+02:00,2021-06-16 16:00:00+02:00,PT1M,1,3800,se3_se4,True
2025-11-05 12:44:54+00:00,,Iy6m2BL56fcC_xzkyUJL6g,1,Unplanned outage,SE_3,NO_1,MAW,A03,2021-06-30 06:00:00+02:00,2021-06-30 18:00:00+02:00,PT1M,1,1945,no1_se3,True
2025-11-05 12:44:55+00:00,,S8N1Dn6XqVY_h738PHCdrA,1,Unplanned outage,NO_1,SE_3,MAW,A03,2021-06-30 06:00:00+02:00,2021-06-30 18:00:00+02:00,PT1M,1,1895,se3_no1,True
2025-11-05 12:46:22+00:00,Cancelled,rnn4jXmlEpcsdS_N_a5CUQ,4,Planned maintenance,NO_1,SE_3,MAW,A03,2021-08-16 06:00:00+02:00,2021-08-25 17:00:00+02:00,PT1M,1,0,se3_no1,False
2025-11-05 12:48:02+00:00,,qhQfpS73XMkeizyAY2Ya9w,9,Planned maintenance,NO_1,SE_3,MAW,A03,2021-06-07 06:00:00+02:00,2021-06-28 13:17:00+02:00,PT1M,1,150,se3_no1,True
2025-11-05 12:48:03+00:00,,4z4mATzXDLl7hUhdmY9wRA,10,Planned maintenance,SE_3,SE_2,MAW,A03,2021-06-25 23:58:00+02:00,2021-06-28 13:17:00+02:00,PT1M,26999,5300,se2_se3,True
2025-11-05 12:48:03+00:00,,4z4mATzXDLl7hUhdmY9wRA,10,Planned maintenance,SE_3,SE_2,MAW,A03,2021-06-19 23:58:00+02:00,2021-06-25 23:58:00+02:00,PT1M,18359,5200,se2_se3,True
2025-11-05 12:48:03+00:00,,4z4mATzXDLl7hUhdmY9wRA,10,Planned maintenance,SE_3,SE_2,MAW,A03,2021-06-07 06:00:00+02:00,2021-06-19 23:58:00+02:00,PT1M,1,5000,se2_se3,True
2025-11-05 12:48:03+00:00,,_2PWekkbGKCZafGQD4XluQ,9,Planned maintenance,DK_1,SE_3,MAW,A03,2021-06-07 06:00:00+02:00,2021-06-28 13:17:00+02:00,PT1M,1,300,se3_dk1,True
2025-11-05 12:48:06+00:00,,5lLW4p97AJn2Gu5RKRZ6-g,4,Planned maintenance,SE_4,SE_3,MAW,A03,2021-06-29 06:00:00+02:00,2021-06-30 17:00:00+02:00,PT1M,1,3100,se3_se4,True
2025-11-05 12:48:35+00:00,Cancelled,6pQu1bHKjaCfn6ffKEAwGg,3,Planned maintenance,SE_3,SE_2,MAW,A03,2021-07-05 11:00:00+02:00,2021-07-09 17:00:00+02:00,PT1M,1,0,se2_se3,False
2025-11-05 12:50:38+00:00,,oO3tV2imP0_x1nKu4rV4dg,1,Planned maintenance,SE_3,SE_2,MAW,A03,2021-09-20 06:00:00+02:00,2021-09-22 17:00:00+02:00,PT1M,1,6000,se2_se3,True
2025-11-05 12:51:40+00:00,,7nf3GgkEiW4UsdS4PUpm6A,5,Planned maintenance,SE_3,SE_2,MAW,A03,2021-07-07 10:00:00+02:00,2021-07-09 17:00:00+02:00,PT1M,1,6000,se2_se3,True
2025-11-05 12:53:11+00:00,,6Axu6V6qH-Xz5shd0Yh5DA,8,Planned maintenance,NO_1,SE_3,MAW,A03,2021-07-04 08:00:00+02:00,2021-07-10 14:30:00+02:00,PT1M,1,150,se3_no1,True
2025-11-05 12:53:11+00:00,,YE9xWBdGyveXpAktsEeozA,8,Planned maintenance,SE_3,FI,MAW,A03,2021-07-04 09:00:00+03:00,2021-07-10 15:30:00+03:00,PT1M,1,0,fi_se3,True
2025-11-05 12:53:12+00:00,,Rxky70UmsMiJzY3xu6jTIA,8,Planned maintenance,SE_3,SE_2,MAW,A03,2021-07-04 08:00:00+02:00,2021-07-10 14:30:00+02:00,PT1M,1,5300,se2_se3,True
2025-11-05 12:59:38+00:00,,j7HrSLNXGDxovAVFvU-c1g,2,Planned maintenance,NO_1,SE_3,MAW,A03,2021-08-02 06:00:00+02:00,2021-08-02 18:00:00+02:00,PT1M,1,1195,se3_no1,True
2025-11-05 12:59:38+00:00,,7RWJJX3WvEEiOoJLz7nK9g,2,Planned maintenance,SE_3,NO_1,MAW,A03,2021-08-02 06:00:00+02:00,2021-08-02 18:00:00+02:00,PT1M,1,895,no1_se3,True
2025-11-05 13:00:59+00:00,Cancelled,TYM7DXtejdBeX6-K1A9Pcg,2,Planned maintenance,SE_3,NO_1,MAW,A03,2021-08-10 06:00:00+02:00,2021-08-13 16:00:00+02:00,PT1M,1,0,no1_se3,False
2025-11-05 13:01:00+00:00,Cancelled,4KTuT7ZrduVySt3iGFIZrQ,2,Planned maintenance,NO_1,SE_3,MAW,A03,2021-08-10 06:00:00+02:00,2021-08-13 16:00:00+02:00,PT1M,1,0,se3_no1,False
2025-11-05 13:01:37+00:00,,xaecjZTEyxikbSfom9YxGw,8,Planned maintenance,SE_4,SE_3,MAW,A03,2021-07-27 09:59:00+02:00,2021-07-30 14:00:00+02:00,PT1M,31920,3800,se3_se4,True
2025-11-05 13:01:37+00:00,,xaecjZTEyxikbSfom9YxGw,8,Planned maintenance,SE_4,SE_3,MAW,A03,2021-07-05 06:00:00+02:00,2021-07-27 09:59:00+02:00,PT1M,1,3500,se3_se4,True
2025-11-05 13:02:59+00:00,,85xlVfqIS9llYoFY5d2Zjg,5,Planned maintenance,SE_4,SE_3,MAW,A03,2021-08-03 06:00:00+02:00,2021-08-05 17:00:00+02:00,PT1M,1,3500,se3_se4,True
2025-11-05 13:03:11+00:00,,C16Hvvkvm_YRE04YpCHUWA,8,Unplanned outage,SE_3,NO_1,MAW,A03,2021-07-06 23:59:00+02:00,2021-07-30 23:59:00+02:00,PT1M,38880,1200,no1_se3,True
2025-11-05 13:03:11+00:00,,C16Hvvkvm_YRE04YpCHUWA,8,Unplanned outage,SE_3,NO_1,MAW,A03,2021-07-30 23:59:00+02:00,2021-08-13 23:59:00+02:00,PT1M,73440,1400,no1_se3,True
2025-11-05 13:03:11+00:00,,C16Hvvkvm_YRE04YpCHUWA,8,Unplanned outage,SE_3,NO_1,MAW,A03,2021-06-24 23:59:00+02:00,2021-07-06 23:59:00+02:00,PT1M,21600,1400,no1_se3,True
2025-11-05 13:03:11+00:00,,C16Hvvkvm_YRE04YpCHUWA,8,Unplanned outage,SE_3,NO_1,MAW,A03,2021-06-10 00:00:00+02:00,2021-06-24 23:59:00+02:00,PT1M,1,1500,no1_se3,True
2025-11-05 13:05:12+00:00,Cancelled,-MlCbrYnYFlP4EEotsrLaw,3,Planned maintenance,SE_3,NO_1,MAW,A03,2021-08-10 08:00:00+02:00,2021-08-10 14:00:00+02:00,PT1M,1,0,no1_se3,False
2025-11-05 13:05:13+00:00,Cancelled,w-I5aZAfMRP2dAZxOBmXJw,3,Planned maintenance,NO_1,SE_3,MAW,A03,2021-08-10 08:00:00+02:00,2021-08-10 14:00:00+02:00,PT1M,1,0,se3_no1,False
2025-11-05 13:05:26+00:00,,x2t5v6eMYLfnCe2c1wCV-g,5,Planned maintenance,SE_3,NO_1,MAW,A03,2021-08-11 06:00:00+02:00,2021-08-12 17:00:00+02:00,PT1M,1,750,no1_se3,True
2025-11-05 13:05:26+00:00,,kGAB52wncBfRk6kJZBlZ1w,5,Planned maintenance,SE_4,SE_3,MAW,A03,2021-08-11 06:00:00+02:00,2021-08-12 17:00:00+02:00,PT1M,1,3500,se3_se4,True
2025-11-05 13:05:26+00:00,,866bHo0h1vZYyCmuII53Mw,5,Planned maintenance,SE_4,SE_3,MAW,A03,2021-08-11 06:00:00+02:00,2021-08-12 17:00:00+02:00,PT1M,1,3500,se3_se4,True
2025-11-05 13:05:26+00:00,,LcwMvm-Pceq7_hKtZM-l_A,5,Planned maintenance,SE_3,DK_1,MAW,A03,2021-08-11 06:00:00+02:00,2021-08-12 17:00:00+02:00,PT1M,1,300,dk1_se3,True
2025-11-05 13:05:26+00:00,,H2_3bzliu2mCfYGtTQJLUg,5,Planned maintenance,SE_3,DK_1,MAW,A03,2021-08-11 06:00:00+02:00,2021-08-12 17:00:00+02:00,PT1M,1,300,dk1_se3,True
2025-11-05 13:05:26+00:00,,_boQfLdIaAsCb7b0WxDJ8Q,5,Planned maintenance,SE_3,NO_1,MAW,A03,2021-08-11 06:00:00+02:00,2021-08-12 17:00:00+02:00,PT1M,1,750,no1_se3,True
2025-11-05 13:06:18+00:00,,Qxnl24dPYV0CkdabIQoLrw,2,Planned maintenance,SE_3,NO_1,MAW,A03,2021-08-09 09:00:00+02:00,2021-08-09 13:44:00+02:00,PT1M,1,795,no1_se3,True
2025-11-05 13:06:18+00:00,,7NaO3mEL_zBDwbCJyxdKHA,2,Planned maintenance,NO_1,SE_3,MAW,A03,2021-08-09 09:00:00+02:00,2021-08-09 13:44:00+02:00,PT1M,1,795,se3_no1,True
2025-11-05 13:06:32+00:00,,S1O-CS24OHbGZXgroqmyGw,3,Planned maintenance,SE_3,DK_1,MAW,A03,2021-09-19 17:59:00+02:00,2021-09-23 18:00:00+02:00,PT1M,9360,345,dk1_se3,True
2025-11-05 13:06:32+00:00,,S1O-CS24OHbGZXgroqmyGw,3,Planned maintenance,SE_3,DK_1,MAW,A03,2021-09-18 05:59:00+02:00,2021-09-19 17:59:00+02:00,PT1M,7200,0,dk1_se3,True
2025-11-05 13:06:32+00:00,,S1O-CS24OHbGZXgroqmyGw,3,Planned maintenance,SE_3,DK_1,MAW,A03,2021-09-13 06:00:00+02:00,2021-09-18 05:59:00+02:00,PT1M,1,345,dk1_se3,True
2025-11-05 13:06:32+00:00,,TA491Rg9Qgc3Lt4f0KEGIw,3,Planned maintenance,DK_1,SE_3,MAW,A03,2021-09-19 19:59:00+02:00,2021-09-23 20:00:00+02:00,PT1M,9480,345,se3_dk1,True
2025-11-05 13:06:32+00:00,,TA491Rg9Qgc3Lt4f0KEGIw,3,Planned maintenance,DK_1,SE_3,MAW,A03,2021-09-18 05:59:00+02:00,2021-09-19 19:59:00+02:00,PT1M,7200,0,se3_dk1,True
2025-11-05 13:06:32+00:00,,3-mkh2CL7KyImMimfHs75g,3,Planned maintenance,SE_3,DK_1,MAW,A03,2021-09-18 05:59:00+02:00,2021-09-19 17:59:00+02:00,PT1M,7200,0,dk1_se3,True
2025-11-05 13:06:32+00:00,,3-mkh2CL7KyImMimfHs75g,3,Planned maintenance,SE_3,DK_1,MAW,A03,2021-09-19 17:59:00+02:00,2021-09-23 18:00:00+02:00,PT1M,9360,345,dk1_se3,True
2025-11-05 13:06:32+00:00,,TA491Rg9Qgc3Lt4f0KEGIw,3,Planned maintenance,DK_1,SE_3,MAW,A03,2021-09-13 06:00:00+02:00,2021-09-18 05:59:00+02:00,PT1M,1,345,se3_dk1,True
2025-11-05 13:06:32+00:00,,3-mkh2CL7KyImMimfHs75g,3,Planned maintenance,SE_3,DK_1,MAW,A03,2021-09-13 06:00:00+02:00,2021-09-18 05:59:00+02:00,PT1M,1,345,dk1_se3,True
2025-11-05 13:06:47+00:00,Cancelled,w5qCBxJZ48tNo8qSfN3JnQ,3,Planned maintenance,SE_3,NO_1,MAW,A03,2021-08-13 06:00:00+02:00,2021-08-14 20:59:00+02:00,PT1M,1,0,no1_se3,False
2025-11-05 13:06:47+00:00,Cancelled,w5qCBxJZ48tNo8qSfN3JnQ,3,Planned maintenance,SE_3,NO_1,MAW,A03,2021-08-14 20:59:00+02:00,2021-08-16 06:00:00+02:00,PT1M,2340,1200,no1_se3,False
2025-11-05 13:06:47+00:00,Cancelled,BDGfttlBNSal31qiZUfxBQ,3,Planned maintenance,DK_1,SE_3,MAW,A03,2021-08-13 06:00:00+02:00,2021-08-16 06:00:00+02:00,PT1M,1,0,se3_dk1,False
2025-11-05 13:06:48+00:00,Cancelled,o94c219cIDAN_8ftLtg3vw,3,Planned maintenance,SE_3,SE_2,MAW,A03,2021-08-13 06:00:00+02:00,2021-08-14 20:59:00+02:00,PT1M,1,4700,se2_se3,False
2025-11-05 13:06:48+00:00,Cancelled,fRYwD8HMDUV6-3nqloeO7Q,3,Planned maintenance,SE_4,SE_3,MAW,A03,2021-08-14 20:59:00+02:00,2021-08-16 06:00:00+02:00,PT1M,2340,4000,se3_se4,False
2025-11-05 13:06:48+00:00,Cancelled,fRYwD8HMDUV6-3nqloeO7Q,3,Planned maintenance,SE_4,SE_3,MAW,A03,2021-08-13 06:00:00+02:00,2021-08-14 20:59:00+02:00,PT1M,1,2400,se3_se4,False
2025-11-05 13:06:48+00:00,Cancelled,o94c219cIDAN_8ftLtg3vw,3,Planned maintenance,SE_3,SE_2,MAW,A03,2021-08-14 20:59:00+02:00,2021-08-16 06:00:00+02:00,PT1M,2340,5500,se2_se3,False
2025-11-05 13:06:56+00:00,Cancelled,QiLQProkoqAoQOojhh8bdw,6,Planned maintenance,SE_3,SE_2,MAW,A03,2021-08-18 06:00:00+02:00,2021-08-18 17:00:00+02:00,PT1M,1,6000,se2_se3,False
2025-11-05 13:06:56+00:00,Cancelled,iR6M9kUe2qlpbSph-wkk1Q,5,Planned maintenance,SE_4,SE_3,MAW,A03,2021-08-18 06:00:00+02:00,2021-08-18 17:00:00+02:00,PT1M,1,4000,se3_se4,False
2025-11-05 13:06:56+00:00,Cancelled,iRBiWPHBbxr1YCJmJF8KWw,6,Planned maintenance,NO_1,SE_3,MAW,A03,2021-08-18 06:00:00+02:00,2021-08-18 17:00:00+02:00,PT1M,1,1000,se3_no1,False
2025-11-05 13:06:57+00:00,,W7W85Td8Ccy3ESCfwvGa2g,2,Planned maintenance,NO_1,SE_3,MAW,A03,2021-08-10 08:00:00+02:00,2021-08-10 15:00:00+02:00,PT1M,1,645,se3_no1,True
2025-11-05 13:06:57+00:00,,mlPm1t3MbDs8prsKsM-qNw,2,Planned maintenance,SE_3,NO_1,MAW,A03,2021-08-10 08:00:00+02:00,2021-08-10 14:00:00+02:00,PT1M,1,695,no1_se3,True
2025-11-05 13:07:21+00:00,,DAju_toHcZAvz2zpNISZcA,1,Planned maintenance,SE_3,SE_4,MAW,A03,2021-08-24 07:00:00+02:00,2021-08-25 20:00:00+02:00,PT1M,1,2400,se4_se3,True
2025-11-05 13:07:21+00:00,,O8UpodraiIhm3Mr5_C5ieA,1,Planned maintenance,SE_4,SE_3,MAW,A03,2021-08-24 07:00:00+02:00,2021-08-25 20:00:00+02:00,PT1M,1,5800,se3_se4,True
2025-11-05 13:07:21+00:00,,uvSFctIn4P8eFpGG2f34JQ,1,Planned maintenance,SE_3,SE_4,MAW,A03,2021-08-24 07:00:00+02:00,2021-08-25 20:00:00+02:00,PT1M,1,2400,se4_se3,True
2025-11-05 13:07:27+00:00,,Mn4H2R-LKV42XCvObHgYIA,2,Unplanned outage,DK_1,SE_3,MAW,A03,2021-08-11 15:00:00+02:00,2021-08-11 17:06:00+02:00,PT1M,1,0,se3_dk1,True
2025-11-05 13:07:27+00:00,,gzWm984RspnLcPlnKHOQ3A,2,Unplanned outage,SE_3,FI,MAW,A03,2021-08-11 16:00:00+03:00,2021-08-11 18:06:00+03:00,PT1M,1,0,fi_se3,True
2025-11-05 13:07:27+00:00,,Xwrr3L4PxDIJpgWNvtdAPw,2,Unplanned outage,NO_1,SE_3,MAW,A03,2021-08-11 15:00:00+02:00,2021-08-11 17:06:00+02:00,PT1M,1,0,se3_no1,True
2025-11-05 13:07:27+00:00,,x8b0Julyg0JKTrjEyeQ6qw,2,Unplanned outage,SE_4,SE_3,MAW,A03,2021-08-11 15:00:00+02:00,2021-08-11 17:06:00+02:00,PT1M,1,2400,se3_se4,True
2025-11-05 13:07:27+00:00,,Quo7RQMdPQZcaEf5F8vRJA,2,Unplanned outage,SE_3,SE_2,MAW,A03,2021-08-11 15:00:00+02:00,2021-08-11 17:06:00+02:00,PT1M,1,4500,se2_se3,True
2025-11-05 13:07:44+00:00,,hS7DxoNmt8aONOz3rgHhsQ,4,Planned maintenance,SE_3,NO_1,MAW,A03,2021-08-14 21:00:00+02:00,2021-08-16 06:00:00+02:00,PT1M,1,1200,no1_se3,True
2025-11-05 13:07:44+00:00,,KEQKY-sThfdRU6qRSCtqpQ,4,Planned maintenance,DK_1,SE_3,MAW,A03,2021-08-14 21:00:00+02:00,2021-08-16 06:00:00+02:00,PT1M,1,0,se3_dk1,True
2025-11-05 13:07:45+00:00,,MoHPcFR7dGiob5-LziLXgA,4,Planned maintenance,SE_3,SE_2,MAW,A03,2021-08-14 21:00:00+02:00,2021-08-16 06:00:00+02:00,PT1M,1,4700,se2_se3,True
2025-11-05 13:07:45+00:00,,DXz0E25fZSY53P72ahQzeQ,4,Planned maintenance,SE_4,SE_3,MAW,A03,2021-08-14 21:00:00+02:00,2021-08-16 06:00:00+02:00,PT1M,1,3000,se3_se4,True
2025-11-05 13:08:00+00:00,,sqFrRw0wW6vxEHE1r788oA,3,Planned maintenance,SE_3,NO_1,MAW,A03,2021-08-10 06:00:00+02:00,2021-08-12 20:29:00+02:00,PT1M,1,695,no1_se3,True
2025-11-05 13:08:00+00:00,,MzNdMQCiUqJ1OfeQI4d3Pg,3,Planned maintenance,SE_3,NO_1,MAW,A03,2021-08-10 06:00:00+02:00,2021-08-12 20:29:00+02:00,PT1M,1,695,no1_se3,True
2025-11-05 13:08:00+00:00,,dKycQpNaOBCnk0Sbf0WBtg,3,Planned maintenance,NO_1,SE_3,MAW,A03,2021-08-10 06:00:00+02:00,2021-08-12 20:29:00+02:00,PT1M,1,895,se3_no1,True
2025-11-05 13:08:00+00:00,,lviaEetEtdrM9HArFNrtog,3,Planned maintenance,NO_1,SE_3,MAW,A03,2021-08-10 06:00:00+02:00,2021-08-12 20:29:00+02:00,PT1M,1,895,se3_no1,True
2025-11-05 13:08:00+00:00,,896uKcuRcevfkE1BkdlZMQ,3,Planned maintenance,NO_1,SE_3,MAW,A03,2021-08-10 06:00:00+02:00,2021-08-12 20:29:00+02:00,PT1M,1,895,se3_no1,True
2025-11-05 13:08:00+00:00,,xzI0DZQoVpA8Gm11pXcMXA,3,Planned maintenance,SE_3,NO_1,MAW,A03,2021-08-10 06:00:00+02:00,2021-08-12 20:29:00+02:00,PT1M,1,695,no1_se3,True
2025-11-05 13:08:32+00:00,,dNTSIts6QbJgce4sOKcAXA,8,Planned maintenance,DK_1,SE_3,MAW,A03,2021-08-13 06:00:00+02:00,2021-08-14 19:00:00+02:00,PT1M,1,0,se3_dk1,True
2025-11-05 13:08:32+00:00,,m5fHVio2kq9X_Z88rWmIMw,9,Planned maintenance,SE_3,NO_1,MAW,A03,2021-08-13 06:00:00+02:00,2021-08-14 19:00:00+02:00,PT1M,1,0,no1_se3,True
2025-11-05 13:08:32+00:00,,xG_5GmvO4bxrY5ng2QU_hw,9,Planned maintenance,DK_1,SE_3,MAW,A03,2021-08-13 06:00:00+02:00,2021-08-14 19:00:00+02:00,PT1M,1,0,se3_dk1,True
2025-11-05 13:08:32+00:00,,bjkz58LAnfHV-rry9bqxFA,8,Planned maintenance,SE_3,NO_1,MAW,A03,2021-08-13 06:00:00+02:00,2021-08-14 19:00:00+02:00,PT1M,1,0,no1_se3,True
2025-11-05 13:08:33+00:00,,j256XxsQ62gLc9CcDgBvHA,9,Planned maintenance,SE_3,SE_2,MAW,A03,2021-08-13 06:00:00+02:00,2021-08-14 19:00:00+02:00,PT1M,1,4700,se2_se3,True
2025-11-05 13:08:33+00:00,,K-JsTCaWv4XIBHMSyPVyjA,8,Planned maintenance,SE_4,SE_3,MAW,A03,2021-08-13 06:00:00+02:00,2021-08-14 19:00:00+02:00,PT1M,1,2400,se3_se4,True
2025-11-05 13:08:33+00:00,,W95r5Bt9OyrowZBDRu130g,9,Planned maintenance,SE_4,SE_3,MAW,A03,2021-08-13 06:00:00+02:00,2021-08-14 19:00:00+02:00,PT1M,1,2400,se3_se4,True
2025-11-05 13:08:33+00:00,,-XZuGoR3iBet2816gj8qzg,8,Planned maintenance,SE_3,SE_2,MAW,A03,2021-08-13 06:00:00+02:00,2021-08-14 19:00:00+02:00,PT1M,1,4700,se2_se3,True
2025-11-05 13:09:48+00:00,,Eo7dg5pvp3smBjQRCx0SYQ,4,Planned maintenance,SE_3,NO_1,MAW,A03,2021-07-28 06:00:00+02:00,2021-08-18 16:20:00+02:00,PT1M,1,1500,no1_se3,True
2025-11-05 13:09:48+00:00,,AZshyBJmJYplPwFWNWWmOw,7,Planned maintenance,SE_3,SE_2,MAW,A03,2021-07-28 06:00:00+02:00,2021-07-28 12:59:00+02:00,PT1M,1,5500,se2_se3,True
2025-11-05 13:09:48+00:00,,y5TwMBcR1DgO9r2MbKkSBw,4,Planned maintenance,DK_1,SE_3,MAW,A03,2021-07-28 12:59:00+02:00,2021-08-18 16:20:00+02:00,PT1M,420,350,se3_dk1,True
2025-11-05 13:09:48+00:00,,KvszREjjc4iK5crib2hbwQ,4,Planned maintenance,SE_4,SE_3,MAW,A03,2021-07-28 06:00:00+02:00,2021-08-18 16:20:00+02:00,PT1M,1,3500,se3_se4,True
2025-11-05 13:09:48+00:00,,AZshyBJmJYplPwFWNWWmOw,7,Planned maintenance,SE_3,SE_2,MAW,A03,2021-07-28 12:59:00+02:00,2021-08-18 16:20:00+02:00,PT1M,420,5700,se2_se3,True
2025-11-05 13:09:48+00:00,,y5TwMBcR1DgO9r2MbKkSBw,4,Planned maintenance,DK_1,SE_3,MAW,A03,2021-07-28 06:00:00+02:00,2021-07-28 12:59:00+02:00,PT1M,1,300,se3_dk1,True
2025-11-05 13:10:06+00:00,,4TgN2Z0ma__veTz9ihQ9-Q,3,Planned maintenance,NO_1,SE_3,MAW,A03,2021-08-23 06:00:00+02:00,2021-08-25 05:59:00+02:00,PT1M,1,1195,se3_no1,True
2025-11-05 13:10:06+00:00,,4TgN2Z0ma__veTz9ihQ9-Q,3,Planned maintenance,NO_1,SE_3,MAW,A03,2021-08-25 06:59:00+02:00,2021-08-25 14:59:00+02:00,PT1M,2940,200,se3_no1,True
2025-11-05 13:10:06+00:00,,4TgN2Z0ma__veTz9ihQ9-Q,3,Planned maintenance,NO_1,SE_3,MAW,A03,2021-08-25 14:59:00+02:00,2021-08-25 16:00:00+02:00,PT1M,3420,645,se3_no1,True
2025-11-05 13:10:06+00:00,,4TgN2Z0ma__veTz9ihQ9-Q,3,Planned maintenance,NO_1,SE_3,MAW,A03,2021-08-25 05:59:00+02:00,2021-08-25 06:59:00+02:00,PT1M,2880,645,se3_no1,True
2025-11-05 13:10:45+00:00,,Qzjz82fcCU3iZlkUZm_sYg,2,Unplanned outage,DK_1,SE_3,MAW,A03,2021-08-20 01:46:00+02:00,2021-08-20 04:46:00+02:00,PT1M,1,0,se3_dk1,True
2025-11-05 13:10:45+00:00,,5PFUWyJ-fQGbK53bvBjllw,2,Unplanned outage,SE_3,DK_1,MAW,A03,2021-08-20 01:46:00+02:00,2021-08-20 04:46:00+02:00,PT1M,1,0,dk1_se3,True
2025-11-05 13:10:45+00:00,,tlyIFdrj1QOAsMFpvMd_Ag,2,Unplanned outage,DK_1,SE_3,MAW,A03,2021-08-20 01:46:00+02:00,2021-08-20 04:46:00+02:00,PT1M,1,0,se3_dk1,True
2025-11-05 13:10:45+00:00,,wmCgdDL8d22HhEt6I0aDwA,2,Unplanned outage,SE_3,DK_1,MAW,A03,2021-08-20 01:46:00+02:00,2021-08-20 04:46:00+02:00,PT1M,1,0,dk1_se3,True
2025-11-05 13:11:02+00:00,,xT2CntJY9xk-A1_49-rg1g,2,Planned maintenance,SE_4,SE_3,MAW,A03,2021-08-19 07:00:00+02:00,2021-08-20 17:00:00+02:00,PT1M,1,5800,se3_se4,True
2025-11-05 13:11:02+00:00,,ix-b1JlrKK8zC1mp0b5Chg,2,Planned maintenance,SE_3,SE_4,MAW,A03,2021-08-19 07:00:00+02:00,2021-08-20 17:00:00+02:00,PT1M,1,2400,se4_se3,True
2025-11-05 13:11:02+00:00,,eYKO7DrQo0g5lNUXczTS9w,2,Planned maintenance,SE_3,SE_4,MAW,A03,2021-08-19 07:00:00+02:00,2021-08-20 17:00:00+02:00,PT1M,1,2400,se4_se3,True
2025-11-05 13:11:02+00:00,,Mk2H0DZRS1L9Y_YX9sizBQ,2,Planned maintenance,SE_4,SE_3,MAW,A03,2021-08-19 07:00:00+02:00,2021-08-20 17:00:00+02:00,PT1M,1,5800,se3_se4,True
2025-11-05 13:11:52+00:00,Cancelled,VIprghcnHesTTe5t-MUm3w,2,Planned maintenance,SE_3,NO_1,MAW,A03,2021-08-24 06:00:00+02:00,2021-08-24 16:00:00+02:00,PT1M,1,695,no1_se3,False
2025-11-05 13:11:52+00:00,Cancelled,8gf_f70KCeYD_6ylKUVhlg,2,Planned maintenance,NO_1,SE_3,MAW,A03,2021-08-24 06:00:00+02:00,2021-08-24 16:00:00+02:00,PT1M,1,895,se3_no1,False
2025-11-05 13:12:04+00:00,,7bDJqg34wrJmceJTczdkEA,4,Planned maintenance,SE_4,SE_3,MAW,A03,2021-08-24 07:00:00+02:00,2021-08-25 20:00:00+02:00,PT1M,1,5800,se3_se4,True
2025-11-05 13:12:34+00:00,,dyBT7dT8PDz-gx4aIn_9oQ,14,Planned maintenance,DK_1,SE_3,MAW,A03,2021-08-18 06:29:00+02:00,2021-08-18 23:58:00+02:00,PT1M,2880,0,se3_dk1,True
2025-11-05 13:12:34+00:00,,dyBT7dT8PDz-gx4aIn_9oQ,14,Planned maintenance,DK_1,SE_3,MAW,A03,2021-08-16 06:30:00+02:00,2021-08-16 19:59:00+02:00,PT1M,1,0,se3_dk1,True
2025-11-05 13:12:34+00:00,,dyBT7dT8PDz-gx4aIn_9oQ,14,Planned maintenance,DK_1,SE_3,MAW,A03,2021-08-16 19:59:00+02:00,2021-08-17 06:29:00+02:00,PT1M,810,715,se3_dk1,True
2025-11-05 13:12:34+00:00,,dyBT7dT8PDz-gx4aIn_9oQ,14,Planned maintenance,DK_1,SE_3,MAW,A03,2021-08-18 23:58:00+02:00,2021-08-19 06:29:00+02:00,PT1M,3929,715,se3_dk1,True
2025-11-05 13:12:34+00:00,,dyBT7dT8PDz-gx4aIn_9oQ,14,Planned maintenance,DK_1,SE_3,MAW,A03,2021-08-19 19:59:00+02:00,2021-08-23 06:29:00+02:00,PT1M,5130,715,se3_dk1,True
2025-11-05 13:12:34+00:00,,dyBT7dT8PDz-gx4aIn_9oQ,14,Planned maintenance,DK_1,SE_3,MAW,A03,2021-08-17 23:58:00+02:00,2021-08-18 06:29:00+02:00,PT1M,2489,715,se3_dk1,True
2025-11-05 13:12:34+00:00,,dyBT7dT8PDz-gx4aIn_9oQ,14,Planned maintenance,DK_1,SE_3,MAW,A03,2021-08-24 06:29:00+02:00,2021-08-24 17:05:00+02:00,PT1M,11520,0,se3_dk1,True
2025-11-05 13:12:34+00:00,,dyBT7dT8PDz-gx4aIn_9oQ,14,Planned maintenance,DK_1,SE_3,MAW,A03,2021-08-23 19:59:00+02:00,2021-08-24 06:29:00+02:00,PT1M,10890,715,se3_dk1,True
2025-11-05 13:12:34+00:00,,dyBT7dT8PDz-gx4aIn_9oQ,14,Planned maintenance,DK_1,SE_3,MAW,A03,2021-08-23 06:29:00+02:00,2021-08-23 19:59:00+02:00,PT1M,10080,0,se3_dk1,True
2025-11-05 13:12:34+00:00,,dyBT7dT8PDz-gx4aIn_9oQ,14,Planned maintenance,DK_1,SE_3,MAW,A03,2021-08-17 06:29:00+02:00,2021-08-17 23:58:00+02:00,PT1M,1440,0,se3_dk1,True
2025-11-05 13:12:34+00:00,,dyBT7dT8PDz-gx4aIn_9oQ,14,Planned maintenance,DK_1,SE_3,MAW,A03,2021-08-19 06:29:00+02:00,2021-08-19 19:59:00+02:00,PT1M,4320,0,se3_dk1,True
2025-11-05 13:12:37+00:00,,WxtsDpZhQiv-sFLjXYPrvg,11,Planned maintenance,SE_3,SE_2,MAW,A03,2021-08-16 06:00:00+02:00,2021-08-18 23:59:00+02:00,PT1M,1,4700,se2_se3,True
2025-11-05 13:12:37+00:00,,WxtsDpZhQiv-sFLjXYPrvg,11,Planned maintenance,SE_3,SE_2,MAW,A03,2021-08-18 23:59:00+02:00,2021-08-24 18:30:00+02:00,PT1M,3960,5000,se2_se3,True
2025-11-05 13:12:37+00:00,,IbKrwrmJe4DIh6EBBWkASw,11,Planned maintenance,SE_3,NO_1,MAW,A03,2021-08-16 06:00:00+02:00,2021-08-24 18:30:00+02:00,PT1M,1,150,no1_se3,True
2025-11-05 13:12:37+00:00,,orakXD6M4P9-bjfIlxgsVw,11,Planned maintenance,SE_3,SE_4,MAW,A03,2021-08-16 06:00:00+02:00,2021-08-24 18:30:00+02:00,PT1M,1,1000,se4_se3,True
2025-11-05 13:12:37+00:00,,yd2HB0jirXw9JvFOD8ZojQ,11,Planned maintenance,DK_1,SE_3,MAW,A03,2021-08-16 06:00:00+02:00,2021-08-24 18:30:00+02:00,PT1M,1,0,se3_dk1,True
2025-11-05 13:12:38+00:00,,GU9il3cUZvbOO_rX0qCeoA,11,Planned maintenance,SE_4,SE_3,MAW,A03,2021-08-16 06:00:00+02:00,2021-08-18 23:59:00+02:00,PT1M,1,2400,se3_se4,True
2025-11-05 13:12:38+00:00,,GU9il3cUZvbOO_rX0qCeoA,11,Planned maintenance,SE_4,SE_3,MAW,A03,2021-08-18 23:59:00+02:00,2021-08-24 18:30:00+02:00,PT1M,3960,2500,se3_se4,True
2025-11-05 13:13:00+00:00,,9LIa9LLU0rMsJIDBHHTlZw,19,Planned maintenance,SE_3,NO_1,MAW,A03,2021-08-25 10:00:00+02:00,2021-09-06 06:00:00+02:00,PT1M,1,450,no1_se3,True
2025-11-05 13:13:01+00:00,,Sc43AcCNv9-jsmYVhfpm9Q,19,Planned maintenance,DK_1,SE_3,MAW,A03,2021-08-25 10:00:00+02:00,2021-09-06 06:00:00+02:00,PT1M,1,150,se3_dk1,True
2025-11-05 13:13:01+00:00,,BOk34ke3lGTqwYx0lkDNbw,19,Planned maintenance,SE_3,SE_2,MAW,A03,2021-08-25 10:00:00+02:00,2021-09-06 06:00:00+02:00,PT1M,1,4800,se2_se3,True
2025-11-05 13:13:01+00:00,,pCt_XPb_yRga9GWak8bQZQ,10,Planned maintenance,NO_1,SE_3,MAW,A03,2021-08-25 10:00:00+02:00,2021-09-06 06:00:00+02:00,PT1M,1,250,se3_no1,True
2025-11-05 13:13:01+00:00,,g5xXV5ZyTjgiApk9tJGDHQ,17,Planned maintenance,SE_3,SE_4,MAW,A03,2021-08-25 10:00:00+02:00,2021-09-06 06:00:00+02:00,PT1M,1,1000,se4_se3,True
2025-11-05 13:13:01+00:00,,SDQExZredn_LdmMBGu676g,19,Planned maintenance,SE_4,SE_3,MAW,A03,2021-08-25 10:00:00+02:00,2021-09-06 06:00:00+02:00,PT1M,1,3000,se3_se4,True
2025-11-05 13:14:55+00:00,,sVjyWuJ5kbW6AkXk6PXKpA,2,Unplanned outage,SE_3,FI,MAW,A03,2021-08-28 01:03:00+03:00,2021-08-28 15:30:00+03:00,PT1M,1,800,fi_se3,True
2025-11-05 13:14:55+00:00,,IwHith0t_oAfLDjcn6R0fA,2,Unplanned outage,FI,SE_3,MAW,A03,2021-08-28 00:03:00+02:00,2021-08-28 14:30:00+02:00,PT1M,1,800,se3_fi,True
2025-11-05 13:15:57+00:00,Cancelled,oj8njw3Mkz1qe1nqe9tO_w,2,Planned maintenance,SE_4,SE_3,MAW,A03,2021-08-23 06:00:00+02:00,2021-08-23 07:00:00+02:00,PT1M,1,5600,se3_se4,False
2025-11-05 13:16:01+00:00,,gErbPRLSIEfBSHMvSdPgZg,1,Planned maintenance,SE_3,SE_4,MAW,A03,2021-09-06 06:00:00+02:00,2021-09-10 18:00:00+02:00,PT1M,1,2400,se4_se3,True
2025-11-05 13:16:01+00:00,,527r1zHxmFCmdbm4SSBUNA,1,Planned maintenance,SE_4,SE_3,MAW,A03,2021-09-06 06:00:00+02:00,2021-09-10 18:00:00+02:00,PT1M,1,5800,se3_se4,True
2025-11-05 13:17:26+00:00,,IeFDFw7Ep2JwsnjIUssMDA,3,Planned maintenance,SE_3,SE_4,MAW,A03,2021-09-13 06:00:00+02:00,2021-09-17 18:00:00+02:00,PT1M,1,2400,se4_se3,True
2025-11-05 13:17:26+00:00,,HkCal4yl70DZGqMEQawrBw,3,Planned maintenance,SE_4,SE_3,MAW,A03,2021-09-13 06:00:00+02:00,2021-09-17 18:00:00+02:00,PT1M,1,5800,se3_se4,True
2025-11-05 13:18:38+00:00,,uQ90RLrjBJiZmKJe3DZJ4w,5,Planned maintenance,DK_1,SE_3,MAW,A03,2021-09-06 08:00:00+02:00,2021-09-06 18:00:00+02:00,PT1M,1,0,se3_dk1,True
2025-11-05 13:18:38+00:00,,7hIDJEZ1hYDhCokEw4rkQA,5,Planned maintenance,SE_3,SE_2,MAW,A03,2021-09-06 08:00:00+02:00,2021-09-06 18:00:00+02:00,PT1M,1,4300,se2_se3,True
2025-11-05 13:18:38+00:00,,VtROkwLz90AfyhUQIxnmvw,5,Planned maintenance,SE_4,SE_3,MAW,A03,2021-09-06 08:00:00+02:00,2021-09-06 18:00:00+02:00,PT1M,1,2600,se3_se4,True
2025-11-05 13:18:38+00:00,,d4J02Nyd00QIwX3ACEkxqQ,5,Planned maintenance,SE_3,FI,MAW,A03,2021-09-06 09:00:00+03:00,2021-09-06 19:00:00+03:00,PT1M,1,0,fi_se3,True
2025-11-05 13:18:38+00:00,,IL_TcJxiRR760YNXYZ78Dg,3,Planned maintenance,NO_1,SE_3,MAW,A03,2021-09-06 08:00:00+02:00,2021-09-06 18:00:00+02:00,PT1M,1,0,se3_no1,True
2025-11-05 13:18:46+00:00,Cancelled,R4c-yJA-QItssVMqgD4u1A,2,Planned maintenance,SE_3,SE_2,MAW,A03,2021-09-21 06:00:00+02:00,2021-09-23 17:00:00+02:00,PT1M,1,5850,se2_se3,False
2025-11-05 13:18:58+00:00,,rszPKDdNEmN7Bxbnj04Zsw,3,Unplanned outage,DK_1,SE_3,MAW,A03,2021-09-06 23:46:00+02:00,2021-09-07 01:33:00+02:00,PT1M,1,0,se3_dk1,True
2025-11-05 13:18:58+00:00,,RwpujoNU3y5B5RTctFCWbw,3,Unplanned outage,DK_1,SE_3,MAW,A03,2021-09-06 23:46:00+02:00,2021-09-07 01:33:00+02:00,PT1M,1,0,se3_dk1,True
2025-11-05 13:18:58+00:00,,knjaBg_Z3YiHeXxsENn0ow,3,Unplanned outage,SE_3,DK_1,MAW,A03,2021-09-06 23:46:00+02:00,2021-09-07 01:33:00+02:00,PT1M,1,0,dk1_se3,True
2025-11-05 13:18:58+00:00,,1fOGNKCBExw224wUROs9gw,3,Unplanned outage,SE_3,DK_1,MAW,A03,2021-09-06 23:46:00+02:00,2021-09-07 01:33:00+02:00,PT1M,1,0,dk1_se3,True
2025-11-05 13:19:13+00:00,Cancelled,N_5O_1AC514GEdIq04vMVg,2,Planned maintenance,DK_1,SE_3,MAW,A03,2021-09-13 07:00:00+02:00,2021-09-14 16:00:00+02:00,PT1M,1,40,se3_dk1,False
2025-11-05 13:19:13+00:00,Cancelled,dSB2686ipfnqdUU9xN7wPw,2,Planned maintenance,SE_3,DK_1,MAW,A03,2021-09-13 07:00:00+02:00,2021-09-14 16:00:00+02:00,PT1M,1,265,dk1_se3,False
2025-11-05 13:20:35+00:00,,YbLoo03BRJFI4TQ0tTFLMA,1,Planned maintenance,SE_3,DK_1,MAW,A03,2021-10-05 06:59:00+02:00,2021-10-05 16:00:00+02:00,PT1M,1440,415,dk1_se3,True
2025-11-05 13:20:35+00:00,,YbLoo03BRJFI4TQ0tTFLMA,1,Planned maintenance,SE_3,DK_1,MAW,A03,2021-10-04 15:59:00+02:00,2021-10-05 06:59:00+02:00,PT1M,540,715,dk1_se3,True
2025-11-05 13:20:35+00:00,,KNUxPkzq6qVoim69FxtKVQ,1,Planned maintenance,DK_1,SE_3,MAW,A03,2021-10-05 06:59:00+02:00,2021-10-05 16:00:00+02:00,PT1M,1440,135,se3_dk1,True
2025-11-05 13:20:35+00:00,,KNUxPkzq6qVoim69FxtKVQ,1,Planned maintenance,DK_1,SE_3,MAW,A03,2021-10-04 07:00:00+02:00,2021-10-04 15:59:00+02:00,PT1M,1,135,se3_dk1,True
2025-11-05 13:20:35+00:00,,KNUxPkzq6qVoim69FxtKVQ,1,Planned maintenance,DK_1,SE_3,MAW,A03,2021-10-04 15:59:00+02:00,2021-10-05 06:59:00+02:00,PT1M,540,715,se3_dk1,True
2025-11-05 13:20:35+00:00,,YbLoo03BRJFI4TQ0tTFLMA,1,Planned maintenance,SE_3,DK_1,MAW,A03,2021-10-04 07:00:00+02:00,2021-10-04 15:59:00+02:00,PT1M,1,415,dk1_se3,True
2025-11-05 13:20:40+00:00,,Bs_11AmknwrDYkJGHmyRyg,4,Planned maintenance,DK_1,SE_3,MAW,A03,2021-09-14 06:00:00+02:00,2021-09-14 17:00:00+02:00,PT1M,1,200,se3_dk1,True
2025-11-05 13:20:40+00:00,,B8r0xYuB-hD0IXnW9rkWiw,4,Planned maintenance,DK_1,SE_3,MAW,A03,2021-09-15 06:00:00+02:00,2021-09-15 17:00:00+02:00,PT1M,1,200,se3_dk1,True
2025-11-05 13:20:40+00:00,,3i6rBM-t8ghmLqsBTXPrDg,4,Planned maintenance,SE_3,NO_1,MAW,A03,2021-09-15 06:00:00+02:00,2021-09-15 17:00:00+02:00,PT1M,1,450,no1_se3,True
2025-11-05 13:20:40+00:00,,QtY3UgGFHqSFL_HoPr2isw,4,Planned maintenance,SE_4,SE_3,MAW,A03,2021-09-14 06:00:00+02:00,2021-09-14 17:00:00+02:00,PT1M,1,3800,se3_se4,True
2025-11-05 13:20:40+00:00,,aLpXBpWbusMNM7VLqZjlSQ,4,Planned maintenance,SE_4,SE_3,MAW,A03,2021-09-15 06:00:00+02:00,2021-09-15 17:00:00+02:00,PT1M,1,3800,se3_se4,True
2025-11-05 13:20:40+00:00,,a-wKuQIZIfsn7_Jt-hyJ3g,4,Planned maintenance,SE_3,NO_1,MAW,A03,2021-09-14 06:00:00+02:00,2021-09-14 17:00:00+02:00,PT1M,1,450,no1_se3,True
2025-11-05 13:21:28+00:00,,ipoPE9moSUqwCy4_wo2LYQ,4,Planned maintenance,SE_3,DK_1,MAW,A03,2021-08-30 07:00:00+02:00,2021-09-10 16:00:00+02:00,PT1M,1,310,dk1_se3,True
2025-11-05 13:21:28+00:00,,6SJ8yh-acJBTq73Pa4B1CQ,4,Planned maintenance,DK_1,SE_3,MAW,A03,2021-08-30 07:00:00+02:00,2021-09-10 16:00:00+02:00,PT1M,1,40,se3_dk1,True
2025-11-05 13:21:30+00:00,,eQQWCz8eZC2Nur4VDOT-lQ,1,Planned maintenance,SE_3,SE_2,MAW,A03,2021-09-22 06:00:00+02:00,2021-09-22 17:00:00+02:00,PT1M,1,6000,se2_se3,True
2025-11-05 13:21:43+00:00,Cancelled,GJ0Ev9KFZbw8S-yPjRNxRQ,3,Planned maintenance,NO_1,SE_3,MAW,A03,2021-09-11 06:00:00+02:00,2021-09-12 21:00:00+02:00,PT1M,1,250,se3_no1,False
2025-11-05 13:21:43+00:00,Cancelled,CjMXTsTuMQvIEBMVeGHm4w,4,Planned maintenance,DK_1,SE_3,MAW,A03,2021-09-11 06:00:00+02:00,2021-09-12 21:00:00+02:00,PT1M,1,150,se3_dk1,False
2025-11-05 13:21:43+00:00,Cancelled,UiXast0foFHaOY1i1w0cdw,4,Planned maintenance,SE_3,NO_1,MAW,A03,2021-09-11 06:00:00+02:00,2021-09-12 21:00:00+02:00,PT1M,1,400,no1_se3,False
2025-11-05 13:21:44+00:00,Cancelled,AtvRYCnhcNhQ8epKbIR3Bw,4,Planned maintenance,SE_4,SE_3,MAW,A03,2021-09-11 06:00:00+02:00,2021-09-12 21:00:00+02:00,PT1M,1,3400,se3_se4,False
2025-11-05 13:21:48+00:00,,rXTZyRPfIc0ap3eow-Cf5A,12,Planned maintenance,NO_1,SE_3,MAW,A03,2021-09-08 23:59:00+02:00,2021-09-10 17:30:00+02:00,PT1M,21240,150,se3_no1,True
2025-11-05 13:21:48+00:00,,rXTZyRPfIc0ap3eow-Cf5A,12,Planned maintenance,NO_1,SE_3,MAW,A03,2021-08-25 06:00:00+02:00,2021-09-06 23:59:00+02:00,PT1M,1,100,se3_no1,True
2025-11-05 13:21:48+00:00,,rXTZyRPfIc0ap3eow-Cf5A,12,Planned maintenance,NO_1,SE_3,MAW,A03,2021-09-06 23:59:00+02:00,2021-09-08 23:59:00+02:00,PT1M,18360,250,se3_no1,True
2025-11-05 13:21:48+00:00,,0Tw8mvm19FotipqWg2D8gw,8,Planned maintenance,SE_3,FI,MAW,A03,2021-08-25 07:00:00+03:00,2021-09-10 18:30:00+03:00,PT1M,1,0,fi_se3,True
2025-11-05 13:21:49+00:00,,i03PaGwKFcYrkZ4BNQmg7Q,8,Planned maintenance,SE_4,SE_3,MAW,A03,2021-09-10 16:59:00+02:00,2021-09-10 17:30:00+02:00,PT1M,23700,3700,se3_se4,True
2025-11-05 13:21:49+00:00,,rNyp4UZc6HaCzqksHoVmdQ,12,Planned maintenance,SE_3,SE_2,MAW,A03,2021-09-03 23:59:00+02:00,2021-09-10 16:59:00+02:00,PT1M,14040,4800,se2_se3,True
2025-11-05 13:21:49+00:00,,rNyp4UZc6HaCzqksHoVmdQ,12,Planned maintenance,SE_3,SE_2,MAW,A03,2021-08-25 06:00:00+02:00,2021-09-03 23:59:00+02:00,PT1M,1,4700,se2_se3,True
2025-11-05 13:21:49+00:00,,0gtQ2Ekc8HfoBni43DplSw,8,Planned maintenance,DK_1,SE_3,MAW,A03,2021-08-25 06:00:00+02:00,2021-09-06 23:59:00+02:00,PT1M,1,0,se3_dk1,True
2025-11-05 13:21:49+00:00,,0gtQ2Ekc8HfoBni43DplSw,8,Planned maintenance,DK_1,SE_3,MAW,A03,2021-09-06 23:59:00+02:00,2021-09-08 23:59:00+02:00,PT1M,18360,150,se3_dk1,True
2025-11-05 13:21:49+00:00,,rNyp4UZc6HaCzqksHoVmdQ,12,Planned maintenance,SE_3,SE_2,MAW,A03,2021-09-10 16:59:00+02:00,2021-09-10 17:30:00+02:00,PT1M,23700,4900,se2_se3,True
2025-11-05 13:21:49+00:00,,i03PaGwKFcYrkZ4BNQmg7Q,8,Planned maintenance,SE_4,SE_3,MAW,A03,2021-09-06 23:59:00+02:00,2021-09-10 16:59:00+02:00,PT1M,18360,3400,se3_se4,True
2025-11-05 13:21:49+00:00,,i03PaGwKFcYrkZ4BNQmg7Q,8,Planned maintenance,SE_4,SE_3,MAW,A03,2021-08-25 06:00:00+02:00,2021-09-06 23:59:00+02:00,PT1M,1,3000,se3_se4,True
2025-11-05 13:21:49+00:00,,0gtQ2Ekc8HfoBni43DplSw,8,Planned maintenance,DK_1,SE_3,MAW,A03,2021-09-08 23:59:00+02:00,2021-09-10 17:00:00+02:00,PT1M,21240,0,se3_dk1,True
2025-11-05 13:22:27+00:00,,TwaP2NMSXqaV13-m5OruPw,3,Planned maintenance,SE_3,NO_1,MAW,A03,2021-09-13 07:00:00+02:00,2021-09-24 16:00:00+02:00,PT1M,1,1945,no1_se3,True
2025-11-05 13:22:27+00:00,,QyYRCrMcmH7hTaeW-Tk_cQ,2,Planned maintenance,SE_3,NO_1,MAW,A03,2021-09-13 07:00:00+02:00,2021-09-24 16:00:00+02:00,PT1M,1,1945,no1_se3,True
2025-11-05 13:22:27+00:00,,srdrYW8ipSCzc8vfyTseEQ,2,Planned maintenance,SE_3,NO_1,MAW,A03,2021-09-13 07:00:00+02:00,2021-09-24 16:00:00+02:00,PT1M,1,1945,no1_se3,True
2025-11-05 13:22:28+00:00,,VNzcjNBUxho3WNIeTFUPiw,2,Planned maintenance,NO_1,SE_3,MAW,A03,2021-09-13 07:00:00+02:00,2021-09-24 16:00:00+02:00,PT1M,1,1895,se3_no1,True
2025-11-05 13:22:28+00:00,,4vvezpRvJ9Px7QSsdEmV4w,3,Planned maintenance,NO_1,SE_3,MAW,A03,2021-09-13 07:00:00+02:00,2021-09-24 16:00:00+02:00,PT1M,1,1895,se3_no1,True
2025-11-05 13:22:28+00:00,,eGepnHFRqbXvl9NxWr4SuA,2,Planned maintenance,NO_1,SE_3,MAW,A03,2021-09-13 07:00:00+02:00,2021-09-24 16:00:00+02:00,PT1M,1,1895,se3_no1,True
2025-11-05 13:23:47+00:00,,5iXecohAnBlUPrRLwlBb4g,1,Planned maintenance,SE_3,NO_1,MAW,A03,2021-10-26 06:00:00+02:00,2021-10-27 16:00:00+02:00,PT1M,1,1645,no1_se3,True
2025-11-05 13:23:49+00:00,,Vy3z8cpEsOwwxRNLFrvtGA,1,Planned maintenance,SE_3,DK_1,MAW,A03,2021-10-07 06:00:00+02:00,2021-10-08 17:00:00+02:00,PT1M,1,700,dk1_se3,True
2025-11-05 13:23:49+00:00,,0z7VODfIq1WuzxNq5tGRwg,1,Planned maintenance,DK_1,SE_3,MAW,A03,2021-10-07 06:00:00+02:00,2021-10-08 17:00:00+02:00,PT1M,1,684,se3_dk1,True
2025-11-05 13:24:03+00:00,,Uo5Aj38ASXe_N3eaCNshIg,2,Planned maintenance,DK_1,SE_3,MAW,A03,2021-09-15 07:00:00+02:00,2021-09-15 15:00:00+02:00,PT1M,1,0,se3_dk1,True
2025-11-05 13:24:03+00:00,,i8NhTwXRLDjlawD9j8XBvA,2,Planned maintenance,SE_3,DK_1,MAW,A03,2021-09-15 07:00:00+02:00,2021-09-15 15:00:00+02:00,PT1M,1,360,dk1_se3,True
2025-11-05 13:24:07+00:00,,xtVXV9PdzB9aHk5b1M5M-w,5,Planned maintenance,SE_3,SE_2,MAW,A03,2021-09-13 06:00:00+02:00,2021-09-15 18:00:00+02:00,PT1M,1,6300,se2_se3,True
2025-11-05 13:24:50+00:00,,gRrHIEwDgF3zGJS0gdoIFw,3,Planned maintenance,SE_3,DK_1,MAW,A03,2021-09-15 07:00:00+02:00,2021-09-16 16:00:00+02:00,PT1M,1,310,dk1_se3,True
2025-11-05 13:24:50+00:00,,S9YVWkx4hejAIdkUjGxesQ,3,Planned maintenance,DK_1,SE_3,MAW,A03,2021-09-15 07:00:00+02:00,2021-09-16 16:00:00+02:00,PT1M,1,40,se3_dk1,True
2025-11-05 13:25:23+00:00,,xO3bh8Q0U6PnXxyEvWV8oQ,1,Planned maintenance,DK_1,SE_3,MAW,A03,2021-10-04 08:00:00+02:00,2021-10-05 17:00:00+02:00,PT1M,1,200,se3_dk1,True
2025-11-05 13:25:23+00:00,,XN5vcfVvA9KF64eL0ig3fg,1,Planned maintenance,NO_1,SE_3,MAW,A03,2021-10-04 08:00:00+02:00,2021-10-05 17:00:00+02:00,PT1M,1,650,se3_no1,True
2025-11-05 13:25:23+00:00,,14L0nRhdoaz06rvOfw8NXQ,1,Planned maintenance,SE_3,SE_2,MAW,A03,2021-10-04 08:00:00+02:00,2021-10-05 17:00:00+02:00,PT1M,1,5700,se2_se3,True
2025-11-05 13:25:23+00:00,,K5x88vmwwny3HQwcIm92OA,1,Planned maintenance,SE_4,SE_3,MAW,A03,2021-10-04 08:00:00+02:00,2021-10-05 17:00:00+02:00,PT1M,1,3000,se3_se4,True
2025-11-05 13:25:44+00:00,,bFphBZIF3GhA3VcCiDXXEw,9,Planned maintenance,SE_3,FI,MAW,A03,2021-09-13 07:00:00+03:00,2021-09-17 15:55:00+03:00,PT1M,1,0,fi_se3,True
2025-11-05 13:25:44+00:00,,eCk14FAuv-PpyoJ7cycr9g,9,Planned maintenance,SE_3,FI,MAW,A03,2021-09-13 07:00:00+03:00,2021-09-17 15:55:00+03:00,PT1M,1,0,fi_se3,True
2025-11-05 13:25:44+00:00,,nDCNDIaXN8Wbwb0cHC2LLg,9,Planned maintenance,SE_3,FI,MAW,A03,2021-09-13 07:00:00+03:00,2021-09-17 15:55:00+03:00,PT1M,1,0,fi_se3,True
2025-11-05 13:25:45+00:00,,3GOndtguAVSkyFUH6Cnemw,7,Planned maintenance,NO_1,SE_3,MAW,A03,2021-09-13 06:00:00+02:00,2021-09-17 14:55:00+02:00,PT1M,1,250,se3_no1,True
2025-11-05 13:25:45+00:00,,MtsGssoiYrQiU0zfHYIsMg,7,Planned maintenance,NO_1,SE_3,MAW,A03,2021-09-13 06:00:00+02:00,2021-09-17 14:55:00+02:00,PT1M,1,250,se3_no1,True
2025-11-05 13:25:45+00:00,,XorV3ggMnHIAI_fhn6DPGg,9,Planned maintenance,DK_1,SE_3,MAW,A03,2021-09-13 06:00:00+02:00,2021-09-17 14:55:00+02:00,PT1M,1,100,se3_dk1,True
2025-11-05 13:25:45+00:00,,4hcwMNd1Am096dfGQbG_IQ,7,Planned maintenance,NO_1,SE_3,MAW,A03,2021-09-13 06:00:00+02:00,2021-09-17 14:55:00+02:00,PT1M,1,250,se3_no1,True
2025-11-05 13:25:45+00:00,,VX81mxE3XAHb-ocYTTXZtQ,9,Planned maintenance,DK_1,SE_3,MAW,A03,2021-09-13 06:00:00+02:00,2021-09-17 14:55:00+02:00,PT1M,1,100,se3_dk1,True
2025-11-05 13:25:45+00:00,,Fmq4zi1RsXGD_MwQlKyU7g,9,Planned maintenance,DK_1,SE_3,MAW,A03,2021-09-13 06:00:00+02:00,2021-09-17 14:55:00+02:00,PT1M,1,100,se3_dk1,True
2025-11-05 13:25:46+00:00,,Frb19-u1hwvuG4xihmcdiQ,9,Planned maintenance,SE_4,SE_3,MAW,A03,2021-09-13 06:00:00+02:00,2021-09-17 14:55:00+02:00,PT1M,1,3000,se3_se4,True
2025-11-05 13:25:46+00:00,,6-XRbEhzOQHbjzOjeFB1KA,9,Planned maintenance,SE_3,SE_2,MAW,A03,2021-09-13 06:00:00+02:00,2021-09-17 14:55:00+02:00,PT1M,1,5200,se2_se3,True
2025-11-05 13:25:46+00:00,,EqxrOQu_YK5AKLcrlbciZg,9,Planned maintenance,SE_3,SE_2,MAW,A03,2021-09-13 06:00:00+02:00,2021-09-17 14:55:00+02:00,PT1M,1,5200,se2_se3,True
2025-11-05 13:25:46+00:00,,NsYF4LI3ncN1mbCPJJahXQ,9,Planned maintenance,SE_3,SE_2,MAW,A03,2021-09-13 06:00:00+02:00,2021-09-17 14:55:00+02:00,PT1M,1,5200,se2_se3,True
2025-11-05 13:25:46+00:00,,1vfLG5j1K4uM40UWtNU1mw,9,Planned maintenance,SE_4,SE_3,MAW,A03,2021-09-13 06:00:00+02:00,2021-09-17 14:55:00+02:00,PT1M,1,3000,se3_se4,True
2025-11-05 13:25:46+00:00,,Xc95M7jW1Jjzmc_Bpr9eHg,9,Planned maintenance,SE_4,SE_3,MAW,A03,2021-09-13 06:00:00+02:00,2021-09-17 14:55:00+02:00,PT1M,1,3000,se3_se4,True
2025-11-05 13:25:48+00:00,,eNgbd0py0B5bm_T0auFFHg,2,Planned maintenance,SE_3,FI,MAW,A03,2021-09-18 07:00:00+03:00,2021-09-19 22:00:00+03:00,PT1M,1,250,fi_se3,True
2025-11-05 13:25:49+00:00,,vSEEOgHnFoK_RxoxIWJ-oA,2,Planned maintenance,NO_1,SE_3,MAW,A03,2021-09-18 06:00:00+02:00,2021-09-19 21:00:00+02:00,PT1M,1,550,se3_no1,True
2025-11-05 13:27:02+00:00,,R-c4oL7kzX9SxvXADWRgAA,2,Planned maintenance,NO_1,SE_3,MAW,A03,2021-10-07 06:00:00+02:00,2021-10-07 17:00:00+02:00,PT1M,1,750,se3_no1,True
2025-11-05 13:27:02+00:00,,k_R_fPj9NcUPFkX9tZYsSA,2,Planned maintenance,SE_3,SE_2,MAW,A03,2021-10-07 06:00:00+02:00,2021-10-07 17:00:00+02:00,PT1M,1,6000,se2_se3,True
2025-11-05 13:27:03+00:00,,p5KDSNeeO4xadvsxF6amFQ,2,Planned maintenance,NO_1,SE_3,MAW,A03,2021-10-08 06:00:00+02:00,2021-10-08 17:00:00+02:00,PT1M,1,750,se3_no1,True
2025-11-05 13:27:03+00:00,,yOHhkq-aEjq3IRElCqFX9w,2,Planned maintenance,SE_3,SE_2,MAW,A03,2021-10-08 06:00:00+02:00,2021-10-08 17:00:00+02:00,PT1M,1,6000,se2_se3,True
2025-11-05 13:27:54+00:00,,O2qm9pHIXa8fdzlSq6SH2g,12,Planned maintenance,SE_4,SE_3,MAW,A03,2021-09-17 14:59:00+02:00,2021-09-27 18:00:00+02:00,PT1M,16380,3700,se3_se4,True
2025-11-05 13:27:54+00:00,,JYs0PjQMTwClWotup6SKhg,10,Planned maintenance,SE_4,SE_3,MAW,A03,2021-09-06 06:00:00+02:00,2021-09-06 23:59:00+02:00,PT1M,1,2700,se3_se4,True
2025-11-05 13:27:54+00:00,,EKZPkg4mPDHGrxE2Yg9oyA,12,Planned maintenance,SE_3,SE_2,MAW,A03,2021-09-06 06:00:00+02:00,2021-09-06 23:59:00+02:00,PT1M,1,4700,se2_se3,True
2025-11-05 13:27:54+00:00,,5Oz5UyvVLOiNW-iE3O-AIQ,10,Planned maintenance,SE_3,SE_2,MAW,A03,2021-09-06 06:00:00+02:00,2021-09-06 23:59:00+02:00,PT1M,1,4700,se2_se3,True
2025-11-05 13:27:54+00:00,,5Oz5UyvVLOiNW-iE3O-AIQ,10,Planned maintenance,SE_3,SE_2,MAW,A03,2021-09-17 14:59:00+02:00,2021-09-27 18:00:00+02:00,PT1M,16380,5600,se2_se3,True
2025-11-05 13:27:54+00:00,,5Oz5UyvVLOiNW-iE3O-AIQ,10,Planned maintenance,SE_3,SE_2,MAW,A03,2021-09-16 23:59:00+02:00,2021-09-17 14:59:00+02:00,PT1M,15480,5400,se2_se3,True
2025-11-05 13:27:54+00:00,,5Oz5UyvVLOiNW-iE3O-AIQ,10,Planned maintenance,SE_3,SE_2,MAW,A03,2021-09-13 05:59:00+02:00,2021-09-16 23:59:00+02:00,PT1M,10080,6000,se2_se3,True
2025-11-05 13:27:54+00:00,,5Oz5UyvVLOiNW-iE3O-AIQ,10,Planned maintenance,SE_3,SE_2,MAW,A03,2021-09-10 23:59:00+02:00,2021-09-13 05:59:00+02:00,PT1M,6840,4700,se2_se3,True
2025-11-05 13:27:54+00:00,,5Oz5UyvVLOiNW-iE3O-AIQ,10,Planned maintenance,SE_3,SE_2,MAW,A03,2021-09-06 23:59:00+02:00,2021-09-10 23:59:00+02:00,PT1M,1080,5200,se2_se3,True
2025-11-05 13:27:54+00:00,,FZRvnG7FupmqXjKkHi1daQ,10,Planned maintenance,DK_1,SE_3,MAW,A03,2021-09-13 05:59:00+02:00,2021-09-16 23:59:00+02:00,PT1M,10080,300,se3_dk1,True
2025-11-05 13:27:54+00:00,,FZRvnG7FupmqXjKkHi1daQ,10,Planned maintenance,DK_1,SE_3,MAW,A03,2021-09-16 23:59:00+02:00,2021-09-27 18:00:00+02:00,PT1M,15480,200,se3_dk1,True
2025-11-05 13:27:54+00:00,,FZRvnG7FupmqXjKkHi1daQ,10,Planned maintenance,DK_1,SE_3,MAW,A03,2021-09-06 06:00:00+02:00,2021-09-06 23:59:00+02:00,PT1M,1,0,se3_dk1,True
2025-11-05 13:27:54+00:00,,2moSYU5MhGOSPIRvJpIWIQ,12,Planned maintenance,DK_1,SE_3,MAW,A03,2021-09-16 23:59:00+02:00,2021-09-27 18:00:00+02:00,PT1M,15480,200,se3_dk1,True
2025-11-05 13:27:54+00:00,,2moSYU5MhGOSPIRvJpIWIQ,12,Planned maintenance,DK_1,SE_3,MAW,A03,2021-09-13 05:59:00+02:00,2021-09-16 23:59:00+02:00,PT1M,10080,300,se3_dk1,True
2025-11-05 13:27:54+00:00,,O2qm9pHIXa8fdzlSq6SH2g,12,Planned maintenance,SE_4,SE_3,MAW,A03,2021-09-10 23:59:00+02:00,2021-09-13 05:59:00+02:00,PT1M,6840,3400,se3_se4,True
2025-11-05 13:27:54+00:00,,FZRvnG7FupmqXjKkHi1daQ,10,Planned maintenance,DK_1,SE_3,MAW,A03,2021-09-06 23:59:00+02:00,2021-09-13 05:59:00+02:00,PT1M,1080,150,se3_dk1,True
2025-11-05 13:27:54+00:00,,2moSYU5MhGOSPIRvJpIWIQ,12,Planned maintenance,DK_1,SE_3,MAW,A03,2021-09-06 23:59:00+02:00,2021-09-13 05:59:00+02:00,PT1M,1080,150,se3_dk1,True
2025-11-05 13:27:54+00:00,,O2qm9pHIXa8fdzlSq6SH2g,12,Planned maintenance,SE_4,SE_3,MAW,A03,2021-09-13 05:59:00+02:00,2021-09-16 23:59:00+02:00,PT1M,10080,4000,se3_se4,True
2025-11-05 13:27:54+00:00,,JYs0PjQMTwClWotup6SKhg,10,Planned maintenance,SE_4,SE_3,MAW,A03,2021-09-10 23:59:00+02:00,2021-09-13 05:59:00+02:00,PT1M,6840,3400,se3_se4,True
2025-11-05 13:27:54+00:00,,JYs0PjQMTwClWotup6SKhg,10,Planned maintenance,SE_4,SE_3,MAW,A03,2021-09-17 14:59:00+02:00,2021-09-27 18:00:00+02:00,PT1M,16380,3700,se3_se4,True
2025-11-05 13:27:54+00:00,,JYs0PjQMTwClWotup6SKhg,10,Planned maintenance,SE_4,SE_3,MAW,A03,2021-09-16 23:59:00+02:00,2021-09-17 14:59:00+02:00,PT1M,15480,3400,se3_se4,True
2025-11-05 13:27:54+00:00,,O2qm9pHIXa8fdzlSq6SH2g,12,Planned maintenance,SE_4,SE_3,MAW,A03,2021-09-06 23:59:00+02:00,2021-09-10 23:59:00+02:00,PT1M,1080,4000,se3_se4,True
2025-11-05 13:27:54+00:00,,JYs0PjQMTwClWotup6SKhg,10,Planned maintenance,SE_4,SE_3,MAW,A03,2021-09-06 23:59:00+02:00,2021-09-10 23:59:00+02:00,PT1M,1080,4000,se3_se4,True
2025-11-05 13:27:54+00:00,,JYs0PjQMTwClWotup6SKhg,10,Planned maintenance,SE_4,SE_3,MAW,A03,2021-09-13 05:59:00+02:00,2021-09-16 23:59:00+02:00,PT1M,10080,4000,se3_se4,True
2025-11-05 13:27:54+00:00,,O2qm9pHIXa8fdzlSq6SH2g,12,Planned maintenance,SE_4,SE_3,MAW,A03,2021-09-16 23:59:00+02:00,2021-09-17 14:59:00+02:00,PT1M,15480,3400,se3_se4,True
2025-11-05 13:27:54+00:00,,2moSYU5MhGOSPIRvJpIWIQ,12,Planned maintenance,DK_1,SE_3,MAW,A03,2021-09-06 06:00:00+02:00,2021-09-06 23:59:00+02:00,PT1M,1,0,se3_dk1,True
2025-11-05 13:27:54+00:00,,O2qm9pHIXa8fdzlSq6SH2g,12,Planned maintenance,SE_4,SE_3,MAW,A03,2021-09-06 06:00:00+02:00,2021-09-06 23:59:00+02:00,PT1M,1,2700,se3_se4,True
2025-11-05 13:27:54+00:00,,NXBLJTXniIAQk3WsmDhdWg,10,Planned maintenance,SE_3,NO_1,MAW,A03,2021-09-06 06:00:00+02:00,2021-09-13 05:59:00+02:00,PT1M,1,450,no1_se3,True
2025-11-05 13:27:54+00:00,,2Nd8uD0NfYF8ELP9l4xUDg,12,Planned maintenance,SE_3,NO_1,MAW,A03,2021-09-13 05:59:00+02:00,2021-09-27 18:00:00+02:00,PT1M,10080,600,no1_se3,True
2025-11-05 13:27:54+00:00,,EKZPkg4mPDHGrxE2Yg9oyA,12,Planned maintenance,SE_3,SE_2,MAW,A03,2021-09-17 14:59:00+02:00,2021-09-27 18:00:00+02:00,PT1M,16380,5600,se2_se3,True
2025-11-05 13:27:54+00:00,,EKZPkg4mPDHGrxE2Yg9oyA,12,Planned maintenance,SE_3,SE_2,MAW,A03,2021-09-16 23:59:00+02:00,2021-09-17 14:59:00+02:00,PT1M,15480,5400,se2_se3,True
2025-11-05 13:27:54+00:00,,EKZPkg4mPDHGrxE2Yg9oyA,12,Planned maintenance,SE_3,SE_2,MAW,A03,2021-09-13 05:59:00+02:00,2021-09-16 23:59:00+02:00,PT1M,10080,6000,se2_se3,True
2025-11-05 13:27:54+00:00,,EKZPkg4mPDHGrxE2Yg9oyA,12,Planned maintenance,SE_3,SE_2,MAW,A03,2021-09-10 23:59:00+02:00,2021-09-13 05:59:00+02:00,PT1M,6840,4700,se2_se3,True
2025-11-05 13:27:54+00:00,,EKZPkg4mPDHGrxE2Yg9oyA,12,Planned maintenance,SE_3,SE_2,MAW,A03,2021-09-06 23:59:00+02:00,2021-09-10 23:59:00+02:00,PT1M,1080,5200,se2_se3,True
2025-11-05 13:27:54+00:00,,NXBLJTXniIAQk3WsmDhdWg,10,Planned maintenance,SE_3,NO_1,MAW,A03,2021-09-13 05:59:00+02:00,2021-09-27 18:00:00+02:00,PT1M,10080,600,no1_se3,True
2025-11-05 13:27:54+00:00,,2Nd8uD0NfYF8ELP9l4xUDg,12,Planned maintenance,SE_3,NO_1,MAW,A03,2021-09-06 06:00:00+02:00,2021-09-13 05:59:00+02:00,PT1M,1,450,no1_se3,True
2025-11-05 13:29:00+00:00,,2hFNRRlO918wzjCf5CjjUA,1,Planned maintenance,SE_3,DK_1,MAW,A03,2021-09-23 20:00:00+02:00,2021-09-24 00:25:00+02:00,PT1M,1,345,dk1_se3,True
2025-11-05 13:29:00+00:00,,1jtfbxrSX8Ol_Aw6RrpjmA,4,Planned maintenance,DK_1,SE_3,MAW,A03,2021-09-19 19:59:00+02:00,2021-09-24 00:25:00+02:00,PT1M,9480,345,se3_dk1,True
2025-11-05 13:29:00+00:00,,1jtfbxrSX8Ol_Aw6RrpjmA,4,Planned maintenance,DK_1,SE_3,MAW,A03,2021-09-13 06:00:00+02:00,2021-09-18 05:59:00+02:00,PT1M,1,345,se3_dk1,True
2025-11-05 13:29:00+00:00,,1jtfbxrSX8Ol_Aw6RrpjmA,4,Planned maintenance,DK_1,SE_3,MAW,A03,2021-09-18 05:59:00+02:00,2021-09-19 19:59:00+02:00,PT1M,7200,0,se3_dk1,True
2025-11-05 13:29:12+00:00,,R0P0oPGCWTROzALgIsQ37w,3,Planned maintenance,SE_3,FI,MAW,A03,2021-09-23 07:00:00+03:00,2021-09-26 22:00:00+03:00,PT1M,1,250,fi_se3,True
2025-11-05 13:29:12+00:00,,FZSVjJ2cnHPMQ_NC1tuLDQ,8,Planned maintenance,SE_3,NO_1,MAW,A03,2021-09-23 06:00:00+02:00,2021-09-26 21:00:00+02:00,PT1M,1,400,no1_se3,True
2025-11-05 13:29:12+00:00,,BQlFe7NybHyhg7arHnTO_Q,14,Planned maintenance,SE_3,SE_2,MAW,A03,2021-09-23 06:00:00+02:00,2021-09-24 23:59:00+02:00,PT1M,1,5400,se2_se3,True
2025-11-05 13:29:12+00:00,,BQlFe7NybHyhg7arHnTO_Q,14,Planned maintenance,SE_3,SE_2,MAW,A03,2021-09-24 23:59:00+02:00,2021-09-26 21:00:00+02:00,PT1M,2520,5300,se2_se3,True
2025-11-05 13:29:12+00:00,,kyCJFi865IpMsqVDmaBuXg,8,Planned maintenance,DK_1,SE_3,MAW,A03,2021-09-23 06:00:00+02:00,2021-09-26 21:00:00+02:00,PT1M,1,150,se3_dk1,True
2025-11-05 13:29:12+00:00,,9r0Zxn1AixweWJMQa2SQXg,8,Planned maintenance,SE_4,SE_3,MAW,A03,2021-09-23 06:00:00+02:00,2021-09-26 21:00:00+02:00,PT1M,1,3500,se3_se4,True
2025-11-05 13:29:12+00:00,,zvPZxlncgcKSsdV-rmbsaw,3,Planned maintenance,NO_1,SE_3,MAW,A03,2021-09-23 06:00:00+02:00,2021-09-26 21:00:00+02:00,PT1M,1,550,se3_no1,True
2025-11-05 13:29:16+00:00,,y9vfIYtuL8c-4wPbV-d2TA,1,Planned maintenance,DK_1,SE_3,MAW,A03,2021-10-19 07:00:00+02:00,2021-10-19 19:00:00+02:00,PT1M,1,135,se3_dk1,True
2025-11-05 13:29:16+00:00,,pszi2VPSRQwTIqKauhm_RA,1,Planned maintenance,SE_3,DK_1,MAW,A03,2021-10-19 07:00:00+02:00,2021-10-19 19:00:00+02:00,PT1M,1,415,dk1_se3,True
2025-11-05 13:29:36+00:00,,pXSgWxli5EicCTXVGT13UQ,3,Unplanned outage,SE_4,SE_3,MAW,A03,2021-09-25 00:00:00+02:00,2021-09-27 18:00:00+02:00,PT1M,1,3100,se3_se4,True
2025-11-05 13:29:36+00:00,,QBdjjwAQkv58cPPoaglRpw,2,Unplanned outage,SE_3,NO_1,MAW,A03,2021-09-25 00:00:00+02:00,2021-09-27 18:00:00+02:00,PT1M,1,150,no1_se3,True
2025-11-05 13:29:36+00:00,,sc0vacsVnft-z4q81_v7TQ,3,Unplanned outage,DK_1,SE_3,MAW,A03,2021-09-25 00:00:00+02:00,2021-09-27 18:00:00+02:00,PT1M,1,100,se3_dk1,True
2025-11-05 13:30:21+00:00,,zc1HDHOH2b4KpkNfKNpKNQ,1,Planned maintenance,SE_3,NO_1,MAW,A03,2021-09-28 07:00:00+02:00,2021-09-28 14:00:00+02:00,PT1M,1,1845,no1_se3,True
2025-11-05 13:30:21+00:00,,dXrU4uG-PAj0U-ebQeh-EA,1,Planned maintenance,SE_3,NO_1,MAW,A03,2021-09-28 07:00:00+02:00,2021-09-28 14:00:00+02:00,PT1M,1,1845,no1_se3,True
2025-11-05 13:30:50+00:00,,QZuOVu2p9WCJgxaVWhtKAw,1,Planned maintenance,SE_3,SE_2,MAW,A03,2021-10-05 07:00:00+02:00,2021-10-05 18:00:00+02:00,PT1M,1,6300,se2_se3,True
2025-11-05 13:30:50+00:00,,pdzhF1vSk3jt8x6e7gNznA,1,Planned maintenance,SE_3,NO_1,MAW,A03,2021-10-06 06:00:00+02:00,2021-10-10 17:00:00+02:00,PT1M,1,1750,no1_se3,True
2025-11-05 13:31:03+00:00,,_R-hYX4H_DAKMmXJvbB_YQ,6,Planned maintenance,SE_4,SE_3,MAW,A03,2021-10-04 06:00:00+02:00,2021-10-05 18:00:00+02:00,PT1M,1,3000,se3_se4,True
2025-11-05 13:31:03+00:00,,t5f3xIxIuDm6_9iSe2f4Yg,6,Planned maintenance,SE_3,SE_2,MAW,A03,2021-10-04 06:00:00+02:00,2021-10-05 18:00:00+02:00,PT1M,1,5500,se2_se3,True
2025-11-05 13:31:03+00:00,,FyQubxwL0QBJieXfJQcgfw,6,Planned maintenance,SE_4,SE_3,MAW,A03,2021-10-04 06:00:00+02:00,2021-10-05 18:00:00+02:00,PT1M,1,3000,se3_se4,True
2025-11-05 13:31:03+00:00,,X0pI7_tkovaduE9ksZAMPw,6,Planned maintenance,SE_3,SE_2,MAW,A03,2021-10-04 06:00:00+02:00,2021-10-05 18:00:00+02:00,PT1M,1,5500,se2_se3,True
2025-11-05 13:31:03+00:00,,51U6w0x_EBZw1xJ09IP3Cw,6,Planned maintenance,SE_3,NO_1,MAW,A03,2021-10-04 06:00:00+02:00,2021-10-05 18:00:00+02:00,PT1M,1,300,no1_se3,True
2025-11-05 13:31:03+00:00,,js1QAui_htreopwgcpa8HA,6,Planned maintenance,SE_3,NO_1,MAW,A03,2021-10-04 06:00:00+02:00,2021-10-05 18:00:00+02:00,PT1M,1,300,no1_se3,True
2025-11-05 13:31:03+00:00,,9ojlqDctMmnx9U1PpvGExg,6,Planned maintenance,DK_1,SE_3,MAW,A03,2021-10-04 06:00:00+02:00,2021-10-05 18:00:00+02:00,PT1M,1,100,se3_dk1,True
2025-11-05 13:31:03+00:00,,biAyeigNGjAh_Cl83-0-lQ,6,Planned maintenance,DK_1,SE_3,MAW,A03,2021-10-04 06:00:00+02:00,2021-10-05 18:00:00+02:00,PT1M,1,100,se3_dk1,True
2025-11-05 13:31:34+00:00,Cancelled,i7FQq5lndx3_ljOgGHZy4A,2,Planned maintenance,SE_3,SE_2,MAW,A03,2021-09-13 23:58:00+02:00,2021-09-30 16:59:00+02:00,PT1M,243359,6000,se2_se3,False
2025-11-05 13:31:34+00:00,Cancelled,i7FQq5lndx3_ljOgGHZy4A,2,Planned maintenance,SE_3,SE_2,MAW,A03,2021-09-09 23:59:00+02:00,2021-09-13 23:58:00+02:00,PT1M,237600,5200,se2_se3,False
2025-11-05 13:31:34+00:00,Cancelled,i7FQq5lndx3_ljOgGHZy4A,2,Planned maintenance,SE_3,SE_2,MAW,A03,2021-09-05 23:58:00+02:00,2021-09-09 23:59:00+02:00,PT1M,231839,6000,se2_se3,False
2025-11-05 13:31:34+00:00,Cancelled,i7FQq5lndx3_ljOgGHZy4A,2,Planned maintenance,SE_3,SE_2,MAW,A03,2021-08-28 23:58:00+02:00,2021-09-02 23:59:00+02:00,PT1M,220319,6000,se2_se3,False
2025-11-05 13:31:34+00:00,Cancelled,i7FQq5lndx3_ljOgGHZy4A,2,Planned maintenance,SE_3,SE_2,MAW,A03,2021-12-31 23:58:00+01:00,2022-03-15 23:59:00+01:00,PT1M,400379,6300,se2_se3,False
2025-11-05 13:31:34+00:00,Cancelled,i7FQq5lndx3_ljOgGHZy4A,2,Planned maintenance,SE_3,SE_2,MAW,A03,2021-06-25 23:58:00+02:00,2021-08-04 23:58:00+02:00,PT1M,128159,5300,se2_se3,False
2025-11-05 13:31:34+00:00,Cancelled,i7FQq5lndx3_ljOgGHZy4A,2,Planned maintenance,SE_3,SE_2,MAW,A03,2021-05-29 23:59:00+02:00,2021-06-19 23:58:00+02:00,PT1M,89280,5000,se2_se3,False
2025-11-05 13:31:34+00:00,Cancelled,i7FQq5lndx3_ljOgGHZy4A,2,Planned maintenance,SE_3,SE_2,MAW,A03,2021-05-22 18:59:00+02:00,2021-05-29 23:59:00+02:00,PT1M,78900,5300,se2_se3,False
2025-11-05 13:31:34+00:00,Cancelled,i7FQq5lndx3_ljOgGHZy4A,2,Planned maintenance,SE_3,SE_2,MAW,A03,2021-03-29 00:00:00+02:00,2021-05-22 18:59:00+02:00,PT1M,1,6000,se2_se3,False
2025-11-05 13:31:34+00:00,Cancelled,i7FQq5lndx3_ljOgGHZy4A,2,Planned maintenance,SE_3,SE_2,MAW,A03,2021-09-30 16:59:00+02:00,2021-12-31 23:58:00+01:00,PT1M,267420,5500,se2_se3,False
2025-11-05 13:31:34+00:00,Cancelled,i7FQq5lndx3_ljOgGHZy4A,2,Planned maintenance,SE_3,SE_2,MAW,A03,2021-09-02 23:59:00+02:00,2021-09-05 23:58:00+02:00,PT1M,227520,4500,se2_se3,False
2025-11-05 13:31:34+00:00,Cancelled,i7FQq5lndx3_ljOgGHZy4A,2,Planned maintenance,SE_3,SE_2,MAW,A03,2021-06-19 23:58:00+02:00,2021-06-25 23:58:00+02:00,PT1M,119519,5200,se2_se3,False
2025-11-05 13:31:34+00:00,Cancelled,i7FQq5lndx3_ljOgGHZy4A,2,Planned maintenance,SE_3,SE_2,MAW,A03,2021-08-04 23:58:00+02:00,2021-08-28 23:58:00+02:00,PT1M,185759,5200,se2_se3,False
2025-11-05 13:31:35+00:00,Cancelled,ya7Z216aa8uAJkOGN1meSQ,2,Planned maintenance,SE_4,SE_3,MAW,A03,2021-09-05 23:58:00+02:00,2021-11-15 23:58:00+01:00,PT1M,231839,3700,se3_se4,False
2025-11-05 13:31:35+00:00,Cancelled,ya7Z216aa8uAJkOGN1meSQ,2,Planned maintenance,SE_4,SE_3,MAW,A03,2021-06-11 23:58:00+02:00,2021-06-19 23:58:00+02:00,PT1M,107999,2500,se3_se4,False
2025-11-05 13:31:35+00:00,Cancelled,ya7Z216aa8uAJkOGN1meSQ,2,Planned maintenance,SE_4,SE_3,MAW,A03,2021-08-04 23:58:00+02:00,2021-08-28 23:58:00+02:00,PT1M,185759,3000,se3_se4,False
2025-11-05 13:31:35+00:00,Cancelled,ya7Z216aa8uAJkOGN1meSQ,2,Planned maintenance,SE_4,SE_3,MAW,A03,2021-07-26 00:59:00+02:00,2021-08-04 23:58:00+02:00,PT1M,171420,3200,se3_se4,False
2025-11-05 13:31:35+00:00,Cancelled,ya7Z216aa8uAJkOGN1meSQ,2,Planned maintenance,SE_4,SE_3,MAW,A03,2021-06-19 23:58:00+02:00,2021-06-23 23:58:00+02:00,PT1M,119519,3100,se3_se4,False
2025-11-05 13:31:35+00:00,Cancelled,ya7Z216aa8uAJkOGN1meSQ,2,Planned maintenance,SE_4,SE_3,MAW,A03,2021-08-28 23:58:00+02:00,2021-09-02 23:59:00+02:00,PT1M,220319,3700,se3_se4,False
2025-11-05 13:31:35+00:00,Cancelled,ya7Z216aa8uAJkOGN1meSQ,2,Planned maintenance,SE_4,SE_3,MAW,A03,2021-12-31 23:58:00+01:00,2022-03-15 23:59:00+01:00,PT1M,400379,5200,se3_se4,False
2025-11-05 13:31:35+00:00,Cancelled,ya7Z216aa8uAJkOGN1meSQ,2,Planned maintenance,SE_4,SE_3,MAW,A03,2021-06-23 23:58:00+02:00,2021-07-26 00:59:00+02:00,PT1M,125279,3400,se3_se4,False
2025-11-05 13:31:35+00:00,Cancelled,ya7Z216aa8uAJkOGN1meSQ,2,Planned maintenance,SE_4,SE_3,MAW,A03,2021-11-15 23:58:00+01:00,2021-12-31 23:58:00+01:00,PT1M,334139,4500,se3_se4,False
2025-11-05 13:31:35+00:00,Cancelled,ya7Z216aa8uAJkOGN1meSQ,2,Planned maintenance,SE_4,SE_3,MAW,A03,2021-09-02 23:59:00+02:00,2021-09-05 23:58:00+02:00,PT1M,227520,2600,se3_se4,False
2025-11-05 13:31:35+00:00,Cancelled,ya7Z216aa8uAJkOGN1meSQ,2,Planned maintenance,SE_4,SE_3,MAW,A03,2021-05-29 23:59:00+02:00,2021-06-11 23:58:00+02:00,PT1M,89280,2750,se3_se4,False
2025-11-05 13:31:35+00:00,Cancelled,ya7Z216aa8uAJkOGN1meSQ,2,Planned maintenance,SE_4,SE_3,MAW,A03,2021-05-22 18:59:00+02:00,2021-05-29 23:59:00+02:00,PT1M,78900,3100,se3_se4,False
2025-11-05 13:31:35+00:00,Cancelled,ya7Z216aa8uAJkOGN1meSQ,2,Planned maintenance,SE_4,SE_3,MAW,A03,2021-04-30 23:59:00+02:00,2021-05-22 18:59:00+02:00,PT1M,47520,3700,se3_se4,False
2025-11-05 13:31:35+00:00,Cancelled,ya7Z216aa8uAJkOGN1meSQ,2,Planned maintenance,SE_4,SE_3,MAW,A03,2021-03-29 00:00:00+02:00,2021-04-30 23:59:00+02:00,PT1M,1,3900,se3_se4,False
2025-11-05 13:31:36+00:00,,_KwMDTkK2SEVKKzNEP3fZw,46,Planned maintenance,SE_3,FI,MAW,A03,2021-09-10 00:59:00+03:00,2021-09-14 00:58:00+03:00,PT1M,237600,0,fi_se3,True
2025-11-05 13:31:36+00:00,,_KwMDTkK2SEVKKzNEP3fZw,46,Planned maintenance,SE_3,FI,MAW,A03,2021-08-29 00:58:00+03:00,2021-09-10 00:59:00+03:00,PT1M,220319,250,fi_se3,True
2025-11-05 13:31:36+00:00,,_KwMDTkK2SEVKKzNEP3fZw,46,Planned maintenance,SE_3,FI,MAW,A03,2021-07-26 01:59:00+03:00,2021-08-23 18:59:00+03:00,PT1M,171420,150,fi_se3,True
2025-11-05 13:31:36+00:00,,_KwMDTkK2SEVKKzNEP3fZw,46,Planned maintenance,SE_3,FI,MAW,A03,2021-08-25 00:58:00+03:00,2021-08-29 00:58:00+03:00,PT1M,214559,150,fi_se3,True
2025-11-05 13:31:36+00:00,,_KwMDTkK2SEVKKzNEP3fZw,46,Planned maintenance,SE_3,FI,MAW,A03,2021-03-29 01:00:00+03:00,2021-05-30 00:59:00+03:00,PT1M,1,250,fi_se3,True
2025-11-05 13:31:36+00:00,,_KwMDTkK2SEVKKzNEP3fZw,46,Planned maintenance,SE_3,FI,MAW,A03,2021-06-25 00:58:00+03:00,2021-07-26 01:59:00+03:00,PT1M,126719,250,fi_se3,True
2025-11-05 13:31:36+00:00,,32kWxIE7131UoFeLQktxfA,46,Planned maintenance,NO_1,SE_3,MAW,A03,2021-05-29 23:59:00+02:00,2021-06-19 23:58:00+02:00,PT1M,89280,100,se3_no1,True
2025-11-05 13:31:36+00:00,,_KwMDTkK2SEVKKzNEP3fZw,46,Planned maintenance,SE_3,FI,MAW,A03,2021-09-14 00:58:00+03:00,2021-09-27 00:59:00+03:00,PT1M,243359,250,fi_se3,True
2025-11-05 13:31:36+00:00,,32kWxIE7131UoFeLQktxfA,46,Planned maintenance,NO_1,SE_3,MAW,A03,2021-03-29 00:00:00+02:00,2021-03-31 23:59:00+02:00,PT1M,1,850,se3_no1,True
2025-11-05 13:31:36+00:00,,R005FBm5PcWnoX9htsPHUA,33,Planned maintenance,SE_3,NO_1,MAW,A03,2021-07-26 01:00:00+02:00,2021-08-28 23:59:00+02:00,PT1M,1,1500,no1_se3,True
2025-11-05 13:31:36+00:00,,32kWxIE7131UoFeLQktxfA,46,Planned maintenance,NO_1,SE_3,MAW,A03,2021-06-19 23:58:00+02:00,2021-06-28 12:59:00+02:00,PT1M,119519,550,se3_no1,True
2025-11-05 13:31:36+00:00,,32kWxIE7131UoFeLQktxfA,46,Planned maintenance,NO_1,SE_3,MAW,A03,2021-03-31 23:59:00+02:00,2021-04-30 23:59:00+02:00,PT1M,4320,750,se3_no1,True
2025-11-05 13:31:36+00:00,,32kWxIE7131UoFeLQktxfA,46,Planned maintenance,NO_1,SE_3,MAW,A03,2021-04-30 23:59:00+02:00,2021-05-22 18:59:00+02:00,PT1M,47520,550,se3_no1,True
2025-11-05 13:31:36+00:00,,32kWxIE7131UoFeLQktxfA,46,Planned maintenance,NO_1,SE_3,MAW,A03,2021-09-26 23:59:00+02:00,2021-09-30 17:00:00+02:00,PT1M,262080,750,se3_no1,True
2025-11-05 13:31:36+00:00,,32kWxIE7131UoFeLQktxfA,46,Planned maintenance,NO_1,SE_3,MAW,A03,2021-05-22 18:59:00+02:00,2021-05-29 23:59:00+02:00,PT1M,78900,300,se3_no1,True
2025-11-05 13:31:36+00:00,,32kWxIE7131UoFeLQktxfA,46,Planned maintenance,NO_1,SE_3,MAW,A03,2021-08-28 23:58:00+02:00,2021-09-26 23:59:00+02:00,PT1M,220319,550,se3_no1,True
2025-11-05 13:31:36+00:00,,32kWxIE7131UoFeLQktxfA,46,Planned maintenance,NO_1,SE_3,MAW,A03,2021-08-04 23:58:00+02:00,2021-08-28 23:58:00+02:00,PT1M,185759,200,se3_no1,True
2025-11-05 13:31:36+00:00,,_ftLZz81HifKAlrGsXS_LA,50,Planned maintenance,DK_1,SE_3,MAW,A03,2021-08-28 23:58:00+02:00,2021-09-30 17:00:00+02:00,PT1M,375779,501,se3_dk1,True
2025-11-05 13:31:36+00:00,,_KwMDTkK2SEVKKzNEP3fZw,46,Planned maintenance,SE_3,FI,MAW,A03,2021-05-30 00:59:00+03:00,2021-06-25 00:58:00+03:00,PT1M,89280,0,fi_se3,True
2025-11-05 13:31:36+00:00,,_ftLZz81HifKAlrGsXS_LA,50,Planned maintenance,DK_1,SE_3,MAW,A03,2020-12-11 00:00:00+01:00,2020-12-18 23:59:00+01:00,PT1M,1,580,se3_dk1,True
2025-11-05 13:31:36+00:00,,_ftLZz81HifKAlrGsXS_LA,50,Planned maintenance,DK_1,SE_3,MAW,A03,2021-05-29 23:59:00+02:00,2021-06-21 23:58:00+02:00,PT1M,244740,100,se3_dk1,True
2025-11-05 13:31:36+00:00,,_ftLZz81HifKAlrGsXS_LA,50,Planned maintenance,DK_1,SE_3,MAW,A03,2021-06-21 23:58:00+02:00,2021-06-23 23:58:00+02:00,PT1M,277859,200,se3_dk1,True
2025-11-05 13:31:36+00:00,,_ftLZz81HifKAlrGsXS_LA,50,Planned maintenance,DK_1,SE_3,MAW,A03,2021-05-22 18:59:00+02:00,2021-05-29 23:59:00+02:00,PT1M,234360,300,se3_dk1,True
2025-11-05 13:31:36+00:00,,_ftLZz81HifKAlrGsXS_LA,50,Planned maintenance,DK_1,SE_3,MAW,A03,2021-06-23 23:58:00+02:00,2021-07-26 00:59:00+02:00,PT1M,280739,300,se3_dk1,True
2025-11-05 13:31:36+00:00,,_ftLZz81HifKAlrGsXS_LA,50,Planned maintenance,DK_1,SE_3,MAW,A03,2021-03-09 23:59:00+01:00,2021-05-22 18:59:00+02:00,PT1M,128160,501,se3_dk1,True
2025-11-05 13:31:36+00:00,,_ftLZz81HifKAlrGsXS_LA,50,Planned maintenance,DK_1,SE_3,MAW,A03,2020-12-23 23:58:00+01:00,2021-03-09 23:59:00+01:00,PT1M,18719,600,se3_dk1,True
2025-11-05 13:31:36+00:00,,32kWxIE7131UoFeLQktxfA,46,Planned maintenance,NO_1,SE_3,MAW,A03,2021-06-28 12:59:00+02:00,2021-08-04 23:58:00+02:00,PT1M,131820,400,se3_no1,True
2025-11-05 13:31:36+00:00,,_ftLZz81HifKAlrGsXS_LA,50,Planned maintenance,DK_1,SE_3,MAW,A03,2021-07-26 00:59:00+02:00,2021-08-04 23:58:00+02:00,PT1M,326880,250,se3_dk1,True
2025-11-05 13:31:36+00:00,,_KwMDTkK2SEVKKzNEP3fZw,46,Planned maintenance,SE_3,FI,MAW,A03,2021-08-23 18:59:00+03:00,2021-08-25 00:58:00+03:00,PT1M,212760,350,fi_se3,True
2025-11-05 13:31:36+00:00,,_KwMDTkK2SEVKKzNEP3fZw,46,Planned maintenance,SE_3,FI,MAW,A03,2021-09-27 00:59:00+03:00,2021-09-30 18:00:00+03:00,PT1M,262080,500,fi_se3,True
2025-11-05 13:31:36+00:00,,_ftLZz81HifKAlrGsXS_LA,50,Planned maintenance,DK_1,SE_3,MAW,A03,2020-12-18 23:59:00+01:00,2020-12-23 23:58:00+01:00,PT1M,11520,620,se3_dk1,True
2025-11-05 13:31:36+00:00,,_ftLZz81HifKAlrGsXS_LA,50,Planned maintenance,DK_1,SE_3,MAW,A03,2021-08-04 23:58:00+02:00,2021-08-28 23:58:00+02:00,PT1M,341219,200,se3_dk1,True
2025-11-05 13:31:37+00:00,,1pXPaWm0J8_fswZbBI61qw,45,Planned maintenance,SE_3,SE_2,MAW,A03,2021-09-09 23:59:00+02:00,2021-09-13 23:58:00+02:00,PT1M,237600,5200,se2_se3,True
2025-11-05 13:31:37+00:00,,OQAPQ44EP00FWvYrGc2KBA,45,Planned maintenance,SE_4,SE_3,MAW,A03,2021-09-05 23:58:00+02:00,2021-09-30 17:00:00+02:00,PT1M,231839,3700,se3_se4,True
2025-11-05 13:31:37+00:00,,OQAPQ44EP00FWvYrGc2KBA,45,Planned maintenance,SE_4,SE_3,MAW,A03,2021-07-26 00:59:00+02:00,2021-08-04 23:58:00+02:00,PT1M,171420,3200,se3_se4,True
2025-11-05 13:31:37+00:00,,1pXPaWm0J8_fswZbBI61qw,45,Planned maintenance,SE_3,SE_2,MAW,A03,2021-06-19 23:58:00+02:00,2021-06-25 23:58:00+02:00,PT1M,119519,5200,se2_se3,True
2025-11-05 13:31:37+00:00,,1pXPaWm0J8_fswZbBI61qw,45,Planned maintenance,SE_3,SE_2,MAW,A03,2021-08-28 23:58:00+02:00,2021-09-02 23:59:00+02:00,PT1M,220319,6000,se2_se3,True
2025-11-05 13:31:37+00:00,,1pXPaWm0J8_fswZbBI61qw,45,Planned maintenance,SE_3,SE_2,MAW,A03,2021-09-02 23:59:00+02:00,2021-09-05 23:58:00+02:00,PT1M,227520,4500,se2_se3,True
2025-11-05 13:31:37+00:00,,1pXPaWm0J8_fswZbBI61qw,45,Planned maintenance,SE_3,SE_2,MAW,A03,2021-05-29 23:59:00+02:00,2021-06-19 23:58:00+02:00,PT1M,89280,5000,se2_se3,True
2025-11-05 13:31:37+00:00,,1pXPaWm0J8_fswZbBI61qw,45,Planned maintenance,SE_3,SE_2,MAW,A03,2021-05-22 18:59:00+02:00,2021-05-29 23:59:00+02:00,PT1M,78900,5300,se2_se3,True
2025-11-05 13:31:37+00:00,,1pXPaWm0J8_fswZbBI61qw,45,Planned maintenance,SE_3,SE_2,MAW,A03,2021-06-25 23:58:00+02:00,2021-08-04 23:58:00+02:00,PT1M,128159,5300,se2_se3,True
2025-11-05 13:31:37+00:00,,1pXPaWm0J8_fswZbBI61qw,45,Planned maintenance,SE_3,SE_2,MAW,A03,2021-09-13 23:58:00+02:00,2021-09-30 17:00:00+02:00,PT1M,243359,6000,se2_se3,True
2025-11-05 13:31:37+00:00,,1pXPaWm0J8_fswZbBI61qw,45,Planned maintenance,SE_3,SE_2,MAW,A03,2021-03-29 00:00:00+02:00,2021-05-22 18:59:00+02:00,PT1M,1,6000,se2_se3,True
2025-11-05 13:31:37+00:00,,1pXPaWm0J8_fswZbBI61qw,45,Planned maintenance,SE_3,SE_2,MAW,A03,2021-09-05 23:58:00+02:00,2021-09-09 23:59:00+02:00,PT1M,231839,6000,se2_se3,True
2025-11-05 13:31:37+00:00,,1pXPaWm0J8_fswZbBI61qw,45,Planned maintenance,SE_3,SE_2,MAW,A03,2021-08-04 23:58:00+02:00,2021-08-28 23:58:00+02:00,PT1M,185759,5200,se2_se3,True
2025-11-05 13:31:37+00:00,,OQAPQ44EP00FWvYrGc2KBA,45,Planned maintenance,SE_4,SE_3,MAW,A03,2021-05-29 23:59:00+02:00,2021-06-11 23:58:00+02:00,PT1M,89280,2750,se3_se4,True
2025-11-05 13:31:37+00:00,,OQAPQ44EP00FWvYrGc2KBA,45,Planned maintenance,SE_4,SE_3,MAW,A03,2021-08-28 23:58:00+02:00,2021-09-02 23:59:00+02:00,PT1M,220319,3700,se3_se4,True
2025-11-05 13:31:37+00:00,,OQAPQ44EP00FWvYrGc2KBA,45,Planned maintenance,SE_4,SE_3,MAW,A03,2021-09-02 23:59:00+02:00,2021-09-05 23:58:00+02:00,PT1M,227520,2600,se3_se4,True
2025-11-05 13:31:37+00:00,,OQAPQ44EP00FWvYrGc2KBA,45,Planned maintenance,SE_4,SE_3,MAW,A03,2021-06-19 23:58:00+02:00,2021-06-23 23:58:00+02:00,PT1M,119519,3100,se3_se4,True
2025-11-05 13:31:37+00:00,,OQAPQ44EP00FWvYrGc2KBA,45,Planned maintenance,SE_4,SE_3,MAW,A03,2021-04-30 23:59:00+02:00,2021-05-22 18:59:00+02:00,PT1M,47520,3700,se3_se4,True
2025-11-05 13:31:37+00:00,,OQAPQ44EP00FWvYrGc2KBA,45,Planned maintenance,SE_4,SE_3,MAW,A03,2021-05-22 18:59:00+02:00,2021-05-29 23:59:00+02:00,PT1M,78900,3100,se3_se4,True
2025-11-05 13:31:37+00:00,,OQAPQ44EP00FWvYrGc2KBA,45,Planned maintenance,SE_4,SE_3,MAW,A03,2021-03-29 00:00:00+02:00,2021-04-30 23:59:00+02:00,PT1M,1,3900,se3_se4,True
2025-11-05 13:31:37+00:00,,OQAPQ44EP00FWvYrGc2KBA,45,Planned maintenance,SE_4,SE_3,MAW,A03,2021-08-04 23:58:00+02:00,2021-08-28 23:58:00+02:00,PT1M,185759,3000,se3_se4,True
2025-11-05 13:31:37+00:00,,OQAPQ44EP00FWvYrGc2KBA,45,Planned maintenance,SE_4,SE_3,MAW,A03,2021-06-23 23:58:00+02:00,2021-07-26 00:59:00+02:00,PT1M,125279,3400,se3_se4,True
2025-11-05 13:31:37+00:00,,OQAPQ44EP00FWvYrGc2KBA,45,Planned maintenance,SE_4,SE_3,MAW,A03,2021-06-11 23:58:00+02:00,2021-06-19 23:58:00+02:00,PT1M,107999,2500,se3_se4,True
2025-11-05 13:31:43+00:00,Cancelled,YPQSEggvVXad3JxJNzRzwA,3,Planned maintenance,SE_4,SE_3,MAW,A03,2021-10-05 06:00:00+02:00,2021-10-06 18:00:00+02:00,PT1M,1,5000,se3_se4,False
2025-11-05 13:31:46+00:00,,5X4F0hmVDQf5xvIooUawUQ,4,Planned maintenance,SE_4,SE_3,MAW,A03,2021-10-05 06:00:00+02:00,2021-10-06 18:00:00+02:00,PT1M,1,5000,se3_se4,True
2025-11-05 13:33:59+00:00,,BenM3Y5pJQ7BWxvt3vIs_g,4,Planned maintenance,SE_3,SE_2,MAW,A03,2021-09-28 12:59:00+02:00,2021-09-29 18:30:00+02:00,PT1M,1860,6300,se2_se3,True
2025-11-05 13:33:59+00:00,,BenM3Y5pJQ7BWxvt3vIs_g,4,Planned maintenance,SE_3,SE_2,MAW,A03,2021-09-27 06:00:00+02:00,2021-09-28 12:59:00+02:00,PT1M,1,6000,se2_se3,True
2025-11-05 13:34:10+00:00,,Z4MekvonBT3yk5oQau9K1Q,3,Planned maintenance,SE_3,FI,MAW,A03,2021-09-30 07:00:00+03:00,2021-09-30 12:00:00+03:00,PT1M,1,0,fi_se3,True
2025-11-05 13:34:10+00:00,,5z8FeS5Nh-FFxYMlDcnQ3g,3,Planned maintenance,SE_3,FI,MAW,A03,2021-09-30 07:00:00+03:00,2021-09-30 12:00:00+03:00,PT1M,1,0,fi_se3,True
2025-11-05 13:34:11+00:00,,GeWhWfllFhgOc91h2jvWOw,3,Planned maintenance,SE_3,SE_2,MAW,A03,2021-09-30 06:00:00+02:00,2021-09-30 11:00:00+02:00,PT1M,1,5500,se2_se3,True
2025-11-05 13:34:11+00:00,,g233iKZnl1jigLCKYrC2tQ,3,Planned maintenance,SE_3,SE_2,MAW,A03,2021-09-30 06:00:00+02:00,2021-09-30 11:00:00+02:00,PT1M,1,5500,se2_se3,True
2025-11-05 13:34:11+00:00,,eK8ZDdzJvJcA2hoOHKwGzA,3,Planned maintenance,DK_1,SE_3,MAW,A03,2021-09-30 06:00:00+02:00,2021-09-30 11:00:00+02:00,PT1M,1,300,se3_dk1,True
2025-11-05 13:34:11+00:00,,CKMlpcIZzhr33Dz7RoHz5g,3,Planned maintenance,SE_3,FI,MAW,A03,2021-09-30 07:00:00+03:00,2021-09-30 12:00:00+03:00,PT1M,1,0,fi_se3,True
2025-11-05 13:34:11+00:00,,A4KKKEOOTe7awjjtjcUgdg,3,Planned maintenance,NO_1,SE_3,MAW,A03,2021-09-30 06:00:00+02:00,2021-09-30 11:00:00+02:00,PT1M,1,350,se3_no1,True
2025-11-05 13:34:11+00:00,,BIhyigu2WflvjHViJlha1g,3,Planned maintenance,NO_1,SE_3,MAW,A03,2021-09-30 06:00:00+02:00,2021-09-30 11:00:00+02:00,PT1M,1,350,se3_no1,True
2025-11-05 13:34:11+00:00,,X9Jz0S6SU2oPV-fLnd8AkA,3,Planned maintenance,NO_1,SE_3,MAW,A03,2021-09-30 06:00:00+02:00,2021-09-30 11:00:00+02:00,PT1M,1,350,se3_no1,True
2025-11-05 13:34:11+00:00,,MFdkYjwAoDil7m6sBZkplw,3,Planned maintenance,DK_1,SE_3,MAW,A03,2021-09-30 06:00:00+02:00,2021-09-30 11:00:00+02:00,PT1M,1,300,se3_dk1,True
2025-11-05 13:34:11+00:00,,nWejHhDN3xiCws0UuJKymg,3,Planned maintenance,SE_4,SE_3,MAW,A03,2021-09-30 06:00:00+02:00,2021-09-30 11:00:00+02:00,PT1M,1,3700,se3_se4,True
2025-11-05 13:34:11+00:00,,3HtpcKxNoHrjIS874KpkDA,3,Planned maintenance,SE_4,SE_3,MAW,A03,2021-09-30 06:00:00+02:00,2021-09-30 11:00:00+02:00,PT1M,1,3700,se3_se4,True
2025-11-05 13:34:11+00:00,,Lf879JC09D-83ef2v1DATg,3,Planned maintenance,SE_4,SE_3,MAW,A03,2021-09-30 06:00:00+02:00,2021-09-30 11:00:00+02:00,PT1M,1,3700,se3_se4,True
2025-11-05 13:34:11+00:00,,i1clTNqkwfGwbHZsab7bIA,3,Planned maintenance,SE_3,SE_2,MAW,A03,2021-09-30 06:00:00+02:00,2021-09-30 11:00:00+02:00,PT1M,1,5500,se2_se3,True
2025-11-05 13:34:11+00:00,,ydc8sMv8JaobtzJ-nVYXjA,3,Planned maintenance,DK_1,SE_3,MAW,A03,2021-09-30 06:00:00+02:00,2021-09-30 11:00:00+02:00,PT1M,1,300,se3_dk1,True
2025-11-05 13:37:20+00:00,,OWJFawNNemQfMn8ilClIww,4,Planned maintenance,SE_3,NO_1,MAW,A03,2021-10-04 06:00:00+02:00,2021-10-05 20:00:00+02:00,PT1M,1,1000,no1_se3,True
2025-11-05 13:37:20+00:00,,D0f3dtIUKesV2F0IOtmvAQ,4,Planned maintenance,SE_3,NO_1,MAW,A03,2021-10-04 06:00:00+02:00,2021-10-05 20:00:00+02:00,PT1M,1,1000,no1_se3,True
2025-11-05 13:37:20+00:00,,0RKEKjkGBpw7M_XljXaAzA,5,Planned maintenance,SE_3,NO_1,MAW,A03,2021-10-04 06:00:00+02:00,2021-10-05 20:00:00+02:00,PT1M,1,1000,no1_se3,True
2025-11-05 13:37:20+00:00,,_xsVXYIml9jNo6g85DdqgQ,5,Planned maintenance,SE_3,NO_1,MAW,A03,2021-10-04 06:00:00+02:00,2021-10-05 20:00:00+02:00,PT1M,1,1000,no1_se3,True
2025-11-05 13:37:35+00:00,,HGEm8cFO-bdZpWnLefnWdg,1,Planned maintenance,SE_4,SE_3,MAW,A03,2021-10-18 06:00:00+02:00,2021-10-22 17:00:00+02:00,PT1M,1,4900,se3_se4,True
2025-11-05 13:37:44+00:00,,BQ8sLGu0TqzlYjsBUVkeNA,2,Planned maintenance,FI,SE_3,MAW,A03,2021-09-29 06:00:00+02:00,2021-10-02 05:59:00+02:00,PT1M,1,800,se3_fi,True
2025-11-05 13:37:44+00:00,,ZTcrAndKyRmoveuzJmjGVQ,2,Planned maintenance,SE_3,FI,MAW,A03,2021-10-03 21:59:00+03:00,2021-10-06 20:00:00+03:00,PT1M,6660,400,fi_se3,True
2025-11-05 13:37:44+00:00,,ZTcrAndKyRmoveuzJmjGVQ,2,Planned maintenance,SE_3,FI,MAW,A03,2021-10-02 06:59:00+03:00,2021-10-03 21:59:00+03:00,PT1M,4320,0,fi_se3,True
2025-11-05 13:37:44+00:00,,ZTcrAndKyRmoveuzJmjGVQ,2,Planned maintenance,SE_3,FI,MAW,A03,2021-09-29 07:00:00+03:00,2021-10-02 06:59:00+03:00,PT1M,1,800,fi_se3,True
2025-11-05 13:37:44+00:00,,VpuuTQH9VnAzwCi9lY7_Sw,1,Planned maintenance,SE_3,FI,MAW,A03,2021-10-02 06:59:00+03:00,2021-10-03 21:59:00+03:00,PT1M,4320,0,fi_se3,True
2025-11-05 13:37:44+00:00,,VpuuTQH9VnAzwCi9lY7_Sw,1,Planned maintenance,SE_3,FI,MAW,A03,2021-10-03 21:59:00+03:00,2021-10-06 20:00:00+03:00,PT1M,6660,400,fi_se3,True
2025-11-05 13:37:44+00:00,,VpuuTQH9VnAzwCi9lY7_Sw,1,Planned maintenance,SE_3,FI,MAW,A03,2021-09-29 07:00:00+03:00,2021-10-02 06:59:00+03:00,PT1M,1,800,fi_se3,True
2025-11-05 13:37:44+00:00,,hifTOyHbhNIYBHBtLh-Saw,4,Planned maintenance,FI,SE_3,MAW,A03,2021-09-29 06:00:00+02:00,2021-10-02 05:59:00+02:00,PT1M,1,800,se3_fi,True
2025-11-05 13:37:44+00:00,,BQ8sLGu0TqzlYjsBUVkeNA,2,Planned maintenance,FI,SE_3,MAW,A03,2021-10-02 05:59:00+02:00,2021-10-03 20:59:00+02:00,PT1M,4320,0,se3_fi,True
2025-11-05 13:37:44+00:00,,BQ8sLGu0TqzlYjsBUVkeNA,2,Planned maintenance,FI,SE_3,MAW,A03,2021-10-03 20:59:00+02:00,2021-10-06 21:00:00+02:00,PT1M,6660,400,se3_fi,True
2025-11-05 13:37:44+00:00,,hifTOyHbhNIYBHBtLh-Saw,4,Planned maintenance,FI,SE_3,MAW,A03,2021-10-02 05:59:00+02:00,2021-10-03 20:59:00+02:00,PT1M,4320,0,se3_fi,True
2025-11-05 13:37:44+00:00,,hifTOyHbhNIYBHBtLh-Saw,4,Planned maintenance,FI,SE_3,MAW,A03,2021-10-03 20:59:00+02:00,2021-10-06 21:00:00+02:00,PT1M,6660,400,se3_fi,True
2025-11-05 13:38:36+00:00,Cancelled,WHKtgTRH2CvU47FtcFASPA,2,Planned maintenance,SE_3,SE_2,MAW,A03,2021-11-08 06:00:00+01:00,2021-11-11 17:00:00+01:00,PT1M,1,0,se2_se3,False
2025-11-05 13:38:36+00:00,Cancelled,e1Xngpz3QY0BAWZ3w4im8Q,2,Planned maintenance,SE_3,SE_2,MAW,A03,2021-11-08 06:00:00+01:00,2021-11-11 17:00:00+01:00,PT1M,1,0,se2_se3,False
2025-11-05 13:38:37+00:00,,hpRvRXdGK5tKRxGfPj8OZQ,6,Planned maintenance,SE_3,DK_1,MAW,A03,2021-10-08 06:59:00+02:00,2021-10-08 13:00:00+02:00,PT1M,1440,100,dk1_se3,True
2025-11-05 13:38:37+00:00,,hpRvRXdGK5tKRxGfPj8OZQ,6,Planned maintenance,SE_3,DK_1,MAW,A03,2021-10-07 07:00:00+02:00,2021-10-07 19:59:00+02:00,PT1M,1,100,dk1_se3,True
2025-11-05 13:38:37+00:00,,hpRvRXdGK5tKRxGfPj8OZQ,6,Planned maintenance,SE_3,DK_1,MAW,A03,2021-10-07 19:59:00+02:00,2021-10-08 06:59:00+02:00,PT1M,780,715,dk1_se3,True
2025-11-05 13:38:37+00:00,,yLa3l3KTQc0iAPVQU7_7Sg,6,Planned maintenance,DK_1,SE_3,MAW,A03,2021-10-08 06:59:00+02:00,2021-10-08 13:00:00+02:00,PT1M,1440,135,se3_dk1,True
2025-11-05 13:38:37+00:00,,yLa3l3KTQc0iAPVQU7_7Sg,6,Planned maintenance,DK_1,SE_3,MAW,A03,2021-10-07 19:59:00+02:00,2021-10-08 06:59:00+02:00,PT1M,780,715,se3_dk1,True
2025-11-05 13:38:37+00:00,,yLa3l3KTQc0iAPVQU7_7Sg,6,Planned maintenance,DK_1,SE_3,MAW,A03,2021-10-07 07:00:00+02:00,2021-10-07 19:59:00+02:00,PT1M,1,135,se3_dk1,True
2025-11-05 13:45:59+00:00,,g2LckDXAK2hC0PkWveK09w,1,Unplanned outage,SE_4,SE_3,MAW,A03,2021-10-30 07:00:00+02:00,2021-10-30 09:00:00+02:00,PT1M,1,4900,se3_se4,True
2025-11-05 13:46:05+00:00,,wr9kSx7wKDzWklNOSFo9AQ,1,Unplanned outage,SE_4,SE_3,MAW,A03,2021-10-23 07:00:00+02:00,2021-10-23 09:00:00+02:00,PT1M,1,4900,se3_se4,True
2025-11-05 13:46:40+00:00,,DNW0KNaVqDhpAUKdDmgt1A,2,Planned maintenance,DK_1,SE_3,MAW,A03,2021-11-10 06:00:00+01:00,2021-11-10 17:00:00+01:00,PT1M,1,684,se3_dk1,True
2025-11-05 13:46:40+00:00,,-O_33sERWaXDHTDCv39x7w,2,Planned maintenance,SE_3,DK_1,MAW,A03,2021-11-10 06:00:00+01:00,2021-11-10 17:00:00+01:00,PT1M,1,700,dk1_se3,True
2025-11-05 13:46:46+00:00,,xtxlwE_F69QI0_sPCSmLvw,6,Planned maintenance,SE_3,SE_2,MAW,A03,2021-10-07 09:00:00+02:00,2021-10-24 17:00:00+02:00,PT1M,1,7000,se2_se3,True
2025-11-05 13:47:58+00:00,,R5W9-j3qDHDiFRi7WjrLDA,1,Planned maintenance,SE_3,SE_2,MAW,A03,2022-09-12 06:00:00+02:00,2022-09-17 17:00:00+02:00,PT1M,1,7300,se2_se3,True
2025-11-05 13:47:58+00:00,,Tqolqq1FZeq-TN600e_MCQ,1,Planned maintenance,SE_3,SE_2,MAW,A03,2022-09-12 06:00:00+02:00,2022-09-17 17:00:00+02:00,PT1M,1,7300,se2_se3,True
2025-11-05 13:47:59+00:00,,xi6N4SWvIHc3tLl7sVF8UA,1,Planned maintenance,SE_3,SE_2,MAW,A03,2022-09-12 06:00:00+02:00,2022-09-17 17:00:00+02:00,PT1M,1,7300,se2_se3,True
2025-11-05 13:48:04+00:00,,VFaf6_P67MhFoUEBzijsBw,1,Planned maintenance,SE_3,SE_2,MAW,A03,2022-05-11 06:00:00+02:00,2022-05-11 17:00:00+02:00,PT1M,1,6900,se2_se3,True
2025-11-05 13:48:05+00:00,,LZx6V9ozkhkRZ1PspV3Epw,1,Planned maintenance,SE_4,SE_3,MAW,A03,2022-09-12 06:00:00+02:00,2022-09-15 17:00:00+02:00,PT1M,1,5500,se3_se4,True
2025-11-05 13:48:27+00:00,,btpk_RDcT5TGTMB8X00Dgg,1,Planned maintenance,SE_3,SE_2,MAW,A03,2022-06-07 06:00:00+02:00,2022-06-10 17:00:00+02:00,PT1M,1,5400,se2_se3,True
2025-11-05 13:48:27+00:00,,N7gW60MzaZm4KwQNDPiq0Q,1,Planned maintenance,SE_3,FI,MAW,A03,2022-06-07 07:00:00+03:00,2022-06-10 18:00:00+03:00,PT1M,1,600,fi_se3,True
2025-11-05 13:48:27+00:00,,A1Hwvnvw0iZLZpKxXb5Q-A,1,Planned maintenance,SE_4,SE_3,MAW,A03,2022-06-07 06:00:00+02:00,2022-06-10 17:00:00+02:00,PT1M,1,5000,se3_se4,True
2025-11-05 13:49:42+00:00,,NiidWMQYujYKLCehXVHrew,2,Planned maintenance,SE_3,SE_2,MAW,A03,2022-08-15 06:00:00+02:00,2022-08-19 18:00:00+02:00,PT1M,1,5300,se2_se3,True
2025-11-05 13:49:42+00:00,,_qraRv5lu12OcvDwInPBjA,2,Planned maintenance,SE_3,SE_2,MAW,A03,2022-08-15 06:00:00+02:00,2022-08-19 18:00:00+02:00,PT1M,1,5300,se2_se3,True
2025-11-05 13:49:42+00:00,,G7IA2Ad-KRvRHXCEC1Guaw,2,Planned maintenance,DK_1,SE_3,MAW,A03,2021-10-25 08:00:00+02:00,2021-10-28 17:25:00+02:00,PT1M,1,550,se3_dk1,True
2025-11-05 13:50:15+00:00,,o52CwRmwJ7PUq4DOUalivg,4,Planned maintenance,SE_3,FI,MAW,A03,2021-10-30 22:00:00+03:00,2021-10-31 08:00:00+02:00,PT1M,1,400,fi_se3,True
2025-11-05 13:50:15+00:00,,BH1QCgA1OG4uBHMcL87XQA,4,Planned maintenance,SE_3,FI,MAW,A03,2021-10-30 22:00:00+03:00,2021-10-31 08:00:00+02:00,PT1M,1,400,fi_se3,True
2025-11-05 13:50:16+00:00,,r-unNg1Hl3bchXg1SWbZWQ,4,Planned maintenance,FI,SE_3,MAW,A03,2021-10-30 21:00:00+02:00,2021-10-31 06:59:00+01:00,PT1M,1,400,se3_fi,True
2025-11-05 13:50:16+00:00,,3DEZZ2xauyTNBktA53eIvA,4,Planned maintenance,SE_3,SE_2,MAW,A03,2021-10-30 21:00:00+02:00,2021-10-31 07:00:00+01:00,PT1M,1,5000,se2_se3,True
2025-11-05 13:50:16+00:00,,wR8VeUnpmqAqtdNiBVUpvA,4,Planned maintenance,FI,SE_3,MAW,A03,2021-10-30 21:00:00+02:00,2021-10-31 06:59:00+01:00,PT1M,1,400,se3_fi,True
2025-11-05 13:50:16+00:00,,Vb-Xudg9ltNKBehUaoepsQ,4,Planned maintenance,SE_3,SE_2,MAW,A03,2021-10-30 21:00:00+02:00,2021-10-31 07:00:00+01:00,PT1M,1,5000,se2_se3,True
2025-11-05 13:50:16+00:00,,r-unNg1Hl3bchXg1SWbZWQ,4,Planned maintenance,FI,SE_3,MAW,A03,2021-10-31 06:59:00+01:00,2021-10-31 08:00:00+01:00,PT1M,660,1000,se3_fi,True
2025-11-05 13:50:16+00:00,,wR8VeUnpmqAqtdNiBVUpvA,4,Planned maintenance,FI,SE_3,MAW,A03,2021-10-31 06:59:00+01:00,2021-10-31 08:00:00+01:00,PT1M,660,1000,se3_fi,True
2025-11-05 13:50:19+00:00,,koCDcR-OYEp5xWfm9PZrZA,2,Planned maintenance,SE_3,SE_2,MAW,A03,2021-10-25 06:00:00+02:00,2021-10-30 13:05:00+02:00,PT1M,1,6800,se2_se3,True
2025-11-05 13:50:36+00:00,,vXpxp6YiG0Z5JqlPVjvuYA,10,Planned maintenance,NO_1,SE_3,MAW,A03,2021-10-25 07:00:00+02:00,2021-10-30 20:00:00+02:00,PT1M,1,1895,se3_no1,True
2025-11-05 13:50:36+00:00,,aQowua3SNVsbHMd28uxNoQ,8,Planned maintenance,NO_1,SE_3,MAW,A03,2021-10-25 07:00:00+02:00,2021-10-30 20:00:00+02:00,PT1M,1,1895,se3_no1,True
2025-11-05 13:50:36+00:00,,iBwyY3-uHVwVRMNu6E_PbQ,7,Planned maintenance,NO_1,SE_3,MAW,A03,2021-10-25 07:00:00+02:00,2021-10-30 20:00:00+02:00,PT1M,1,1895,se3_no1,True
2025-11-05 13:50:36+00:00,,4M-WoJUAB8sXbr6qEHKTKA,5,Planned maintenance,NO_1,SE_3,MAW,A03,2021-10-25 07:00:00+02:00,2021-10-30 20:00:00+02:00,PT1M,1,1895,se3_no1,True
2025-11-05 13:50:36+00:00,,FjcMSx9UPwa3a_UunDMXug,5,Planned maintenance,SE_3,NO_1,MAW,A03,2021-10-25 07:00:00+02:00,2021-10-30 20:00:00+02:00,PT1M,1,1945,no1_se3,True
2025-11-05 13:50:36+00:00,,k8U6seRDZXuc3TAISh_Y9Q,7,Planned maintenance,SE_3,NO_1,MAW,A03,2021-10-25 07:00:00+02:00,2021-10-30 20:00:00+02:00,PT1M,1,1945,no1_se3,True
2025-11-05 13:50:36+00:00,,0GeqrAlY7iZ2Dpqj_hUxFg,10,Planned maintenance,SE_3,NO_1,MAW,A03,2021-10-25 07:00:00+02:00,2021-10-30 20:00:00+02:00,PT1M,1,1945,no1_se3,True
2025-11-05 13:50:36+00:00,,Hm8EQdvJlltsTZBhug7Aow,8,Planned maintenance,SE_3,NO_1,MAW,A03,2021-10-25 07:00:00+02:00,2021-10-30 20:00:00+02:00,PT1M,1,1945,no1_se3,True
2025-11-05 13:51:23+00:00,,Jv7rVYPl0PJnqn99iuWIkg,1,Planned maintenance,DK_1,SE_3,MAW,A03,2022-09-23 06:00:00+02:00,2022-09-23 16:00:00+02:00,PT1M,1,40,se3_dk1,True
2025-11-05 13:51:23+00:00,,PuGdt4uNoN8UAhwws1rzng,1,Planned maintenance,SE_3,DK_1,MAW,A03,2022-09-23 06:00:00+02:00,2022-09-23 16:00:00+02:00,PT1M,1,265,dk1_se3,True
2025-11-05 13:51:44+00:00,,-ptGgL-osP1LHj3zh9IbKw,2,Planned maintenance,NO_1,SE_3,MAW,A03,2022-08-18 06:00:00+02:00,2022-08-22 17:00:00+02:00,PT1M,1,900,se3_no1,True
2025-11-05 13:51:44+00:00,,15hnH8Cdy5VHKu5pur-qOg,2,Planned maintenance,NO_1,SE_3,MAW,A03,2022-08-18 06:00:00+02:00,2022-08-22 17:00:00+02:00,PT1M,1,900,se3_no1,True
2025-11-05 13:51:44+00:00,,niib8uWSoQvYNF_KJ6crPQ,2,Planned maintenance,DK_1,SE_3,MAW,A03,2022-08-18 06:00:00+02:00,2022-08-22 17:00:00+02:00,PT1M,1,300,se3_dk1,True
2025-11-05 13:51:45+00:00,,oCsfZ4nomF2wWr-Bq-mQWQ,2,Planned maintenance,SE_4,SE_3,MAW,A03,2022-08-18 06:00:00+02:00,2022-08-22 17:00:00+02:00,PT1M,1,4000,se3_se4,True
2025-11-05 13:52:06+00:00,Cancelled,fyC78IOHj0wvFN8HoeirKg,2,Planned maintenance,NO_1,SE_3,MAW,A03,2021-11-05 06:00:00+01:00,2021-11-05 16:00:00+01:00,PT1M,1,895,se3_no1,False
2025-11-05 13:52:06+00:00,Cancelled,TbAUiVqPMEkkKWCYx7gTkw,2,Planned maintenance,SE_3,NO_1,MAW,A03,2021-11-05 06:00:00+01:00,2021-11-05 16:00:00+01:00,PT1M,1,695,no1_se3,False
2025-11-05 13:52:08+00:00,,bs7eS_ZMk4663WBGiKlVng,7,Planned maintenance,SE_4,SE_3,MAW,A03,2021-08-23 06:00:00+02:00,2021-11-03 10:00:00+01:00,PT1M,1,5400,se3_se4,True
2025-11-05 13:54:55+00:00,,V8euiVuaYeRZVp0rzIEmDQ,3,Planned maintenance,SE_3,SE_2,MAW,A03,2021-11-19 08:00:00+01:00,2021-11-19 16:00:00+01:00,PT1M,1,7100,se2_se3,True
2025-11-05 13:55:05+00:00,,3-3JTJZewZgkjtPTW-F6-Q,2,Planned maintenance,SE_3,SE_2,MAW,A03,2021-11-11 06:00:00+01:00,2021-11-11 16:50:00+01:00,PT1M,1,5000,se2_se3,True
2025-11-05 13:55:05+00:00,,x23AVDSmx5F9L6axGW7ZHQ,2,Planned maintenance,NO_1,SE_3,MAW,A03,2021-11-11 06:00:00+01:00,2021-11-11 16:50:00+01:00,PT1M,1,150,se3_no1,True
2025-11-05 13:55:05+00:00,,JfgdiGXuDizaL7_A2ZJMoQ,2,Planned maintenance,SE_4,SE_3,MAW,A03,2021-11-11 06:00:00+01:00,2021-11-11 16:50:00+01:00,PT1M,1,4000,se3_se4,True
2025-11-05 13:55:05+00:00,,blqvpKkWgIHkAxrocCN84g,2,Planned maintenance,SE_3,FI,MAW,A03,2021-11-11 07:00:00+02:00,2021-11-11 17:50:00+02:00,PT1M,1,0,fi_se3,True
2025-11-05 13:55:05+00:00,,JbATKt53nqoestN8EAvN-A,2,Planned maintenance,DK_1,SE_3,MAW,A03,2021-11-11 06:00:00+01:00,2021-11-11 16:50:00+01:00,PT1M,1,250,se3_dk1,True
2025-11-05 13:55:54+00:00,,UHq8li6Nvi3f7D-9HYLc4A,2,Planned maintenance,DK_1,SE_3,MAW,A03,2021-11-13 10:00:00+01:00,2021-11-13 18:15:00+01:00,PT1M,1,0,se3_dk1,True
2025-11-05 13:55:54+00:00,,fz7oHui0XH87EUZJvrbCFw,2,Planned maintenance,DK_1,SE_3,MAW,A03,2021-11-13 10:00:00+01:00,2021-11-13 18:15:00+01:00,PT1M,1,0,se3_dk1,True
2025-11-05 13:55:54+00:00,,zfCdtwXhwyDNr1zpimTNBg,2,Planned maintenance,SE_3,SE_2,MAW,A03,2021-11-13 10:00:00+01:00,2021-11-13 18:15:00+01:00,PT1M,1,5300,se2_se3,True
2025-11-05 13:55:54+00:00,,UR_pN1Us3p3b5TUP9MjOVA,2,Planned maintenance,SE_3,NO_1,MAW,A03,2021-11-13 10:00:00+01:00,2021-11-13 18:15:00+01:00,PT1M,1,0,no1_se3,True
2025-11-05 13:55:54+00:00,,cSeiGyrLSCGZzaMwXPkpSQ,2,Planned maintenance,SE_4,SE_3,MAW,A03,2021-11-13 10:00:00+01:00,2021-11-13 18:15:00+01:00,PT1M,1,3500,se3_se4,True
2025-11-05 13:55:54+00:00,,9ItTZ3KqPvHSENI2htwS7A,2,Planned maintenance,SE_3,NO_1,MAW,A03,2021-11-13 10:00:00+01:00,2021-11-13 18:15:00+01:00,PT1M,1,0,no1_se3,True
2025-11-05 13:55:54+00:00,,kVQEWsl5y5q3QARFIDv47w,2,Planned maintenance,SE_3,SE_2,MAW,A03,2021-11-13 10:00:00+01:00,2021-11-13 18:15:00+01:00,PT1M,1,5300,se2_se3,True
2025-11-05 13:55:55+00:00,,_qd2e_GdwzZ2lVhqGiG3Jg,2,Planned maintenance,SE_4,SE_3,MAW,A03,2021-11-13 10:00:00+01:00,2021-11-13 18:15:00+01:00,PT1M,1,3500,se3_se4,True
2025-11-05 13:56:49+00:00,,D-3zI7eCzotzLYiMr5HwLg,2,Planned maintenance,NO_1,SE_3,MAW,A03,2021-11-16 06:00:00+01:00,2021-11-16 14:42:00+01:00,PT1M,1,1195,se3_no1,True
2025-11-05 13:56:49+00:00,,xtCTu3-33I9pSkHieSzQKQ,2,Planned maintenance,SE_3,NO_1,MAW,A03,2021-11-16 06:00:00+01:00,2021-11-16 14:42:00+01:00,PT1M,1,895,no1_se3,True
2025-11-05 13:57:56+00:00,,HWYmBIR0Xmj2S_EiFAzE1g,14,Planned maintenance,DK_1,SE_3,MAW,A03,2021-10-08 23:59:00+02:00,2021-11-02 23:59:00+01:00,PT1M,7200,501,se3_dk1,True
2025-11-05 13:57:56+00:00,,HWYmBIR0Xmj2S_EiFAzE1g,14,Planned maintenance,DK_1,SE_3,MAW,A03,2021-10-04 00:00:00+02:00,2021-10-08 23:59:00+02:00,PT1M,1,360,se3_dk1,True
2025-11-05 13:57:56+00:00,,Yvs3Qj0GM6W38kZCUt6qZg,14,Planned maintenance,NO_1,SE_3,MAW,A03,2021-10-06 23:59:00+02:00,2021-11-02 23:59:00+01:00,PT1M,4320,400,se3_no1,True
2025-11-05 13:57:56+00:00,,HWYmBIR0Xmj2S_EiFAzE1g,14,Planned maintenance,DK_1,SE_3,MAW,A03,2021-11-07 23:59:00+01:00,2021-11-18 14:30:00+01:00,PT1M,50460,501,se3_dk1,True
2025-11-05 13:57:56+00:00,,HWYmBIR0Xmj2S_EiFAzE1g,14,Planned maintenance,DK_1,SE_3,MAW,A03,2021-11-02 23:59:00+01:00,2021-11-07 23:59:00+01:00,PT1M,43260,400,se3_dk1,True
2025-11-05 13:57:56+00:00,,CGrjoDxMVD-HweFBTh5ydw,6,Planned maintenance,SE_3,FI,MAW,A03,2021-10-22 01:00:00+03:00,2021-11-18 15:30:00+02:00,PT1M,1,200,fi_se3,True
2025-11-05 13:57:56+00:00,,Yvs3Qj0GM6W38kZCUt6qZg,14,Planned maintenance,NO_1,SE_3,MAW,A03,2021-11-07 23:59:00+01:00,2021-11-18 14:30:00+01:00,PT1M,50460,400,se3_no1,True
2025-11-05 13:57:56+00:00,,Yvs3Qj0GM6W38kZCUt6qZg,14,Planned maintenance,NO_1,SE_3,MAW,A03,2021-11-02 23:59:00+01:00,2021-11-07 23:59:00+01:00,PT1M,43260,350,se3_no1,True
2025-11-05 13:57:56+00:00,,Yvs3Qj0GM6W38kZCUt6qZg,14,Planned maintenance,NO_1,SE_3,MAW,A03,2021-10-04 00:00:00+02:00,2021-10-06 23:59:00+02:00,PT1M,1,600,se3_no1,True
2025-11-05 13:57:57+00:00,,Oz52wyU8xRUxWbycfQ8u4Q,15,Planned maintenance,SE_3,SE_2,MAW,A03,2021-10-21 23:59:00+02:00,2021-11-09 07:59:00+01:00,PT1M,29880,5500,se2_se3,True
2025-11-05 13:57:57+00:00,,llJk3hoz6LkDE_QT9zbRKw,8,Planned maintenance,SE_4,SE_3,MAW,A03,2021-10-22 00:00:00+02:00,2021-11-09 07:59:00+01:00,PT1M,1,4400,se3_se4,True
2025-11-05 13:57:57+00:00,,llJk3hoz6LkDE_QT9zbRKw,8,Planned maintenance,SE_4,SE_3,MAW,A03,2021-11-09 07:59:00+01:00,2021-11-09 23:59:00+01:00,PT1M,26460,4500,se3_se4,True
2025-11-05 13:57:57+00:00,,Oz52wyU8xRUxWbycfQ8u4Q,15,Planned maintenance,SE_3,SE_2,MAW,A03,2021-10-18 23:59:00+02:00,2021-10-21 23:59:00+02:00,PT1M,25560,5800,se2_se3,True
2025-11-05 13:57:57+00:00,,Oz52wyU8xRUxWbycfQ8u4Q,15,Planned maintenance,SE_3,SE_2,MAW,A03,2021-10-01 06:00:00+02:00,2021-10-07 23:59:00+02:00,PT1M,1,5700,se2_se3,True
2025-11-05 13:57:57+00:00,,Oz52wyU8xRUxWbycfQ8u4Q,15,Planned maintenance,SE_3,SE_2,MAW,A03,2021-11-09 07:59:00+01:00,2021-11-09 23:59:00+01:00,PT1M,56340,5800,se2_se3,True
2025-11-05 13:57:57+00:00,,Oz52wyU8xRUxWbycfQ8u4Q,15,Planned maintenance,SE_3,SE_2,MAW,A03,2021-11-09 23:59:00+01:00,2021-11-18 14:30:00+01:00,PT1M,57300,5700,se2_se3,True
2025-11-05 13:57:57+00:00,,Oz52wyU8xRUxWbycfQ8u4Q,15,Planned maintenance,SE_3,SE_2,MAW,A03,2021-10-07 23:59:00+02:00,2021-10-18 23:59:00+02:00,PT1M,9720,5600,se2_se3,True
2025-11-05 13:57:57+00:00,,llJk3hoz6LkDE_QT9zbRKw,8,Planned maintenance,SE_4,SE_3,MAW,A03,2021-11-09 23:59:00+01:00,2021-11-18 14:30:00+01:00,PT1M,27420,4400,se3_se4,True
2025-11-05 13:58:18+00:00,,bMPjhsk59Z_-ELQaCgxN7A,1,Planned maintenance,NO_1,SE_3,MAW,A03,2022-05-30 06:00:00+02:00,2022-05-31 17:00:00+02:00,PT1M,1,300,se3_no1,True
2025-11-05 13:58:18+00:00,,glQbb5h5iRZWpjkw3hPQig,1,Planned maintenance,NO_1,SE_3,MAW,A03,2022-05-30 06:00:00+02:00,2022-05-31 17:00:00+02:00,PT1M,1,300,se3_no1,True
2025-11-05 13:58:18+00:00,,luFiBnhbOoTnN4f_vXJSzQ,1,Planned maintenance,SE_3,FI,MAW,A03,2022-05-30 07:00:00+03:00,2022-05-31 18:00:00+03:00,PT1M,1,0,fi_se3,True
2025-11-05 13:58:18+00:00,,QojYuknc7rknt6OGjcenfA,1,Planned maintenance,SE_3,FI,MAW,A03,2022-05-30 07:00:00+03:00,2022-05-31 18:00:00+03:00,PT1M,1,0,fi_se3,True
2025-11-05 13:58:19+00:00,,r9E7ZU9YHcODVtaPN0T2KQ,1,Planned maintenance,DK_1,SE_3,MAW,A03,2022-05-30 06:00:00+02:00,2022-05-31 17:00:00+02:00,PT1M,1,100,se3_dk1,True
2025-11-05 13:58:19+00:00,,06vjEn8X0G3D-X3RSu1uuw,1,Planned maintenance,DK_1,SE_3,MAW,A03,2022-05-30 06:00:00+02:00,2022-05-31 17:00:00+02:00,PT1M,1,100,se3_dk1,True
2025-11-05 13:58:19+00:00,,zmurzlG4-C8lz2dyZcRrEQ,1,Planned maintenance,SE_4,SE_3,MAW,A03,2022-05-30 06:00:00+02:00,2022-05-31 17:00:00+02:00,PT1M,1,3000,se3_se4,True
2025-11-05 13:58:19+00:00,,06rwOF9a0VbZw0PRJ_cF0g,1,Planned maintenance,SE_4,SE_3,MAW,A03,2022-05-30 06:00:00+02:00,2022-05-31 17:00:00+02:00,PT1M,1,3000,se3_se4,True
2025-11-05 13:58:19+00:00,,8T5FOl08rm6Xhmyk-gLH0g,1,Planned maintenance,SE_3,SE_2,MAW,A03,2022-05-30 06:00:00+02:00,2022-05-31 17:00:00+02:00,PT1M,1,5200,se2_se3,True
2025-11-05 13:58:19+00:00,,rPeWO8c6jQKTLcUtwPuD6w,1,Planned maintenance,SE_3,SE_2,MAW,A03,2022-05-30 06:00:00+02:00,2022-05-31 17:00:00+02:00,PT1M,1,5200,se2_se3,True
2025-11-05 13:58:21+00:00,,eWu5-LzXvs3qqD1aJ_nNuQ,1,Planned maintenance,SE_3,NO_1,MAW,A03,2022-11-18 06:00:00+01:00,2022-11-18 16:00:00+01:00,PT1M,1,895,no1_se3,True
2025-11-05 13:58:21+00:00,,o4Z59qC4iQtPiNBpk0-hag,1,Planned maintenance,NO_1,SE_3,MAW,A03,2022-11-18 06:00:00+01:00,2022-11-18 16:00:00+01:00,PT1M,1,1195,se3_no1,True
2025-11-05 13:58:23+00:00,,sBElXfBOZtkfDKhsY-RkGA,1,Planned maintenance,NO_1,SE_3,MAW,A03,2022-10-17 06:00:00+02:00,2022-10-17 16:00:00+02:00,PT1M,1,1195,se3_no1,True
2025-11-05 13:58:23+00:00,,e24dkDtCsA4QtonwnluKPg,1,Planned maintenance,SE_3,NO_1,MAW,A03,2022-10-17 06:00:00+02:00,2022-10-17 16:00:00+02:00,PT1M,1,895,no1_se3,True
2025-11-05 13:58:37+00:00,,5vlcbwFfo_BsbkMrkGxR5A,1,Planned maintenance,NO_1,SE_3,MAW,A03,2022-10-24 06:00:00+02:00,2022-10-24 16:00:00+02:00,PT1M,1,1195,se3_no1,True
2025-11-05 13:58:37+00:00,,xck4-L-iQJoR9VhVdLsBfw,1,Planned maintenance,NO_1,SE_3,MAW,A03,2022-10-24 06:00:00+02:00,2022-10-24 16:00:00+02:00,PT1M,1,1195,se3_no1,True
2025-11-05 13:58:37+00:00,,9KFEE-ZKeAZLPT67kViDTw,1,Planned maintenance,SE_3,NO_1,MAW,A03,2022-10-24 06:00:00+02:00,2022-10-24 16:00:00+02:00,PT1M,1,895,no1_se3,True
2025-11-05 13:58:37+00:00,,TQjeb9L-Bo-9kVRCv0X-OA,1,Planned maintenance,SE_3,NO_1,MAW,A03,2022-10-24 06:00:00+02:00,2022-10-24 16:00:00+02:00,PT1M,1,895,no1_se3,True
2025-11-05 13:58:38+00:00,,QMTbnW3DZSEOyl8SkspL2A,3,Planned maintenance,SE_3,NO_1,MAW,A03,2022-10-17 06:00:00+02:00,2022-10-17 16:00:00+02:00,PT1M,1,895,no1_se3,True
2025-11-05 13:58:38+00:00,,-ah54IUUCzX-WQ50_k0Puw,3,Planned maintenance,NO_1,SE_3,MAW,A03,2022-10-17 06:00:00+02:00,2022-10-17 16:00:00+02:00,PT1M,1,1195,se3_no1,True
2025-11-05 13:58:56+00:00,,ru029JudFRhLFYQzWpEaHQ,2,Planned maintenance,SE_3,SE_2,MAW,A03,2021-11-23 06:00:00+01:00,2021-11-23 19:00:00+01:00,PT1M,1,5200,se2_se3,True
2025-11-05 13:58:56+00:00,,SU6MHB0zQkAXM6cvSlX2qA,2,Planned maintenance,DK_1,SE_3,MAW,A03,2021-11-23 06:00:00+01:00,2021-11-23 19:00:00+01:00,PT1M,1,250,se3_dk1,True
2025-11-05 13:58:56+00:00,,AJJqEHJE79n1zgdyd0uL-g,2,Planned maintenance,NO_1,SE_3,MAW,A03,2021-11-23 06:00:00+01:00,2021-11-23 19:00:00+01:00,PT1M,1,250,se3_no1,True
2025-11-05 13:58:56+00:00,,9eF21GYU_hRQDOUfAH-8ew,2,Planned maintenance,SE_3,FI,MAW,A03,2021-11-23 07:00:00+02:00,2021-11-23 20:00:00+02:00,PT1M,1,0,fi_se3,True
2025-11-05 13:59:00+00:00,,mcJLJ_Vpi1E9ZfEMbGmFaw,2,Planned maintenance,DK_1,SE_3,MAW,A03,2021-11-20 10:00:00+01:00,2021-11-20 14:15:00+01:00,PT1M,1,300,se3_dk1,True
2025-11-05 13:59:00+00:00,,vIM-0ue-wrIsw8RrqY5trA,2,Planned maintenance,SE_3,NO_1,MAW,A03,2021-11-20 10:00:00+01:00,2021-11-20 14:15:00+01:00,PT1M,1,150,no1_se3,True
2025-11-05 13:59:01+00:00,,vo5RrIeXr-OEOlCGqHKp4Q,2,Planned maintenance,SE_3,SE_2,MAW,A03,2021-11-20 10:00:00+01:00,2021-11-20 14:15:00+01:00,PT1M,1,5500,se2_se3,True
2025-11-05 13:59:01+00:00,,HRIVCGnVJNRR0I5iny5FRQ,2,Planned maintenance,SE_4,SE_3,MAW,A03,2021-11-20 10:00:00+01:00,2021-11-20 14:15:00+01:00,PT1M,1,3700,se3_se4,True
2025-11-05 13:59:47+00:00,Cancelled,QX_IogL80-pVR5XKTP0pXw,3,Planned maintenance,SE_3,FI,MAW,A03,2022-08-30 07:00:00+03:00,2022-09-09 18:00:00+03:00,PT1M,1,0,fi_se3,False
2025-11-05 13:59:48+00:00,Cancelled,eSGpHaAp28HrRwAXRdSJGA,3,Planned maintenance,SE_3,SE_2,MAW,A03,2022-08-30 06:00:00+02:00,2022-09-09 17:00:00+02:00,PT1M,1,0,se2_se3,False
2025-11-05 13:59:48+00:00,Cancelled,qbGCA_Z_0_GZmoPraLh4Eg,3,Planned maintenance,DK_1,SE_3,MAW,A03,2022-08-30 06:00:00+02:00,2022-09-09 17:00:00+02:00,PT1M,1,0,se3_dk1,False
2025-11-05 13:59:48+00:00,Cancelled,YrfWIZodlCFiZxrAe6UE8Q,3,Planned maintenance,NO_1,SE_3,MAW,A03,2022-08-30 06:00:00+02:00,2022-09-09 17:00:00+02:00,PT1M,1,0,se3_no1,False
2025-11-05 14:02:00+00:00,,mI8KhXZ-P_SiTzzJBnC_xg,2,Planned maintenance,SE_3,DK_1,MAW,A03,2022-04-25 06:00:00+02:00,2022-04-29 17:00:00+02:00,PT1M,1,500,dk1_se3,True
2025-11-05 14:02:00+00:00,,Qa3oY65fdEN4xeomJwkM0A,2,Planned maintenance,SE_4,SE_3,MAW,A03,2022-04-25 06:00:00+02:00,2022-04-29 17:00:00+02:00,PT1M,1,3500,se3_se4,True
2025-11-05 14:03:45+00:00,,HYEM0Cdypds_8S-tfM3N2A,1,Planned maintenance,SE_4,SE_3,MAW,A03,2021-12-21 09:00:00+01:00,2021-12-21 13:00:00+01:00,PT1M,1,5500,se3_se4,True
2025-11-05 14:03:45+00:00,,vLazm01FRYnVRySmvoP_tw,1,Planned maintenance,SE_4,SE_3,MAW,A03,2021-12-21 09:00:00+01:00,2021-12-21 13:00:00+01:00,PT1M,1,5500,se3_se4,True
2025-11-05 14:04:10+00:00,Cancelled,6PHZvGwb_IqPPkepYTXjdQ,3,Planned maintenance,SE_3,NO_1,MAW,A03,2022-09-05 17:00:00+02:00,2022-09-18 17:00:00+02:00,PT1M,1,0,no1_se3,False
2025-11-05 14:04:48+00:00,Cancelled,f_FLLonyTlBKpxn5n1Qulg,2,Planned maintenance,SE_3,SE_2,MAW,A03,2022-05-02 06:00:00+02:00,2022-05-05 17:00:00+02:00,PT1M,1,5300,se2_se3,False
2025-11-05 14:04:48+00:00,Cancelled,EsLIyuXaLkwJY4dJmGuMQQ,2,Planned maintenance,DK_1,SE_3,MAW,A03,2022-05-02 06:00:00+02:00,2022-05-05 17:00:00+02:00,PT1M,1,450,se3_dk1,False
2025-11-05 14:04:48+00:00,Cancelled,coNAuShcacBSRUk7HDkySg,2,Planned maintenance,NO_1,SE_3,MAW,A03,2022-05-02 06:00:00+02:00,2022-05-05 17:00:00+02:00,PT1M,1,450,se3_no1,False
2025-11-05 14:05:41+00:00,,hn-zN3pz_8kDpmvhH2ed1A,2,Planned maintenance,SE_4,SE_3,MAW,A03,2022-06-08 06:00:00+02:00,2022-06-09 17:00:00+02:00,PT1M,1,4200,se3_se4,True
2025-11-05 14:06:08+00:00,Cancelled,-FZdmM5klDqG-wi9afHlFA,2,Planned maintenance,SE_3,NO_1,MAW,A03,2022-08-24 06:00:00+02:00,2022-08-24 16:00:00+02:00,PT1M,1,0,no1_se3,False
2025-11-05 14:06:09+00:00,Cancelled,H189kssLKehZNfem_-jfXQ,2,Planned maintenance,NO_1,SE_3,MAW,A03,2022-08-24 06:00:00+02:00,2022-08-24 16:00:00+02:00,PT1M,1,0,se3_no1,False
2025-11-05 14:06:23+00:00,,ZptVKc907-PRINWhOzzutg,3,Planned maintenance,SE_4,SE_3,MAW,A03,2021-12-07 18:59:00+01:00,2021-12-08 06:59:00+01:00,PT1M,720,3900,se3_se4,True
2025-11-05 14:06:23+00:00,,ZptVKc907-PRINWhOzzutg,3,Planned maintenance,SE_4,SE_3,MAW,A03,2021-12-08 06:59:00+01:00,2021-12-08 11:59:00+01:00,PT1M,1440,4400,se3_se4,True
2025-11-05 14:06:23+00:00,,ZptVKc907-PRINWhOzzutg,3,Planned maintenance,SE_4,SE_3,MAW,A03,2021-12-09 06:59:00+01:00,2021-12-09 10:05:00+01:00,PT1M,2880,5200,se3_se4,True
2025-11-05 14:06:23+00:00,,ZptVKc907-PRINWhOzzutg,3,Planned maintenance,SE_4,SE_3,MAW,A03,2021-12-08 11:59:00+01:00,2021-12-08 18:59:00+01:00,PT1M,1740,5200,se3_se4,True
2025-11-05 14:06:23+00:00,,ZptVKc907-PRINWhOzzutg,3,Planned maintenance,SE_4,SE_3,MAW,A03,2021-12-08 18:59:00+01:00,2021-12-09 06:59:00+01:00,PT1M,2160,4700,se3_se4,True
2025-11-05 14:06:23+00:00,,ZptVKc907-PRINWhOzzutg,3,Planned maintenance,SE_4,SE_3,MAW,A03,2021-12-07 07:00:00+01:00,2021-12-07 18:59:00+01:00,PT1M,1,4400,se3_se4,True
2025-11-05 14:09:24+00:00,,qxgQschWRZy8zrwbQ_7Yag,1,Planned maintenance,SE_3,NO_1,MAW,A03,2021-04-06 06:00:00+02:00,2021-04-07 16:00:00+02:00,PT1M,1,695,no1_se3,True
2025-11-05 14:09:25+00:00,,6qvqHTG8LwijkkkQDpcR1A,1,Planned maintenance,NO_1,SE_3,MAW,A03,2021-04-06 06:00:00+02:00,2021-04-07 16:00:00+02:00,PT1M,1,895,se3_no1,True
2025-11-05 14:09:25+00:00,,NaGe3SJNM8ReHpmHGmBNlw,1,Planned maintenance,NO_1,SE_3,MAW,A03,2021-04-06 06:00:00+02:00,2021-04-07 16:00:00+02:00,PT1M,1,895,se3_no1,True
2025-11-05 14:09:25+00:00,,nzCf208zhM3wmO7U13eQBg,1,Planned maintenance,SE_3,NO_1,MAW,A03,2021-04-06 06:00:00+02:00,2021-04-07 16:00:00+02:00,PT1M,1,695,no1_se3,True
2025-11-05 14:09:31+00:00,,vGS_pNq76K8CozQx0DjJQw,2,Planned maintenance,FI,SE_3,MAW,A03,2021-12-16 06:00:00+01:00,2021-12-16 15:33:00+01:00,PT1M,1,0,se3_fi,True
2025-11-05 14:09:31+00:00,,VEfJHIEq9MQnWtNyY3WrLQ,2,Planned maintenance,FI,SE_3,MAW,A03,2021-12-16 06:00:00+01:00,2021-12-16 15:33:00+01:00,PT1M,1,0,se3_fi,True
2025-11-05 14:09:32+00:00,,Z_iUw8VN-NHR_sYomPo8Ng,2,Planned maintenance,SE_3,FI,MAW,A03,2021-12-16 07:00:00+02:00,2021-12-16 16:33:00+02:00,PT1M,1,0,fi_se3,True
2025-11-05 14:09:32+00:00,,SPK_SJw2UcTl9e9Tw-13hQ,2,Planned maintenance,SE_3,FI,MAW,A03,2021-12-16 07:00:00+02:00,2021-12-16 16:33:00+02:00,PT1M,1,0,fi_se3,True
2025-11-05 14:10:30+00:00,,Ofi4vFsMgxB10xhFOUL2aA,2,Unplanned outage,SE_3,DK_1,MAW,A03,2021-12-17 15:35:00+01:00,2021-12-17 22:20:00+01:00,PT1M,1,345,dk1_se3,True
2025-11-05 14:10:30+00:00,,m1EgoAbtRJSe1hhksyS72A,2,Unplanned outage,DK_1,SE_3,MAW,A03,2021-12-17 15:35:00+01:00,2021-12-17 22:20:00+01:00,PT1M,1,345,se3_dk1,True
2025-11-05 14:10:38+00:00,,GLWWVfzcsL3jDiLpDySUTQ,8,Planned maintenance,SE_4,SE_3,MAW,A03,2021-11-23 18:59:00+01:00,2021-12-02 17:59:00+01:00,PT1M,12240,5800,se3_se4,True
2025-11-05 14:10:38+00:00,,GLWWVfzcsL3jDiLpDySUTQ,8,Planned maintenance,SE_4,SE_3,MAW,A03,2021-11-15 07:00:00+01:00,2021-11-19 06:59:00+01:00,PT1M,1,5800,se3_se4,True
2025-11-05 14:10:38+00:00,,GLWWVfzcsL3jDiLpDySUTQ,8,Planned maintenance,SE_4,SE_3,MAW,A03,2021-12-03 08:59:00+01:00,2021-12-18 21:00:00+01:00,PT1M,26040,5800,se3_se4,True
2025-11-05 14:10:38+00:00,,FlCGUYd-om4R7wrztKnw0w,8,Planned maintenance,SE_3,SE_4,MAW,A03,2021-11-19 06:59:00+01:00,2021-11-23 18:59:00+01:00,PT1M,5760,2000,se4_se3,True
2025-11-05 14:10:38+00:00,,GLWWVfzcsL3jDiLpDySUTQ,8,Planned maintenance,SE_4,SE_3,MAW,A03,2021-11-19 06:59:00+01:00,2021-11-23 18:59:00+01:00,PT1M,5760,5400,se3_se4,True
2025-11-05 14:10:38+00:00,,FlCGUYd-om4R7wrztKnw0w,8,Planned maintenance,SE_3,SE_4,MAW,A03,2021-11-15 07:00:00+01:00,2021-11-19 06:59:00+01:00,PT1M,1,2400,se4_se3,True
2025-11-05 14:10:38+00:00,,FlCGUYd-om4R7wrztKnw0w,8,Planned maintenance,SE_3,SE_4,MAW,A03,2021-11-23 18:59:00+01:00,2021-12-02 17:59:00+01:00,PT1M,12240,2400,se4_se3,True
2025-11-05 14:10:38+00:00,,FlCGUYd-om4R7wrztKnw0w,8,Planned maintenance,SE_3,SE_4,MAW,A03,2021-12-03 08:59:00+01:00,2021-12-18 21:00:00+01:00,PT1M,26040,2400,se4_se3,True
2025-11-05 14:10:38+00:00,,GLWWVfzcsL3jDiLpDySUTQ,8,Planned maintenance,SE_4,SE_3,MAW,A03,2021-12-02 17:59:00+01:00,2021-12-03 08:59:00+01:00,PT1M,25140,6200,se3_se4,True
2025-11-05 14:10:38+00:00,,FlCGUYd-om4R7wrztKnw0w,8,Planned maintenance,SE_3,SE_4,MAW,A03,2021-12-02 17:59:00+01:00,2021-12-03 08:59:00+01:00,PT1M,25140,2800,se4_se3,True
2025-11-05 14:11:03+00:00,,P_qJ9V5kpLbC9QWFpAT8Ew,2,Unplanned outage,SE_3,FI,MAW,A03,2021-12-20 11:15:00+02:00,2021-12-20 13:00:00+02:00,PT1M,1,400,fi_se3,True
2025-11-05 14:11:03+00:00,,ic1D16U4jdLk0LjbcuNQKw,2,Unplanned outage,FI,SE_3,MAW,A03,2021-12-20 10:15:00+01:00,2021-12-20 12:00:00+01:00,PT1M,1,400,se3_fi,True
2025-11-05 14:12:26+00:00,,Q064fAnSHdcvYPrgGl5jmw,3,Unplanned outage,SE_3,DK_1,MAW,A03,2021-12-20 08:00:00+01:00,2021-12-22 13:55:00+01:00,PT1M,1,345,dk1_se3,True
2025-11-05 14:12:26+00:00,,7N8jIKUgu-Xcfhnbka3R8Q,4,Unplanned outage,DK_1,SE_3,MAW,A03,2021-12-20 08:00:00+01:00,2021-12-22 13:55:00+01:00,PT1M,1,345,se3_dk1,True
2025-11-05 14:14:31+00:00,Cancelled,hnHx0YGwiHTyhdXut4q4XA,2,Planned maintenance,NO_1,SE_3,MAW,A03,2021-12-20 17:14:00+01:00,2021-12-30 23:59:00+01:00,PT1M,116715,550,se3_no1,False
2025-11-05 14:14:31+00:00,Cancelled,hnHx0YGwiHTyhdXut4q4XA,2,Planned maintenance,NO_1,SE_3,MAW,A03,2021-12-31 23:59:00+01:00,2022-03-15 23:59:00+01:00,PT1M,132960,550,se3_no1,False
2025-11-05 14:14:31+00:00,Cancelled,hnHx0YGwiHTyhdXut4q4XA,2,Planned maintenance,NO_1,SE_3,MAW,A03,2021-12-11 23:58:00+01:00,2021-12-17 11:59:00+01:00,PT1M,104159,550,se3_no1,False
2025-11-05 14:14:31+00:00,Cancelled,hnHx0YGwiHTyhdXut4q4XA,2,Planned maintenance,NO_1,SE_3,MAW,A03,2021-12-30 23:59:00+01:00,2021-12-31 23:59:00+01:00,PT1M,131520,300,se3_no1,False
2025-11-05 14:14:31+00:00,Cancelled,cVBFhMA70ZFEYRFtPgg4aw,2,Planned maintenance,SE_3,FI,MAW,A03,2021-09-30 18:00:00+03:00,2021-12-12 00:58:00+02:00,PT1M,1,300,fi_se3,False
2025-11-05 14:14:31+00:00,Cancelled,cVBFhMA70ZFEYRFtPgg4aw,2,Planned maintenance,SE_3,FI,MAW,A03,2021-12-17 12:59:00+02:00,2021-12-20 18:14:00+02:00,PT1M,112080,150,fi_se3,False
2025-11-05 14:14:31+00:00,Cancelled,hnHx0YGwiHTyhdXut4q4XA,2,Planned maintenance,NO_1,SE_3,MAW,A03,2021-12-17 11:59:00+01:00,2021-12-20 17:14:00+01:00,PT1M,112080,250,se3_no1,False
2025-11-05 14:14:31+00:00,Cancelled,cVBFhMA70ZFEYRFtPgg4aw,2,Planned maintenance,SE_3,FI,MAW,A03,2021-12-20 18:14:00+02:00,2021-12-31 00:59:00+02:00,PT1M,116715,400,fi_se3,False
2025-11-05 14:14:31+00:00,Cancelled,cVBFhMA70ZFEYRFtPgg4aw,2,Planned maintenance,SE_3,FI,MAW,A03,2021-12-12 00:58:00+02:00,2021-12-17 12:59:00+02:00,PT1M,104159,400,fi_se3,False
2025-11-05 14:14:31+00:00,Cancelled,cVBFhMA70ZFEYRFtPgg4aw,2,Planned maintenance,SE_3,FI,MAW,A03,2022-01-02 00:59:00+02:00,2022-03-16 00:59:00+02:00,PT1M,134400,300,fi_se3,False
2025-11-05 14:14:31+00:00,Cancelled,hnHx0YGwiHTyhdXut4q4XA,2,Planned maintenance,NO_1,SE_3,MAW,A03,2021-09-30 17:00:00+02:00,2021-12-11 23:58:00+01:00,PT1M,1,400,se3_no1,False
2025-11-05 14:14:31+00:00,Cancelled,cVBFhMA70ZFEYRFtPgg4aw,2,Planned maintenance,SE_3,FI,MAW,A03,2021-12-31 00:59:00+02:00,2022-01-02 00:59:00+02:00,PT1M,131520,150,fi_se3,False
2025-11-05 14:14:31+00:00,Cancelled,wyLri4HnF65-RjpGleQL-w,2,Planned maintenance,DK_1,SE_3,MAW,A03,2021-12-30 23:59:00+01:00,2021-12-31 23:59:00+01:00,PT1M,131520,200,se3_dk1,False
2025-11-05 14:14:31+00:00,Cancelled,wyLri4HnF65-RjpGleQL-w,2,Planned maintenance,DK_1,SE_3,MAW,A03,2021-12-31 23:59:00+01:00,2022-01-01 23:59:00+01:00,PT1M,132960,250,se3_dk1,False
2025-11-05 14:14:31+00:00,Cancelled,wyLri4HnF65-RjpGleQL-w,2,Planned maintenance,DK_1,SE_3,MAW,A03,2021-12-17 11:59:00+01:00,2021-12-20 17:14:00+01:00,PT1M,112080,200,se3_dk1,False
2025-11-05 14:14:31+00:00,Cancelled,wyLri4HnF65-RjpGleQL-w,2,Planned maintenance,DK_1,SE_3,MAW,A03,2021-09-30 17:00:00+02:00,2021-12-17 11:59:00+01:00,PT1M,1,360,se3_dk1,False
2025-11-05 14:14:31+00:00,Cancelled,wyLri4HnF65-RjpGleQL-w,2,Planned maintenance,DK_1,SE_3,MAW,A03,2021-12-20 17:14:00+01:00,2021-12-30 23:59:00+01:00,PT1M,116715,360,se3_dk1,False
2025-11-05 14:14:31+00:00,Cancelled,wyLri4HnF65-RjpGleQL-w,2,Planned maintenance,DK_1,SE_3,MAW,A03,2022-01-01 23:59:00+01:00,2022-03-15 23:59:00+01:00,PT1M,134400,300,se3_dk1,False
2025-11-05 14:18:23+00:00,,WQdtNDrkM0pYgINXr5IndA,1,Unplanned outage,SE_3,NO_1,MAW,A03,2022-01-11 10:00:00+01:00,2022-01-11 14:00:00+01:00,PT1M,1,1200,no1_se3,True
2025-11-05 14:18:23+00:00,,1gpkyb7bERLBaDQ7CLEkKA,1,Unplanned outage,NO_1,SE_3,MAW,A03,2022-01-11 10:00:00+01:00,2022-01-11 14:00:00+01:00,PT1M,1,1195,se3_no1,True
2025-11-05 14:18:29+00:00,,kndLgrPlVexrJk4tgWd2lw,2,Unplanned outage,SE_3,FI,MAW,A03,2022-01-11 01:00:00+02:00,2022-01-11 12:51:00+02:00,PT1M,1,0,fi_se3,True
2025-11-05 14:18:29+00:00,,Vt2DzN5uM3uRUb8Y70avCg,2,Unplanned outage,DK_1,SE_3,MAW,A03,2022-01-11 00:00:00+01:00,2022-01-11 11:51:00+01:00,PT1M,1,0,se3_dk1,True
2025-11-05 14:18:29+00:00,,uRbKjvR6TjjNXR9JZwx9Ow,2,Unplanned outage,SE_3,SE_2,MAW,A03,2022-01-11 00:00:00+01:00,2022-01-11 11:51:00+01:00,PT1M,1,6500,se2_se3,True
2025-11-05 14:18:29+00:00,,KbfMra1GycQRkLzV8xLiuw,2,Unplanned outage,SE_4,SE_3,MAW,A03,2022-01-11 00:00:00+01:00,2022-01-11 11:51:00+01:00,PT1M,1,5000,se3_se4,True
2025-11-05 14:18:29+00:00,,Hg4PnT6jq-NzYAg_qKkChw,2,Unplanned outage,NO_1,SE_3,MAW,A03,2022-01-11 00:00:00+01:00,2022-01-11 11:51:00+01:00,PT1M,1,0,se3_no1,True
2025-11-05 14:20:14+00:00,,ESFJzqvDUBuu8hA7gZpJFw,2,Unplanned outage,SE_4,SE_3,MAW,A03,2022-01-17 10:00:00+01:00,2022-01-17 17:00:00+01:00,PT1M,1,5200,se3_se4,True
2025-11-05 14:20:14+00:00,,Wwboh60Hoj_fWqJ40OJLCw,2,Unplanned outage,SE_4,SE_3,MAW,A03,2022-01-17 10:00:00+01:00,2022-01-17 17:00:00+01:00,PT1M,1,5200,se3_se4,True
2025-11-05 14:21:49+00:00,,LXwSNzjl3wWR4ehRksxAjQ,5,Planned maintenance,NO_1,SE_3,MAW,A03,2022-01-21 07:00:00+01:00,2022-01-21 11:52:00+01:00,PT1M,1,300,se3_no1,True
2025-11-05 14:21:49+00:00,,4R5Vsh6VTymMG4LtlWxumQ,5,Planned maintenance,SE_3,SE_2,MAW,A03,2022-01-21 07:00:00+01:00,2022-01-21 11:52:00+01:00,PT1M,1,6200,se2_se3,True
2025-11-05 14:21:49+00:00,,DXlfdwd2ZP78a2zq7lPQyg,5,Planned maintenance,DK_1,SE_3,MAW,A03,2022-01-21 07:00:00+01:00,2022-01-21 11:52:00+01:00,PT1M,1,300,se3_dk1,True
2025-11-05 14:21:53+00:00,,1Myu72mKHCLOkChosDzrQQ,2,Planned maintenance,SE_4,SE_3,MAW,A03,2022-08-22 06:00:00+02:00,2022-08-26 17:00:00+02:00,PT1M,1,4700,se3_se4,True
2025-11-05 14:22:17+00:00,,qdYFDuGMmwsFuNiiZPf_kQ,2,Planned maintenance,FI,SE_3,MAW,A03,2022-01-22 07:00:00+01:00,2022-01-22 15:30:00+01:00,PT1M,1,400,se3_fi,True
2025-11-05 14:22:17+00:00,,WBro8x5wgplgoOIqGAlwqA,2,Planned maintenance,SE_3,FI,MAW,A03,2022-01-22 08:00:00+02:00,2022-01-22 16:30:00+02:00,PT1M,1,400,fi_se3,True
2025-11-05 14:23:58+00:00,,RufK_mLot_sYbU_ILDm29w,2,Planned maintenance,SE_4,SE_3,MAW,A03,2022-01-24 08:00:00+01:00,2022-01-28 17:00:00+01:00,PT1M,1,5400,se3_se4,True
2025-11-05 14:23:58+00:00,,TFDdnCEq2BUOq7bb7Wc4GQ,2,Planned maintenance,SE_3,SE_4,MAW,A03,2022-01-24 08:00:00+01:00,2022-01-28 17:00:00+01:00,PT1M,1,2400,se4_se3,True
2025-11-05 14:24:27+00:00,,4bdXdsHO_qGXkw7v-LFQQg,2,Unplanned outage,SE_3,SE_4,MAW,A03,2022-01-29 14:55:00+01:00,2022-01-29 19:49:00+01:00,PT1M,1,2200,se4_se3,True
2025-11-05 14:24:27+00:00,,J-t1IBR02FGzL8yaTN2IVA,2,Unplanned outage,SE_4,SE_3,MAW,A03,2022-01-29 14:55:00+01:00,2022-01-29 19:49:00+01:00,PT1M,1,5400,se3_se4,True
2025-11-05 14:27:12+00:00,,x0BGm9peMvSD-YGeOS_S_w,1,Planned maintenance,DK_1,SE_3,MAW,A03,2022-05-21 06:00:00+02:00,2022-05-22 17:00:00+02:00,PT1M,1,450,se3_dk1,True
2025-11-05 14:28:26+00:00,,hXKiFVUWyAcESBb0UK-3Yw,9,Unplanned outage,SE_4,SE_3,MAW,A03,2022-02-08 18:09:00+01:00,2022-02-09 14:44:00+01:00,PT1M,10070,5800,se3_se4,True
2025-11-05 14:28:26+00:00,,gkyg_TW3z2waAPlNEZlFOA,9,Unplanned outage,SE_3,SE_4,MAW,A03,2022-02-01 18:20:00+01:00,2022-02-08 07:59:00+01:00,PT1M,1,2400,se4_se3,True
2025-11-05 14:28:26+00:00,,gkyg_TW3z2waAPlNEZlFOA,9,Unplanned outage,SE_3,SE_4,MAW,A03,2022-02-08 07:59:00+01:00,2022-02-08 18:09:00+01:00,PT1M,9460,2000,se4_se3,True
2025-11-05 14:28:26+00:00,,gkyg_TW3z2waAPlNEZlFOA,9,Unplanned outage,SE_3,SE_4,MAW,A03,2022-02-08 18:09:00+01:00,2022-02-09 14:44:00+01:00,PT1M,10070,2400,se4_se3,True
2025-11-05 14:28:26+00:00,,hXKiFVUWyAcESBb0UK-3Yw,9,Unplanned outage,SE_4,SE_3,MAW,A03,2022-02-01 18:20:00+01:00,2022-02-08 07:59:00+01:00,PT1M,1,5800,se3_se4,True
2025-11-05 14:28:26+00:00,,hXKiFVUWyAcESBb0UK-3Yw,9,Unplanned outage,SE_4,SE_3,MAW,A03,2022-02-08 07:59:00+01:00,2022-02-08 18:09:00+01:00,PT1M,9460,5400,se3_se4,True
2025-11-05 14:28:31+00:00,,EPVEmcvbWFz3y-oSlIfdTw,2,Unplanned outage,SE_3,SE_4,MAW,A03,2022-02-09 15:35:00+01:00,2022-02-09 16:06:00+01:00,PT1M,1,2400,se4_se3,True
2025-11-05 14:28:31+00:00,,UaBsOGmQiceZs7cplhW_QA,2,Unplanned outage,SE_4,SE_3,MAW,A03,2022-02-09 15:35:00+01:00,2022-02-09 16:06:00+01:00,PT1M,1,5800,se3_se4,True
2025-11-05 14:29:05+00:00,,mscA0WQwIfiUAvIIIx8ZuQ,2,Unplanned outage,FI,SE_3,MAW,A03,2022-02-11 04:37:00+01:00,2022-02-11 07:45:00+01:00,PT1M,1,800,se3_fi,True
2025-11-05 14:29:06+00:00,,F0eVL1LmW8Zp0KxrRRu_ag,2,Unplanned outage,SE_3,FI,MAW,A03,2022-02-11 05:37:00+02:00,2022-02-11 08:45:00+02:00,PT1M,1,800,fi_se3,True
2025-11-05 14:29:28+00:00,,a8rQRDQE1_VU_Q3XZ2dzmQ,10,Unplanned outage,SE_4,SE_3,MAW,A03,2022-02-08 18:09:00+01:00,2022-02-12 17:55:00+01:00,PT1M,13750,5000,se3_se4,True
2025-11-05 14:29:28+00:00,,a8rQRDQE1_VU_Q3XZ2dzmQ,10,Unplanned outage,SE_4,SE_3,MAW,A03,2022-01-30 05:00:00+01:00,2022-01-30 23:59:00+01:00,PT1M,1,5300,se3_se4,True
2025-11-05 14:29:28+00:00,,a8rQRDQE1_VU_Q3XZ2dzmQ,10,Unplanned outage,SE_4,SE_3,MAW,A03,2022-02-08 07:59:00+01:00,2022-02-08 18:09:00+01:00,PT1M,13140,4800,se3_se4,True
2025-11-05 14:29:28+00:00,,a8rQRDQE1_VU_Q3XZ2dzmQ,10,Unplanned outage,SE_4,SE_3,MAW,A03,2022-01-30 23:59:00+01:00,2022-02-08 07:59:00+01:00,PT1M,1140,5000,se3_se4,True
2025-11-05 14:29:50+00:00,,MEGbuGfvekC51QfX-besew,2,Planned maintenance,SE_3,SE_2,MAW,A03,2022-02-14 07:59:00+01:00,2022-02-14 15:00:00+01:00,PT1M,60,6700,se2_se3,True
2025-11-05 14:29:50+00:00,,MEGbuGfvekC51QfX-besew,2,Planned maintenance,SE_3,SE_2,MAW,A03,2022-02-14 07:00:00+01:00,2022-02-14 07:59:00+01:00,PT1M,1,6200,se2_se3,True
2025-11-05 14:29:50+00:00,,b3xRMFAWSEXRWGcmwwBXcQ,2,Planned maintenance,NO_1,SE_3,MAW,A03,2022-02-14 07:00:00+01:00,2022-02-14 08:00:00+01:00,PT1M,1,300,se3_no1,True
2025-11-05 14:29:50+00:00,,SLdvStuqYsSNIp1PJTOwhg,2,Planned maintenance,SE_3,SE_2,MAW,A03,2022-02-14 07:00:00+01:00,2022-02-14 07:59:00+01:00,PT1M,1,6200,se2_se3,True
2025-11-05 14:29:50+00:00,,SLdvStuqYsSNIp1PJTOwhg,2,Planned maintenance,SE_3,SE_2,MAW,A03,2022-02-14 07:59:00+01:00,2022-02-14 15:00:00+01:00,PT1M,60,6700,se2_se3,True
2025-11-05 14:29:50+00:00,,93tBDkInGueqYTKgNyOiRg,2,Planned maintenance,NO_1,SE_3,MAW,A03,2022-02-14 07:00:00+01:00,2022-02-14 08:00:00+01:00,PT1M,1,300,se3_no1,True
2025-11-05 14:29:57+00:00,,vx1YbhGxtLfjMHcZt1I68A,2,Unplanned outage,SE_3,SE_2,MAW,A03,2022-02-14 22:30:00+01:00,2022-02-15 06:00:00+01:00,PT1M,1,6700,se2_se3,True
2025-11-05 14:30:11+00:00,,4hta6TzhqTO_4ZAu6HZWNw,1,Planned maintenance,SE_3,SE_2,MAW,A03,2022-02-18 05:59:00+01:00,2022-02-18 17:00:00+01:00,PT1M,1320,6700,se2_se3,True
2025-11-05 14:30:11+00:00,,4hta6TzhqTO_4ZAu6HZWNw,1,Planned maintenance,SE_3,SE_2,MAW,A03,2022-02-17 08:00:00+01:00,2022-02-17 08:14:00+01:00,PT1M,1,6200,se2_se3,True
2025-11-05 14:30:11+00:00,,4hta6TzhqTO_4ZAu6HZWNw,1,Planned maintenance,SE_3,SE_2,MAW,A03,2022-02-17 08:14:00+01:00,2022-02-17 21:59:00+01:00,PT1M,15,6700,se2_se3,True
2025-11-05 14:30:11+00:00,,rARYtsOdiCmzvW9Dw2PYEA,1,Planned maintenance,NO_1,SE_3,MAW,A03,2022-02-17 08:00:00+01:00,2022-02-17 08:15:00+01:00,PT1M,1,300,se3_no1,True
2025-11-05 14:30:11+00:00,,4hta6TzhqTO_4ZAu6HZWNw,1,Planned maintenance,SE_3,SE_2,MAW,A03,2022-02-17 21:59:00+01:00,2022-02-18 05:59:00+01:00,PT1M,840,6500,se2_se3,True
2025-11-05 14:34:18+00:00,Cancelled,V-kBubF_apee8ki6h4QYAg,2,Planned maintenance,SE_3,SE_2,MAW,A03,2022-03-12 06:00:00+01:00,2022-03-27 17:00:00+02:00,PT1M,1,6600,se2_se3,False
2025-11-05 14:36:01+00:00,,Lu_1APpPvfcvQ2wOsVXOFw,2,Planned maintenance,DK_1,SE_3,MAW,A03,2022-06-27 06:00:00+02:00,2022-07-10 17:00:00+02:00,PT1M,1,400,se3_dk1,True
2025-11-05 14:36:23+00:00,,ej-BeMYjzeGv9i6arVj-vg,1,Planned maintenance,NO_1,SE_3,MAW,A03,2022-04-18 00:00:00+02:00,2022-05-11 23:59:00+02:00,PT1M,1,250,se3_no1,True
2025-11-05 14:36:23+00:00,,Z46IJ6YcALTA9keDr3fczA,1,Planned maintenance,DK_1,SE_3,MAW,A03,2022-04-18 00:00:00+02:00,2022-05-11 23:59:00+02:00,PT1M,1,150,se3_dk1,True
2025-11-05 14:37:28+00:00,,YdKtPUa2o1Bg_ey7fOn9GQ,2,Planned maintenance,DK_1,SE_3,MAW,A03,2022-03-09 06:00:00+01:00,2022-03-10 16:00:00+01:00,PT1M,1,0,se3_dk1,True
2025-11-05 14:38:04+00:00,,QY979unJZP5sOOMMhDrbDw,1,Planned maintenance,FI,SE_3,MAW,A03,2022-03-17 08:00:00+01:00,2022-03-17 10:30:00+01:00,PT1M,1,400,se3_fi,True
2025-11-05 14:38:04+00:00,,rcN60JCfAQ8sHvsNm5QYdw,1,Planned maintenance,SE_3,FI,MAW,A03,2022-03-17 09:00:00+02:00,2022-03-17 11:30:00+02:00,PT1M,1,400,fi_se3,True
2025-11-05 14:38:59+00:00,,lMwaSV_a19Ex8pgaCuTosA,11,Unplanned outage,SE_3,DK_1,MAW,A03,2022-01-20 22:39:00+01:00,2022-03-10 16:30:00+01:00,PT1M,1,345,dk1_se3,True
2025-11-05 14:38:59+00:00,,DnQInOMlkM0Y9Hi1OlFskw,11,Unplanned outage,DK_1,SE_3,MAW,A03,2022-01-20 22:39:00+01:00,2022-03-10 16:30:00+01:00,PT1M,1,345,se3_dk1,True
2025-11-05 14:40:11+00:00,,cGR3iBpzwF6-cDNBLgVqsA,2,Unplanned outage,SE_4,SE_3,MAW,A03,2022-03-16 01:50:00+01:00,2022-03-16 04:16:00+01:00,PT1M,1,4500,se3_se4,True
2025-11-05 14:42:05+00:00,,FRNespEoPPDhTaHQo1HULQ,3,Planned maintenance,SE_3,FI,MAW,A03,2022-07-18 07:00:00+03:00,2022-08-07 18:00:00+03:00,PT1M,1,200,fi_se3,True
2025-11-05 14:42:06+00:00,,KL66KLUUEHMAo61BQcQB5w,3,Planned maintenance,DK_1,SE_3,MAW,A03,2022-07-18 06:00:00+02:00,2022-08-07 17:00:00+02:00,PT1M,1,300,se3_dk1,True
2025-11-05 14:42:06+00:00,,F4C4-Cnm_18TlcTvATIxYA,3,Planned maintenance,NO_1,SE_3,MAW,A03,2022-07-18 06:00:00+02:00,2022-08-07 17:00:00+02:00,PT1M,1,400,se3_no1,True
2025-11-05 14:42:06+00:00,,PijbRd0JpyauDA9TGMqzPw,3,Planned maintenance,SE_3,SE_2,MAW,A03,2022-07-18 06:00:00+02:00,2022-07-30 23:59:00+02:00,PT1M,1,4900,se2_se3,True
2025-11-05 14:42:06+00:00,,PijbRd0JpyauDA9TGMqzPw,3,Planned maintenance,SE_3,SE_2,MAW,A03,2022-07-30 23:59:00+02:00,2022-08-07 17:00:00+02:00,PT1M,18360,4700,se2_se3,True
2025-11-05 14:42:21+00:00,,X8RyKfd8UYzfDinIXK-A8w,2,Planned maintenance,SE_3,SE_2,MAW,A03,2022-03-22 08:00:00+01:00,2022-03-22 15:00:00+01:00,PT1M,1,6200,se2_se3,True
2025-11-05 14:42:21+00:00,,zFxQ3n93zHqN-JmOrQJ_tg,2,Planned maintenance,NO_1,SE_3,MAW,A03,2022-03-22 08:00:00+01:00,2022-03-22 15:00:00+01:00,PT1M,1,450,se3_no1,True
2025-11-05 14:45:06+00:00,,CdEzkIjURMLo8sju9F0xNA,30,Planned maintenance,SE_3,FI,MAW,A03,2022-03-05 00:59:00+02:00,2022-03-30 00:59:00+03:00,PT1M,223680,200,fi_se3,True
2025-11-05 14:45:06+00:00,,7oxSVWYVinGIiRy-OzsIQg,29,Planned maintenance,SE_4,SE_3,MAW,A03,2022-02-18 16:59:00+01:00,2022-02-28 17:59:00+01:00,PT1M,203100,4700,se3_se4,True
2025-11-05 14:45:06+00:00,,7oxSVWYVinGIiRy-OzsIQg,29,Planned maintenance,SE_4,SE_3,MAW,A03,2022-01-02 23:58:00+01:00,2022-02-18 16:59:00+01:00,PT1M,135839,5000,se3_se4,True
2025-11-05 14:45:06+00:00,,7oxSVWYVinGIiRy-OzsIQg,29,Planned maintenance,SE_4,SE_3,MAW,A03,2021-12-30 23:59:00+01:00,2022-01-02 23:58:00+01:00,PT1M,131520,4900,se3_se4,True
2025-11-05 14:45:06+00:00,,7oxSVWYVinGIiRy-OzsIQg,29,Planned maintenance,SE_4,SE_3,MAW,A03,2022-02-28 17:59:00+01:00,2022-03-29 23:59:00+02:00,PT1M,217560,5000,se3_se4,True
2025-11-05 14:45:06+00:00,,7oxSVWYVinGIiRy-OzsIQg,29,Planned maintenance,SE_4,SE_3,MAW,A03,2021-12-11 23:58:00+01:00,2021-12-30 23:59:00+01:00,PT1M,104159,5000,se3_se4,True
2025-11-05 14:45:06+00:00,,7oxSVWYVinGIiRy-OzsIQg,29,Planned maintenance,SE_4,SE_3,MAW,A03,2021-09-30 17:00:00+02:00,2021-12-11 23:58:00+01:00,PT1M,1,4500,se3_se4,True
2025-11-05 14:45:06+00:00,,CdEzkIjURMLo8sju9F0xNA,30,Planned maintenance,SE_3,FI,MAW,A03,2021-09-30 18:00:00+03:00,2021-12-12 00:58:00+02:00,PT1M,1,300,fi_se3,True
2025-11-05 14:45:06+00:00,,Vtcfu7x7T8ug7RMq895Wow,30,Planned maintenance,NO_1,SE_3,MAW,A03,2021-12-20 17:14:00+01:00,2021-12-30 23:59:00+01:00,PT1M,116715,550,se3_no1,True
2025-11-05 14:45:06+00:00,,Vtcfu7x7T8ug7RMq895Wow,30,Planned maintenance,NO_1,SE_3,MAW,A03,2022-01-15 08:59:00+01:00,2022-01-15 19:59:00+01:00,PT1M,153660,250,se3_no1,True
2025-11-05 14:45:06+00:00,,Vtcfu7x7T8ug7RMq895Wow,30,Planned maintenance,NO_1,SE_3,MAW,A03,2021-12-30 23:59:00+01:00,2021-12-31 23:59:00+01:00,PT1M,131520,300,se3_no1,True
2025-11-05 14:45:06+00:00,,Vtcfu7x7T8ug7RMq895Wow,30,Planned maintenance,NO_1,SE_3,MAW,A03,2021-09-30 17:00:00+02:00,2021-12-11 23:58:00+01:00,PT1M,1,400,se3_no1,True
2025-11-05 14:45:06+00:00,,Vtcfu7x7T8ug7RMq895Wow,30,Planned maintenance,NO_1,SE_3,MAW,A03,2021-12-11 23:58:00+01:00,2021-12-17 11:59:00+01:00,PT1M,104159,550,se3_no1,True
2025-11-05 14:45:06+00:00,,CdEzkIjURMLo8sju9F0xNA,30,Planned maintenance,SE_3,FI,MAW,A03,2022-01-03 00:58:00+02:00,2022-01-16 01:59:00+02:00,PT1M,135839,300,fi_se3,True
2025-11-05 14:45:06+00:00,,CdEzkIjURMLo8sju9F0xNA,30,Planned maintenance,SE_3,FI,MAW,A03,2021-12-31 00:59:00+02:00,2022-01-03 00:58:00+02:00,PT1M,131520,150,fi_se3,True
2025-11-05 14:45:06+00:00,,Vtcfu7x7T8ug7RMq895Wow,30,Planned maintenance,NO_1,SE_3,MAW,A03,2021-12-17 11:59:00+01:00,2021-12-20 17:14:00+01:00,PT1M,112080,250,se3_no1,True
2025-11-05 14:45:06+00:00,,CdEzkIjURMLo8sju9F0xNA,30,Planned maintenance,SE_3,FI,MAW,A03,2021-12-20 18:14:00+02:00,2021-12-31 00:59:00+02:00,PT1M,116715,400,fi_se3,True
2025-11-05 14:45:06+00:00,,CdEzkIjURMLo8sju9F0xNA,30,Planned maintenance,SE_3,FI,MAW,A03,2021-12-17 12:59:00+02:00,2021-12-20 18:14:00+02:00,PT1M,112080,150,fi_se3,True
2025-11-05 14:45:06+00:00,,CdEzkIjURMLo8sju9F0xNA,30,Planned maintenance,SE_3,FI,MAW,A03,2022-01-16 01:59:00+02:00,2022-01-16 13:59:00+02:00,PT1M,154620,0,fi_se3,True
2025-11-05 14:45:06+00:00,,CdEzkIjURMLo8sju9F0xNA,30,Planned maintenance,SE_3,FI,MAW,A03,2022-01-16 13:59:00+02:00,2022-03-05 00:59:00+02:00,PT1M,155340,300,fi_se3,True
2025-11-05 14:45:06+00:00,,Vtcfu7x7T8ug7RMq895Wow,30,Planned maintenance,NO_1,SE_3,MAW,A03,2021-12-31 23:59:00+01:00,2022-01-15 08:59:00+01:00,PT1M,132960,550,se3_no1,True
2025-11-05 14:45:06+00:00,,Vtcfu7x7T8ug7RMq895Wow,30,Planned maintenance,NO_1,SE_3,MAW,A03,2022-01-15 19:59:00+01:00,2022-03-29 23:59:00+02:00,PT1M,154320,550,se3_no1,True
2025-11-05 14:45:06+00:00,,CdEzkIjURMLo8sju9F0xNA,30,Planned maintenance,SE_3,FI,MAW,A03,2021-12-12 00:58:00+02:00,2021-12-17 12:59:00+02:00,PT1M,104159,400,fi_se3,True
2025-11-05 14:45:06+00:00,,eJD_6aOFTZcNg2BKv-3JRA,32,Planned maintenance,SE_3,SE_2,MAW,A03,2021-12-17 11:59:00+01:00,2021-12-20 17:14:00+01:00,PT1M,112080,6200,se2_se3,True
2025-11-05 14:45:06+00:00,,h_heEI2yS-lMUbz4mvHwRA,28,Planned maintenance,DK_1,SE_3,MAW,A03,2022-02-18 16:59:00+01:00,2022-02-28 17:59:00+01:00,PT1M,203100,200,se3_dk1,True
2025-11-05 14:45:06+00:00,,eJD_6aOFTZcNg2BKv-3JRA,32,Planned maintenance,SE_3,SE_2,MAW,A03,2022-01-16 00:59:00+01:00,2022-01-16 12:59:00+01:00,PT1M,154620,5700,se2_se3,True
2025-11-05 14:45:06+00:00,,eJD_6aOFTZcNg2BKv-3JRA,32,Planned maintenance,SE_3,SE_2,MAW,A03,2022-01-16 12:59:00+01:00,2022-01-16 20:59:00+01:00,PT1M,155340,6300,se2_se3,True
2025-11-05 14:45:06+00:00,,eJD_6aOFTZcNg2BKv-3JRA,32,Planned maintenance,SE_3,SE_2,MAW,A03,2022-01-13 23:59:00+01:00,2022-01-14 06:59:00+01:00,PT1M,151680,5700,se2_se3,True
2025-11-05 14:45:06+00:00,,eJD_6aOFTZcNg2BKv-3JRA,32,Planned maintenance,SE_3,SE_2,MAW,A03,2021-12-20 17:14:00+01:00,2022-01-13 23:59:00+01:00,PT1M,116715,6300,se2_se3,True
2025-11-05 14:45:06+00:00,,h_heEI2yS-lMUbz4mvHwRA,28,Planned maintenance,DK_1,SE_3,MAW,A03,2021-09-30 17:00:00+02:00,2021-12-17 11:59:00+01:00,PT1M,1,360,se3_dk1,True
2025-11-05 14:45:06+00:00,,h_heEI2yS-lMUbz4mvHwRA,28,Planned maintenance,DK_1,SE_3,MAW,A03,2021-12-17 11:59:00+01:00,2021-12-20 17:14:00+01:00,PT1M,112080,200,se3_dk1,True
2025-11-05 14:45:06+00:00,,h_heEI2yS-lMUbz4mvHwRA,28,Planned maintenance,DK_1,SE_3,MAW,A03,2021-12-20 17:14:00+01:00,2021-12-30 23:59:00+01:00,PT1M,116715,360,se3_dk1,True
2025-11-05 14:45:06+00:00,,h_heEI2yS-lMUbz4mvHwRA,28,Planned maintenance,DK_1,SE_3,MAW,A03,2021-12-30 23:59:00+01:00,2021-12-31 23:59:00+01:00,PT1M,131520,200,se3_dk1,True
2025-11-05 14:45:06+00:00,,h_heEI2yS-lMUbz4mvHwRA,28,Planned maintenance,DK_1,SE_3,MAW,A03,2022-01-02 23:58:00+01:00,2022-02-18 16:59:00+01:00,PT1M,135839,300,se3_dk1,True
2025-11-05 14:45:06+00:00,,eJD_6aOFTZcNg2BKv-3JRA,32,Planned maintenance,SE_3,SE_2,MAW,A03,2021-12-11 23:58:00+01:00,2021-12-17 11:59:00+01:00,PT1M,104159,6300,se2_se3,True
2025-11-05 14:45:06+00:00,,eJD_6aOFTZcNg2BKv-3JRA,32,Planned maintenance,SE_3,SE_2,MAW,A03,2022-01-17 05:59:00+01:00,2022-03-15 23:58:00+01:00,PT1M,156360,6300,se2_se3,True
2025-11-05 14:45:06+00:00,,eJD_6aOFTZcNg2BKv-3JRA,32,Planned maintenance,SE_3,SE_2,MAW,A03,2022-03-15 23:58:00+01:00,2022-03-29 23:59:00+02:00,PT1M,239519,6500,se2_se3,True
2025-11-05 14:45:06+00:00,,eJD_6aOFTZcNg2BKv-3JRA,32,Planned maintenance,SE_3,SE_2,MAW,A03,2022-01-16 20:59:00+01:00,2022-01-17 05:59:00+01:00,PT1M,155820,5700,se2_se3,True
2025-11-05 14:45:06+00:00,,eJD_6aOFTZcNg2BKv-3JRA,32,Planned maintenance,SE_3,SE_2,MAW,A03,2021-09-30 17:00:00+02:00,2021-12-11 23:58:00+01:00,PT1M,1,5500,se2_se3,True
2025-11-05 14:45:06+00:00,,h_heEI2yS-lMUbz4mvHwRA,28,Planned maintenance,DK_1,SE_3,MAW,A03,2021-12-31 23:59:00+01:00,2022-01-02 23:58:00+01:00,PT1M,132960,250,se3_dk1,True
2025-11-05 14:45:06+00:00,,eJD_6aOFTZcNg2BKv-3JRA,32,Planned maintenance,SE_3,SE_2,MAW,A03,2022-01-14 06:59:00+01:00,2022-01-16 00:59:00+01:00,PT1M,152100,6300,se2_se3,True
2025-11-05 14:45:06+00:00,,h_heEI2yS-lMUbz4mvHwRA,28,Planned maintenance,DK_1,SE_3,MAW,A03,2022-02-28 17:59:00+01:00,2022-03-29 23:59:00+02:00,PT1M,217560,300,se3_dk1,True
2025-11-05 14:45:15+00:00,,VcwMy1WG6Pk5IdFTtuPexQ,2,Planned maintenance,SE_3,FI,MAW,A03,2022-03-29 07:00:00+03:00,2022-03-30 19:00:00+03:00,PT1M,1,200,fi_se3,True
2025-11-05 14:45:15+00:00,,UEKd9U6n1gX0BQ50JzsXQw,3,Planned maintenance,SE_3,SE_2,MAW,A03,2022-03-29 06:00:00+02:00,2022-03-30 18:00:00+02:00,PT1M,1,6200,se2_se3,True
2025-11-05 14:45:15+00:00,,agcrNZrDs9E_fjB3D3Aiag,3,Planned maintenance,NO_1,SE_3,MAW,A03,2022-03-29 06:00:00+02:00,2022-03-30 18:00:00+02:00,PT1M,1,550,se3_no1,True
2025-11-05 14:45:15+00:00,,KhnDQPoYQuz0EwVHgBJuQw,2,Planned maintenance,DK_1,SE_3,MAW,A03,2022-03-29 06:00:00+02:00,2022-03-30 18:00:00+02:00,PT1M,1,300,se3_dk1,True
2025-11-05 14:45:21+00:00,,m9knCOazGZqERdHFfE2pZw,5,Planned maintenance,SE_4,SE_3,MAW,A03,2022-03-28 07:00:00+02:00,2022-03-28 17:00:00+02:00,PT1M,1,4900,se3_se4,True
2025-11-05 14:45:21+00:00,,rl6r_lEOuJ8MY_ao7FDSTA,5,Planned maintenance,SE_3,SE_2,MAW,A03,2022-03-28 07:00:00+02:00,2022-03-28 17:00:00+02:00,PT1M,1,6200,se2_se3,True
2025-11-05 14:45:21+00:00,,c9JDRf5SwwY-z3LVVpia1Q,5,Planned maintenance,NO_1,SE_3,MAW,A03,2022-03-28 07:00:00+02:00,2022-03-28 17:00:00+02:00,PT1M,1,450,se3_no1,True
2025-11-05 14:45:27+00:00,,c4uD2gmEDEqbruvz82Cx1g,2,Unplanned outage,FI,SE_3,MAW,A03,2022-03-27 15:00:00+02:00,2022-03-27 19:00:00+02:00,PT1M,1,950,se3_fi,True
2025-11-05 14:45:27+00:00,,rC8r13jJ487VOd9LsPDD8Q,2,Unplanned outage,SE_3,FI,MAW,A03,2022-03-27 16:00:00+03:00,2022-03-27 20:00:00+03:00,PT1M,1,950,fi_se3,True
2025-11-05 14:45:37+00:00,,JUpG4mHl1nbY68OXtkmfWg,5,Planned maintenance,SE_3,NO_1,MAW,A03,2022-04-06 06:00:00+02:00,2022-04-07 18:00:00+02:00,PT1M,1,450,no1_se3,True
2025-11-05 14:45:37+00:00,,3_TCfGlW60eqLMW5tlSHng,3,Planned maintenance,SE_4,SE_3,MAW,A03,2022-04-06 06:00:00+02:00,2022-04-07 18:00:00+02:00,PT1M,1,3900,se3_se4,True
2025-11-05 14:45:37+00:00,,d3wepkmyy3fZvLxiPpt_YA,5,Planned maintenance,SE_4,SE_3,MAW,A03,2022-04-06 06:00:00+02:00,2022-04-07 18:00:00+02:00,PT1M,1,3900,se3_se4,True
2025-11-05 14:45:37+00:00,,ONdBmHA0mR2J1YaCojWUxA,2,Planned maintenance,SE_3,SE_2,MAW,A03,2022-04-06 06:00:00+02:00,2022-04-07 18:00:00+02:00,PT1M,1,5700,se2_se3,True
2025-11-05 14:45:37+00:00,,W75uVFfPu2FVDO7sE7SJmQ,5,Planned maintenance,DK_1,SE_3,MAW,A03,2022-04-06 06:00:00+02:00,2022-04-07 18:00:00+02:00,PT1M,1,200,se3_dk1,True
2025-11-05 14:45:37+00:00,,jiHTCYJhuOEjPNRRePQo3w,3,Planned maintenance,DK_1,SE_3,MAW,A03,2022-04-06 06:00:00+02:00,2022-04-07 18:00:00+02:00,PT1M,1,200,se3_dk1,True
2025-11-05 14:45:37+00:00,,fc16iwbgUktyeU7U1LBTcA,3,Planned maintenance,SE_3,NO_1,MAW,A03,2022-04-06 06:00:00+02:00,2022-04-07 18:00:00+02:00,PT1M,1,450,no1_se3,True
2025-11-05 14:45:38+00:00,,MQfct7wqtbn9yPDRbmgwzQ,2,Planned maintenance,SE_3,SE_2,MAW,A03,2022-04-06 06:00:00+02:00,2022-04-07 18:00:00+02:00,PT1M,1,5700,se2_se3,True
2025-11-05 14:46:06+00:00,Cancelled,q7jBKDWqDm4GTYbBaS_HLw,2,Planned maintenance,SE_3,FI,MAW,A03,2022-04-25 07:00:00+03:00,2022-04-29 18:00:00+03:00,PT1M,1,0,fi_se3,False
2025-11-05 14:46:06+00:00,Cancelled,G4DoOF_ANHkYCyaXaUiEGA,6,Planned maintenance,DK_1,SE_3,MAW,A03,2022-04-12 06:00:00+02:00,2022-04-12 17:00:00+02:00,PT1M,1,0,se3_dk1,False
2025-11-05 14:46:07+00:00,Cancelled,bpRJ3sACwtGaADfWdY1V7w,2,Planned maintenance,DK_1,SE_3,MAW,A03,2022-04-25 06:00:00+02:00,2022-04-29 17:00:00+02:00,PT1M,1,0,se3_dk1,False
2025-11-05 14:46:07+00:00,Cancelled,kPWn33fnuixYcrukkNoZhw,2,Planned maintenance,NO_1,SE_3,MAW,A03,2022-08-30 06:00:00+02:00,2022-09-09 17:00:00+02:00,PT1M,1,0,se3_no1,False
2025-11-05 14:46:07+00:00,Cancelled,A1efvZcc3bhIB-Hr6KUepg,2,Planned maintenance,NO_1,SE_3,MAW,A03,2022-08-30 06:00:00+02:00,2022-09-09 17:00:00+02:00,PT1M,1,0,se3_no1,False
2025-11-05 14:46:07+00:00,Cancelled,fhIRjHs8-cEea76WNk9vew,2,Planned maintenance,NO_1,SE_3,MAW,A03,2022-04-25 06:00:00+02:00,2022-04-29 17:00:00+02:00,PT1M,1,0,se3_no1,False
2025-11-05 14:46:07+00:00,Cancelled,MQHVutC9RHnqKd-X1beZCQ,2,Planned maintenance,DK_1,SE_3,MAW,A03,2022-08-30 06:00:00+02:00,2022-09-09 17:00:00+02:00,PT1M,1,0,se3_dk1,False
2025-11-05 14:46:07+00:00,Cancelled,c40hhdfjuvR7dIZJtITBWg,2,Planned maintenance,DK_1,SE_3,MAW,A03,2022-08-30 06:00:00+02:00,2022-09-09 17:00:00+02:00,PT1M,1,0,se3_dk1,False
2025-11-05 14:46:07+00:00,Cancelled,LTDOxzEZlAOtpHVa-xAm3Q,2,Planned maintenance,SE_4,SE_3,MAW,A03,2022-04-25 06:00:00+02:00,2022-04-29 17:00:00+02:00,PT1M,1,0,se3_se4,False
2025-11-05 14:46:07+00:00,Cancelled,aZQusswko-yVws0_Tr767w,2,Planned maintenance,SE_3,SE_2,MAW,A03,2022-04-25 06:00:00+02:00,2022-04-29 17:00:00+02:00,PT1M,1,0,se2_se3,False
2025-11-05 14:46:17+00:00,,5PTJ5jebxqVWdhOls2sy7Q,2,Planned maintenance,NO_1,SE_3,MAW,A03,2022-03-31 21:59:00+02:00,2022-03-31 23:59:00+02:00,PT1M,1320,900,se3_no1,True
2025-11-05 14:46:17+00:00,,5PTJ5jebxqVWdhOls2sy7Q,2,Planned maintenance,NO_1,SE_3,MAW,A03,2022-03-31 00:00:00+02:00,2022-03-31 05:59:00+02:00,PT1M,1,900,se3_no1,True
2025-11-05 14:46:17+00:00,,5PTJ5jebxqVWdhOls2sy7Q,2,Planned maintenance,NO_1,SE_3,MAW,A03,2022-03-31 05:59:00+02:00,2022-03-31 21:59:00+02:00,PT1M,360,700,se3_no1,True
2025-11-05 14:46:17+00:00,,0G2Octz-Rnq9ozPneI3PFg,2,Planned maintenance,DK_1,SE_3,MAW,A03,2022-03-31 00:00:00+02:00,2022-03-31 23:59:00+02:00,PT1M,1,300,se3_dk1,True
2025-11-05 14:46:29+00:00,Cancelled,Aj9VIdNpRqRTDCgcbOz9mw,2,Planned maintenance,NO_1,SE_3,MAW,A03,2022-04-06 06:00:00+02:00,2022-04-07 16:00:00+02:00,PT1M,1,895,se3_no1,False
2025-11-05 14:46:29+00:00,Cancelled,EaFikHkvoU8XxQo3b1-baw,2,Planned maintenance,SE_3,NO_1,MAW,A03,2022-04-06 06:00:00+02:00,2022-04-07 16:00:00+02:00,PT1M,1,695,no1_se3,False
2025-11-05 14:48:00+00:00,,OegkpeFrOPVM3k7oSpS7_Q,3,Planned maintenance,SE_3,SE_2,MAW,A03,2022-04-08 06:00:00+02:00,2022-04-08 18:00:00+02:00,PT1M,1,5700,se2_se3,True
2025-11-05 14:48:00+00:00,,l_-ereVmhcK51OnKJT0QmA,3,Planned maintenance,SE_3,NO_1,MAW,A03,2022-04-08 11:59:00+02:00,2022-04-08 18:00:00+02:00,PT1M,360,100,no1_se3,True
2025-11-05 14:48:00+00:00,,l_-ereVmhcK51OnKJT0QmA,3,Planned maintenance,SE_3,NO_1,MAW,A03,2022-04-08 06:00:00+02:00,2022-04-08 11:59:00+02:00,PT1M,1,200,no1_se3,True
2025-11-05 14:48:00+00:00,,2SynmvVv_icCYWvrVnzvIA,3,Planned maintenance,SE_3,NO_1,MAW,A03,2022-04-08 06:00:00+02:00,2022-04-08 11:59:00+02:00,PT1M,1,200,no1_se3,True
2025-11-05 14:48:00+00:00,,48g_abn9sDKZk1Gw5bk6rg,3,Planned maintenance,SE_3,SE_2,MAW,A03,2022-04-08 06:00:00+02:00,2022-04-08 18:00:00+02:00,PT1M,1,5700,se2_se3,True
2025-11-05 14:48:00+00:00,,IJW4xH-4C3R6nDly07MxTQ,3,Planned maintenance,DK_1,SE_3,MAW,A03,2022-04-08 06:00:00+02:00,2022-04-08 18:00:00+02:00,PT1M,1,100,se3_dk1,True
2025-11-05 14:48:00+00:00,,r-n8oBn7RGp8ZW8irWX9mw,3,Planned maintenance,DK_1,SE_3,MAW,A03,2022-04-08 06:00:00+02:00,2022-04-08 18:00:00+02:00,PT1M,1,100,se3_dk1,True
2025-11-05 14:48:00+00:00,,NqH_-nfsyCiWfv7rqGDLnw,3,Planned maintenance,SE_4,SE_3,MAW,A03,2022-04-08 06:00:00+02:00,2022-04-08 18:00:00+02:00,PT1M,1,3900,se3_se4,True
2025-11-05 14:48:00+00:00,,i7mBj4LX9x8-gVeiamMrzg,3,Planned maintenance,SE_4,SE_3,MAW,A03,2022-04-08 06:00:00+02:00,2022-04-08 18:00:00+02:00,PT1M,1,3900,se3_se4,True
2025-11-05 14:48:00+00:00,,2SynmvVv_icCYWvrVnzvIA,3,Planned maintenance,SE_3,NO_1,MAW,A03,2022-04-08 11:59:00+02:00,2022-04-08 18:00:00+02:00,PT1M,360,100,no1_se3,True
2025-11-05 14:48:02+00:00,,jxUCnVUdbm6Ue2eMlspZNw,2,Planned maintenance,SE_3,SE_2,MAW,A03,2022-04-04 07:00:00+02:00,2022-04-04 10:40:00+02:00,PT1M,1,5700,se2_se3,True
2025-11-05 14:48:02+00:00,,89sxusBH2z7ZEpYm7vP_sA,2,Planned maintenance,SE_4,SE_3,MAW,A03,2022-04-04 07:00:00+02:00,2022-04-04 10:40:00+02:00,PT1M,1,3900,se3_se4,True
2025-11-05 14:48:02+00:00,,yzXQUUF12wMxnu1ywLU1XA,3,Planned maintenance,DK_1,SE_3,MAW,A03,2022-04-04 07:00:00+02:00,2022-04-04 10:40:00+02:00,PT1M,1,200,se3_dk1,True
2025-11-05 14:48:02+00:00,,ttmRzwvBHlayN_a9v4lpiA,3,Planned maintenance,SE_3,NO_1,MAW,A03,2022-04-04 07:00:00+02:00,2022-04-04 10:40:00+02:00,PT1M,1,450,no1_se3,True
2025-11-05 14:49:04+00:00,,oR7IopaDFh43NWkbY0i4Dw,5,Planned maintenance,SE_3,SE_2,MAW,A03,2022-04-19 06:00:00+02:00,2022-04-20 17:00:00+02:00,PT1M,1,6700,se2_se3,True
2025-11-05 14:49:22+00:00,Cancelled,pz1t1B4oJH_aG56Fbgx5vQ,2,Planned maintenance,SE_3,SE_2,MAW,A03,2024-04-13 06:00:00+02:00,2024-04-21 17:00:00+02:00,PT1M,1,0,se2_se3,False
2025-11-05 14:49:22+00:00,Cancelled,F2F2o0VoZtudbWAxjgZ_EA,2,Planned maintenance,DK_1,SE_3,MAW,A03,2024-04-13 06:00:00+02:00,2024-04-21 17:00:00+02:00,PT1M,1,0,se3_dk1,False
2025-11-05 14:49:22+00:00,Cancelled,2P3s4jEfqgTKWyyYKFNIeg,2,Planned maintenance,SE_3,NO_1,MAW,A03,2024-04-13 06:00:00+02:00,2024-04-21 17:00:00+02:00,PT1M,1,0,no1_se3,False
2025-11-05 14:49:23+00:00,Cancelled,TCKB42yUYVA_nou8fmMwmA,2,Planned maintenance,SE_4,SE_3,MAW,A03,2024-04-13 06:00:00+02:00,2024-04-21 17:00:00+02:00,PT1M,1,0,se3_se4,False
2025-11-05 14:49:59+00:00,Cancelled,wVDSwpxEsxif35HKIQdm-g,3,Planned maintenance,NO_1,SE_3,MAW,A03,2022-05-03 06:00:00+02:00,2022-05-04 21:00:00+02:00,PT1M,1,0,se3_no1,False
2025-11-05 14:49:59+00:00,Cancelled,QBJMSL5Eoj21OhhVKmnQsQ,3,Planned maintenance,DK_1,SE_3,MAW,A03,2022-05-03 06:00:00+02:00,2022-05-04 21:00:00+02:00,PT1M,1,0,se3_dk1,False
2025-11-05 14:50:10+00:00,,VXewAl3rYMJjciQfFvLGJA,8,Planned maintenance,SE_3,FI,MAW,A03,2022-04-12 07:00:00+03:00,2022-04-12 18:00:00+03:00,PT1M,1,300,fi_se3,True
2025-11-05 14:50:10+00:00,,EeqWpukcSUHjQPbzBLsnFQ,7,Planned maintenance,NO_1,SE_3,MAW,A03,2022-04-12 06:00:00+02:00,2022-04-12 17:00:00+02:00,PT1M,1,800,se3_no1,True
2025-11-05 14:50:10+00:00,,H0Fb3qK_UK_q7XlXdk0i3Q,8,Planned maintenance,SE_3,SE_2,MAW,A03,2022-04-12 06:00:00+02:00,2022-04-12 17:00:00+02:00,PT1M,1,5500,se2_se3,True
2025-11-05 14:52:16+00:00,Cancelled,2jF2G30LZRgMX63hOXMO9g,3,Planned maintenance,SE_3,NO_1,MAW,A03,2022-04-21 06:00:00+02:00,2022-04-22 17:00:00+02:00,PT1M,1,1600,no1_se3,False
2025-11-05 14:52:16+00:00,Cancelled,nrp4ocbXOxSEkFGjA3BkKg,2,Planned maintenance,SE_3,SE_2,MAW,A03,2022-04-21 06:00:00+02:00,2022-04-22 17:00:00+02:00,PT1M,1,6700,se2_se3,False
2025-11-05 14:52:16+00:00,Cancelled,qdSJs1P7N2xvAlOeBkcfkA,3,Planned maintenance,DK_1,SE_3,MAW,A03,2022-04-21 06:00:00+02:00,2022-04-22 17:00:00+02:00,PT1M,1,400,se3_dk1,False
2025-11-05 14:54:57+00:00,,AUogOf15fnRv8kz52cONVg,3,Unplanned outage,SE_3,DK_1,MAW,A03,2022-04-19 06:34:00+02:00,2022-04-19 10:00:00+02:00,PT1M,1,0,dk1_se3,True
2025-11-05 14:54:58+00:00,,gD10i3Yk0hiHkqyjMqU3EA,3,Unplanned outage,SE_3,DK_1,MAW,A03,2022-04-19 06:34:00+02:00,2022-04-19 10:00:00+02:00,PT1M,1,0,dk1_se3,True
2025-11-05 14:54:58+00:00,,QG3dEip3plvhl16XbJsVsQ,3,Unplanned outage,DK_1,SE_3,MAW,A03,2022-04-19 06:34:00+02:00,2022-04-19 10:00:00+02:00,PT1M,1,0,se3_dk1,True
2025-11-05 14:54:58+00:00,,p2ofRx_m3L2OlQVle9Qtww,3,Unplanned outage,DK_1,SE_3,MAW,A03,2022-04-19 06:34:00+02:00,2022-04-19 10:00:00+02:00,PT1M,1,0,se3_dk1,True
2025-11-05 14:56:51+00:00,Cancelled,HVd940IJ7DPTS8Vscet9Lg,2,Planned maintenance,SE_3,SE_2,MAW,A03,2022-05-10 06:00:00+02:00,2022-05-10 17:00:00+02:00,PT1M,1,0,se2_se3,False
2025-11-05 14:56:53+00:00,,5UW78ePx6iSHkR24KyBOPg,3,Planned maintenance,SE_4,SE_3,MAW,A03,2022-05-09 06:00:00+02:00,2022-05-10 17:00:00+02:00,PT1M,1,4400,se3_se4,True
2025-11-05 14:57:12+00:00,,pJ9_tt12IEtHCctts_mzNA,4,Planned maintenance,SE_3,NO_1,MAW,A03,2022-04-27 06:00:00+02:00,2022-04-29 17:00:00+02:00,PT1M,1,1245,no1_se3,True
2025-11-05 14:57:12+00:00,,4T8BhviU62crb3aL-SZRew,5,Planned maintenance,SE_3,NO_1,MAW,A03,2022-04-19 06:00:00+02:00,2022-04-29 18:00:00+02:00,PT1M,1,1245,no1_se3,True
2025-11-05 14:57:13+00:00,,pPQkZPNn-I_ypQa43itRhg,2,Planned maintenance,NO_1,SE_3,MAW,A03,2022-04-27 06:00:00+02:00,2022-04-29 17:00:00+02:00,PT1M,1,1300,se3_no1,True
2025-11-05 14:57:13+00:00,,x_K1jt7SnS-MtlmtsuvUwA,2,Planned maintenance,NO_1,SE_3,MAW,A03,2022-04-27 06:00:00+02:00,2022-04-29 17:00:00+02:00,PT1M,1,1300,se3_no1,True
2025-11-05 14:57:15+00:00,,_OjEK8i0FBfU48arjVQAAg,2,Planned maintenance,SE_3,DK_1,MAW,A03,2022-04-22 07:00:00+02:00,2022-04-22 12:59:00+02:00,PT1M,1,0,dk1_se3,True
2025-11-05 14:57:15+00:00,,DFa9AISx870I7yvp4zAtQg,2,Planned maintenance,DK_1,SE_3,MAW,A03,2022-04-22 07:00:00+02:00,2022-04-22 12:59:00+02:00,PT1M,1,0,se3_dk1,True
2025-11-05 14:57:15+00:00,,_OjEK8i0FBfU48arjVQAAg,2,Planned maintenance,SE_3,DK_1,MAW,A03,2022-04-22 12:59:00+02:00,2022-04-22 15:00:00+02:00,PT1M,360,345,dk1_se3,True
2025-11-05 14:57:15+00:00,,DFa9AISx870I7yvp4zAtQg,2,Planned maintenance,DK_1,SE_3,MAW,A03,2022-04-22 12:59:00+02:00,2022-04-22 15:00:00+02:00,PT1M,360,345,se3_dk1,True
2025-11-05 14:57:15+00:00,,8orR1Y388zYkb_aRbdY3Hg,2,Planned maintenance,SE_3,DK_1,MAW,A03,2022-04-22 12:59:00+02:00,2022-04-22 15:00:00+02:00,PT1M,360,345,dk1_se3,True
2025-11-05 14:57:15+00:00,,8orR1Y388zYkb_aRbdY3Hg,2,Planned maintenance,SE_3,DK_1,MAW,A03,2022-04-22 07:00:00+02:00,2022-04-22 12:59:00+02:00,PT1M,1,0,dk1_se3,True
2025-11-05 14:57:16+00:00,,DWvf717Keqd-RXrsFwngYg,2,Planned maintenance,DK_1,SE_3,MAW,A03,2022-04-22 12:59:00+02:00,2022-04-22 15:00:00+02:00,PT1M,360,345,se3_dk1,True
2025-11-05 14:57:16+00:00,,DWvf717Keqd-RXrsFwngYg,2,Planned maintenance,DK_1,SE_3,MAW,A03,2022-04-22 07:00:00+02:00,2022-04-22 12:59:00+02:00,PT1M,1,0,se3_dk1,True
2025-11-05 14:57:16+00:00,Cancelled,dt0Zpc0C3_QeFyw73OqTVA,5,Planned maintenance,NO_1,SE_3,MAW,A03,2022-05-16 06:00:00+02:00,2022-05-29 17:00:00+02:00,PT1M,1,0,se3_no1,False
2025-11-05 14:57:17+00:00,Cancelled,D1YCOGHkqvnkV_l0iAe0KA,3,Planned maintenance,NO_1,SE_3,MAW,A03,2022-05-12 06:00:00+02:00,2022-05-13 17:00:00+02:00,PT1M,1,0,se3_no1,False
2025-11-05 14:57:17+00:00,Cancelled,Vli-tr80FEzTJp7vIPKR-A,5,Planned maintenance,DK_1,SE_3,MAW,A03,2022-05-16 06:00:00+02:00,2022-05-29 17:00:00+02:00,PT1M,1,0,se3_dk1,False
2025-11-05 14:57:18+00:00,Cancelled,DVc-KjooFjQArza09kdrPw,3,Planned maintenance,DK_1,SE_3,MAW,A03,2022-05-12 06:00:00+02:00,2022-05-13 17:00:00+02:00,PT1M,1,0,se3_dk1,False
2025-11-05 14:57:18+00:00,Cancelled,G4oBkLnIc-N_3DsiyjyE2g,3,Planned maintenance,DK_1,SE_3,MAW,A03,2022-05-12 06:00:00+02:00,2022-05-13 17:00:00+02:00,PT1M,1,0,se3_dk1,False
2025-11-05 14:57:18+00:00,Cancelled,BXYX9wW1hA3lVLKMmkOktw,3,Planned maintenance,NO_1,SE_3,MAW,A03,2022-05-12 06:00:00+02:00,2022-05-13 17:00:00+02:00,PT1M,1,0,se3_no1,False
2025-11-05 14:57:36+00:00,,8dif5Zwi0TpaHzzIU3oiMQ,5,Planned maintenance,SE_4,SE_3,MAW,A03,2022-04-18 06:00:00+02:00,2022-04-22 21:00:00+02:00,PT1M,1,3200,se3_se4,True
2025-11-05 14:57:36+00:00,,WjtkruOSRxdTwLj87HOycA,5,Planned maintenance,SE_3,DK_1,MAW,A03,2022-04-18 06:00:00+02:00,2022-04-22 21:00:00+02:00,PT1M,1,500,dk1_se3,True
2025-11-05 15:00:32+00:00,,v0kNxvtrod20Xio8ZnxV7A,4,Unplanned outage,SE_4,SE_3,MAW,A03,2022-04-25 17:00:00+02:00,2022-04-27 12:00:00+02:00,PT1M,1,3100,se3_se4,True
2025-11-05 15:00:49+00:00,Cancelled,94jREXlsRkCd6Q6USGrQOQ,2,Planned maintenance,NO_1,SE_3,MAW,A03,2022-07-05 07:00:00+02:00,2022-07-05 16:00:00+02:00,PT1M,1,1195,se3_no1,False
2025-11-05 15:00:49+00:00,Cancelled,Qb8c6LgkaEMIZrtQ2_Kylw,2,Planned maintenance,SE_3,NO_1,MAW,A03,2022-07-05 07:00:00+02:00,2022-07-05 16:00:00+02:00,PT1M,1,895,no1_se3,False
2025-11-05 15:01:24+00:00,Cancelled,sGkJv4gO79HKg5xljqMkog,2,Planned maintenance,NO_1,SE_3,MAW,A03,2022-05-21 06:00:00+02:00,2022-05-22 17:00:00+02:00,PT1M,1,0,se3_no1,False
2025-11-05 15:02:18+00:00,,EoF3NApKOo0H2PgSSm-SNg,2,Planned maintenance,SE_3,SE_2,MAW,A03,2022-04-25 06:00:00+02:00,2022-04-29 12:06:00+02:00,PT1M,1,5600,se2_se3,True
2025-11-05 15:02:18+00:00,,1m_eHQhfu6V4yuGjWlZtCA,2,Planned maintenance,SE_3,FI,MAW,A03,2022-04-25 07:00:00+03:00,2022-04-29 13:06:00+03:00,PT1M,1,200,fi_se3,True
2025-11-05 15:02:18+00:00,,AoMgW2W3tEf9cFXmQjsASQ,2,Planned maintenance,SE_4,SE_3,MAW,A03,2022-04-25 06:00:00+02:00,2022-04-29 12:06:00+02:00,PT1M,1,3400,se3_se4,True
2025-11-05 15:03:49+00:00,,ITEUees8sAHnQ-GdHcyErA,1,Planned maintenance,NO_1,SE_3,MAW,A03,2022-11-01 06:00:00+01:00,2022-11-01 16:00:00+01:00,PT1M,1,1195,se3_no1,True
2025-11-05 15:03:49+00:00,,s7MfQJ5U3d7t8OtSvIRYjw,1,Planned maintenance,NO_1,SE_3,MAW,A03,2022-11-01 06:00:00+01:00,2022-11-01 16:00:00+01:00,PT1M,1,1195,se3_no1,True
2025-11-05 15:03:49+00:00,,od7RHnFWqZlky5IW-Eyebw,1,Planned maintenance,SE_3,NO_1,MAW,A03,2022-11-01 06:00:00+01:00,2022-11-01 16:00:00+01:00,PT1M,1,895,no1_se3,True
2025-11-05 15:03:49+00:00,,7vRcX5kxo7aBg2QGt-ddHw,1,Planned maintenance,SE_3,NO_1,MAW,A03,2022-11-01 06:00:00+01:00,2022-11-01 16:00:00+01:00,PT1M,1,895,no1_se3,True
2025-11-05 15:04:00+00:00,Cancelled,CrcdcAOqR8-eEWwDsNkiBQ,2,Planned maintenance,SE_3,NO_1,MAW,A03,2022-09-09 06:00:00+02:00,2022-09-09 16:00:00+02:00,PT1M,1,895,no1_se3,False
2025-11-05 15:04:00+00:00,Cancelled,shOu5aS4u8AtSZ5us1qj-w,2,Planned maintenance,NO_1,SE_3,MAW,A03,2022-09-09 06:00:00+02:00,2022-09-09 16:00:00+02:00,PT1M,1,1195,se3_no1,False
2025-11-05 15:05:04+00:00,,mto5vUAMExBgEuBknGIoEg,2,Planned maintenance,DK_1,SE_3,MAW,A03,2022-06-03 07:00:00+02:00,2022-06-03 17:00:00+02:00,PT1M,1,400,se3_dk1,True
2025-11-05 15:05:07+00:00,,FXBrw_PAeBRhmmXp7h7Ycg,6,Planned maintenance,SE_3,NO_1,MAW,A03,2022-05-04 07:00:00+02:00,2022-05-04 14:00:00+02:00,PT1M,1,450,no1_se3,True
2025-11-05 15:05:07+00:00,,YgGeNwEKl1X3IO_BTg6j0Q,6,Planned maintenance,SE_4,SE_3,MAW,A03,2022-05-04 07:00:00+02:00,2022-05-04 14:00:00+02:00,PT1M,1,3900,se3_se4,True
2025-11-05 15:05:07+00:00,,1NtR9CdPPySbTLoEjtNSyg,6,Planned maintenance,DK_1,SE_3,MAW,A03,2022-05-04 07:00:00+02:00,2022-05-04 14:00:00+02:00,PT1M,1,200,se3_dk1,True
2025-11-05 15:05:07+00:00,,Yk4N9233CNOjOzPIzK-Hbw,6,Planned maintenance,SE_3,SE_2,MAW,A03,2022-05-04 07:00:00+02:00,2022-05-04 14:00:00+02:00,PT1M,1,5700,se2_se3,True
2025-11-05 15:05:14+00:00,,bj0fn74-BHlJ0JbbQr4PIw,3,Planned maintenance,SE_4,SE_3,MAW,A03,2022-05-03 06:00:00+02:00,2022-05-04 17:30:00+02:00,PT1M,1,4200,se3_se4,True
2025-11-05 15:05:14+00:00,,4X0_enebUo1Hm9TKjmG_3A,3,Planned maintenance,SE_3,FI,MAW,A03,2022-05-03 07:00:00+03:00,2022-05-04 18:30:00+03:00,PT1M,1,200,fi_se3,True
2025-11-05 15:05:14+00:00,,8Gr0JkJUyTJrLhvESFVcmQ,5,Planned maintenance,SE_3,SE_2,MAW,A03,2022-05-03 06:00:00+02:00,2022-05-04 17:30:00+02:00,PT1M,1,5700,se2_se3,True
2025-11-05 15:05:36+00:00,,yps-gMKHl5sYFsYk2bU9jw,2,Planned maintenance,SE_3,DK_1,MAW,A03,2022-05-05 10:00:00+02:00,2022-05-05 12:00:00+02:00,PT1M,1,415,dk1_se3,True
2025-11-05 15:05:37+00:00,,tPOdAhMK_e9gMM88q_ARUA,2,Planned maintenance,DK_1,SE_3,MAW,A03,2022-05-05 10:00:00+02:00,2022-05-05 12:00:00+02:00,PT1M,1,135,se3_dk1,True
2025-11-05 15:06:24+00:00,,R2bun81P3tBz25u-FmKKNQ,3,Planned maintenance,SE_3,DK_1,MAW,A03,2022-06-05 06:00:00+02:00,2022-06-10 21:00:00+02:00,PT1M,1,300,dk1_se3,True
2025-11-05 15:06:25+00:00,,ZweNFbLIn-lVXnEVGbQiEA,3,Planned maintenance,SE_4,SE_3,MAW,A03,2022-06-05 06:00:00+02:00,2022-06-10 21:00:00+02:00,PT1M,1,3200,se3_se4,True
2025-11-05 15:06:28+00:00,Cancelled,v18Zz2Zl5jAh60DVnwVvNQ,2,Planned maintenance,NO_1,SE_3,MAW,A03,2022-06-07 06:00:00+02:00,2022-06-10 17:00:00+02:00,PT1M,1,0,se3_no1,False
2025-11-05 15:06:28+00:00,Cancelled,7McfzMxSc-tk2FG8X63BYw,2,Planned maintenance,DK_1,SE_3,MAW,A03,2022-06-07 06:00:00+02:00,2022-06-10 17:00:00+02:00,PT1M,1,0,se3_dk1,False
2025-11-05 15:06:34+00:00,,ViwUhPnhaMa1GnyW4SxSww,5,Planned maintenance,SE_4,SE_3,MAW,A03,2022-04-19 06:00:00+02:00,2022-05-06 15:26:00+02:00,PT1M,1,4200,se3_se4,True
2025-11-05 15:07:38+00:00,,GO-sCURh5DjLsBURnkOHzg,2,Unplanned outage,SE_3,FI,MAW,A03,2022-05-08 14:15:00+03:00,2022-05-08 19:29:00+03:00,PT1M,1,400,fi_se3,True
2025-11-05 15:07:38+00:00,,i-Scgu7CSxcavXJJ6pA3VA,2,Unplanned outage,FI,SE_3,MAW,A03,2022-05-08 13:15:00+02:00,2022-05-08 18:29:00+02:00,PT1M,1,400,se3_fi,True
2025-11-05 15:08:00+00:00,Cancelled,A9DzcDi4NL_jt8cHo5veoQ,4,Planned maintenance,SE_3,FI,MAW,A03,2022-05-12 07:00:00+03:00,2022-05-13 18:00:00+03:00,PT1M,1,0,fi_se3,False
2025-11-05 15:08:00+00:00,Cancelled,PfSdERAQCc5pdgeZkrVipg,4,Planned maintenance,SE_3,FI,MAW,A03,2022-05-12 07:00:00+03:00,2022-05-13 18:00:00+03:00,PT1M,1,0,fi_se3,False
2025-11-05 15:08:01+00:00,Cancelled,3JUTyeGAytMo2IynI93Xtg,4,Planned maintenance,SE_4,SE_3,MAW,A03,2022-05-12 06:00:00+02:00,2022-05-13 17:00:00+02:00,PT1M,1,3000,se3_se4,False
2025-11-05 15:08:01+00:00,Cancelled,M5iGnkh2RMr-LZx441GlyA,4,Planned maintenance,SE_3,SE_2,MAW,A03,2022-05-12 06:00:00+02:00,2022-05-13 17:00:00+02:00,PT1M,1,5200,se2_se3,False
2025-11-05 15:08:01+00:00,Cancelled,gH1YSXTmthmanpJDoKrCdg,4,Planned maintenance,SE_3,SE_2,MAW,A03,2022-05-12 06:00:00+02:00,2022-05-13 17:00:00+02:00,PT1M,1,5200,se2_se3,False
2025-11-05 15:08:01+00:00,Cancelled,YmBGVD9QHSzjnn9VKwfvNw,4,Planned maintenance,SE_4,SE_3,MAW,A03,2022-05-12 06:00:00+02:00,2022-05-13 17:00:00+02:00,PT1M,1,3000,se3_se4,False
2025-11-05 15:08:13+00:00,,QSCCqjEqnwYh8Po7fVHejQ,3,Unplanned outage,SE_3,DK_1,MAW,A03,2022-05-09 15:55:00+02:00,2022-05-09 17:45:00+02:00,PT1M,1,0,dk1_se3,True
2025-11-05 15:08:14+00:00,,tqw9Xj4vaFMDVlw_H-uXrw,3,Unplanned outage,DK_1,SE_3,MAW,A03,2022-05-09 15:55:00+02:00,2022-05-09 17:45:00+02:00,PT1M,1,0,se3_dk1,True
2025-11-05 15:08:14+00:00,,tsRLzc8BAUrCwHK2IyqZkQ,3,Unplanned outage,DK_1,SE_3,MAW,A03,2022-05-09 15:55:00+02:00,2022-05-09 17:45:00+02:00,PT1M,1,0,se3_dk1,True
2025-11-05 15:08:14+00:00,,VKiLm9aasF9yYlpTJ_PYTg,3,Unplanned outage,SE_3,DK_1,MAW,A03,2022-05-09 15:55:00+02:00,2022-05-09 17:45:00+02:00,PT1M,1,0,dk1_se3,True
2025-11-05 15:08:47+00:00,,JN3NXPJowBeq8QmeQLuGMw,2,Planned maintenance,NO_1,SE_3,MAW,A03,2022-05-10 06:00:00+02:00,2022-05-10 15:35:00+02:00,PT1M,1,2000,se3_no1,True
2025-11-05 15:08:49+00:00,,DL7_Q0ZQTHupKEnYwSQRoQ,2,Planned maintenance,DK_1,SE_3,MAW,A03,2022-05-11 07:00:00+02:00,2022-05-11 16:00:00+02:00,PT1M,1,135,se3_dk1,True
2025-11-05 15:08:49+00:00,,qLcVua7CXxQ1E7gsRYDHBQ,2,Planned maintenance,SE_3,DK_1,MAW,A03,2022-05-11 07:00:00+02:00,2022-05-11 16:00:00+02:00,PT1M,1,415,dk1_se3,True
2025-11-05 15:08:49+00:00,,tsiGIPrU1gXwRnHQL2WRbQ,2,Planned maintenance,SE_3,DK_1,MAW,A03,2022-05-14 07:00:00+02:00,2022-05-15 16:00:00+02:00,PT1M,1,415,dk1_se3,True
2025-11-05 15:08:49+00:00,,v4kcIJ8YVYUzc6KqR54nSw,2,Planned maintenance,DK_1,SE_3,MAW,A03,2022-05-14 07:00:00+02:00,2022-05-15 16:00:00+02:00,PT1M,1,135,se3_dk1,True
2025-11-05 15:09:17+00:00,,8A2HeKwQSFFUFX_-UIpn4w,1,Planned maintenance,SE_3,FI,MAW,A03,2022-06-01 07:00:00+03:00,2022-06-02 18:00:00+03:00,PT1M,1,0,fi_se3,True
2025-11-05 15:09:17+00:00,,riSQPjFP3yKy29mjuUrdjA,2,Planned maintenance,SE_3,SE_2,MAW,A03,2022-06-01 06:00:00+02:00,2022-06-02 17:00:00+02:00,PT1M,1,6000,se2_se3,True
2025-11-05 15:09:21+00:00,,i-ouqo2PVslDJ7_AHPndCA,3,Planned maintenance,SE_3,SE_2,MAW,A03,2022-05-11 06:00:00+02:00,2022-05-11 14:59:00+02:00,PT1M,1,6300,se2_se3,True
2025-11-05 15:09:21+00:00,,i-ouqo2PVslDJ7_AHPndCA,3,Planned maintenance,SE_3,SE_2,MAW,A03,2022-05-11 14:59:00+02:00,2022-05-12 17:00:00+02:00,PT1M,540,6500,se2_se3,True
2025-11-05 15:09:30+00:00,,cI1dOFHxJrWDxDRK5e5Ehw,6,Planned maintenance,SE_4,SE_3,MAW,A03,2022-05-11 23:58:00+02:00,2022-05-12 23:59:00+02:00,PT1M,34079,4500,se3_se4,True
2025-11-05 15:09:30+00:00,,cI1dOFHxJrWDxDRK5e5Ehw,6,Planned maintenance,SE_4,SE_3,MAW,A03,2022-04-18 08:00:00+02:00,2022-05-11 23:58:00+02:00,PT1M,1,4000,se3_se4,True
2025-11-05 15:09:30+00:00,,4ysQLpRcBisJq8rZ-OdkDQ,6,Planned maintenance,SE_3,FI,MAW,A03,2022-05-12 00:58:00+03:00,2022-05-13 00:59:00+03:00,PT1M,34079,600,fi_se3,True
2025-11-05 15:09:30+00:00,,n964cebEnLwKhQ7JRb-r9g,6,Planned maintenance,SE_3,SE_2,MAW,A03,2022-04-18 08:00:00+02:00,2022-05-11 23:58:00+02:00,PT1M,1,6000,se2_se3,True
2025-11-05 15:09:30+00:00,,n964cebEnLwKhQ7JRb-r9g,6,Planned maintenance,SE_3,SE_2,MAW,A03,2022-05-11 23:58:00+02:00,2022-05-12 23:59:00+02:00,PT1M,34079,6500,se2_se3,True
2025-11-05 15:09:30+00:00,,4ysQLpRcBisJq8rZ-OdkDQ,6,Planned maintenance,SE_3,FI,MAW,A03,2022-04-18 09:00:00+03:00,2022-05-01 01:59:00+03:00,PT1M,1,0,fi_se3,True
2025-11-05 15:09:30+00:00,,4ysQLpRcBisJq8rZ-OdkDQ,6,Planned maintenance,SE_3,FI,MAW,A03,2022-05-01 01:59:00+03:00,2022-05-12 00:58:00+03:00,PT1M,18300,400,fi_se3,True
2025-11-05 15:10:29+00:00,,9Y_l3BI5IYOpxQ90Dg4b2g,2,Unplanned outage,SE_4,SE_3,MAW,A03,2022-05-12 13:28:00+02:00,2022-05-12 21:10:00+02:00,PT1M,1,4500,se3_se4,True
2025-11-05 15:10:40+00:00,,OAtv1ObL4H_egwnsA9q6xQ,3,Planned maintenance,SE_3,NO_1,MAW,A03,2022-05-13 06:00:00+02:00,2022-05-13 10:48:00+02:00,PT1M,1,950,no1_se3,True
2025-11-05 15:10:40+00:00,,GM469Is6zpa0lGEeMBaQWA,3,Planned maintenance,SE_3,SE_2,MAW,A03,2022-05-13 06:00:00+02:00,2022-05-13 10:48:00+02:00,PT1M,1,6700,se2_se3,True
2025-11-05 15:10:40+00:00,,9QX33qdLUzOrpb9n_iOaTw,3,Planned maintenance,SE_4,SE_3,MAW,A03,2022-05-13 06:00:00+02:00,2022-05-13 10:48:00+02:00,PT1M,1,4700,se3_se4,True
2025-11-05 15:10:40+00:00,,MJvloKINdx5szpx8zVBSOg,3,Planned maintenance,DK_1,SE_3,MAW,A03,2022-05-13 06:00:00+02:00,2022-05-13 10:48:00+02:00,PT1M,1,300,se3_dk1,True
2025-11-05 15:11:57+00:00,,TJ3qEaIjHP9fCu38fRrjwA,2,Planned maintenance,SE_3,SE_4,MAW,A03,2022-05-16 14:00:00+02:00,2022-05-16 22:00:00+02:00,PT1M,1,2000,se4_se3,True
2025-11-05 15:12:04+00:00,Cancelled,qgujvpdAOnGlffLu17gc8Q,2,Planned maintenance,SE_4,SE_3,MAW,A03,2022-10-04 06:00:00+02:00,2022-10-06 17:00:00+02:00,PT1M,1,5000,se3_se4,False
2025-11-05 15:12:50+00:00,Cancelled,tI3e6lKfCRduruCqZgDsIw,3,Planned maintenance,NO_1,SE_3,MAW,A03,2022-06-03 07:00:00+02:00,2022-06-03 17:00:00+02:00,PT1M,1,0,se3_no1,False
2025-11-05 15:12:51+00:00,Cancelled,QVJ5gwGDcmCr5z_TRGEz8w,3,Planned maintenance,NO_1,SE_3,MAW,A03,2022-06-27 06:00:00+02:00,2022-07-10 17:00:00+02:00,PT1M,1,0,se3_no1,False
2025-11-05 15:13:02+00:00,,DkCrrAjmIrr8UyEGUAeuqQ,3,Planned maintenance,NO_1,SE_3,MAW,A03,2022-05-25 00:00:00+02:00,2022-07-01 23:59:00+02:00,PT1M,1,650,se3_no1,True
2025-11-05 15:13:28+00:00,,NqV5P8B8lDBnRmtTHuJmng,6,Planned maintenance,NO_1,SE_3,MAW,A03,2022-04-27 12:00:00+02:00,2022-05-18 11:00:00+02:00,PT1M,1,1500,se3_no1,True
2025-11-05 15:13:35+00:00,,Voi5vrtTUELa8TfMuJdN9w,5,Planned maintenance,SE_4,SE_3,MAW,A03,2022-05-17 06:00:00+02:00,2022-05-18 15:12:00+02:00,PT1M,1,3500,se3_se4,True
2025-11-05 15:15:02+00:00,,8NeWXwpYH8tAicqYTdRobw,1,Planned maintenance,SE_3,FI,MAW,A03,2022-05-30 07:00:00+03:00,2022-05-30 18:00:00+03:00,PT1M,1,200,fi_se3,True
2025-11-05 15:15:03+00:00,,VTpeLO_umi8uLm_sGRchaA,1,Planned maintenance,SE_3,SE_2,MAW,A03,2022-05-30 06:00:00+02:00,2022-05-30 17:00:00+02:00,PT1M,1,5100,se2_se3,True
2025-11-05 15:15:43+00:00,,n8DkScZA8ER3l-JKc7K2Aw,2,Planned maintenance,SE_4,SE_3,MAW,A03,2022-09-26 06:00:00+02:00,2022-09-28 21:00:00+02:00,PT1M,1,5000,se3_se4,True
2025-11-05 15:16:11+00:00,,CY0CBmEyQYvRdmlb3JCEMQ,4,Planned maintenance,SE_3,SE_2,MAW,A03,2022-05-21 06:00:00+02:00,2022-05-22 15:30:00+02:00,PT1M,1,5200,se2_se3,True
2025-11-05 15:16:11+00:00,,EX3QjVcviuFJxw3VtoL3tA,4,Planned maintenance,SE_3,FI,MAW,A03,2022-05-21 07:00:00+03:00,2022-05-22 16:30:00+03:00,PT1M,1,200,fi_se3,True
2025-11-05 15:16:11+00:00,,3rRwO5lefKq7ehM-N0EJAw,4,Planned maintenance,SE_4,SE_3,MAW,A03,2022-05-21 06:00:00+02:00,2022-05-22 15:30:00+02:00,PT1M,1,3200,se3_se4,True
2025-11-05 15:17:06+00:00,,lP5O1_1cYG4vZPrDdQ72hQ,3,Planned maintenance,SE_3,SE_2,MAW,A03,2022-06-01 06:00:00+02:00,2022-06-01 19:00:00+02:00,PT1M,1,7000,se2_se3,True
2025-11-05 15:17:13+00:00,,VRK-S6Er-nU21z3WcAWvng,2,Unplanned outage,SE_3,FI,MAW,A03,2022-05-24 11:30:00+03:00,2022-05-24 16:45:00+03:00,PT1M,1,400,fi_se3,True
2025-11-05 15:17:13+00:00,,_BPr8jEfmwaLQhCh68DxgQ,2,Unplanned outage,FI,SE_3,MAW,A03,2022-05-24 10:30:00+02:00,2022-05-24 15:45:00+02:00,PT1M,1,400,se3_fi,True
2025-11-05 15:18:34+00:00,,4pe3h8lq2cnH4K0lOqZdBQ,2,Unplanned outage,SE_3,NO_1,MAW,A03,2022-05-26 08:00:00+02:00,2022-05-26 23:59:00+02:00,PT1M,1,0,no1_se3,True
2025-11-05 15:18:34+00:00,,8hI1n4JA2_ke-KLdLyDuSw,1,Unplanned outage,NO_1,SE_3,MAW,A03,2022-05-26 08:00:00+02:00,2022-05-26 23:59:00+02:00,PT1M,1,600,se3_no1,True
2025-11-05 15:18:34+00:00,,dRbChNg65uZ3WUpp-1-QlQ,2,Unplanned outage,DK_1,SE_3,MAW,A03,2022-05-26 08:00:00+02:00,2022-05-26 23:59:00+02:00,PT1M,1,300,se3_dk1,True
2025-11-05 15:18:37+00:00,,INsq0DR9wBVq5vd9JAZYyg,2,Unplanned outage,SE_3,SE_2,MAW,A03,2022-05-26 13:00:00+02:00,2022-05-26 14:55:00+02:00,PT1M,1,6000,se2_se3,True
2025-11-05 15:19:03+00:00,,67lBf3CnosBGqE3J2cLkHQ,8,Planned maintenance,SE_3,FI,MAW,A03,2022-05-25 00:58:00+03:00,2022-05-27 15:00:00+03:00,PT1M,12599,450,fi_se3,True
2025-11-05 15:19:03+00:00,,67lBf3CnosBGqE3J2cLkHQ,8,Planned maintenance,SE_3,FI,MAW,A03,2022-05-16 07:00:00+03:00,2022-05-25 00:58:00+03:00,PT1M,1,600,fi_se3,True
2025-11-05 15:19:04+00:00,,0HXMlGFcWxS48tyOP1yO_A,8,Planned maintenance,SE_4,SE_3,MAW,A03,2022-05-16 06:00:00+02:00,2022-05-24 23:58:00+02:00,PT1M,1,4200,se3_se4,True
2025-11-05 15:19:04+00:00,,0HXMlGFcWxS48tyOP1yO_A,8,Planned maintenance,SE_4,SE_3,MAW,A03,2022-05-24 23:58:00+02:00,2022-05-27 14:00:00+02:00,PT1M,12599,3900,se3_se4,True
2025-11-05 15:19:04+00:00,,nhDKbtHcnStFILwoBOLrWg,8,Planned maintenance,SE_3,SE_2,MAW,A03,2022-05-16 06:00:00+02:00,2022-05-24 23:58:00+02:00,PT1M,1,6000,se2_se3,True
2025-11-05 15:19:04+00:00,,nhDKbtHcnStFILwoBOLrWg,8,Planned maintenance,SE_3,SE_2,MAW,A03,2022-05-24 23:58:00+02:00,2022-05-27 14:00:00+02:00,PT1M,12599,5600,se2_se3,True
2025-11-05 15:19:27+00:00,,XoaBx0WvxH7fg6n-DDJm5g,4,Unplanned outage,SE_3,SE_4,MAW,A03,2022-05-26 23:59:00+02:00,2022-05-27 22:00:00+02:00,PT1M,1,0,se4_se3,True
2025-11-05 15:19:27+00:00,,-rfQ1y3yQCcYFe_PCOL3sw,4,Unplanned outage,SE_3,NO_1,MAW,A03,2022-05-26 23:59:00+02:00,2022-05-27 22:00:00+02:00,PT1M,1,200,no1_se3,True
2025-11-05 15:19:27+00:00,,YNdr-WCgDrfGwupt9krgtw,4,Unplanned outage,SE_4,SE_3,MAW,A03,2022-05-26 23:59:00+02:00,2022-05-27 22:00:00+02:00,PT1M,1,3400,se3_se4,True
2025-11-05 15:19:27+00:00,,ToWo2LG7kuVy5srTFmY4Nw,4,Unplanned outage,DK_1,SE_3,MAW,A03,2022-05-26 23:59:00+02:00,2022-05-27 22:00:00+02:00,PT1M,1,200,se3_dk1,True
2025-11-05 15:19:51+00:00,,N8zzJGbYJjzggMhSpYq_0g,3,Unplanned outage,SE_4,SE_3,MAW,A03,2022-05-28 18:40:00+02:00,2022-05-30 23:59:00+02:00,PT1M,1,4300,se3_se4,True
2025-11-05 15:19:51+00:00,,Np74iaFQ8zQNtyp3sBMfnA,3,Unplanned outage,SE_3,SE_2,MAW,A03,2022-05-28 18:40:00+02:00,2022-05-30 23:59:00+02:00,PT1M,1,6500,se2_se3,True
2025-11-05 15:21:40+00:00,,sKmAljhc1Ykp8Bz1mckhSw,4,Planned maintenance,SE_3,DK_1,MAW,A03,2022-05-30 06:00:00+02:00,2022-06-01 14:30:00+02:00,PT1M,1,300,dk1_se3,True
2025-11-05 15:21:41+00:00,,kqK5HiADPdxJiHEIObeYYw,4,Planned maintenance,SE_3,DK_1,MAW,A03,2022-05-30 06:00:00+02:00,2022-06-01 14:30:00+02:00,PT1M,1,300,dk1_se3,True
2025-11-05 15:21:41+00:00,,Nbh-UOsCIKHPTKDfuNB6Vg,4,Planned maintenance,SE_4,SE_3,MAW,A03,2022-05-30 06:00:00+02:00,2022-06-01 14:30:00+02:00,PT1M,1,3200,se3_se4,True
2025-11-05 15:21:41+00:00,,qiSWlspEAWfx1WZ1awEC3A,4,Planned maintenance,SE_4,SE_3,MAW,A03,2022-05-30 06:00:00+02:00,2022-06-01 14:30:00+02:00,PT1M,1,3200,se3_se4,True
2025-11-05 15:21:49+00:00,,Fx6ud8Jp_pj1REds1A8htg,3,Planned maintenance,NO_1,SE_3,MAW,A03,2022-05-23 07:00:00+02:00,2022-06-01 17:00:00+02:00,PT1M,1,1500,se3_no1,True
2025-11-05 15:22:55+00:00,,fptEwaFlgNu2CIplj3KICg,4,Planned maintenance,SE_4,SE_3,MAW,A03,2022-06-02 06:00:00+02:00,2022-06-03 14:20:00+02:00,PT1M,1,3800,se3_se4,True
2025-11-05 15:22:55+00:00,,eD-sxsYClB_tReExReunxg,4,Planned maintenance,SE_3,DK_1,MAW,A03,2022-06-02 06:00:00+02:00,2022-06-03 14:20:00+02:00,PT1M,1,450,dk1_se3,True
2025-11-05 15:22:55+00:00,,RbV45XsStS850ifcMN68OA,4,Planned maintenance,SE_3,DK_1,MAW,A03,2022-06-02 06:00:00+02:00,2022-06-03 14:20:00+02:00,PT1M,1,450,dk1_se3,True
2025-11-05 15:22:55+00:00,,xAu9bHmE17noL-32V17E2Q,4,Planned maintenance,SE_4,SE_3,MAW,A03,2022-06-02 06:00:00+02:00,2022-06-03 14:20:00+02:00,PT1M,1,3800,se3_se4,True
2025-11-05 15:23:05+00:00,,3oVWIReBTDeLWI8FqYuxFQ,4,Planned maintenance,SE_3,FI,MAW,A03,2022-06-03 08:00:00+03:00,2022-06-03 19:00:00+03:00,PT1M,1,200,fi_se3,True
2025-11-05 15:23:06+00:00,,uPN86EEtNhi-5PmE-ePVHQ,4,Planned maintenance,SE_3,SE_2,MAW,A03,2022-06-03 07:00:00+02:00,2022-06-03 18:00:00+02:00,PT1M,1,5500,se2_se3,True
2025-11-05 15:23:44+00:00,Cancelled,laQPlV7JaE-04NX6DNAy9w,3,Planned maintenance,SE_3,FI,MAW,A03,2022-06-04 13:00:00+03:00,2022-06-05 07:00:00+03:00,PT1M,1,200,fi_se3,False
2025-11-05 15:23:44+00:00,Cancelled,9AktGsLPogObG4mFlH-kFg,3,Planned maintenance,SE_3,FI,MAW,A03,2022-06-04 13:00:00+03:00,2022-06-05 07:00:00+03:00,PT1M,1,200,fi_se3,False
2025-11-05 15:23:45+00:00,Cancelled,Wf5QuRg91TH1BwftKQONew,3,Planned maintenance,FI,SE_3,MAW,A03,2022-06-04 12:00:00+02:00,2022-06-05 06:00:00+02:00,PT1M,1,800,se3_fi,False
2025-11-05 15:23:45+00:00,Cancelled,R8pvKy3NsnrknfsEOl46JA,3,Planned maintenance,SE_3,SE_2,MAW,A03,2022-06-04 12:00:00+02:00,2022-06-05 06:00:00+02:00,PT1M,1,4700,se2_se3,False
2025-11-05 15:23:45+00:00,Cancelled,n_daxRwed37xCRQI7N1FsA,3,Planned maintenance,SE_3,SE_2,MAW,A03,2022-06-04 12:00:00+02:00,2022-06-05 06:00:00+02:00,PT1M,1,4700,se2_se3,False
2025-11-05 15:23:45+00:00,Cancelled,KNiK6iun15x3Zt3UahgTvg,3,Planned maintenance,FI,SE_3,MAW,A03,2022-06-04 12:00:00+02:00,2022-06-05 06:00:00+02:00,PT1M,1,800,se3_fi,False
2025-11-05 15:25:08+00:00,Cancelled,xjCs0r8JjWMNVDLRagpcog,3,Planned maintenance,NO_1,SE_3,MAW,A03,2022-06-17 06:00:00+02:00,2022-06-22 21:00:00+02:00,PT1M,1,0,se3_no1,False
2025-11-05 15:25:08+00:00,Cancelled,UCpkY6weidCaGqHNlTBiZA,3,Planned maintenance,NO_1,SE_3,MAW,A03,2022-06-17 06:00:00+02:00,2022-06-22 21:00:00+02:00,PT1M,1,0,se3_no1,False
2025-11-05 15:25:09+00:00,Cancelled,ojcjrHTUuICBuAycGfaM0w,3,Planned maintenance,DK_1,SE_3,MAW,A03,2022-06-17 06:00:00+02:00,2022-06-22 21:00:00+02:00,PT1M,1,0,se3_dk1,False
2025-11-05 15:25:09+00:00,Cancelled,Nt0Li-GseGkq9rwieQJ5oQ,3,Planned maintenance,DK_1,SE_3,MAW,A03,2022-06-17 06:00:00+02:00,2022-06-22 21:00:00+02:00,PT1M,1,0,se3_dk1,False
2025-11-05 15:25:15+00:00,Cancelled,V0OvfpZa4dWndMeHYGWhTQ,3,Planned maintenance,NO_1,SE_3,MAW,A03,2022-06-13 06:00:00+02:00,2022-06-15 20:00:00+02:00,PT1M,1,0,se3_no1,False
2025-11-05 15:25:15+00:00,Cancelled,IdXA8QG7v45Rq6e-3TJNog,3,Planned maintenance,NO_1,SE_3,MAW,A03,2022-06-13 06:00:00+02:00,2022-06-15 20:00:00+02:00,PT1M,1,0,se3_no1,False
2025-11-05 15:25:15+00:00,Cancelled,qCgmG0zZXPxzsn7LGbw8hA,4,Planned maintenance,NO_1,SE_3,MAW,A03,2022-06-13 06:00:00+02:00,2022-06-15 20:00:00+02:00,PT1M,1,0,se3_no1,False
2025-11-05 15:27:05+00:00,Cancelled,C1NfkJQsaj3__2v-rFQGCg,2,Planned maintenance,SE_3,SE_2,MAW,A03,2022-09-13 06:00:00+02:00,2022-11-13 17:00:00+01:00,PT1M,1,0,se2_se3,False
2025-11-05 15:27:35+00:00,,WVevEgu6jVBqrltZdZljHQ,1,Planned maintenance,SE_3,NO_1,MAW,A03,2022-06-13 08:00:00+02:00,2022-06-17 16:00:00+02:00,PT1M,1,500,no1_se3,True
2025-11-05 15:27:47+00:00,,5vrXkYy6lOfZG0MCWGfzNw,2,Planned maintenance,SE_3,NO_1,MAW,A03,2022-08-03 08:00:00+02:00,2022-08-03 12:00:00+02:00,PT1M,1,1945,no1_se3,True
2025-11-05 15:27:47+00:00,,fZ32b5IiDFeJJf9tmw9UGA,2,Planned maintenance,NO_1,SE_3,MAW,A03,2022-08-03 08:00:00+02:00,2022-08-03 12:00:00+02:00,PT1M,1,1895,se3_no1,True
2025-11-05 15:27:48+00:00,,lJo0LprgaLS9jQ0MVB1SLA,2,Planned maintenance,NO_1,SE_3,MAW,A03,2022-06-14 06:00:00+02:00,2022-06-14 16:00:00+02:00,PT1M,1,400,se3_no1,True
2025-11-05 15:27:48+00:00,,MGh9ib7eZt8Jq53wqj52JQ,2,Planned maintenance,SE_3,NO_1,MAW,A03,2022-06-14 06:00:00+02:00,2022-06-14 16:00:00+02:00,PT1M,1,845,no1_se3,True
2025-11-05 15:29:28+00:00,,C9x3iXQ7CrTz9pgWHfTWzA,1,Planned maintenance,NO_1,SE_3,MAW,A03,2022-06-15 00:00:00+02:00,2022-06-17 16:00:00+02:00,PT1M,1,1500,se3_no1,True
2025-11-05 15:30:06+00:00,Cancelled,Pk6EVUg9TCLsbMh9rO_6Fg,4,Planned maintenance,NO_1,SE_3,MAW,A03,2022-07-11 06:00:00+02:00,2022-07-12 17:00:00+02:00,PT1M,1,0,se3_no1,False
2025-11-05 15:30:06+00:00,Cancelled,P3Hf38n2c8WVLnwtZjykgw,4,Planned maintenance,DK_1,SE_3,MAW,A03,2022-07-11 06:00:00+02:00,2022-07-12 17:00:00+02:00,PT1M,1,0,se3_dk1,False
2025-11-05 15:30:07+00:00,Cancelled,AF_3T7BDcTTRMjdqDZgt1g,3,Planned maintenance,NO_1,SE_3,MAW,A03,2022-06-20 07:00:00+02:00,2022-06-24 16:00:00+02:00,PT1M,1,1500,se3_no1,False
2025-11-05 15:30:16+00:00,,N0O-5OKU0t-TdwPPJLhOSA,7,Planned maintenance,SE_3,FI,MAW,A03,2022-06-13 07:00:00+03:00,2022-06-15 18:20:00+03:00,PT1M,1,0,fi_se3,True
2025-11-05 15:30:16+00:00,,lVaZ8DIl-cvV24fFdBhOhw,7,Planned maintenance,SE_3,FI,MAW,A03,2022-06-13 07:00:00+03:00,2022-06-15 18:20:00+03:00,PT1M,1,0,fi_se3,True
2025-11-05 15:30:16+00:00,,Mdz_odIZnhocVWOsFdWL2g,8,Planned maintenance,SE_3,FI,MAW,A03,2022-06-13 07:00:00+03:00,2022-06-15 18:20:00+03:00,PT1M,1,0,fi_se3,True
2025-11-05 15:30:17+00:00,,GMbgp-XuMLBTl0ONhmbAEg,7,Planned maintenance,DK_1,SE_3,MAW,A03,2022-06-13 06:00:00+02:00,2022-06-13 08:59:00+02:00,PT1M,1,500,se3_dk1,True
2025-11-05 15:30:17+00:00,,zt2pi_CXlYXoitKdAqOvRw,3,Planned maintenance,SE_3,NO_1,MAW,A03,2022-06-13 08:59:00+02:00,2022-06-15 17:20:00+02:00,PT1M,180,500,no1_se3,True
2025-11-05 15:30:17+00:00,,POauJYneOKC3o5HBb1zIhg,3,Planned maintenance,SE_3,NO_1,MAW,A03,2022-06-13 06:00:00+02:00,2022-06-13 08:59:00+02:00,PT1M,1,1000,no1_se3,True
2025-11-05 15:30:17+00:00,,Ok1myARAvJJYFAtep-XLnA,3,Planned maintenance,SE_3,NO_1,MAW,A03,2022-06-13 08:59:00+02:00,2022-06-15 17:20:00+02:00,PT1M,180,500,no1_se3,True
2025-11-05 15:30:17+00:00,,zt2pi_CXlYXoitKdAqOvRw,3,Planned maintenance,SE_3,NO_1,MAW,A03,2022-06-13 06:00:00+02:00,2022-06-13 08:59:00+02:00,PT1M,1,1000,no1_se3,True
2025-11-05 15:30:17+00:00,,POauJYneOKC3o5HBb1zIhg,3,Planned maintenance,SE_3,NO_1,MAW,A03,2022-06-13 08:59:00+02:00,2022-06-15 17:20:00+02:00,PT1M,180,500,no1_se3,True
2025-11-05 15:30:17+00:00,,pgwSH_CwyknQWYsuB9yoFw,6,Planned maintenance,DK_1,SE_3,MAW,A03,2022-06-13 06:00:00+02:00,2022-06-13 08:59:00+02:00,PT1M,1,500,se3_dk1,True
2025-11-05 15:30:17+00:00,,pgwSH_CwyknQWYsuB9yoFw,6,Planned maintenance,DK_1,SE_3,MAW,A03,2022-06-13 08:59:00+02:00,2022-06-15 17:20:00+02:00,PT1M,180,715,se3_dk1,True
2025-11-05 15:30:17+00:00,,GMbgp-XuMLBTl0ONhmbAEg,7,Planned maintenance,DK_1,SE_3,MAW,A03,2022-06-13 08:59:00+02:00,2022-06-15 17:20:00+02:00,PT1M,180,715,se3_dk1,True
2025-11-05 15:30:17+00:00,,Ok1myARAvJJYFAtep-XLnA,3,Planned maintenance,SE_3,NO_1,MAW,A03,2022-06-13 06:00:00+02:00,2022-06-13 08:59:00+02:00,PT1M,1,1000,no1_se3,True
2025-11-05 15:30:18+00:00,,SmTpp_xKQiBJJtosl2LUJg,8,Planned maintenance,SE_4,SE_3,MAW,A03,2022-06-13 06:00:00+02:00,2022-06-15 17:20:00+02:00,PT1M,1,3900,se3_se4,True
2025-11-05 15:30:18+00:00,,VD1yyeRr6bWGQphIeAF2KQ,7,Planned maintenance,SE_4,SE_3,MAW,A03,2022-06-13 06:00:00+02:00,2022-06-15 17:20:00+02:00,PT1M,1,3900,se3_se4,True
2025-11-05 15:30:18+00:00,,rcHKieVOHeAKX2HfgDXrJg,7,Planned maintenance,SE_3,SE_2,MAW,A03,2022-06-13 06:00:00+02:00,2022-06-15 17:20:00+02:00,PT1M,1,5700,se2_se3,True
2025-11-05 15:30:18+00:00,,LHGWQ8p_uk9SYQ-9bTcIKw,6,Planned maintenance,DK_1,SE_3,MAW,A03,2022-06-13 06:00:00+02:00,2022-06-13 08:59:00+02:00,PT1M,1,500,se3_dk1,True
2025-11-05 15:30:18+00:00,,LHGWQ8p_uk9SYQ-9bTcIKw,6,Planned maintenance,DK_1,SE_3,MAW,A03,2022-06-13 08:59:00+02:00,2022-06-15 17:20:00+02:00,PT1M,180,715,se3_dk1,True
2025-11-05 15:30:18+00:00,,QB7gSDfJAEi6f62DEs8w0Q,7,Planned maintenance,SE_3,SE_2,MAW,A03,2022-06-13 06:00:00+02:00,2022-06-15 17:20:00+02:00,PT1M,1,5700,se2_se3,True
2025-11-05 15:30:18+00:00,,EsttQJNF-5W5WzbRsDyITA,8,Planned maintenance,SE_3,SE_2,MAW,A03,2022-06-13 06:00:00+02:00,2022-06-15 17:20:00+02:00,PT1M,1,5700,se2_se3,True
2025-11-05 15:30:19+00:00,,aiWxFbby78lIST4yptaG1A,7,Planned maintenance,SE_4,SE_3,MAW,A03,2022-06-13 06:00:00+02:00,2022-06-15 17:20:00+02:00,PT1M,1,3900,se3_se4,True
2025-11-05 15:30:45+00:00,,9D-jLAFHJxfUCrrK5loljg,6,Planned maintenance,SE_4,SE_3,MAW,A03,2022-06-14 06:00:00+02:00,2022-06-16 14:18:00+02:00,PT1M,1,3800,se3_se4,True
2025-11-05 15:30:45+00:00,,Zpoaw6DvBfJR-QBmLYsTxA,6,Planned maintenance,SE_4,SE_3,MAW,A03,2022-06-14 06:00:00+02:00,2022-06-16 14:18:00+02:00,PT1M,1,3800,se3_se4,True
2025-11-05 15:31:38+00:00,,qqyzuWBIXb_O-pB5GTyYYw,3,Planned maintenance,SE_3,SE_2,MAW,A03,2022-06-16 06:00:00+02:00,2022-06-17 15:05:00+02:00,PT1M,1,6000,se2_se3,True
2025-11-05 15:31:38+00:00,,vLRgcZ-F_mbMgxFaj2pOKA,2,Planned maintenance,SE_3,FI,MAW,A03,2022-06-16 07:00:00+03:00,2022-06-17 16:05:00+03:00,PT1M,1,0,fi_se3,True
2025-11-05 15:32:57+00:00,,L4Mqb-2Ibz0xsr4qkh_2Ew,2,Planned maintenance,SE_3,FI,MAW,A03,2022-06-20 07:00:00+03:00,2022-06-21 18:00:00+03:00,PT1M,1,100,fi_se3,True
2025-11-05 15:32:58+00:00,,8SDC-7kHLOMS8qxEXBL_JA,2,Planned maintenance,SE_3,SE_2,MAW,A03,2022-06-20 06:00:00+02:00,2022-06-21 17:00:00+02:00,PT1M,1,5100,se2_se3,True
2025-11-05 15:32:58+00:00,,HLLCDECLm2PctHXumbtqEw,2,Planned maintenance,SE_4,SE_3,MAW,A03,2022-06-20 06:00:00+02:00,2022-06-21 17:00:00+02:00,PT1M,1,3300,se3_se4,True
2025-11-05 15:33:04+00:00,Cancelled,sHRIrEw2vnKtr7hoaMNBng,4,Planned maintenance,SE_4,SE_3,MAW,A03,2022-08-29 06:00:00+02:00,2022-09-02 17:00:00+02:00,PT1M,1,3500,se3_se4,False
2025-11-05 15:33:04+00:00,Cancelled,Iz1_cmMt22mxTfh9K8kzNA,4,Planned maintenance,SE_4,SE_3,MAW,A03,2022-08-29 06:00:00+02:00,2022-09-02 17:00:00+02:00,PT1M,1,3500,se3_se4,False
2025-11-05 15:33:39+00:00,,gEACBWJyjvP_KQizyGKpOw,1,Planned maintenance,SE_3,SE_2,MAW,A03,2022-07-05 06:00:00+02:00,2022-07-05 17:00:00+02:00,PT1M,1,5400,se2_se3,True
2025-11-05 15:34:07+00:00,,kKUZjfjuDTmu1dOWwrzqnw,4,Planned maintenance,SE_4,SE_3,MAW,A03,2022-06-17 06:00:00+02:00,2022-06-22 18:00:00+02:00,PT1M,1,4000,se3_se4,True
2025-11-05 15:34:07+00:00,,f_oeGVpRVB0C5vqvj5UrGg,4,Planned maintenance,SE_4,SE_3,MAW,A03,2022-06-17 06:00:00+02:00,2022-06-22 18:00:00+02:00,PT1M,1,4000,se3_se4,True
2025-11-05 15:34:31+00:00,,njApHhyi0TvpE7hLajIgtQ,2,Unplanned outage,SE_3,FI,MAW,A03,2022-06-23 09:00:00+03:00,2022-06-23 15:00:00+03:00,PT1M,1,0,fi_se3,True
2025-11-05 15:34:57+00:00,,ppA-FycVpoeWwMQTRfn9HQ,3,Planned maintenance,SE_3,NO_1,MAW,A03,2022-06-24 09:13:00+02:00,2022-06-24 16:00:00+02:00,PT1M,5954,895,no1_se3,True
2025-11-05 15:34:57+00:00,,pGCucTW7UUcx5Akz2fHM4A,3,Planned maintenance,NO_1,SE_3,MAW,A03,2022-06-24 09:13:00+02:00,2022-06-24 16:00:00+02:00,PT1M,5954,1195,se3_no1,True
2025-11-05 15:34:57+00:00,,pGCucTW7UUcx5Akz2fHM4A,3,Planned maintenance,NO_1,SE_3,MAW,A03,2022-06-20 06:00:00+02:00,2022-06-24 09:13:00+02:00,PT1M,1,795,se3_no1,True
2025-11-05 15:34:57+00:00,,ppA-FycVpoeWwMQTRfn9HQ,3,Planned maintenance,SE_3,NO_1,MAW,A03,2022-06-20 06:00:00+02:00,2022-06-24 09:13:00+02:00,PT1M,1,795,no1_se3,True
2025-11-05 15:34:57+00:00,,AfzbVlkOXZCbYmvyAyBgkw,2,Planned maintenance,SE_3,NO_1,MAW,A03,2022-06-20 06:00:00+02:00,2022-06-24 09:14:00+02:00,PT1M,1,795,no1_se3,True
2025-11-05 15:34:57+00:00,,P_CByLcLFs6IsoJEyfyhCg,2,Planned maintenance,NO_1,SE_3,MAW,A03,2022-06-20 06:00:00+02:00,2022-06-24 09:14:00+02:00,PT1M,1,795,se3_no1,True
2025-11-05 15:36:07+00:00,,a0n2i4yiZS7vszcxJCAtVQ,1,Planned maintenance,NO_1,SE_3,MAW,A03,2022-08-01 09:00:00+02:00,2022-08-01 16:00:00+02:00,PT1M,1,1500,se3_no1,True
2025-11-05 15:36:26+00:00,,KQ-J-Ma2bWvp6F69wGVtlA,7,Planned maintenance,SE_3,FI,MAW,A03,2022-05-28 00:58:00+03:00,2022-06-26 00:59:00+03:00,PT1M,4319,350,fi_se3,True
2025-11-05 15:36:26+00:00,,KQ-J-Ma2bWvp6F69wGVtlA,7,Planned maintenance,SE_3,FI,MAW,A03,2022-06-26 00:59:00+03:00,2022-07-01 00:59:00+03:00,PT1M,46080,0,fi_se3,True
2025-11-05 15:36:26+00:00,,KQ-J-Ma2bWvp6F69wGVtlA,7,Planned maintenance,SE_3,FI,MAW,A03,2022-05-25 01:00:00+03:00,2022-05-28 00:58:00+03:00,PT1M,1,800,fi_se3,True
2025-11-05 15:36:27+00:00,,VEGa_VcJCJXZH_ZyyVk0Tw,7,Planned maintenance,SE_4,SE_3,MAW,A03,2022-05-25 00:00:00+02:00,2022-06-25 23:59:00+02:00,PT1M,1,4100,se3_se4,True
2025-11-05 15:36:27+00:00,,q4ycDSTr2L9H2UxbQVleaw,7,Planned maintenance,SE_3,SE_2,MAW,A03,2022-05-25 00:00:00+02:00,2022-05-27 23:58:00+02:00,PT1M,1,6000,se2_se3,True
2025-11-05 15:36:27+00:00,,q4ycDSTr2L9H2UxbQVleaw,7,Planned maintenance,SE_3,SE_2,MAW,A03,2022-05-27 23:58:00+02:00,2022-06-30 23:59:00+02:00,PT1M,4319,5700,se2_se3,True
2025-11-05 15:36:27+00:00,,VEGa_VcJCJXZH_ZyyVk0Tw,7,Planned maintenance,SE_4,SE_3,MAW,A03,2022-06-25 23:59:00+02:00,2022-06-30 23:59:00+02:00,PT1M,46080,4000,se3_se4,True
2025-11-05 15:39:58+00:00,,ovg53rFFUAAL1IS07WmYhg,4,Planned maintenance,SE_3,NO_1,MAW,A03,2022-07-05 07:00:00+02:00,2022-07-06 16:00:00+02:00,PT1M,1,400,no1_se3,True
2025-11-05 15:39:58+00:00,,Tky-LBm_qDOewioXTQksGQ,2,Planned maintenance,SE_3,NO_1,MAW,A03,2022-07-05 07:00:00+02:00,2022-07-06 16:00:00+02:00,PT1M,1,400,no1_se3,True
2025-11-05 15:41:29+00:00,,kWA_S0CBzs6OFuDTfUxkdA,6,Planned maintenance,SE_4,SE_3,MAW,A03,2022-06-27 06:00:00+02:00,2022-07-01 00:00:00+02:00,PT1M,1,4000,se3_se4,True
2025-11-05 15:41:29+00:00,,BQuMQ3cLPzMp5ozAw64TNw,9,Planned maintenance,SE_3,SE_2,MAW,A03,2022-06-27 06:00:00+02:00,2022-06-27 23:59:00+02:00,PT1M,1,5500,se2_se3,True
2025-11-05 15:41:29+00:00,,BQuMQ3cLPzMp5ozAw64TNw,9,Planned maintenance,SE_3,SE_2,MAW,A03,2022-06-27 23:59:00+02:00,2022-06-30 23:59:00+02:00,PT1M,1080,5400,se2_se3,True
2025-11-05 15:41:29+00:00,,BQuMQ3cLPzMp5ozAw64TNw,9,Planned maintenance,SE_3,SE_2,MAW,A03,2022-06-30 23:59:00+02:00,2022-07-10 17:00:00+02:00,PT1M,5400,5600,se2_se3,True
2025-11-05 15:41:29+00:00,,Zsbs8TRHnoNjQTayDVIwuw,8,Planned maintenance,SE_3,FI,MAW,A03,2022-06-27 07:00:00+03:00,2022-07-10 18:00:00+03:00,PT1M,1,0,fi_se3,True
2025-11-05 15:41:29+00:00,,3NVy3Pqyt5wHhNA44ik_7A,5,Planned maintenance,SE_3,NO_1,MAW,A03,2022-06-27 06:00:00+02:00,2022-07-10 17:00:00+02:00,PT1M,1,1200,no1_se3,True
2025-11-05 15:41:39+00:00,,gxFKCUtYm3lXpNAOzzoxUA,5,Planned maintenance,SE_3,SE_2,MAW,A03,2022-07-11 06:00:00+02:00,2022-07-12 17:00:00+02:00,PT1M,1,5800,se2_se3,True
2025-11-05 15:41:39+00:00,,wQgWgkjRv0RDXPSjORVDIQ,5,Planned maintenance,SE_3,FI,MAW,A03,2022-07-11 07:00:00+03:00,2022-07-12 18:00:00+03:00,PT1M,1,0,fi_se3,True
2025-11-05 15:41:39+00:00,,vO2aOgpZZ5YihxNL4cIgLw,5,Planned maintenance,SE_4,SE_3,MAW,A03,2022-07-11 06:00:00+02:00,2022-07-12 17:00:00+02:00,PT1M,1,4000,se3_se4,True
2025-11-05 15:43:02+00:00,,saz8ayNE52epDNYUGceGnw,4,Planned maintenance,SE_3,DK_1,MAW,A03,2022-07-11 18:59:00+02:00,2022-07-12 06:59:00+02:00,PT1M,720,715,dk1_se3,True
2025-11-05 15:43:02+00:00,,saz8ayNE52epDNYUGceGnw,4,Planned maintenance,SE_3,DK_1,MAW,A03,2022-07-11 07:00:00+02:00,2022-07-11 18:59:00+02:00,PT1M,1,415,dk1_se3,True
2025-11-05 15:43:02+00:00,,saz8ayNE52epDNYUGceGnw,4,Planned maintenance,SE_3,DK_1,MAW,A03,2022-07-12 06:59:00+02:00,2022-07-12 18:00:00+02:00,PT1M,1440,415,dk1_se3,True
2025-11-05 15:43:04+00:00,,wYmrVlPd04NFz3ucb97eRQ,4,Planned maintenance,DK_1,SE_3,MAW,A03,2022-07-12 06:59:00+02:00,2022-07-12 18:00:00+02:00,PT1M,1440,135,se3_dk1,True
2025-11-05 15:43:04+00:00,,wYmrVlPd04NFz3ucb97eRQ,4,Planned maintenance,DK_1,SE_3,MAW,A03,2022-07-11 18:59:00+02:00,2022-07-12 06:59:00+02:00,PT1M,720,715,se3_dk1,True
2025-11-05 15:43:04+00:00,,wYmrVlPd04NFz3ucb97eRQ,4,Planned maintenance,DK_1,SE_3,MAW,A03,2022-07-11 07:00:00+02:00,2022-07-11 18:59:00+02:00,PT1M,1,135,se3_dk1,True
2025-11-05 15:43:53+00:00,,zDFI_F83KpV5uAOPjNDskA,2,Planned maintenance,SE_3,DK_1,MAW,A03,2022-07-19 12:00:00+02:00,2022-07-19 15:59:00+02:00,PT1M,1,415,dk1_se3,True
2025-11-05 15:43:53+00:00,,zDFI_F83KpV5uAOPjNDskA,2,Planned maintenance,SE_3,DK_1,MAW,A03,2022-07-20 13:59:00+02:00,2022-07-21 07:59:00+02:00,PT1M,1560,715,dk1_se3,True
2025-11-05 15:43:53+00:00,,zDFI_F83KpV5uAOPjNDskA,2,Planned maintenance,SE_3,DK_1,MAW,A03,2022-07-19 15:59:00+02:00,2022-07-20 07:59:00+02:00,PT1M,240,715,dk1_se3,True
2025-11-05 15:43:53+00:00,Cancelled,mmwVJFs_OTKQbJ7imbUcmg,2,Planned maintenance,DK_1,SE_3,MAW,A03,2022-07-19 12:00:00+02:00,2022-07-21 19:00:00+02:00,PT1M,1,0,se3_dk1,False
2025-11-05 15:43:53+00:00,,zDFI_F83KpV5uAOPjNDskA,2,Planned maintenance,SE_3,DK_1,MAW,A03,2022-07-20 07:59:00+02:00,2022-07-20 13:59:00+02:00,PT1M,1200,415,dk1_se3,True
2025-11-05 15:43:53+00:00,,zDFI_F83KpV5uAOPjNDskA,2,Planned maintenance,SE_3,DK_1,MAW,A03,2022-07-21 07:59:00+02:00,2022-07-21 16:00:00+02:00,PT1M,2640,415,dk1_se3,True
2025-11-05 15:43:57+00:00,,27euiOMpmrJ7C1ZDN__dCA,11,Unplanned outage,SE_3,SE_4,MAW,A03,2022-07-13 05:59:00+02:00,2022-07-14 17:43:00+02:00,PT1M,170220,2000,se4_se3,True
2025-11-05 15:43:57+00:00,,Jmh2-V8bODmI2fWW_vtlIQ,14,Unplanned outage,SE_4,SE_3,MAW,A03,2022-03-16 01:50:00+01:00,2022-03-16 23:59:00+01:00,PT1M,1,5100,se3_se4,True
2025-11-05 15:43:57+00:00,,Jmh2-V8bODmI2fWW_vtlIQ,14,Unplanned outage,SE_4,SE_3,MAW,A03,2022-07-13 05:59:00+02:00,2022-07-14 17:43:00+02:00,PT1M,171550,5400,se3_se4,True
2025-11-05 15:43:57+00:00,,Jmh2-V8bODmI2fWW_vtlIQ,14,Unplanned outage,SE_4,SE_3,MAW,A03,2022-03-16 23:59:00+01:00,2022-07-13 05:59:00+02:00,PT1M,1330,5800,se3_se4,True
2025-11-05 15:43:57+00:00,,27euiOMpmrJ7C1ZDN__dCA,11,Unplanned outage,SE_3,SE_4,MAW,A03,2022-03-17 00:00:00+01:00,2022-07-13 05:59:00+02:00,PT1M,1,2400,se4_se3,True
2025-11-05 15:44:10+00:00,Cancelled,AG7nbDIzVnZn3K-UWKjr4w,2,Planned maintenance,DK_1,SE_3,MAW,A03,2022-07-18 12:59:00+02:00,2022-07-19 17:00:00+02:00,PT1M,360,345,se3_dk1,False
2025-11-05 15:44:10+00:00,Cancelled,_imGTIJhZ3NWknkWbjo2fg,2,Planned maintenance,DK_1,SE_3,MAW,A03,2022-07-18 12:59:00+02:00,2022-07-19 17:00:00+02:00,PT1M,360,345,se3_dk1,False
2025-11-05 15:44:10+00:00,Cancelled,AG7nbDIzVnZn3K-UWKjr4w,2,Planned maintenance,DK_1,SE_3,MAW,A03,2022-07-18 07:00:00+02:00,2022-07-18 12:59:00+02:00,PT1M,1,0,se3_dk1,False
2025-11-05 15:44:10+00:00,Cancelled,_imGTIJhZ3NWknkWbjo2fg,2,Planned maintenance,DK_1,SE_3,MAW,A03,2022-07-18 07:00:00+02:00,2022-07-18 12:59:00+02:00,PT1M,1,0,se3_dk1,False
2025-11-05 15:44:10+00:00,Cancelled,Wb8hSVGrzrVmrpuM_XEQRA,2,Planned maintenance,SE_3,DK_1,MAW,A03,2022-07-18 12:59:00+02:00,2022-07-19 17:00:00+02:00,PT1M,360,345,dk1_se3,False
2025-11-05 15:44:10+00:00,Cancelled,d4qFcLg3r1-IcUoQ3TMotA,2,Planned maintenance,SE_3,DK_1,MAW,A03,2022-07-18 07:00:00+02:00,2022-07-18 12:59:00+02:00,PT1M,1,0,dk1_se3,False
2025-11-05 15:44:10+00:00,Cancelled,Wb8hSVGrzrVmrpuM_XEQRA,2,Planned maintenance,SE_3,DK_1,MAW,A03,2022-07-18 07:00:00+02:00,2022-07-18 12:59:00+02:00,PT1M,1,0,dk1_se3,False
2025-11-05 15:44:10+00:00,Cancelled,d4qFcLg3r1-IcUoQ3TMotA,2,Planned maintenance,SE_3,DK_1,MAW,A03,2022-07-18 12:59:00+02:00,2022-07-19 17:00:00+02:00,PT1M,360,345,dk1_se3,False
2025-11-05 15:44:29+00:00,,wV6x3_uo2G3L4E5_0TaYGQ,3,Unplanned outage,SE_4,SE_3,MAW,A03,2022-07-16 07:00:00+02:00,2022-07-24 23:59:00+02:00,PT1M,1,5400,se3_se4,True
2025-11-05 15:44:29+00:00,,vu_aYB-zq51olI7lAb9S5Q,3,Unplanned outage,SE_3,SE_4,MAW,A03,2022-07-16 07:00:00+02:00,2022-07-24 23:59:00+02:00,PT1M,1,2500,se4_se3,True
2025-11-05 15:44:33+00:00,,XCwmBXXOextrLqSAks2TAQ,1,Unplanned outage,SE_3,SE_4,MAW,A03,2022-07-16 07:00:00+02:00,2022-07-16 17:01:00+02:00,PT1M,1,2500,se4_se3,True
2025-11-05 15:44:33+00:00,,88ytozm8sAv75vZTQpXowA,1,Unplanned outage,SE_4,SE_3,MAW,A03,2022-07-16 07:00:00+02:00,2022-07-16 17:01:00+02:00,PT1M,1,5400,se3_se4,True
2025-11-05 15:45:38+00:00,,ZD2D06b7g8FVspqsOUPeyw,5,Planned maintenance,SE_3,SE_2,MAW,A03,2022-07-19 06:59:00+02:00,2022-07-19 13:00:00+02:00,PT1M,152700,7200,se2_se3,True
2025-11-05 15:45:38+00:00,,ZD2D06b7g8FVspqsOUPeyw,5,Planned maintenance,SE_3,SE_2,MAW,A03,2022-04-04 06:00:00+02:00,2022-07-19 06:59:00+02:00,PT1M,1,7000,se2_se3,True
2025-11-05 15:48:20+00:00,,31VEcLWLZJhyfL2XsLo0Vw,5,Planned maintenance,SE_3,NO_1,MAW,A03,2022-07-20 11:00:00+02:00,2022-07-20 23:00:00+02:00,PT1M,1,1350,no1_se3,True
2025-11-05 15:48:20+00:00,,SqDjcX2DQwBUP1ak7CS47w,5,Planned maintenance,SE_3,SE_2,MAW,A03,2022-07-20 11:00:00+02:00,2022-07-20 23:00:00+02:00,PT1M,1,6500,se2_se3,True
2025-11-05 15:48:20+00:00,,cbPSxnkEx02oJyV2uerUGw,5,Planned maintenance,SE_3,NO_1,MAW,A03,2022-07-20 11:00:00+02:00,2022-07-20 23:00:00+02:00,PT1M,1,1350,no1_se3,True
2025-11-05 15:48:21+00:00,,vp15IWgdMQZ8WEYPKMBCMg,5,Planned maintenance,SE_4,SE_3,MAW,A03,2022-07-20 11:00:00+02:00,2022-07-20 23:00:00+02:00,PT1M,1,3900,se3_se4,True
2025-11-05 15:48:21+00:00,,aSepYQIR5OWHx-aDcUqb1w,5,Planned maintenance,SE_3,SE_2,MAW,A03,2022-07-20 11:00:00+02:00,2022-07-20 23:00:00+02:00,PT1M,1,6500,se2_se3,True
2025-11-05 15:48:21+00:00,,pmw0cNcr3txtTaTekZoGaA,5,Planned maintenance,SE_4,SE_3,MAW,A03,2022-07-20 11:00:00+02:00,2022-07-20 23:00:00+02:00,PT1M,1,3900,se3_se4,True
2025-11-05 15:48:49+00:00,,txMvfhARHcHgCAhm9JYbYw,2,Unplanned outage,SE_3,NO_1,MAW,A03,2022-07-21 00:00:00+02:00,2022-07-21 23:59:00+02:00,PT1M,1,1350,no1_se3,True
2025-11-05 15:48:49+00:00,,xuINndBVYUUHeCWjIbeaDQ,2,Unplanned outage,SE_3,NO_1,MAW,A03,2022-07-21 00:00:00+02:00,2022-07-21 23:59:00+02:00,PT1M,1,1350,no1_se3,True
2025-11-05 15:48:49+00:00,,MR8bU5aUTdeCq1a54ZyeQA,4,Unplanned outage,SE_4,SE_3,MAW,A03,2022-07-21 09:59:00+02:00,2022-07-21 21:59:00+02:00,PT1M,2526,3400,se3_se4,True
2025-11-05 15:48:49+00:00,,MR8bU5aUTdeCq1a54ZyeQA,4,Unplanned outage,SE_4,SE_3,MAW,A03,2022-07-19 23:58:00+02:00,2022-07-21 05:59:00+02:00,PT1M,485,4700,se3_se4,True
2025-11-05 15:48:49+00:00,,MR8bU5aUTdeCq1a54ZyeQA,4,Unplanned outage,SE_4,SE_3,MAW,A03,2022-07-19 15:54:00+02:00,2022-07-19 23:58:00+02:00,PT1M,1,4800,se3_se4,True
2025-11-05 15:48:49+00:00,,hHyXszTYnziXCy-1CvZOMg,2,Unplanned outage,SE_3,FI,MAW,A03,2022-07-21 01:00:00+03:00,2022-07-23 00:59:00+03:00,PT1M,1,0,fi_se3,True
2025-11-05 15:48:49+00:00,,MR8bU5aUTdeCq1a54ZyeQA,4,Unplanned outage,SE_4,SE_3,MAW,A03,2022-07-21 05:59:00+02:00,2022-07-21 09:59:00+02:00,PT1M,2286,3900,se3_se4,True
2025-11-05 15:48:49+00:00,,pCFUxQt_4ZREDOvKu5t0dg,2,Unplanned outage,SE_3,FI,MAW,A03,2022-07-21 01:00:00+03:00,2022-07-23 00:59:00+03:00,PT1M,1,0,fi_se3,True
2025-11-05 15:48:49+00:00,,MR8bU5aUTdeCq1a54ZyeQA,4,Unplanned outage,SE_4,SE_3,MAW,A03,2022-07-21 23:58:00+02:00,2022-07-22 23:59:00+02:00,PT1M,3365,4500,se3_se4,True
2025-11-05 15:48:49+00:00,,MR8bU5aUTdeCq1a54ZyeQA,4,Unplanned outage,SE_4,SE_3,MAW,A03,2022-07-21 21:59:00+02:00,2022-07-21 23:58:00+02:00,PT1M,3246,3900,se3_se4,True
2025-11-05 15:48:50+00:00,,5ISY_vcceTAXTemXNFMYzA,2,Unplanned outage,SE_3,SE_2,MAW,A03,2022-07-21 05:59:00+02:00,2022-07-21 09:59:00+02:00,PT1M,360,6200,se2_se3,True
2025-11-05 15:48:50+00:00,,IPqYx_yu0oUvzEwMiszSQQ,4,Unplanned outage,SE_4,SE_3,MAW,A03,2022-07-19 15:54:00+02:00,2022-07-19 23:58:00+02:00,PT1M,1,4800,se3_se4,True
2025-11-05 15:48:50+00:00,,IPqYx_yu0oUvzEwMiszSQQ,4,Unplanned outage,SE_4,SE_3,MAW,A03,2022-07-21 21:59:00+02:00,2022-07-21 23:58:00+02:00,PT1M,3246,3900,se3_se4,True
2025-11-05 15:48:50+00:00,,IPqYx_yu0oUvzEwMiszSQQ,4,Unplanned outage,SE_4,SE_3,MAW,A03,2022-07-19 23:58:00+02:00,2022-07-21 05:59:00+02:00,PT1M,485,4700,se3_se4,True
2025-11-05 15:48:50+00:00,,IPqYx_yu0oUvzEwMiszSQQ,4,Unplanned outage,SE_4,SE_3,MAW,A03,2022-07-21 23:58:00+02:00,2022-07-22 23:59:00+02:00,PT1M,3365,4500,se3_se4,True
2025-11-05 15:48:50+00:00,,5ISY_vcceTAXTemXNFMYzA,2,Unplanned outage,SE_3,SE_2,MAW,A03,2022-07-21 00:00:00+02:00,2022-07-21 05:59:00+02:00,PT1M,1,6500,se2_se3,True
2025-11-05 15:48:50+00:00,,5ISY_vcceTAXTemXNFMYzA,2,Unplanned outage,SE_3,SE_2,MAW,A03,2022-07-21 09:59:00+02:00,2022-07-21 21:59:00+02:00,PT1M,600,5700,se2_se3,True
2025-11-05 15:48:50+00:00,,WmbVNFPpUyFbsSYoeNXUaA,2,Unplanned outage,SE_3,SE_2,MAW,A03,2022-07-21 00:00:00+02:00,2022-07-21 05:59:00+02:00,PT1M,1,6500,se2_se3,True
2025-11-05 15:48:50+00:00,,5ISY_vcceTAXTemXNFMYzA,2,Unplanned outage,SE_3,SE_2,MAW,A03,2022-07-21 23:58:00+02:00,2022-07-22 23:59:00+02:00,PT1M,1439,6700,se2_se3,True
2025-11-05 15:48:50+00:00,,WmbVNFPpUyFbsSYoeNXUaA,2,Unplanned outage,SE_3,SE_2,MAW,A03,2022-07-21 05:59:00+02:00,2022-07-21 09:59:00+02:00,PT1M,360,6200,se2_se3,True
2025-11-05 15:48:50+00:00,,5ISY_vcceTAXTemXNFMYzA,2,Unplanned outage,SE_3,SE_2,MAW,A03,2022-07-21 21:59:00+02:00,2022-07-21 23:58:00+02:00,PT1M,1320,6200,se2_se3,True
2025-11-05 15:48:50+00:00,,WmbVNFPpUyFbsSYoeNXUaA,2,Unplanned outage,SE_3,SE_2,MAW,A03,2022-07-21 09:59:00+02:00,2022-07-21 21:59:00+02:00,PT1M,600,5700,se2_se3,True
2025-11-05 15:48:50+00:00,,WmbVNFPpUyFbsSYoeNXUaA,2,Unplanned outage,SE_3,SE_2,MAW,A03,2022-07-21 21:59:00+02:00,2022-07-21 23:58:00+02:00,PT1M,1320,6200,se2_se3,True
2025-11-05 15:48:50+00:00,,WmbVNFPpUyFbsSYoeNXUaA,2,Unplanned outage,SE_3,SE_2,MAW,A03,2022-07-21 23:58:00+02:00,2022-07-22 23:59:00+02:00,PT1M,1439,6700,se2_se3,True
2025-11-05 15:48:50+00:00,,IPqYx_yu0oUvzEwMiszSQQ,4,Unplanned outage,SE_4,SE_3,MAW,A03,2022-07-21 09:59:00+02:00,2022-07-21 21:59:00+02:00,PT1M,2526,3400,se3_se4,True
2025-11-05 15:48:50+00:00,,IPqYx_yu0oUvzEwMiszSQQ,4,Unplanned outage,SE_4,SE_3,MAW,A03,2022-07-21 05:59:00+02:00,2022-07-21 09:59:00+02:00,PT1M,2286,3900,se3_se4,True
2025-11-05 15:48:59+00:00,,9Ug8iTGCskpwYt7xi1clLw,1,Planned maintenance,DK_1,SE_3,MAW,A03,2022-08-15 07:00:00+02:00,2022-08-15 14:00:00+02:00,PT1M,1,0,se3_dk1,True
2025-11-05 15:48:59+00:00,,4JiJRIXQAgpXKtDm5gYCHg,1,Planned maintenance,SE_3,DK_1,MAW,A03,2022-08-15 07:00:00+02:00,2022-08-15 14:00:00+02:00,PT1M,1,0,dk1_se3,True
2025-11-05 15:48:59+00:00,,v_46ZDAz_w3EWehUGSsL_w,1,Planned maintenance,SE_3,DK_1,MAW,A03,2022-08-15 07:00:00+02:00,2022-08-15 14:00:00+02:00,PT1M,1,0,dk1_se3,True
2025-11-05 15:48:59+00:00,,RcoGzXJJ2qtoPbs1bUOJZQ,1,Planned maintenance,DK_1,SE_3,MAW,A03,2022-08-15 07:00:00+02:00,2022-08-15 14:00:00+02:00,PT1M,1,0,se3_dk1,True
2025-11-05 15:49:10+00:00,,hPJVRK_fk5gGn7pABetalA,2,Unplanned outage,SE_3,DK_1,MAW,A03,2022-07-21 15:45:00+02:00,2022-07-21 17:56:00+02:00,PT1M,1,345,dk1_se3,True
2025-11-05 15:49:10+00:00,,jrssMRgPMnasF0NvaJq6Gw,2,Unplanned outage,DK_1,SE_3,MAW,A03,2022-07-21 15:45:00+02:00,2022-07-21 17:56:00+02:00,PT1M,1,345,se3_dk1,True
2025-11-05 15:50:32+00:00,,fE7Cce5uU872P-OSwSz6lg,3,Planned maintenance,SE_4,SE_3,MAW,A03,2022-07-25 06:59:00+02:00,2022-07-25 12:59:00+02:00,PT1M,60,4900,se3_se4,True
2025-11-05 15:50:32+00:00,,wC7-G8IlDILOy7G8xNtEsQ,2,Planned maintenance,SE_3,FI,MAW,A03,2022-07-25 08:00:00+03:00,2022-07-25 14:00:00+03:00,PT1M,1,0,fi_se3,True
2025-11-05 15:50:32+00:00,,fE7Cce5uU872P-OSwSz6lg,3,Planned maintenance,SE_4,SE_3,MAW,A03,2022-07-25 12:59:00+02:00,2022-08-04 17:00:00+02:00,PT1M,420,6200,se3_se4,True
2025-11-05 15:50:32+00:00,,fE7Cce5uU872P-OSwSz6lg,3,Planned maintenance,SE_4,SE_3,MAW,A03,2022-07-25 06:00:00+02:00,2022-07-25 06:59:00+02:00,PT1M,1,6200,se3_se4,True
2025-11-05 15:50:32+00:00,,GzMbNw7UFIopqm3eFO0fuA,2,Planned maintenance,SE_3,SE_2,MAW,A03,2022-07-25 07:00:00+02:00,2022-07-25 13:00:00+02:00,PT1M,1,6700,se2_se3,True
2025-11-05 15:52:51+00:00,,mzUfU8grDHu1PjmZMiIXNA,2,Unplanned outage,SE_3,SE_4,MAW,A03,2022-07-28 13:57:00+02:00,2022-07-28 17:35:00+02:00,PT1M,1,2400,se4_se3,True
2025-11-05 15:52:51+00:00,,KbQGKDtF7tawj2hheRCAlg,2,Unplanned outage,SE_4,SE_3,MAW,A03,2022-07-28 13:57:00+02:00,2022-07-28 17:35:00+02:00,PT1M,1,5800,se3_se4,True
2025-11-05 15:55:13+00:00,,KPkt5kX3JqwCrtDhGBrQRg,2,Unplanned outage,SE_3,FI,MAW,A03,2022-08-03 01:08:00+03:00,2022-08-03 05:54:00+03:00,PT1M,1,400,fi_se3,True
2025-11-05 15:55:13+00:00,,pydD_frvh3U6gefb1xrDdw,2,Unplanned outage,FI,SE_3,MAW,A03,2022-08-03 00:08:00+02:00,2022-08-03 04:54:00+02:00,PT1M,1,400,se3_fi,True
2025-11-05 15:55:18+00:00,Cancelled,2ZhVtKSypNyi5MYmZNPG9A,3,Planned maintenance,SE_3,NO_1,MAW,A03,2022-08-03 12:00:00+02:00,2022-08-03 16:00:00+02:00,PT1M,1,1945,no1_se3,False
2025-11-05 15:55:18+00:00,Cancelled,wN8B95T7vMDYzrQAIlu9_w,3,Planned maintenance,NO_1,SE_3,MAW,A03,2022-08-03 12:00:00+02:00,2022-08-03 16:00:00+02:00,PT1M,1,1895,se3_no1,False
2025-11-05 15:56:41+00:00,,U7vgB7v5qj_HDtpISfafIQ,5,Planned maintenance,SE_3,FI,MAW,A03,2022-08-08 07:00:00+03:00,2022-08-10 18:00:00+03:00,PT1M,1,0,fi_se3,True
2025-11-05 15:56:42+00:00,,IjWh-j9KmOCmnW51I9Ikrw,5,Planned maintenance,SE_3,SE_2,MAW,A03,2022-08-08 06:00:00+02:00,2022-08-10 17:00:00+02:00,PT1M,1,6200,se2_se3,True
2025-11-05 15:58:46+00:00,,Lyo-d2QHLPV1BZYqDwVvDg,2,Unplanned outage,SE_4,SE_3,MAW,A03,2022-08-11 10:48:00+02:00,2022-08-11 15:10:00+02:00,PT1M,1,4100,se3_se4,True
2025-11-05 15:58:46+00:00,,skHLiB1wdr-wlJ-n6FBV8g,2,Unplanned outage,SE_3,SE_2,MAW,A03,2022-08-11 10:48:00+02:00,2022-08-11 15:10:00+02:00,PT1M,1,5200,se2_se3,True
2025-11-05 15:59:10+00:00,,VYJh-l8COtVhAEdc7EyC_Q,6,Planned maintenance,SE_3,FI,MAW,A03,2022-08-08 07:00:00+03:00,2022-08-12 17:00:00+03:00,PT1M,1,0,fi_se3,True
2025-11-05 15:59:11+00:00,,BjDAwkm1QGA6UZxN0ayujQ,7,Planned maintenance,SE_3,SE_2,MAW,A03,2022-08-08 06:00:00+02:00,2022-08-10 08:59:00+02:00,PT1M,1,6200,se2_se3,True
2025-11-05 15:59:11+00:00,,sDYqOCVQbg3lc0ru8PsB7g,7,Planned maintenance,SE_3,SE_2,MAW,A03,2022-08-08 06:00:00+02:00,2022-08-10 08:59:00+02:00,PT1M,1,6200,se2_se3,True
2025-11-05 15:59:11+00:00,,sDYqOCVQbg3lc0ru8PsB7g,7,Planned maintenance,SE_3,SE_2,MAW,A03,2022-08-10 08:59:00+02:00,2022-08-12 16:00:00+02:00,PT1M,3060,5900,se2_se3,True
2025-11-05 15:59:11+00:00,,PDtUfsN8i6GHyuSbrDyL9w,6,Planned maintenance,SE_3,FI,MAW,A03,2022-08-08 07:00:00+03:00,2022-08-12 17:00:00+03:00,PT1M,1,0,fi_se3,True
2025-11-05 15:59:11+00:00,,BjDAwkm1QGA6UZxN0ayujQ,7,Planned maintenance,SE_3,SE_2,MAW,A03,2022-08-10 08:59:00+02:00,2022-08-12 16:00:00+02:00,PT1M,3060,5900,se2_se3,True
2025-11-05 15:59:31+00:00,,58pNe66SvEEidBE0IdZ-rg,3,Planned maintenance,SE_3,SE_2,MAW,A03,2022-08-13 07:00:00+02:00,2022-08-13 16:00:00+02:00,PT1M,1,6100,se2_se3,True
2025-11-05 15:59:48+00:00,Cancelled,i70UN7fI7zJDTLhletgMVg,5,Planned maintenance,SE_3,SE_2,MAW,A03,2022-08-17 06:00:00+02:00,2022-08-19 15:00:00+02:00,PT1M,1,5700,se2_se3,False
2025-11-05 15:59:55+00:00,,A2DnY8cs7kLxoSASfMVLLA,5,Planned maintenance,SE_3,SE_2,MAW,A03,2022-08-17 06:00:00+02:00,2022-08-18 17:00:00+02:00,PT1M,1,5700,se2_se3,True
2025-11-05 16:00:41+00:00,Cancelled,jx5g-sOBdA-6zZ5fAyMYEg,18,Planned maintenance,SE_3,NO_1,MAW,A03,2022-08-19 06:00:00+02:00,2022-08-20 15:00:00+02:00,PT1M,1,200,no1_se3,False
2025-11-05 16:00:41+00:00,Cancelled,PFu7Rn5XR8G3wMIpVy9v7w,18,Planned maintenance,DK_1,SE_3,MAW,A03,2022-08-19 06:00:00+02:00,2022-08-20 15:00:00+02:00,PT1M,1,0,se3_dk1,False
2025-11-05 16:00:42+00:00,Cancelled,NBiiIIV5VDqC0_PrU6z9WQ,18,Planned maintenance,SE_4,SE_3,MAW,A03,2022-08-19 06:00:00+02:00,2022-08-20 15:00:00+02:00,PT1M,1,3400,se3_se4,False
2025-11-05 16:00:42+00:00,Cancelled,PoOCeQcAKwsrjYQxwbhfvA,2,Planned maintenance,SE_3,SE_2,MAW,A03,2022-08-19 06:00:00+02:00,2022-08-20 15:00:00+02:00,PT1M,1,5700,se2_se3,False
2025-11-05 16:01:59+00:00,,0UUoSncom4VzrAbvZm7krw,9,Planned maintenance,SE_3,NO_1,MAW,A03,2022-08-16 06:00:00+02:00,2022-08-18 14:35:00+02:00,PT1M,1,900,no1_se3,True
2025-11-05 16:01:59+00:00,,ld9yh2YLCHKFMtoCTD2J1A,9,Planned maintenance,SE_3,NO_1,MAW,A03,2022-08-16 06:00:00+02:00,2022-08-18 14:35:00+02:00,PT1M,1,900,no1_se3,True
2025-11-05 16:01:59+00:00,,ltflQY5ZCU3mZGUh-31YnQ,5,Planned maintenance,SE_3,DK_1,MAW,A03,2022-08-16 06:00:00+02:00,2022-08-18 14:35:00+02:00,PT1M,1,0,dk1_se3,True
2025-11-05 16:02:00+00:00,,d7My90dgmg3omxn_h2VP0g,12,Planned maintenance,DK_1,SE_3,MAW,A03,2022-08-16 06:00:00+02:00,2022-08-18 14:35:00+02:00,PT1M,1,500,se3_dk1,True
2025-11-05 16:02:00+00:00,,MCQReb6CTfrj0xHUaUGKjQ,9,Planned maintenance,DK_1,SE_3,MAW,A03,2022-08-16 06:00:00+02:00,2022-08-18 14:35:00+02:00,PT1M,1,500,se3_dk1,True
2025-11-05 16:02:00+00:00,,j7wPqidfqhprqGnUcF51Rw,5,Planned maintenance,SE_3,DK_1,MAW,A03,2022-08-16 06:00:00+02:00,2022-08-18 14:35:00+02:00,PT1M,1,0,dk1_se3,True
2025-11-05 16:02:00+00:00,,waivhasYtxEgzeNuoh5ciw,12,Planned maintenance,SE_4,SE_3,MAW,A03,2022-08-16 06:00:00+02:00,2022-08-18 14:35:00+02:00,PT1M,1,3600,se3_se4,True
2025-11-05 16:02:00+00:00,,UKUeBbHVCnnuFq1JplyzGA,6,Planned maintenance,SE_3,SE_2,MAW,A03,2022-08-16 06:00:00+02:00,2022-08-18 14:35:00+02:00,PT1M,1,6200,se2_se3,True
2025-11-05 16:02:00+00:00,,aHfvQcpWVZg1WxfAdPnIIw,6,Planned maintenance,SE_3,SE_2,MAW,A03,2022-08-16 06:00:00+02:00,2022-08-18 14:35:00+02:00,PT1M,1,6200,se2_se3,True
2025-11-05 16:02:00+00:00,,sLwiukufY-GaZdR2Z-Ogpw,9,Planned maintenance,SE_4,SE_3,MAW,A03,2022-08-16 06:00:00+02:00,2022-08-18 14:35:00+02:00,PT1M,1,3600,se3_se4,True
2025-11-05 16:02:29+00:00,Cancelled,dZH_8T3ZfSSGm0CY_m59HQ,3,Planned maintenance,NO_1,SE_3,MAW,A03,2022-08-24 06:00:00+02:00,2022-08-24 16:00:00+02:00,PT1M,1,1195,se3_no1,False
2025-11-05 16:02:29+00:00,Cancelled,7-HUuPEatsd_3QDfCYllqg,3,Planned maintenance,SE_3,NO_1,MAW,A03,2022-08-24 06:00:00+02:00,2022-08-24 16:00:00+02:00,PT1M,1,895,no1_se3,False
2025-11-05 16:02:33+00:00,,gOrJgQMtn2-Kjf4THU-DMg,1,Planned maintenance,SE_3,SE_2,MAW,A03,2022-09-08 06:00:00+02:00,2022-09-08 17:00:00+02:00,PT1M,1,6700,se2_se3,True
2025-11-05 16:02:34+00:00,,2hnK6C6nigrsqd3Eri4lfg,1,Planned maintenance,SE_3,SE_2,MAW,A03,2022-09-09 06:00:00+02:00,2022-09-09 17:00:00+02:00,PT1M,1,6700,se2_se3,True
2025-11-05 16:04:05+00:00,,l9zt2VQir_DfnkEBD_DY3w,4,Planned maintenance,SE_4,SE_3,MAW,A03,2022-08-23 06:00:00+02:00,2022-08-23 13:07:00+02:00,PT1M,1,4700,se3_se4,True
2025-11-05 16:04:17+00:00,Cancelled,32i4_1Wz9osGvLN2q-gRxQ,3,Planned maintenance,SE_4,SE_3,MAW,A03,2022-08-27 08:59:00+02:00,2022-08-28 17:59:00+02:00,PT1M,8100,5400,se3_se4,False
2025-11-05 16:04:17+00:00,Cancelled,32i4_1Wz9osGvLN2q-gRxQ,3,Planned maintenance,SE_4,SE_3,MAW,A03,2022-08-21 18:00:00+02:00,2022-08-27 08:59:00+02:00,PT1M,1,5800,se3_se4,False
2025-11-05 16:04:17+00:00,Cancelled,Ugx_pehue4pt92JyyU4-1w,3,Planned maintenance,SE_3,SE_4,MAW,A03,2022-08-21 18:00:00+02:00,2022-08-27 08:59:00+02:00,PT1M,1,2400,se4_se3,False
2025-11-05 16:04:17+00:00,Cancelled,Ugx_pehue4pt92JyyU4-1w,3,Planned maintenance,SE_3,SE_4,MAW,A03,2022-08-28 17:59:00+02:00,2022-09-04 18:00:00+02:00,PT1M,10080,2400,se4_se3,False
2025-11-05 16:04:17+00:00,Cancelled,32i4_1Wz9osGvLN2q-gRxQ,3,Planned maintenance,SE_4,SE_3,MAW,A03,2022-08-28 17:59:00+02:00,2022-09-04 18:00:00+02:00,PT1M,10080,5800,se3_se4,False
2025-11-05 16:04:17+00:00,Cancelled,Ugx_pehue4pt92JyyU4-1w,3,Planned maintenance,SE_3,SE_4,MAW,A03,2022-08-27 08:59:00+02:00,2022-08-28 17:59:00+02:00,PT1M,8100,2000,se4_se3,False
2025-11-05 16:05:06+00:00,Cancelled,IzstvBeYrmAkh8V91lXdZQ,2,Planned maintenance,FI,SE_3,MAW,A03,2022-09-05 06:00:00+02:00,2022-09-08 17:00:00+02:00,PT1M,1,900,se3_fi,False
2025-11-05 16:05:06+00:00,Cancelled,tojjGzRLbA4Mh76x7IvrGw,2,Planned maintenance,SE_3,SE_2,MAW,A03,2022-09-05 06:00:00+02:00,2022-09-08 17:00:00+02:00,PT1M,1,5400,se2_se3,False
2025-11-05 16:05:31+00:00,Cancelled,a9L6KbkVP4fdnnklWgHoUw,2,Planned maintenance,FI,SE_3,MAW,A03,2022-09-05 06:00:00+02:00,2022-09-16 17:00:00+02:00,PT1M,1,1000,se3_fi,False
2025-11-05 16:05:31+00:00,Cancelled,R3SY3g4PmxJURLetjt7I8w,2,Planned maintenance,SE_3,SE_2,MAW,A03,2022-09-05 06:00:00+02:00,2022-09-16 17:00:00+02:00,PT1M,1,5600,se2_se3,False
2025-11-05 16:05:50+00:00,,c_rK0-VQOUcR4klkrIM8BA,8,Planned maintenance,FI,SE_3,MAW,A03,2022-08-22 06:00:00+02:00,2022-08-26 15:10:00+02:00,PT1M,1,1100,se3_fi,True
2025-11-05 16:05:50+00:00,,RYiXtlICG1jvwSoAry1vgQ,10,Planned maintenance,SE_3,SE_2,MAW,A03,2022-08-22 06:00:00+02:00,2022-08-26 15:10:00+02:00,PT1M,1,5400,se2_se3,True
2025-11-05 16:05:53+00:00,Cancelled,nlVC9WKqTXueC910gzybvQ,2,Planned maintenance,SE_3,SE_2,MAW,A03,2022-09-05 06:00:00+02:00,2022-09-09 17:00:00+02:00,PT1M,1,5400,se2_se3,False
2025-11-05 16:05:53+00:00,Cancelled,n7yNVCuG2ppTeVGRqjtzcQ,2,Planned maintenance,SE_3,FI,MAW,A03,2022-09-05 07:00:00+03:00,2022-09-09 18:00:00+03:00,PT1M,1,300,fi_se3,False
2025-11-05 16:05:53+00:00,Cancelled,BqIV_nBi997nvVvJ2ZEQ1w,2,Planned maintenance,SE_4,SE_3,MAW,A03,2022-09-05 06:00:00+02:00,2022-09-05 17:00:00+02:00,PT1M,1,4000,se3_se4,False
2025-11-05 16:07:06+00:00,Cancelled,FXc9l1mOkOM_MR3AJ0UJlA,5,Planned maintenance,NO_1,SE_3,MAW,A03,2022-09-05 17:00:00+02:00,2022-09-18 17:00:00+02:00,PT1M,1,0,se3_no1,False
2025-11-05 16:07:06+00:00,Cancelled,4hNpk6MII9KcqPiQr6NFVA,5,Planned maintenance,DK_1,SE_3,MAW,A03,2022-09-05 17:00:00+02:00,2022-09-18 17:00:00+02:00,PT1M,1,0,se3_dk1,False
2025-11-05 16:07:08+00:00,Cancelled,8_DHQai4zm0hpY45U2YCow,4,Planned maintenance,DK_1,SE_3,MAW,A03,2022-09-19 06:00:00+02:00,2022-10-02 17:00:00+02:00,PT1M,1,0,se3_dk1,False
2025-11-05 16:07:08+00:00,Cancelled,xUh40qJrPpdVl9y9vWaM-w,4,Planned maintenance,NO_1,SE_3,MAW,A03,2022-09-19 06:00:00+02:00,2022-10-02 17:00:00+02:00,PT1M,1,0,se3_no1,False
2025-11-05 16:07:37+00:00,Cancelled,dqZqWqfjm2tJhYguMak8fA,3,Planned maintenance,SE_3,SE_2,MAW,A03,2022-10-24 06:00:00+02:00,2022-10-28 17:00:00+02:00,PT1M,1,6000,se2_se3,False
2025-11-05 16:08:04+00:00,Cancelled,TtZgmQQF0x6S1g-WFqitVA,3,Planned maintenance,SE_4,SE_3,MAW,A03,2022-11-30 23:58:00+01:00,2023-03-15 23:59:00+01:00,PT1M,162239,4800,se3_se4,False
2025-11-05 16:08:04+00:00,Cancelled,TtZgmQQF0x6S1g-WFqitVA,3,Planned maintenance,SE_4,SE_3,MAW,A03,2022-08-10 09:00:00+02:00,2022-11-30 23:58:00+01:00,PT1M,1,4000,se3_se4,False
2025-11-05 16:08:04+00:00,Cancelled,ZEJEZNIFkjBP8uKyKmBlxQ,3,Planned maintenance,SE_3,SE_2,MAW,A03,2022-11-30 23:58:00+01:00,2023-03-15 23:59:00+01:00,PT1M,162239,6500,se2_se3,False
2025-11-05 16:08:04+00:00,Cancelled,ZEJEZNIFkjBP8uKyKmBlxQ,3,Planned maintenance,SE_3,SE_2,MAW,A03,2022-08-10 09:00:00+02:00,2022-11-30 23:58:00+01:00,PT1M,1,6200,se2_se3,False
2025-11-05 16:08:04+00:00,Cancelled,mz846oQ2m-shy8QQvnX1fw,3,Planned maintenance,SE_3,FI,MAW,A03,2022-12-01 00:58:00+02:00,2023-03-16 00:59:00+02:00,PT1M,162239,150,fi_se3,False
2025-11-05 16:08:04+00:00,Cancelled,mz846oQ2m-shy8QQvnX1fw,3,Planned maintenance,SE_3,FI,MAW,A03,2022-08-10 10:00:00+03:00,2022-12-01 00:58:00+02:00,PT1M,1,0,fi_se3,False
2025-11-05 16:08:07+00:00,Cancelled,InBkV0wy7mBzCQMyS_wv0w,2,Planned maintenance,NO_1,SE_3,MAW,A03,2022-09-27 09:00:00+02:00,2022-09-27 16:00:00+02:00,PT1M,1,1500,se3_no1,False
2025-11-05 16:08:44+00:00,Cancelled,d4pPoyz0b65Iys3Zmot_pg,7,Planned maintenance,SE_4,SE_3,MAW,A03,2022-09-12 06:00:00+02:00,2022-09-16 21:00:00+02:00,PT1M,1,0,se3_se4,False
2025-11-05 16:08:44+00:00,Cancelled,vLcIyaxIRr1YhRXXWe3WyA,7,Planned maintenance,SE_4,SE_3,MAW,A03,2022-09-12 06:00:00+02:00,2022-09-16 21:00:00+02:00,PT1M,1,0,se3_se4,False
2025-11-05 16:09:12+00:00,Cancelled,NCabXzyh5M8E9uk2jBWllg,4,Planned maintenance,SE_3,FI,MAW,A03,2021-09-28 09:00:00+03:00,2021-09-28 19:00:00+03:00,PT1M,1,800,fi_se3,False
2025-11-05 16:09:12+00:00,Cancelled,nunZKZ3G8su5RCBlX13Fxw,4,Planned maintenance,FI,SE_3,MAW,A03,2021-09-28 08:00:00+02:00,2021-09-28 18:00:00+02:00,PT1M,1,800,se3_fi,False
2025-11-05 16:09:16+00:00,,57-92pvjKtAfekapc7XY6w,4,Unplanned outage,SE_3,DK_1,MAW,A03,2022-08-09 19:00:00+02:00,2022-09-19 06:00:00+02:00,PT1M,1,685,dk1_se3,True
2025-11-05 16:09:16+00:00,,BnDWwWP_2uQV60WlNX7LpA,8,Unplanned outage,DK_1,SE_3,MAW,A03,2022-08-09 19:00:00+02:00,2022-08-12 14:59:00+02:00,PT1M,1,685,se3_dk1,True
2025-11-05 16:09:16+00:00,,BnDWwWP_2uQV60WlNX7LpA,8,Unplanned outage,DK_1,SE_3,MAW,A03,2022-08-12 14:59:00+02:00,2022-08-13 16:59:00+02:00,PT1M,4080,342,se3_dk1,True
2025-11-05 16:09:16+00:00,,ikHEYza3dP-nXpqCmwG4UA,8,Unplanned outage,SE_3,DK_1,MAW,A03,2022-08-13 16:59:00+02:00,2022-09-19 06:00:00+02:00,PT1M,5640,685,dk1_se3,True
2025-11-05 16:09:16+00:00,,ikHEYza3dP-nXpqCmwG4UA,8,Unplanned outage,SE_3,DK_1,MAW,A03,2022-08-09 19:00:00+02:00,2022-08-12 14:59:00+02:00,PT1M,1,685,dk1_se3,True
2025-11-05 16:09:16+00:00,,BnDWwWP_2uQV60WlNX7LpA,8,Unplanned outage,DK_1,SE_3,MAW,A03,2022-08-13 16:59:00+02:00,2022-09-19 06:00:00+02:00,PT1M,5640,685,se3_dk1,True
2025-11-05 16:09:16+00:00,,8PMEmUzHia79xQouTUo95A,4,Unplanned outage,DK_1,SE_3,MAW,A03,2022-08-09 19:00:00+02:00,2022-09-19 06:00:00+02:00,PT1M,1,685,se3_dk1,True
2025-11-05 16:09:16+00:00,,ikHEYza3dP-nXpqCmwG4UA,8,Unplanned outage,SE_3,DK_1,MAW,A03,2022-08-12 14:59:00+02:00,2022-08-13 16:59:00+02:00,PT1M,4080,342,dk1_se3,True
2025-11-05 16:09:34+00:00,,fLBzJQ7WYsj-whtWWUWJcg,5,Planned maintenance,SE_3,SE_4,MAW,A03,2022-08-21 18:00:00+02:00,2022-08-27 08:59:00+02:00,PT1M,1,2400,se4_se3,True
2025-11-05 16:09:34+00:00,,fLBzJQ7WYsj-whtWWUWJcg,5,Planned maintenance,SE_3,SE_4,MAW,A03,2022-08-27 08:59:00+02:00,2022-08-28 17:59:00+02:00,PT1M,8100,2000,se4_se3,True
2025-11-05 16:09:34+00:00,,fLBzJQ7WYsj-whtWWUWJcg,5,Planned maintenance,SE_3,SE_4,MAW,A03,2022-08-28 17:59:00+02:00,2022-09-03 15:30:00+02:00,PT1M,10080,2400,se4_se3,True
2025-11-05 16:09:34+00:00,,k0jKZq0ruuq5rRWLvfECzg,9,Planned maintenance,SE_3,SE_4,MAW,A03,2022-08-27 08:59:00+02:00,2022-08-28 17:59:00+02:00,PT1M,8100,2000,se4_se3,True
2025-11-05 16:09:34+00:00,,k0jKZq0ruuq5rRWLvfECzg,9,Planned maintenance,SE_3,SE_4,MAW,A03,2022-08-28 17:59:00+02:00,2022-09-03 15:30:00+02:00,PT1M,10080,2400,se4_se3,True
2025-11-05 16:09:34+00:00,,k0jKZq0ruuq5rRWLvfECzg,9,Planned maintenance,SE_3,SE_4,MAW,A03,2022-08-21 18:00:00+02:00,2022-08-27 08:59:00+02:00,PT1M,1,2400,se4_se3,True
2025-11-05 16:09:34+00:00,,Hk9tlG2klhwPYzVqm0BzOw,5,Planned maintenance,SE_4,SE_3,MAW,A03,2022-08-28 17:59:00+02:00,2022-09-03 15:30:00+02:00,PT1M,10080,5800,se3_se4,True
2025-11-05 16:09:34+00:00,,Hk9tlG2klhwPYzVqm0BzOw,5,Planned maintenance,SE_4,SE_3,MAW,A03,2022-08-21 18:00:00+02:00,2022-08-27 08:59:00+02:00,PT1M,1,5800,se3_se4,True
2025-11-05 16:09:34+00:00,,FYmJSK4-cBa8_2Y44kpkWg,9,Planned maintenance,SE_4,SE_3,MAW,A03,2022-08-28 17:59:00+02:00,2022-09-03 15:30:00+02:00,PT1M,10080,5800,se3_se4,True
2025-11-05 16:09:34+00:00,,FYmJSK4-cBa8_2Y44kpkWg,9,Planned maintenance,SE_4,SE_3,MAW,A03,2022-08-27 08:59:00+02:00,2022-08-28 17:59:00+02:00,PT1M,8100,5400,se3_se4,True
2025-11-05 16:09:34+00:00,,FYmJSK4-cBa8_2Y44kpkWg,9,Planned maintenance,SE_4,SE_3,MAW,A03,2022-08-21 18:00:00+02:00,2022-08-27 08:59:00+02:00,PT1M,1,5800,se3_se4,True
2025-11-05 16:09:34+00:00,,Hk9tlG2klhwPYzVqm0BzOw,5,Planned maintenance,SE_4,SE_3,MAW,A03,2022-08-27 08:59:00+02:00,2022-08-28 17:59:00+02:00,PT1M,8100,5400,se3_se4,True
2025-11-05 16:09:47+00:00,Cancelled,32p39-vKTe7parQSZvIPHg,2,Planned maintenance,NO_1,SE_3,MAW,A03,2022-09-19 06:00:00+02:00,2022-10-30 17:00:00+01:00,PT1M,1,0,se3_no1,False
2025-11-05 16:09:48+00:00,Cancelled,zY9VHhihm8T59iL2x8714w,2,Planned maintenance,DK_1,SE_3,MAW,A03,2022-09-19 06:00:00+02:00,2022-10-30 17:00:00+01:00,PT1M,1,0,se3_dk1,False
2025-11-05 16:09:50+00:00,,TwXpw5ifOm-rI0IRNaP7og,10,Planned maintenance,SE_3,SE_2,MAW,A03,2022-09-05 06:00:00+02:00,2022-09-09 16:59:00+02:00,PT1M,1,6000,se2_se3,True
2025-11-05 16:09:50+00:00,,XjWSBiv5fJxkFTOMnZiU1w,8,Planned maintenance,SE_3,FI,MAW,A03,2022-09-05 07:00:00+03:00,2022-09-18 18:00:00+03:00,PT1M,1,0,fi_se3,True
2025-11-05 16:09:50+00:00,,TwXpw5ifOm-rI0IRNaP7og,10,Planned maintenance,SE_3,SE_2,MAW,A03,2022-09-09 16:59:00+02:00,2022-09-18 17:00:00+02:00,PT1M,6420,6200,se2_se3,True
2025-11-05 16:09:50+00:00,,4zR9_zSE2_2_zKp7mdP2xw,10,Planned maintenance,SE_4,SE_3,MAW,A03,2022-09-05 06:00:00+02:00,2022-09-18 17:00:00+02:00,PT1M,1,4300,se3_se4,True
2025-11-05 16:10:16+00:00,,-PVPxI1zB8w88HtL6vvjjg,3,Planned maintenance,SE_4,SE_3,MAW,A03,2022-09-07 06:00:00+02:00,2022-09-10 17:00:00+02:00,PT1M,1,5500,se3_se4,True
2025-11-05 16:10:19+00:00,,EWVLN_VnZsPLuX4XuKlufw,3,Planned maintenance,SE_3,SE_2,MAW,A03,2022-09-05 06:00:00+02:00,2022-09-05 15:00:00+02:00,PT1M,1,6700,se2_se3,True
2025-11-05 16:10:42+00:00,,cbGgjbpmQrQY-ofXJDCjxw,2,Planned maintenance,SE_3,SE_2,MAW,A03,2022-09-06 06:00:00+02:00,2022-09-06 10:25:00+02:00,PT1M,1,6700,se2_se3,True
2025-11-05 16:10:43+00:00,Cancelled,ccUy8g0WuYOE63cRp0U5vg,6,Planned maintenance,SE_3,SE_2,MAW,A03,2022-09-19 06:00:00+02:00,2022-10-02 17:00:00+02:00,PT1M,1,6200,se2_se3,False
2025-11-05 16:10:43+00:00,Cancelled,Ji-RBvqZQ5Ki4GzVDTy_Iw,6,Planned maintenance,SE_4,SE_3,MAW,A03,2022-09-19 06:00:00+02:00,2022-10-02 17:00:00+02:00,PT1M,1,4900,se3_se4,False
2025-11-05 16:10:43+00:00,Cancelled,Qtf22b9ggLU9-qPLk6uYAA,4,Planned maintenance,SE_3,FI,MAW,A03,2022-09-19 07:00:00+03:00,2022-10-02 18:00:00+03:00,PT1M,1,0,fi_se3,False
2025-11-05 16:11:06+00:00,,X3XP219ykBdJRyRFZe_7gQ,3,Planned maintenance,SE_3,NO_1,MAW,A03,2022-09-05 06:00:00+02:00,2022-09-07 16:00:00+02:00,PT1M,1,1945,no1_se3,True
2025-11-05 16:11:06+00:00,,VyOzEGWEcSmVbFULbVhezQ,3,Planned maintenance,SE_3,NO_1,MAW,A03,2022-09-05 06:00:00+02:00,2022-09-07 16:00:00+02:00,PT1M,1,1945,no1_se3,True
2025-11-05 16:11:11+00:00,,JDMa9ic7LdJa-Pb-H6gEjQ,7,Planned maintenance,SE_4,SE_3,MAW,A03,2022-09-20 07:00:00+02:00,2022-09-22 17:00:00+02:00,PT1M,1,4700,se3_se4,True
2025-11-05 16:11:37+00:00,,EO-YNRd_Z00j8SLY_gRevw,5,Planned maintenance,SE_4,SE_3,MAW,A03,2022-09-05 06:00:00+02:00,2022-09-08 12:58:00+02:00,PT1M,1,4500,se3_se4,True
2025-11-05 16:11:40+00:00,,bbcpXQ5pmnELQIaMkTg3NA,4,Planned maintenance,SE_3,SE_2,MAW,A03,2022-09-06 07:00:00+02:00,2022-09-08 16:30:00+02:00,PT1M,1,6500,se2_se3,True
2025-11-05 16:11:41+00:00,,D0r1d9ePXkKkOjLjuYVZEQ,2,Planned maintenance,NO_1,SE_3,MAW,A03,2022-09-05 15:00:00+02:00,2022-09-08 16:00:00+02:00,PT1M,1,1200,se3_no1,True
2025-11-05 16:11:56+00:00,,53gQdia0fV7mhBz9mzhbiA,2,Planned maintenance,DK_1,SE_3,MAW,A03,2022-09-16 07:00:00+02:00,2022-09-16 16:00:00+02:00,PT1M,1,220,se3_dk1,True
2025-11-05 16:11:56+00:00,,6rN3EqRJykw6yIHEzkxa_g,2,Planned maintenance,SE_3,DK_1,MAW,A03,2022-09-16 07:00:00+02:00,2022-09-16 16:00:00+02:00,PT1M,1,265,dk1_se3,True
2025-11-05 16:11:59+00:00,Cancelled,g2p5dpA82ZtqHuFuJHZBsg,2,Planned maintenance,SE_3,SE_2,MAW,A03,2022-10-03 06:00:00+02:00,2022-10-03 17:00:00+02:00,PT1M,1,0,se2_se3,False
2025-11-05 16:12:00+00:00,,s3ww95J8XKODemSGW5-LdQ,7,Planned maintenance,SE_3,FI,MAW,A03,2022-08-30 07:00:00+03:00,2022-09-09 15:00:00+03:00,PT1M,1,0,fi_se3,True
2025-11-05 16:12:00+00:00,,VACPjbCuWQmLs2_kArQ66A,7,Planned maintenance,SE_3,SE_2,MAW,A03,2022-08-30 06:00:00+02:00,2022-09-03 23:59:00+02:00,PT1M,1,5700,se2_se3,True
2025-11-05 16:12:00+00:00,,JVB6JKVUruJOHdDju3FZaQ,7,Planned maintenance,SE_3,SE_2,MAW,A03,2022-09-03 23:59:00+02:00,2022-09-09 14:00:00+02:00,PT1M,6840,5900,se2_se3,True
2025-11-05 16:12:00+00:00,,VACPjbCuWQmLs2_kArQ66A,7,Planned maintenance,SE_3,SE_2,MAW,A03,2022-09-03 23:59:00+02:00,2022-09-09 14:00:00+02:00,PT1M,6840,5900,se2_se3,True
2025-11-05 16:12:00+00:00,,JVB6JKVUruJOHdDju3FZaQ,7,Planned maintenance,SE_3,SE_2,MAW,A03,2022-08-30 06:00:00+02:00,2022-09-03 23:59:00+02:00,PT1M,1,5700,se2_se3,True
2025-11-05 16:12:00+00:00,,ZUevTiHc27uvxxyf5wms0A,7,Planned maintenance,SE_3,FI,MAW,A03,2022-08-30 07:00:00+03:00,2022-09-09 15:00:00+03:00,PT1M,1,0,fi_se3,True
2025-11-05 16:14:12+00:00,Cancelled,aNJh-cAxlNIhg4f9QbRJpA,3,Planned maintenance,SE_4,SE_3,MAW,A03,2022-09-19 06:00:00+02:00,2022-09-23 21:00:00+02:00,PT1M,1,5500,se3_se4,False
2025-11-05 16:14:47+00:00,Cancelled,vPfFaa3b1vjuFBk_t9x8Zg,2,Planned maintenance,SE_3,SE_2,MAW,A03,2022-09-21 06:00:00+02:00,2022-09-21 17:00:00+02:00,PT1M,1,6000,se2_se3,False
2025-11-05 16:15:39+00:00,,sp2-P1DwUGEexV-r47ETzA,2,Planned maintenance,SE_3,FI,MAW,A03,2022-10-01 06:59:00+03:00,2022-10-02 22:00:00+03:00,PT1M,7200,0,fi_se3,True
2025-11-05 16:15:39+00:00,Cancelled,eGfqbI1lj55O3zEyXOb94w,5,Planned maintenance,SE_3,FI,MAW,A03,2022-09-26 07:00:00+03:00,2022-10-01 06:59:00+03:00,PT1M,1,800,fi_se3,False
2025-11-05 16:15:39+00:00,,uxDIet89DiN3DchDRq5DIQ,4,Planned maintenance,FI,SE_3,MAW,A03,2022-09-26 06:00:00+02:00,2022-10-01 05:59:00+02:00,PT1M,1,800,se3_fi,True
2025-11-05 16:15:39+00:00,,uxDIet89DiN3DchDRq5DIQ,4,Planned maintenance,FI,SE_3,MAW,A03,2022-10-01 05:59:00+02:00,2022-10-02 21:00:00+02:00,PT1M,7200,0,se3_fi,True
2025-11-05 16:15:39+00:00,Cancelled,eGfqbI1lj55O3zEyXOb94w,5,Planned maintenance,SE_3,FI,MAW,A03,2022-10-01 06:59:00+03:00,2022-10-02 22:00:00+03:00,PT1M,7200,0,fi_se3,False
2025-11-05 16:15:39+00:00,,sp2-P1DwUGEexV-r47ETzA,2,Planned maintenance,SE_3,FI,MAW,A03,2022-09-26 07:00:00+03:00,2022-10-01 06:59:00+03:00,PT1M,1,800,fi_se3,True
2025-11-05 16:15:39+00:00,,pk9aZGWDdIg9CrwXQ5v17g,4,Planned maintenance,SE_3,FI,MAW,A03,2022-09-26 07:00:00+03:00,2022-10-01 06:59:00+03:00,PT1M,1,800,fi_se3,True
2025-11-05 16:15:39+00:00,Cancelled,aIjZhbuTNhtV4Ket16Kv6A,5,Planned maintenance,FI,SE_3,MAW,A03,2022-09-26 06:00:00+02:00,2022-10-01 05:59:00+02:00,PT1M,1,800,se3_fi,False
2025-11-05 16:15:39+00:00,Cancelled,aIjZhbuTNhtV4Ket16Kv6A,5,Planned maintenance,FI,SE_3,MAW,A03,2022-10-01 05:59:00+02:00,2022-10-02 21:00:00+02:00,PT1M,7200,0,se3_fi,False
2025-11-05 16:15:39+00:00,,pk9aZGWDdIg9CrwXQ5v17g,4,Planned maintenance,SE_3,FI,MAW,A03,2022-10-01 06:59:00+03:00,2022-10-02 22:00:00+03:00,PT1M,7200,0,fi_se3,True
2025-11-05 16:15:39+00:00,,MCYtrkiLtusqPikbDoCYDg,2,Planned maintenance,FI,SE_3,MAW,A03,2022-09-26 06:00:00+02:00,2022-10-01 05:59:00+02:00,PT1M,1,800,se3_fi,True
2025-11-05 16:15:39+00:00,,MCYtrkiLtusqPikbDoCYDg,2,Planned maintenance,FI,SE_3,MAW,A03,2022-10-01 05:59:00+02:00,2022-10-02 21:00:00+02:00,PT1M,7200,0,se3_fi,True
2025-11-05 16:16:38+00:00,Cancelled,eo_0tDBNfkMXNZhAqi_5BQ,3,Planned maintenance,DK_1,SE_3,MAW,A03,2022-10-04 06:00:00+02:00,2022-10-04 17:00:00+02:00,PT1M,1,200,se3_dk1,False
2025-11-05 16:16:38+00:00,Cancelled,nXwptV4KhW_HmvvRaILfTQ,3,Planned maintenance,SE_3,NO_1,MAW,A03,2022-10-04 06:00:00+02:00,2022-10-04 17:00:00+02:00,PT1M,1,400,no1_se3,False
2025-11-05 16:16:38+00:00,Cancelled,4PrtRd2AX3VMqRCPYapyZg,3,Planned maintenance,SE_3,SE_2,MAW,A03,2022-10-04 06:00:00+02:00,2022-10-04 17:00:00+02:00,PT1M,1,5700,se2_se3,False
2025-11-05 16:16:38+00:00,Cancelled,80m6ycDd1kGK2aSAFEqKew,3,Planned maintenance,SE_4,SE_3,MAW,A03,2022-10-04 06:00:00+02:00,2022-10-04 17:00:00+02:00,PT1M,1,3400,se3_se4,False
2025-11-05 16:16:40+00:00,Cancelled,Hw0RnzovL2z6IuHJs0p8sw,5,Planned maintenance,SE_4,SE_3,MAW,A03,2022-09-26 06:00:00+02:00,2022-09-28 17:00:00+02:00,PT1M,1,4000,se3_se4,False
2025-11-05 16:16:40+00:00,Cancelled,59cVXxXAFLKNW5FN254Dkw,5,Planned maintenance,SE_3,DK_1,MAW,A03,2022-09-26 06:00:00+02:00,2022-09-28 17:00:00+02:00,PT1M,1,400,dk1_se3,False
2025-11-05 16:16:45+00:00,Cancelled,3v_beSOmkfvvzjE7XY51hQ,2,Planned maintenance,DK_1,SE_3,MAW,A03,2022-10-03 06:00:00+02:00,2022-10-03 17:00:00+02:00,PT1M,1,350,se3_dk1,False
2025-11-05 16:16:45+00:00,Cancelled,L0uoihxBLiXesplDvHhw1A,2,Planned maintenance,SE_3,NO_1,MAW,A03,2022-10-03 06:00:00+02:00,2022-10-03 17:00:00+02:00,PT1M,1,750,no1_se3,False
2025-11-05 16:17:04+00:00,,OZDwRTeZaDA-BPQjkFqv4g,5,Planned maintenance,SE_3,SE_2,MAW,A03,2022-09-26 07:59:00+02:00,2022-09-30 17:00:00+02:00,PT1M,10200,6400,se2_se3,True
2025-11-05 16:17:04+00:00,,OZDwRTeZaDA-BPQjkFqv4g,5,Planned maintenance,SE_3,SE_2,MAW,A03,2022-09-19 06:00:00+02:00,2022-09-26 07:59:00+02:00,PT1M,1,5900,se2_se3,True
2025-11-05 16:17:06+00:00,,BeyUbVBKYnyDUYnxfzn4Zg,3,Planned maintenance,SE_4,SE_3,MAW,A03,2022-09-26 06:00:00+02:00,2022-09-30 17:00:00+02:00,PT1M,1,5500,se3_se4,True
2025-11-05 16:18:40+00:00,,xewO7m4Xi4CDWkMcKtUakg,6,Planned maintenance,SE_3,SE_2,MAW,A03,2022-09-28 06:00:00+02:00,2022-09-29 17:00:00+02:00,PT1M,1,6700,se2_se3,True
2025-11-05 16:19:34+00:00,Cancelled,nC_N_8CVQf0DF0yW1ZdoVw,2,Planned maintenance,NO_1,SE_3,MAW,A03,2022-10-06 06:00:00+02:00,2022-10-06 17:00:00+02:00,PT1M,1,0,se3_no1,False
2025-11-05 16:19:34+00:00,,sFmF3aBv29IjmAHCtsi5-w,3,Planned maintenance,SE_3,FI,MAW,A03,2022-10-06 07:00:00+03:00,2022-10-06 18:00:00+03:00,PT1M,1,0,fi_se3,True
2025-11-05 16:19:34+00:00,,3Hzt5aTGNt6FfCGsAxlfvw,3,Planned maintenance,SE_3,SE_2,MAW,A03,2022-10-06 06:00:00+02:00,2022-10-06 17:00:00+02:00,PT1M,1,6200,se2_se3,True
2025-11-05 16:20:45+00:00,Cancelled,PoRXF6tiYPssdXYYyVW1Jg,3,Planned maintenance,SE_3,DK_1,MAW,A03,2022-10-19 17:00:00+02:00,2022-10-30 17:00:00+01:00,PT1M,1,0,dk1_se3,False
2025-11-05 16:20:52+00:00,,btoKWNpAw1ipZ7HUZWVQoA,5,Planned maintenance,SE_3,DK_1,MAW,A03,2022-09-19 06:00:00+02:00,2022-09-22 05:59:00+02:00,PT1M,1,345,dk1_se3,True
2025-11-05 16:20:52+00:00,,oTNhXHQN03hXbTu0wqUt2w,5,Planned maintenance,SE_3,DK_1,MAW,A03,2022-09-19 06:00:00+02:00,2022-09-22 05:59:00+02:00,PT1M,1,345,dk1_se3,True
2025-11-05 16:20:52+00:00,,btoKWNpAw1ipZ7HUZWVQoA,5,Planned maintenance,SE_3,DK_1,MAW,A03,2022-09-25 19:59:00+02:00,2022-09-30 20:00:00+02:00,PT1M,9480,345,dk1_se3,True
2025-11-05 16:20:52+00:00,,btoKWNpAw1ipZ7HUZWVQoA,5,Planned maintenance,SE_3,DK_1,MAW,A03,2022-09-22 05:59:00+02:00,2022-09-25 19:59:00+02:00,PT1M,4320,0,dk1_se3,True
2025-11-05 16:20:52+00:00,,oTNhXHQN03hXbTu0wqUt2w,5,Planned maintenance,SE_3,DK_1,MAW,A03,2022-09-25 19:59:00+02:00,2022-09-30 20:00:00+02:00,PT1M,9480,345,dk1_se3,True
2025-11-05 16:20:52+00:00,,oTNhXHQN03hXbTu0wqUt2w,5,Planned maintenance,SE_3,DK_1,MAW,A03,2022-09-22 05:59:00+02:00,2022-09-25 19:59:00+02:00,PT1M,4320,0,dk1_se3,True
2025-11-05 16:20:53+00:00,,owd9djoMi01uo31LKEN7sA,5,Planned maintenance,DK_1,SE_3,MAW,A03,2022-09-25 19:59:00+02:00,2022-09-30 20:00:00+02:00,PT1M,9480,345,se3_dk1,True
2025-11-05 16:20:53+00:00,,C_ygPBMhqnP-PnNghG7xdA,5,Planned maintenance,DK_1,SE_3,MAW,A03,2022-09-19 06:00:00+02:00,2022-09-22 05:59:00+02:00,PT1M,1,345,se3_dk1,True
2025-11-05 16:20:53+00:00,,owd9djoMi01uo31LKEN7sA,5,Planned maintenance,DK_1,SE_3,MAW,A03,2022-09-22 05:59:00+02:00,2022-09-25 19:59:00+02:00,PT1M,4320,0,se3_dk1,True
2025-11-05 16:20:53+00:00,,C_ygPBMhqnP-PnNghG7xdA,5,Planned maintenance,DK_1,SE_3,MAW,A03,2022-09-22 05:59:00+02:00,2022-09-25 19:59:00+02:00,PT1M,4320,0,se3_dk1,True
2025-11-05 16:20:53+00:00,,C_ygPBMhqnP-PnNghG7xdA,5,Planned maintenance,DK_1,SE_3,MAW,A03,2022-09-25 19:59:00+02:00,2022-09-30 20:00:00+02:00,PT1M,9480,345,se3_dk1,True
2025-11-05 16:20:53+00:00,,owd9djoMi01uo31LKEN7sA,5,Planned maintenance,DK_1,SE_3,MAW,A03,2022-09-19 06:00:00+02:00,2022-09-22 05:59:00+02:00,PT1M,1,345,se3_dk1,True
2025-11-05 16:21:16+00:00,,AC2MW4pQ2NXyohyHx9sseg,10,Planned maintenance,DK_1,SE_3,MAW,A03,2022-09-19 06:00:00+02:00,2022-10-02 10:30:00+02:00,PT1M,1,40,se3_dk1,True
2025-11-05 16:21:16+00:00,,NlDV0GBLyKUhoLqCZtG6ww,10,Planned maintenance,SE_3,DK_1,MAW,A03,2022-09-19 06:00:00+02:00,2022-10-02 10:30:00+02:00,PT1M,1,225,dk1_se3,True
2025-11-05 16:23:39+00:00,,tvAM3-4rfBvrIskHdqR-AQ,8,Planned maintenance,SE_4,SE_3,MAW,A03,2022-09-26 06:00:00+02:00,2022-10-07 12:30:00+02:00,PT1M,1,4000,se3_se4,True
2025-11-05 16:23:39+00:00,,ZjpHs4DRiw4fW9v29XOQJQ,8,Planned maintenance,SE_3,DK_1,MAW,A03,2022-09-26 06:00:00+02:00,2022-10-07 12:30:00+02:00,PT1M,1,400,dk1_se3,True
2025-11-05 16:24:42+00:00,Cancelled,PnUDFlpaes-JsnclCUuEtQ,3,Planned maintenance,SE_3,SE_2,MAW,A03,2022-10-17 06:00:00+02:00,2022-10-21 17:00:00+02:00,PT1M,1,6800,se2_se3,False
2025-11-05 16:25:35+00:00,,8ToC6GD6bWC6FINM2G57uA,1,Planned maintenance,SE_3,SE_2,MAW,A03,2023-04-11 06:00:00+02:00,2023-04-12 17:00:00+02:00,PT1M,1,5400,se2_se3,True
2025-11-05 16:25:44+00:00,,l05q13Nupz71jgDHdwXgwA,1,Planned maintenance,SE_3,SE_2,MAW,A03,2023-07-31 06:00:00+02:00,2023-08-13 17:00:00+02:00,PT1M,1,5700,se2_se3,True
2025-11-05 16:25:55+00:00,,fAP0fTNZV40-TnG4pMavDA,1,Planned maintenance,SE_4,SE_3,MAW,A03,2023-05-10 06:00:00+02:00,2023-05-14 17:00:00+02:00,PT1M,1,4300,se3_se4,True
2025-11-05 16:25:57+00:00,,-bP3Ws0Fr5vpcVVa2hSOAQ,1,Planned maintenance,DK_1,SE_3,MAW,A03,2022-10-12 06:00:00+02:00,2022-10-14 17:00:00+02:00,PT1M,1,684,se3_dk1,True
2025-11-05 16:25:57+00:00,,l2WDNRGQIvkhDHi2LladpQ,1,Planned maintenance,SE_3,DK_1,MAW,A03,2022-10-15 06:00:00+02:00,2022-10-16 17:00:00+02:00,PT1M,1,700,dk1_se3,True
2025-11-05 16:25:57+00:00,,1yKqeLKs2mOQmYX8eKwvqQ,1,Planned maintenance,DK_1,SE_3,MAW,A03,2022-10-15 06:00:00+02:00,2022-10-16 17:00:00+02:00,PT1M,1,684,se3_dk1,True
2025-11-05 16:25:57+00:00,,8hJWvffToj76B4aevnwMqg,1,Planned maintenance,SE_3,DK_1,MAW,A03,2022-10-12 06:00:00+02:00,2022-10-14 17:00:00+02:00,PT1M,1,700,dk1_se3,True
2025-11-05 16:25:58+00:00,,Bn32SYRj5T7T4iakdzpSgg,1,Planned maintenance,SE_3,SE_4,MAW,A03,2023-07-03 06:00:00+02:00,2023-07-09 17:00:00+02:00,PT1M,1,2400,se4_se3,True
2025-11-05 16:25:58+00:00,,aZtW1ADY2APwO3ohAYWVfA,1,Planned maintenance,SE_4,SE_3,MAW,A03,2023-07-03 06:00:00+02:00,2023-07-09 17:00:00+02:00,PT1M,1,5800,se3_se4,True
2025-11-05 16:25:59+00:00,,vTDQke9z8jPIKzpWVfC28g,1,Planned maintenance,SE_4,SE_3,MAW,A03,2023-07-10 06:00:00+02:00,2023-07-16 17:00:00+02:00,PT1M,1,5800,se3_se4,True
2025-11-05 16:25:59+00:00,,lZ5TPD3-KCvqPodI6M-sDg,4,Planned maintenance,SE_3,FI,MAW,A03,2022-10-12 07:00:00+03:00,2022-10-12 16:33:00+03:00,PT1M,1,0,fi_se3,True
2025-11-05 16:25:59+00:00,,OBaMVIt7RPmXxtlgslTxKQ,1,Planned maintenance,SE_3,SE_4,MAW,A03,2023-07-10 06:00:00+02:00,2023-07-16 17:00:00+02:00,PT1M,1,2400,se4_se3,True
2025-11-05 16:26:00+00:00,,sju0se1R-LsF1q8hu0NTtQ,5,Planned maintenance,SE_3,SE_2,MAW,A03,2022-10-12 06:00:00+02:00,2022-10-12 15:33:00+02:00,PT1M,1,6400,se2_se3,True
2025-11-05 16:26:08+00:00,,cDq87WbIQs35lX-inxkifA,1,Unplanned outage,DK_1,SE_3,MAW,A03,2023-09-19 06:00:00+02:00,2023-09-19 17:00:00+02:00,PT1M,1,684,se3_dk1,True
2025-11-05 16:26:08+00:00,,geZlYYsi1Pv-tF9nBVCXWA,1,Unplanned outage,SE_3,DK_1,MAW,A03,2023-09-19 06:00:00+02:00,2023-09-19 17:00:00+02:00,PT1M,1,700,dk1_se3,True
2025-11-05 16:26:08+00:00,,JP84oiylGTccFYTXCDRLDA,1,Unplanned outage,SE_3,DK_1,MAW,A03,2023-09-20 06:00:00+02:00,2023-09-20 17:00:00+02:00,PT1M,1,700,dk1_se3,True
2025-11-05 16:26:08+00:00,,HUGVz67-LwAFnK1MyTFrzg,1,Unplanned outage,DK_1,SE_3,MAW,A03,2023-09-20 06:00:00+02:00,2023-09-20 17:00:00+02:00,PT1M,1,684,se3_dk1,True
2025-11-05 16:26:14+00:00,,xtBIhrAd795CeWvKYvMPkg,1,Planned maintenance,SE_3,DK_1,MAW,A03,2023-06-15 06:00:00+02:00,2023-06-16 17:00:00+02:00,PT1M,1,700,dk1_se3,True
2025-11-05 16:26:14+00:00,,JFi_E6ZI1263oZ0LcXjSbQ,1,Planned maintenance,DK_1,SE_3,MAW,A03,2023-06-15 06:00:00+02:00,2023-06-16 17:00:00+02:00,PT1M,1,684,se3_dk1,True
2025-11-05 16:26:34+00:00,,egE1jR1OitnBZ6xFsmC3xA,8,Planned maintenance,SE_4,SE_3,MAW,A03,2022-09-20 07:00:00+02:00,2022-09-22 17:00:00+02:00,PT1M,1,4700,se3_se4,True
2025-11-05 16:26:34+00:00,,gMdGLXCoXCEGLn50A8ZM4Q,3,Planned maintenance,SE_4,SE_3,MAW,A03,2022-09-26 06:00:00+02:00,2022-09-30 17:00:00+02:00,PT1M,1,5500,se3_se4,True
2025-11-05 16:26:41+00:00,Cancelled,YBpgfFTM1I1aZWb6hcJ0xA,3,Planned maintenance,SE_3,DK_1,MAW,A03,2022-11-07 06:00:00+01:00,2022-11-07 17:00:00+01:00,PT1M,1,0,dk1_se3,False
2025-11-05 16:27:22+00:00,,2dKyFXXExh-G-ovXoUeQRA,2,Unplanned outage,DK_1,SE_3,MAW,A03,2022-10-14 17:35:00+02:00,2022-10-15 05:11:00+02:00,PT1M,1,345,se3_dk1,True
2025-11-05 16:27:22+00:00,,BQ5LaBrzzBjqTrjIzg9fHA,2,Unplanned outage,SE_3,DK_1,MAW,A03,2022-10-14 17:35:00+02:00,2022-10-15 05:11:00+02:00,PT1M,1,345,dk1_se3,True
2025-11-05 16:28:44+00:00,,iQY-rN8AOqzJgJJ4hKyW3g,3,Planned maintenance,SE_4,SE_3,MAW,A03,2022-10-24 08:00:00+02:00,2022-10-27 17:00:00+02:00,PT1M,1,4400,se3_se4,True
2025-11-05 16:28:49+00:00,,mdiESKMa9nYhaZ9loLUkKA,8,Planned maintenance,SE_3,DK_1,MAW,A03,2022-10-17 06:00:00+02:00,2022-10-18 18:00:00+02:00,PT1M,1,400,dk1_se3,True
2025-11-05 16:28:49+00:00,,WMTuThpWv8Iku6kWRXN9UA,8,Planned maintenance,SE_4,SE_3,MAW,A03,2022-10-17 06:00:00+02:00,2022-10-18 18:00:00+02:00,PT1M,1,4200,se3_se4,True
2025-11-05 16:30:19+00:00,,czjuEwY9Nq9rFhs6S4r1jQ,7,Planned maintenance,SE_3,FI,MAW,A03,2022-10-15 08:00:00+03:00,2022-10-21 09:30:00+03:00,PT1M,1,0,fi_se3,True
2025-11-05 16:30:19+00:00,,kCcj5HtCZGqZFZq1x31f-w,7,Planned maintenance,SE_3,FI,MAW,A03,2022-10-15 08:00:00+03:00,2022-10-21 09:30:00+03:00,PT1M,1,0,fi_se3,True
2025-11-05 16:30:19+00:00,,IcOwQa7dZTjRUrvNDsMUPA,8,Planned maintenance,SE_3,SE_2,MAW,A03,2022-10-15 07:00:00+02:00,2022-10-21 08:30:00+02:00,PT1M,1,5900,se2_se3,True
2025-11-05 16:30:19+00:00,,5O2SVYrepNAi1GSCxkJuDg,8,Planned maintenance,SE_3,SE_2,MAW,A03,2022-10-15 07:00:00+02:00,2022-10-21 08:30:00+02:00,PT1M,1,5900,se2_se3,True
2025-11-05 16:30:42+00:00,,4rO2DSctB5wKd8CD6FrMhA,2,Planned maintenance,NO_1,SE_3,MAW,A03,2022-10-24 09:00:00+02:00,2022-10-24 14:00:00+02:00,PT1M,1,200,se3_no1,True
2025-11-05 16:30:42+00:00,,IFqYsd46hVRW9hZY7ITGVw,2,Planned maintenance,SE_3,NO_1,MAW,A03,2022-10-24 09:00:00+02:00,2022-10-24 14:00:00+02:00,PT1M,1,695,no1_se3,True
2025-11-05 16:30:52+00:00,,cOp9J4QEFbROZzVR-QceLQ,7,Planned maintenance,SE_3,FI,MAW,A03,2022-10-08 13:00:00+03:00,2022-10-21 21:15:00+03:00,PT1M,1,0,fi_se3,True
2025-11-05 16:30:52+00:00,,lGUFEqh_5ZzNJpMtBzo-UA,8,Planned maintenance,SE_4,SE_3,MAW,A03,2022-09-19 07:00:00+02:00,2022-10-08 15:59:00+02:00,PT1M,1,5400,se3_se4,True
2025-11-05 16:30:52+00:00,,A5IzO2snLcfor-mZQw5tbQ,8,Planned maintenance,SE_3,SE_2,MAW,A03,2022-09-19 07:00:00+02:00,2022-10-21 20:15:00+02:00,PT1M,1,6700,se2_se3,True
2025-11-05 16:30:52+00:00,,lGUFEqh_5ZzNJpMtBzo-UA,8,Planned maintenance,SE_4,SE_3,MAW,A03,2022-10-08 15:59:00+02:00,2022-10-21 20:15:00+02:00,PT1M,27900,4900,se3_se4,True
2025-11-05 16:32:28+00:00,,ttjRarFuENjw41NLn1O0Ww,1,Planned maintenance,SE_4,SE_3,MAW,A03,2022-10-25 06:00:00+02:00,2022-10-27 17:00:00+02:00,PT1M,1,4900,se3_se4,True
2025-11-05 16:33:22+00:00,,xPEohZ72Y-hgq3kIXIKmWQ,3,Planned maintenance,SE_3,NO_1,MAW,A03,2022-10-27 06:00:00+02:00,2022-10-27 16:00:00+02:00,PT1M,1,695,no1_se3,True
2025-11-05 16:33:22+00:00,,_NE3nEey9ezkqXUPyFoxLQ,3,Planned maintenance,NO_1,SE_3,MAW,A03,2022-10-27 06:00:00+02:00,2022-10-27 16:00:00+02:00,PT1M,1,695,se3_no1,True
2025-11-05 16:33:23+00:00,,HLDPV00JE3SNcEwKdLZWZg,11,Planned maintenance,SE_3,NO_1,MAW,A03,2022-10-24 06:00:00+02:00,2022-10-27 16:00:00+02:00,PT1M,1,400,no1_se3,True
2025-11-05 16:33:23+00:00,,aGBviVrGvpVby1S2sGnKMQ,13,Planned maintenance,SE_3,NO_1,MAW,A03,2022-10-27 15:59:00+02:00,2022-10-28 16:00:00+02:00,PT1M,4920,1245,no1_se3,True
2025-11-05 16:33:23+00:00,,F-3wff0wKP8dbhl16NJrzg,10,Planned maintenance,SE_3,NO_1,MAW,A03,2022-10-24 06:00:00+02:00,2022-10-27 16:00:00+02:00,PT1M,1,400,no1_se3,True
2025-11-05 16:33:23+00:00,,YWxjGxFjK07jrpXukDizIg,10,Planned maintenance,SE_3,NO_1,MAW,A03,2022-10-24 06:00:00+02:00,2022-10-27 16:00:00+02:00,PT1M,1,400,no1_se3,True
2025-11-05 16:33:23+00:00,,aGBviVrGvpVby1S2sGnKMQ,13,Planned maintenance,SE_3,NO_1,MAW,A03,2022-10-24 06:00:00+02:00,2022-10-27 15:59:00+02:00,PT1M,1,400,no1_se3,True
2025-11-05 16:33:23+00:00,,FqCeQWu_hU2xZSt5i9VFLg,7,Planned maintenance,NO_1,SE_3,MAW,A03,2022-10-25 00:00:00+02:00,2022-10-28 16:00:00+02:00,PT1M,1,1000,se3_no1,True
2025-11-05 16:33:23+00:00,,GasYKRjdi96UXrBZ87qYRA,7,Planned maintenance,NO_1,SE_3,MAW,A03,2022-10-25 00:00:00+02:00,2022-10-28 16:00:00+02:00,PT1M,1,1000,se3_no1,True
2025-11-05 16:33:24+00:00,,pAO0wyZKvzLvH0xvgNZ-JQ,7,Planned maintenance,NO_1,SE_3,MAW,A03,2022-10-25 00:00:00+02:00,2022-10-28 16:00:00+02:00,PT1M,1,1000,se3_no1,True
2025-11-05 16:33:24+00:00,,d6hOnDqOp4ENJsSRIDcQlw,7,Planned maintenance,NO_1,SE_3,MAW,A03,2022-10-25 00:00:00+02:00,2022-10-28 16:00:00+02:00,PT1M,1,1000,se3_no1,True
2025-11-05 16:33:53+00:00,,Xcqozata8zd91Dhv-E_TFg,3,Planned maintenance,SE_4,SE_3,MAW,A03,2022-11-07 06:00:00+01:00,2022-11-08 21:00:00+01:00,PT1M,1,4700,se3_se4,True
2025-11-05 16:33:53+00:00,,U98KlATOxRAGoC50O5GtDQ,2,Planned maintenance,SE_4,SE_3,MAW,A03,2022-11-09 06:00:00+01:00,2022-11-10 21:00:00+01:00,PT1M,1,4700,se3_se4,True
2025-11-05 16:33:59+00:00,Cancelled,Xgn9vHVtzrkCDq8t8HqQow,2,Planned maintenance,SE_3,FI,MAW,A03,2023-04-17 07:00:00+03:00,2023-06-09 18:00:00+03:00,PT1M,1,0,fi_se3,False
2025-11-05 16:34:01+00:00,,AZxMpBe3ZlFVKvOoRwP2XQ,2,Planned maintenance,SE_3,NO_1,MAW,A03,2022-11-01 07:00:00+01:00,2022-11-01 15:00:00+01:00,PT1M,1,795,no1_se3,True
2025-11-05 16:34:01+00:00,,D89KJ2pGb-C4f-xkWXRyvg,2,Planned maintenance,NO_1,SE_3,MAW,A03,2022-11-01 07:00:00+01:00,2022-11-01 15:00:00+01:00,PT1M,1,300,se3_no1,True
2025-11-05 16:34:10+00:00,,P-3In0HZxhAIAk7ilBb_ag,3,Planned maintenance,SE_4,SE_3,MAW,A03,2022-10-31 07:00:00+01:00,2022-11-02 17:00:00+01:00,PT1M,1,4500,se3_se4,True
2025-11-05 16:34:10+00:00,,1oR_p5YflQVKDYv90khLlw,3,Planned maintenance,SE_3,FI,MAW,A03,2022-10-31 08:00:00+02:00,2022-11-02 18:00:00+02:00,PT1M,1,0,fi_se3,True
2025-11-05 16:34:10+00:00,,JhCesBTMMxCpeMV8bJIXnQ,3,Planned maintenance,SE_3,SE_2,MAW,A03,2022-10-31 07:00:00+01:00,2022-11-02 17:00:00+01:00,PT1M,1,6700,se2_se3,True
2025-11-05 16:34:34+00:00,,RYz789ECalEMIrhfeZQMLw,6,Planned maintenance,SE_4,SE_3,MAW,A03,2022-10-18 18:00:00+02:00,2022-10-28 11:37:00+02:00,PT1M,1,4700,se3_se4,True
2025-11-05 16:34:41+00:00,,T5gYcn3Bu8Ll2RiZnV7WFQ,1,Planned maintenance,NO_1,SE_3,MAW,A03,2022-10-31 08:00:00+01:00,2022-10-31 15:00:00+01:00,PT1M,1,800,se3_no1,True
2025-11-05 16:34:41+00:00,,19wznOJ3ALLhx2dE7jMDWQ,1,Planned maintenance,NO_1,SE_3,MAW,A03,2022-10-31 08:00:00+01:00,2022-10-31 15:00:00+01:00,PT1M,1,800,se3_no1,True
2025-11-05 16:34:41+00:00,,Q7fk1RMyq1i_idDbLae9VQ,1,Planned maintenance,NO_1,SE_3,MAW,A03,2022-10-31 08:00:00+01:00,2022-10-31 15:00:00+01:00,PT1M,1,800,se3_no1,True
2025-11-05 16:34:41+00:00,,CfOi-xtZrjg-gfRKBXcH8g,1,Planned maintenance,SE_3,NO_1,MAW,A03,2022-10-31 08:00:00+01:00,2022-10-31 15:00:00+01:00,PT1M,1,300,no1_se3,True
2025-11-05 16:34:41+00:00,,Fd8XpmdwsZp85yjwsd9QGw,1,Planned maintenance,SE_3,NO_1,MAW,A03,2022-10-31 08:00:00+01:00,2022-10-31 15:00:00+01:00,PT1M,1,300,no1_se3,True
2025-11-05 16:34:41+00:00,,4_my-Uo0BsEV9e0-Uxs0Dg,1,Planned maintenance,SE_3,NO_1,MAW,A03,2022-10-31 08:00:00+01:00,2022-10-31 15:00:00+01:00,PT1M,1,300,no1_se3,True
2025-11-05 16:35:33+00:00,,6yEMPQR6nt4AESBRojR48w,1,Planned maintenance,DK_1,SE_3,MAW,A03,2023-05-11 07:00:00+02:00,2023-05-11 16:00:00+02:00,PT1M,1,684,se3_dk1,True
2025-11-05 16:35:33+00:00,,2kkXrgzH0kTVTFrZ400e-g,1,Planned maintenance,SE_3,DK_1,MAW,A03,2023-05-11 07:00:00+02:00,2023-05-11 16:00:00+02:00,PT1M,1,700,dk1_se3,True
2025-11-05 16:35:36+00:00,,bO9foglo0chhn6zfRM5axQ,1,Planned maintenance,DK_1,SE_3,MAW,A03,2023-05-12 07:00:00+02:00,2023-05-12 16:00:00+02:00,PT1M,1,684,se3_dk1,True
2025-11-05 16:35:36+00:00,,j_VN-kN6uP5huMKo8SV3Mw,1,Planned maintenance,SE_3,DK_1,MAW,A03,2023-05-12 07:00:00+02:00,2023-05-12 16:00:00+02:00,PT1M,1,700,dk1_se3,True
2025-11-05 16:36:19+00:00,,2E56_MekaZK5r0bRbgotBA,3,Planned maintenance,SE_3,FI,MAW,A03,2022-11-01 07:00:00+02:00,2022-11-01 15:15:00+02:00,PT1M,1,800,fi_se3,True
2025-11-05 16:36:19+00:00,,w75oaMgzJibT41o6PMqB0A,3,Planned maintenance,FI,SE_3,MAW,A03,2022-11-01 06:00:00+01:00,2022-11-01 14:15:00+01:00,PT1M,1,800,se3_fi,True
2025-11-05 16:36:22+00:00,,LG6lPjkYSRkzb0MUqeNVTQ,4,Planned maintenance,SE_4,SE_3,MAW,A03,2022-11-01 06:00:00+01:00,2022-11-01 15:29:00+01:00,PT1M,1,4300,se3_se4,True
2025-11-05 16:37:07+00:00,,rsQFC8xG62cEBcQ7rwt6yA,2,Planned maintenance,SE_4,SE_3,MAW,A03,2022-11-03 08:00:00+01:00,2022-11-03 12:30:00+01:00,PT1M,1,4300,se3_se4,True
2025-11-05 16:37:07+00:00,,QXMEjutYY77yPkz5-imMpg,2,Planned maintenance,SE_3,SE_2,MAW,A03,2022-11-03 08:00:00+01:00,2022-11-03 12:30:00+01:00,PT1M,1,6700,se2_se3,True
2025-11-05 16:37:12+00:00,,ZqwHRlRpTo51lDrBQIFGGw,5,Planned maintenance,SE_3,SE_2,MAW,A03,2022-11-07 06:00:00+01:00,2022-11-11 17:00:00+01:00,PT1M,1,6200,se2_se3,True
2025-11-05 16:37:12+00:00,,4d9yAVgNgyFeozXRBTBuLQ,5,Planned maintenance,SE_4,SE_3,MAW,A03,2022-11-07 06:00:00+01:00,2022-11-11 17:00:00+01:00,PT1M,1,5000,se3_se4,True
2025-11-05 16:37:12+00:00,,5MKgMkWFq2uGOmji1zkdEw,5,Planned maintenance,SE_3,FI,MAW,A03,2022-11-07 07:00:00+02:00,2022-11-11 18:00:00+02:00,PT1M,1,200,fi_se3,True
2025-11-05 16:37:17+00:00,Cancelled,YicR760--9lhmleJs0hUag,3,Planned maintenance,NO_1,SE_3,MAW,A03,2023-04-10 06:00:00+02:00,2023-04-17 17:00:00+02:00,PT1M,1,0,se3_no1,False
2025-11-05 16:37:17+00:00,Cancelled,IS1DLf5ZRjb4jvOvpAz6kg,3,Planned maintenance,NO_1,SE_3,MAW,A03,2023-04-10 06:00:00+02:00,2023-04-17 17:00:00+02:00,PT1M,1,0,se3_no1,False
2025-11-05 16:37:43+00:00,,F2JPWMZ37Y4KOaiYA9a31A,3,Planned maintenance,SE_3,NO_1,MAW,A03,2022-10-31 06:00:00+01:00,2022-11-04 11:00:00+01:00,PT1M,1,2145,no1_se3,True
2025-11-05 16:37:43+00:00,,ijkPL2w5s9a71MVYl3a4dw,3,Planned maintenance,SE_3,NO_1,MAW,A03,2022-10-31 06:00:00+01:00,2022-11-04 11:00:00+01:00,PT1M,1,2145,no1_se3,True
2025-11-05 16:37:43+00:00,,sRxjnAZi2b-JmjAhsYdD4g,3,Planned maintenance,NO_1,SE_3,MAW,A03,2022-10-31 06:00:00+01:00,2022-11-04 11:00:00+01:00,PT1M,1,2095,se3_no1,True
2025-11-05 16:37:43+00:00,,19nqUrn34OglxJmsweZKmg,3,Planned maintenance,NO_1,SE_3,MAW,A03,2022-10-31 06:00:00+01:00,2022-11-04 11:00:00+01:00,PT1M,1,2095,se3_no1,True
2025-11-05 16:38:37+00:00,,KHeUyGrBkoR163vYdCv5Gw,1,Planned maintenance,DK_1,SE_3,MAW,A03,2023-05-04 07:00:00+02:00,2023-05-04 16:00:00+02:00,PT1M,1,684,se3_dk1,True
2025-11-05 16:38:37+00:00,,l3v2TsfnkbUOvzsFlRQvKA,1,Planned maintenance,SE_3,DK_1,MAW,A03,2023-05-04 07:00:00+02:00,2023-05-04 16:00:00+02:00,PT1M,1,700,dk1_se3,True
2025-11-05 16:38:39+00:00,,-nH-ACnqzC1zcotUautZ_A,1,Planned maintenance,FI,SE_3,MAW,A03,2022-11-16 06:00:00+01:00,2022-11-16 17:00:00+01:00,PT1M,1,0,se3_fi,True
2025-11-05 16:38:42+00:00,,K5xGwuBS-jYXKsoIj7GWkg,5,Planned maintenance,SE_4,SE_3,MAW,A03,2022-11-07 06:00:00+01:00,2022-11-07 15:30:00+01:00,PT1M,1,4500,se3_se4,True
2025-11-05 16:38:59+00:00,,21f5LWwxStoCryXGGInX1w,1,Planned maintenance,SE_4,SE_3,MAW,A03,2022-11-15 07:00:00+01:00,2022-11-22 18:00:00+01:00,PT1M,1,5800,se3_se4,True
2025-11-05 16:38:59+00:00,,8119zrtQUAfxZcehjcR7YQ,1,Planned maintenance,SE_3,SE_4,MAW,A03,2022-11-15 07:00:00+01:00,2022-11-22 18:00:00+01:00,PT1M,1,2400,se4_se3,True
2025-11-05 16:39:31+00:00,,xqoOj14AGmeTbKbL2SKRGA,7,Planned maintenance,SE_4,SE_3,MAW,A03,2022-11-08 06:00:00+01:00,2022-11-09 16:15:00+01:00,PT1M,1,4700,se3_se4,True
2025-11-05 16:41:04+00:00,,3Ipv9zZs2IEI5pjstOGk9Q,1,Planned maintenance,SE_3,NO_1,MAW,A03,2022-11-15 06:00:00+01:00,2022-11-15 16:00:00+01:00,PT1M,1,700,no1_se3,True
2025-11-05 16:41:11+00:00,,GYhI9fMyskG2MuCRjM6Izw,4,Unplanned outage,SE_3,SE_2,MAW,A03,2022-11-11 00:00:00+01:00,2022-11-11 23:59:00+01:00,PT1M,1,6300,se2_se3,True
2025-11-05 16:41:36+00:00,,OOV7Xc2JGSad1TNQc_CpCg,4,Planned maintenance,SE_3,NO_1,MAW,A03,2022-11-08 06:00:00+01:00,2022-11-11 08:55:00+01:00,PT1M,1,1945,no1_se3,True
2025-11-05 16:42:52+00:00,,QUorEmy6fQ34LlaLYR5GUQ,1,Planned maintenance,SE_3,FI,MAW,A03,2023-07-29 11:00:00+03:00,2023-07-30 13:00:00+03:00,PT1M,1,400,fi_se3,True
2025-11-05 16:42:52+00:00,,JlimrqiVj6XBJHsYbX09PQ,1,Planned maintenance,SE_3,FI,MAW,A03,2023-07-29 11:00:00+03:00,2023-07-30 13:00:00+03:00,PT1M,1,400,fi_se3,True
2025-11-05 16:42:52+00:00,,fNnteHvlf9mNVSP05Qv6EA,1,Planned maintenance,FI,SE_3,MAW,A03,2023-07-29 10:00:00+02:00,2023-07-30 12:00:00+02:00,PT1M,1,400,se3_fi,True
2025-11-05 16:42:52+00:00,,6XrjSuwL4Vr_Sb8GbfwwUg,1,Planned maintenance,FI,SE_3,MAW,A03,2023-07-29 10:00:00+02:00,2023-07-30 12:00:00+02:00,PT1M,1,400,se3_fi,True
2025-11-05 16:42:53+00:00,,p-EW4TJCU7DTq55IAI9umQ,1,Planned maintenance,SE_3,SE_2,MAW,A03,2023-07-29 10:00:00+02:00,2023-07-30 12:00:00+02:00,PT1M,1,5000,se2_se3,True
2025-11-05 16:42:53+00:00,,RE7SSB5HxhXz4tcdO4Ko4g,1,Planned maintenance,SE_3,NO_1,MAW,A03,2023-07-29 10:00:00+02:00,2023-07-30 12:00:00+02:00,PT1M,1,1050,no1_se3,True
2025-11-05 16:42:53+00:00,,F4FZ9P67Jh5sKT71foje3g,1,Planned maintenance,SE_3,NO_1,MAW,A03,2023-07-29 10:00:00+02:00,2023-07-30 12:00:00+02:00,PT1M,1,1050,no1_se3,True
2025-11-05 16:42:54+00:00,,cQSbYOFEzl1A9H_j_LuzTQ,1,Planned maintenance,SE_3,SE_2,MAW,A03,2023-07-29 10:00:00+02:00,2023-07-30 12:00:00+02:00,PT1M,1,5000,se2_se3,True
2025-11-05 16:42:54+00:00,,9tvNw-arEy0QMaw0t3EiPg,1,Planned maintenance,SE_3,SE_2,MAW,A03,2023-04-03 06:00:00+02:00,2023-04-05 17:00:00+02:00,PT1M,1,5500,se2_se3,True
2025-11-05 16:42:54+00:00,,WpCSXp2VShVDHywn_w43nw,1,Planned maintenance,SE_4,SE_3,MAW,A03,2023-07-29 10:00:00+02:00,2023-07-30 12:00:00+02:00,PT1M,1,3000,se3_se4,True
2025-11-05 16:42:54+00:00,,kkaKqn03cCoTrc8KQLoOtA,1,Planned maintenance,SE_4,SE_3,MAW,A03,2023-07-29 10:00:00+02:00,2023-07-30 12:00:00+02:00,PT1M,1,3000,se3_se4,True
2025-11-05 16:42:54+00:00,,63_WR7onzwfx8Fd0Fq6J6Q,1,Planned maintenance,SE_3,SE_2,MAW,A03,2023-04-03 06:00:00+02:00,2023-04-05 17:00:00+02:00,PT1M,1,5500,se2_se3,True
2025-11-05 16:43:29+00:00,Cancelled,CLOlmymIyxUCbxwH6uUI-w,2,Planned maintenance,SE_3,SE_2,MAW,A03,2023-07-17 06:00:00+02:00,2023-07-19 17:00:00+02:00,PT1M,1,5400,se2_se3,False
2025-11-05 16:43:29+00:00,Cancelled,DcjcFzO9xkbq34zQOzehAQ,2,Planned maintenance,SE_4,SE_3,MAW,A03,2023-07-17 06:00:00+02:00,2023-07-19 17:00:00+02:00,PT1M,1,4400,se3_se4,False
2025-11-05 16:43:29+00:00,Cancelled,O46IAmx6pO5y1LLrcI-xuw,2,Planned maintenance,SE_3,FI,MAW,A03,2023-07-17 07:00:00+03:00,2023-07-19 18:00:00+03:00,PT1M,1,150,fi_se3,False
2025-11-05 16:44:03+00:00,Cancelled,-hoJiKP3GvPYU2yemHrXZw,5,Planned maintenance,SE_3,NO_1,MAW,A03,2023-04-10 06:00:00+02:00,2023-04-17 17:00:00+02:00,PT1M,1,0,no1_se3,False
2025-11-05 16:44:03+00:00,Cancelled,CO1754VhO8KuJOEHjHoyMA,5,Planned maintenance,SE_3,NO_1,MAW,A03,2023-04-10 06:00:00+02:00,2023-04-17 17:00:00+02:00,PT1M,1,0,no1_se3,False
2025-11-05 16:44:05+00:00,Cancelled,gHv0HM4ENB3qkqB-U_YuNg,5,Planned maintenance,DK_1,SE_3,MAW,A03,2023-04-10 06:00:00+02:00,2023-04-17 17:00:00+02:00,PT1M,1,0,se3_dk1,False
2025-11-05 16:44:05+00:00,Cancelled,ZDsgiVwuo-Hp0cGuDZrq7g,5,Planned maintenance,DK_1,SE_3,MAW,A03,2023-04-10 06:00:00+02:00,2023-04-17 17:00:00+02:00,PT1M,1,0,se3_dk1,False
2025-11-05 16:44:12+00:00,,d8zy8QX_ywc4QAWu9ekjyA,5,Planned maintenance,SE_3,FI,MAW,A03,2022-11-16 07:00:00+02:00,2022-11-16 18:11:00+02:00,PT1M,1,0,fi_se3,True
2025-11-05 16:44:12+00:00,,Lv9rOQD19ttJwZWGMqDxhw,6,Planned maintenance,SE_3,SE_2,MAW,A03,2022-11-16 06:00:00+01:00,2022-11-16 17:11:00+01:00,PT1M,1,6900,se2_se3,True
2025-11-05 16:44:12+00:00,,8XQxn5g3h73xUjAx09UuQQ,6,Planned maintenance,SE_4,SE_3,MAW,A03,2022-11-16 06:00:00+01:00,2022-11-16 17:11:00+01:00,PT1M,1,4400,se3_se4,True
2025-11-05 16:45:50+00:00,,m9I6jBVQ9H8Xf0BQclSiSw,1,Planned maintenance,SE_3,FI,MAW,A03,2022-11-30 08:00:00+02:00,2022-11-30 19:00:00+02:00,PT1M,1,400,fi_se3,True
2025-11-05 16:45:50+00:00,,p4XarfOfVDoCrWmwbzrvCQ,1,Planned maintenance,FI,SE_3,MAW,A03,2022-11-30 07:00:00+01:00,2022-11-30 18:00:00+01:00,PT1M,1,400,se3_fi,True
2025-11-05 16:46:08+00:00,,fi3O3I6FC7seCOD4MtgEKw,1,Planned maintenance,DK_1,SE_3,MAW,A03,2022-12-07 12:59:00+01:00,2022-12-07 14:00:00+01:00,PT1M,60,345,se3_dk1,True
2025-11-05 16:46:08+00:00,,tMSI4t4be-7BUIwDzu8ljA,1,Planned maintenance,DK_1,SE_3,MAW,A03,2022-12-07 12:59:00+01:00,2022-12-07 14:00:00+01:00,PT1M,60,345,se3_dk1,True
2025-11-05 16:46:08+00:00,,fi3O3I6FC7seCOD4MtgEKw,1,Planned maintenance,DK_1,SE_3,MAW,A03,2022-12-07 12:00:00+01:00,2022-12-07 12:59:00+01:00,PT1M,1,0,se3_dk1,True
2025-11-05 16:46:08+00:00,,tMSI4t4be-7BUIwDzu8ljA,1,Planned maintenance,DK_1,SE_3,MAW,A03,2022-12-07 12:00:00+01:00,2022-12-07 12:59:00+01:00,PT1M,1,0,se3_dk1,True
2025-11-05 16:46:09+00:00,,qGsM0wRcxjaUp92RdPHgrQ,1,Planned maintenance,SE_3,DK_1,MAW,A03,2022-12-07 12:00:00+01:00,2022-12-07 12:59:00+01:00,PT1M,1,0,dk1_se3,True
2025-11-05 16:46:09+00:00,,qGsM0wRcxjaUp92RdPHgrQ,1,Planned maintenance,SE_3,DK_1,MAW,A03,2022-12-07 12:59:00+01:00,2022-12-07 14:00:00+01:00,PT1M,60,345,dk1_se3,True
2025-11-05 16:46:09+00:00,,-lrdbMaPAZ-ksBEXU3b0Qw,1,Planned maintenance,SE_3,DK_1,MAW,A03,2022-12-07 12:59:00+01:00,2022-12-07 14:00:00+01:00,PT1M,60,345,dk1_se3,True
2025-11-05 16:46:09+00:00,,-lrdbMaPAZ-ksBEXU3b0Qw,1,Planned maintenance,SE_3,DK_1,MAW,A03,2022-12-07 12:00:00+01:00,2022-12-07 12:59:00+01:00,PT1M,1,0,dk1_se3,True
2025-11-05 16:46:20+00:00,Cancelled,Ue9VhqqmeazPCUjxe2svLQ,2,Planned maintenance,SE_3,SE_2,MAW,A03,2023-08-28 06:00:00+02:00,2023-09-03 17:00:00+02:00,PT1M,1,0,se2_se3,False
2025-11-05 16:46:24+00:00,Cancelled,Rfh3opSalRibEdLHdyi4_A,2,Planned maintenance,FI,SE_3,MAW,A03,2022-11-28 08:00:00+01:00,2022-11-28 17:00:00+01:00,PT1M,1,0,se3_fi,False
2025-11-05 16:50:07+00:00,Cancelled,myXlEmcydwVRJIKzI_YhCg,2,Planned maintenance,SE_4,SE_3,MAW,A03,2023-04-17 06:00:00+02:00,2023-05-08 17:00:00+02:00,PT1M,1,4800,se3_se4,False
2025-11-05 16:51:39+00:00,,e4_RIOs5NtF7JvyeJxS-VA,1,Planned maintenance,SE_3,FI,MAW,A03,2023-09-25 09:00:00+03:00,2023-09-25 17:00:00+03:00,PT1M,1,800,fi_se3,True
2025-11-05 16:51:39+00:00,,xcJ6RhiSMlOsod4mPqq1yQ,1,Planned maintenance,FI,SE_3,MAW,A03,2023-09-25 08:00:00+02:00,2023-09-25 16:00:00+02:00,PT1M,1,800,se3_fi,True
2025-11-05 16:51:43+00:00,,AY8u1-VLPQvJut6GlDq7sw,2,Planned maintenance,SE_3,FI,MAW,A03,2022-11-28 09:00:00+02:00,2022-11-28 18:00:00+02:00,PT1M,1,0,fi_se3,True
2025-11-05 16:51:44+00:00,,YMVZNYMHij3v1sLzmDxfnQ,3,Planned maintenance,SE_3,SE_2,MAW,A03,2022-11-28 08:00:00+01:00,2022-11-28 17:00:00+01:00,PT1M,1,6700,se2_se3,True
2025-11-05 16:51:44+00:00,,2lfA8Vr6B1bS0YF0uO0cGA,3,Planned maintenance,SE_4,SE_3,MAW,A03,2022-11-28 08:00:00+01:00,2022-11-28 17:00:00+01:00,PT1M,1,4900,se3_se4,True
2025-11-05 16:51:49+00:00,,uC5IjbJCa5pTKlspK7VWdA,4,Planned maintenance,NO_1,SE_3,MAW,A03,2022-11-23 06:00:00+01:00,2022-11-25 15:00:00+01:00,PT1M,1,1195,se3_no1,True
2025-11-05 16:51:49+00:00,,adVqx0qqt8ERSGLJ6a_ULg,4,Planned maintenance,SE_3,NO_1,MAW,A03,2022-11-23 06:00:00+01:00,2022-11-25 15:00:00+01:00,PT1M,1,895,no1_se3,True
2025-11-05 16:54:11+00:00,,P4ONcosGk558ckei6-Afog,1,Planned maintenance,SE_3,FI,MAW,A03,2022-12-10 08:00:00+02:00,2022-12-10 19:00:00+02:00,PT1M,1,400,fi_se3,True
2025-11-05 16:54:11+00:00,,2O1CLdUZ9_yoMiZhv-luTQ,1,Planned maintenance,FI,SE_3,MAW,A03,2022-12-10 07:00:00+01:00,2022-12-10 18:00:00+01:00,PT1M,1,400,se3_fi,True
2025-11-05 16:54:48+00:00,Cancelled,z1HmS8XDzm_y9n_drLLDHg,6,Planned maintenance,NO_1,SE_3,MAW,A03,2023-04-17 06:00:00+02:00,2023-05-10 17:00:00+02:00,PT1M,1,0,se3_no1,False
2025-11-05 16:54:48+00:00,Cancelled,tlL-QYTbyu9txeGf_rfU_Q,8,Planned maintenance,SE_3,NO_1,MAW,A03,2023-04-17 06:00:00+02:00,2023-05-10 17:00:00+02:00,PT1M,1,0,no1_se3,False
2025-11-05 16:54:49+00:00,Cancelled,8lG71-JJgfvapXWcMoPQcw,8,Planned maintenance,DK_1,SE_3,MAW,A03,2023-04-17 06:00:00+02:00,2023-05-10 17:00:00+02:00,PT1M,1,0,se3_dk1,False
2025-11-05 16:58:54+00:00,,uS3qs-bs64n7_oH57MkBxQ,1,Planned maintenance,FI,SE_3,MAW,A03,2022-12-20 09:00:00+01:00,2022-12-20 15:00:00+01:00,PT1M,1,800,se3_fi,True
2025-11-05 16:58:54+00:00,,-qg-6iUmQg3uaq3RO0ssxw,1,Planned maintenance,SE_3,FI,MAW,A03,2022-12-20 10:00:00+02:00,2022-12-20 16:00:00+02:00,PT1M,1,800,fi_se3,True
2025-11-05 17:06:30+00:00,Cancelled,P8pv8QHUSajFRpAT4gNYqw,4,Planned maintenance,SE_4,SE_3,MAW,A03,2023-05-10 06:00:00+02:00,2023-05-14 17:00:00+02:00,PT1M,1,0,se3_se4,False
2025-11-05 17:06:31+00:00,Cancelled,GwNlxo6lQxYvkOMGI-WbdQ,2,Planned maintenance,SE_4,SE_3,MAW,A03,2023-05-15 06:00:00+02:00,2023-05-28 17:00:00+02:00,PT1M,1,0,se3_se4,False
2025-11-05 17:06:31+00:00,Cancelled,gRCcXRPk3vtPrDBGXbmdEQ,2,Planned maintenance,SE_4,SE_3,MAW,A03,2023-05-15 06:00:00+02:00,2023-05-28 17:00:00+02:00,PT1M,1,0,se3_se4,False
2025-11-05 17:46:44+00:00,,-ETIS0TdwNzNAQEoZC9vZA,1,Planned maintenance,SE_3,SE_2,MAW,A03,2022-12-20 08:00:00+01:00,2022-12-20 16:00:00+01:00,PT1M,1,6700,se2_se3,True
2025-11-05 17:46:44+00:00,,dp6kcZb0ewYMR22N-i4fFA,1,Planned maintenance,SE_3,FI,MAW,A03,2022-12-20 09:00:00+02:00,2022-12-20 17:00:00+02:00,PT1M,1,0,fi_se3,True
2025-11-05 17:46:44+00:00,,iBoZZGkDWelPlVvvtkbElg,1,Planned maintenance,SE_4,SE_3,MAW,A03,2022-12-20 08:00:00+01:00,2022-12-20 16:00:00+01:00,PT1M,1,4800,se3_se4,True
2025-11-05 17:46:45+00:00,,NeUS5KqagyqG52BPUESgzQ,1,Planned maintenance,SE_4,SE_3,MAW,A03,2022-12-21 08:00:00+01:00,2022-12-21 16:00:00+01:00,PT1M,1,4800,se3_se4,True
2025-11-05 17:46:45+00:00,,frNLr-CUHjewvBJUUQkasg,1,Planned maintenance,SE_3,FI,MAW,A03,2022-12-21 09:00:00+02:00,2022-12-21 17:00:00+02:00,PT1M,1,0,fi_se3,True
2025-11-05 17:46:45+00:00,,nCz2-ydVi34GeB4_MCeTUg,1,Planned maintenance,SE_3,SE_2,MAW,A03,2022-12-21 08:00:00+01:00,2022-12-21 16:00:00+01:00,PT1M,1,6700,se2_se3,True
2025-11-05 17:55:43+00:00,Cancelled,oGEb5_-uQAVKOsyDEht8yA,2,Planned maintenance,SE_3,DK_1,MAW,A03,2023-08-17 06:00:00+02:00,2023-08-17 17:00:00+02:00,PT1M,1,0,dk1_se3,False
2025-11-05 17:55:43+00:00,Cancelled,BZ6T8Ej_6VLvK1YLaE1E_w,2,Planned maintenance,SE_3,DK_1,MAW,A03,2023-08-17 06:00:00+02:00,2023-08-17 17:00:00+02:00,PT1M,1,0,dk1_se3,False
2025-11-05 18:04:22+00:00,,j3YK93INwjwfoovnMyGyiQ,1,Planned maintenance,SE_3,NO_1,MAW,A03,2023-05-09 06:00:00+02:00,2023-05-10 16:00:00+02:00,PT1M,1,1845,no1_se3,True
2025-11-05 18:04:22+00:00,Cancelled,wuiarKEk7P2jvB3FDk4SVQ,2,Planned maintenance,SE_3,NO_1,MAW,A03,2023-05-09 06:00:00+02:00,2023-05-10 16:00:00+02:00,PT1M,1,1845,no1_se3,False
2025-11-05 18:04:41+00:00,,-hNu0Z7WDuoQVCaBmV-F1A,1,Planned maintenance,DK_1,SE_3,MAW,A03,2022-12-20 20:00:00+01:00,2022-12-20 21:00:00+01:00,PT1M,1,345,se3_dk1,True
2025-11-05 18:04:41+00:00,,fVmciTOdeil6s8veXxt3EA,1,Planned maintenance,SE_3,DK_1,MAW,A03,2022-12-20 20:00:00+01:00,2022-12-20 21:00:00+01:00,PT1M,1,345,dk1_se3,True
2025-11-05 18:09:02+00:00,,wwRRIqa3ODxuQuwrfO9vnw,2,Planned maintenance,FI,SE_3,MAW,A03,2022-12-21 07:00:00+01:00,2022-12-21 15:53:00+01:00,PT1M,1,400,se3_fi,True
2025-11-05 18:09:02+00:00,,--Du1K8FlJD9kDA01wchBA,2,Planned maintenance,SE_3,FI,MAW,A03,2022-12-21 08:00:00+02:00,2022-12-21 16:53:00+02:00,PT1M,1,400,fi_se3,True
2025-11-05 18:52:57+00:00,,fnN2C-fjoLGtD-HwHBzoXA,2,Planned maintenance,NO_1,SE_3,MAW,A03,2023-11-13 06:00:00+01:00,2023-11-22 16:00:00+01:00,PT1M,1,1895,se3_no1,True
2025-11-05 18:52:57+00:00,,BW_Hdw1VqWxZtKX9y2NYeg,2,Planned maintenance,SE_3,NO_1,MAW,A03,2023-11-13 06:00:00+01:00,2023-11-22 16:00:00+01:00,PT1M,1,1945,no1_se3,True
2025-11-05 18:57:43+00:00,,-U5BTN67whM_VcjmgSWymA,1,Planned maintenance,NO_1,SE_3,MAW,A03,2023-10-16 07:00:00+02:00,2023-10-20 16:00:00+02:00,PT1M,1,1895,se3_no1,True
2025-11-05 18:57:43+00:00,,tLdfJntUxUEnRHyTY0CJ-w,1,Planned maintenance,SE_3,NO_1,MAW,A03,2023-10-16 07:00:00+02:00,2023-10-20 16:00:00+02:00,PT1M,1,1945,no1_se3,True
2025-11-05 18:57:51+00:00,,eeKpd9FH5ouAx2-QUJt2VQ,1,Planned maintenance,NO_1,SE_3,MAW,A03,2023-01-12 08:00:00+01:00,2023-01-12 14:00:00+01:00,PT1M,1,1000,se3_no1,True
2025-11-05 18:58:36+00:00,Cancelled,tnyZ2DiaGSdkM2M3kmly_A,6,Planned maintenance,SE_3,SE_2,MAW,A03,2023-07-17 06:00:00+02:00,2023-07-18 17:00:00+02:00,PT1M,1,5200,se2_se3,False
2025-11-05 18:58:36+00:00,Cancelled,vjxyy7XeKUoIZFUSuXKZdQ,6,Planned maintenance,SE_4,SE_3,MAW,A03,2023-07-17 06:00:00+02:00,2023-07-18 17:00:00+02:00,PT1M,1,3900,se3_se4,False
2025-11-05 18:58:36+00:00,Cancelled,Bh2QtDi4cw5NTqt5CYE3xQ,6,Planned maintenance,SE_3,FI,MAW,A03,2023-07-17 07:00:00+03:00,2023-07-18 18:00:00+03:00,PT1M,1,0,fi_se3,False
2025-11-05 18:59:29+00:00,,wbhOq2oE7aUPIiqwW95K4Q,1,Planned maintenance,SE_4,SE_3,MAW,A03,2023-01-11 07:00:00+01:00,2023-01-12 17:00:00+01:00,PT1M,1,5400,se3_se4,True
2025-11-05 18:59:30+00:00,,yFje5G86gK-onC5i-z63dg,1,Planned maintenance,SE_3,SE_4,MAW,A03,2023-01-11 07:00:00+01:00,2023-01-12 17:00:00+01:00,PT1M,1,2000,se4_se3,True
2025-11-05 19:10:24+00:00,,5G1jz8MPNiVl47-y5IwvIg,3,Unplanned outage,SE_4,SE_3,MAW,A03,2023-01-02 17:00:00+01:00,2023-01-12 15:10:00+01:00,PT1M,1,5800,se3_se4,True
2025-11-05 19:10:24+00:00,,mqK7FiJPWwJwltLuAjjyKA,3,Unplanned outage,SE_3,SE_4,MAW,A03,2023-01-02 17:00:00+01:00,2023-01-12 15:10:00+01:00,PT1M,1,2400,se4_se3,True
2025-11-05 19:40:35+00:00,,X0hBQl6-M4B0HOzWKfOj-g,1,Planned maintenance,SE_3,FI,MAW,A03,2023-01-24 13:00:00+02:00,2023-01-24 15:00:00+02:00,PT1M,1,400,fi_se3,True
2025-11-05 19:40:35+00:00,,9um2-jElUY6f0u6m3pC2zA,1,Planned maintenance,FI,SE_3,MAW,A03,2023-01-24 12:00:00+01:00,2023-01-24 14:00:00+01:00,PT1M,1,400,se3_fi,True
2025-11-05 19:45:53+00:00,,WrhAy-J4ORTlBZxQed5YUQ,1,Planned maintenance,SE_3,DK_1,MAW,A03,2023-03-31 06:00:00+02:00,2023-03-31 17:00:00+02:00,PT1M,1,700,dk1_se3,True
2025-11-05 19:45:53+00:00,,C5wbOpppUhgnJPvEvP77cA,1,Planned maintenance,DK_1,SE_3,MAW,A03,2023-03-31 06:00:00+02:00,2023-03-31 17:00:00+02:00,PT1M,1,680,se3_dk1,True
2025-11-05 19:45:53+00:00,,NdNetKurnCegO0vNjJFB8g,1,Planned maintenance,DK_1,SE_3,MAW,A03,2023-03-13 06:00:00+01:00,2023-03-13 17:00:00+01:00,PT1M,1,680,se3_dk1,True
2025-11-05 19:45:53+00:00,,dJOQm19ZYNONKjTOv-t1MA,1,Planned maintenance,SE_3,DK_1,MAW,A03,2023-03-13 06:00:00+01:00,2023-03-13 17:00:00+01:00,PT1M,1,700,dk1_se3,True
2025-11-05 19:46:02+00:00,,lFKHQ5DtoHIPFO1hPSfvKg,1,Planned maintenance,DK_1,SE_3,MAW,A03,2023-03-06 06:00:00+01:00,2023-03-06 17:00:00+01:00,PT1M,1,684,se3_dk1,True
2025-11-05 19:46:02+00:00,,SEzOGtT5Jf6TxzDk23f0qA,1,Planned maintenance,SE_3,DK_1,MAW,A03,2023-03-06 06:00:00+01:00,2023-03-06 17:00:00+01:00,PT1M,1,700,dk1_se3,True
2025-11-05 19:46:33+00:00,,XZSabqr33IKnbIPTRid4GA,1,Planned maintenance,DK_1,SE_3,MAW,A03,2023-03-23 06:00:00+01:00,2023-03-23 17:00:00+01:00,PT1M,1,684,se3_dk1,True
2025-11-05 19:46:33+00:00,,V8jzShqXtvhbATHGsbjkBQ,1,Planned maintenance,SE_3,DK_1,MAW,A03,2023-03-23 06:00:00+01:00,2023-03-23 17:00:00+01:00,PT1M,1,700,dk1_se3,True
2025-11-05 20:44:37+00:00,Cancelled,Dtu6-a099bleEGAeRWC1SQ,2,Planned maintenance,SE_3,FI,MAW,A03,2023-04-03 07:00:00+03:00,2023-05-21 18:00:00+03:00,PT1M,1,0,fi_se3,False
2025-11-05 20:44:37+00:00,Cancelled,KxKmhiCM2ETxtDozUllGaA,2,Planned maintenance,SE_4,SE_3,MAW,A03,2023-04-03 06:00:00+02:00,2023-05-21 17:00:00+02:00,PT1M,1,0,se3_se4,False
2025-11-05 20:44:37+00:00,Cancelled,rPzaeK0Xv3a0hEZKqYDbeQ,2,Planned maintenance,SE_4,SE_3,MAW,A03,2023-04-03 06:00:00+02:00,2023-05-21 17:00:00+02:00,PT1M,1,0,se3_se4,False
2025-11-05 20:44:37+00:00,Cancelled,S_HlfHM4I3JXxWPkJvWxsw,2,Planned maintenance,SE_3,FI,MAW,A03,2023-04-03 07:00:00+03:00,2023-05-21 18:00:00+03:00,PT1M,1,0,fi_se3,False
2025-11-05 21:07:34+00:00,Cancelled,1u9BiQD4mk-niycCuNOYBA,2,Planned maintenance,SE_3,SE_2,MAW,A03,2023-05-23 16:59:00+02:00,2023-06-26 06:00:00+02:00,PT1M,15060,6300,se2_se3,False
2025-11-05 21:07:34+00:00,Cancelled,1u9BiQD4mk-niycCuNOYBA,2,Planned maintenance,SE_3,SE_2,MAW,A03,2023-05-13 06:00:00+02:00,2023-05-23 16:59:00+02:00,PT1M,1,5000,se2_se3,False
2025-11-05 21:07:34+00:00,Cancelled,4tF7rLaofbqcC4iUr1o3Bw,2,Planned maintenance,SE_3,SE_2,MAW,A03,2023-05-13 06:00:00+02:00,2023-05-23 16:59:00+02:00,PT1M,1,5000,se2_se3,False
2025-11-05 21:07:34+00:00,Cancelled,4tF7rLaofbqcC4iUr1o3Bw,2,Planned maintenance,SE_3,SE_2,MAW,A03,2023-05-23 16:59:00+02:00,2023-06-26 06:00:00+02:00,PT1M,15060,6300,se2_se3,False
2025-11-05 21:07:39+00:00,Cancelled,ooWhSCtuBAHhl2qImT6X1w,2,Planned maintenance,SE_3,SE_2,MAW,A03,2023-06-26 06:00:00+02:00,2023-06-30 17:00:00+02:00,PT1M,1,5700,se2_se3,False
2025-11-05 21:07:39+00:00,Cancelled,nuSFZ19at8S4_0NcRNyONQ,2,Planned maintenance,SE_3,FI,MAW,A03,2023-06-26 07:00:00+03:00,2023-06-30 18:00:00+03:00,PT1M,1,0,fi_se3,False
2025-11-05 21:07:39+00:00,Cancelled,AeaNstRVYH_HpU3tlnl_og,2,Planned maintenance,SE_3,FI,MAW,A03,2023-06-26 07:00:00+03:00,2023-06-30 18:00:00+03:00,PT1M,1,0,fi_se3,False
2025-11-05 21:07:39+00:00,Cancelled,qbttRmlvORrQfcW3fjXBlw,2,Planned maintenance,SE_4,SE_3,MAW,A03,2023-06-26 06:00:00+02:00,2023-06-30 17:00:00+02:00,PT1M,1,3900,se3_se4,False
2025-11-05 21:07:39+00:00,Cancelled,K3Ig8YuTomt7WA1U6r-caQ,2,Planned maintenance,SE_3,SE_2,MAW,A03,2023-06-26 06:00:00+02:00,2023-06-30 17:00:00+02:00,PT1M,1,5700,se2_se3,False
2025-11-05 21:07:40+00:00,Cancelled,IOmfZ_nI5fKL29SXuKWXTQ,2,Planned maintenance,SE_4,SE_3,MAW,A03,2023-06-26 06:00:00+02:00,2023-06-30 17:00:00+02:00,PT1M,1,3900,se3_se4,False
2025-11-05 21:29:26+00:00,,tlIiRtL3ouy0KNkRIqVwRQ,1,Planned maintenance,SE_3,NO_1,MAW,A03,2023-10-09 06:00:00+02:00,2023-10-13 16:00:00+02:00,PT1M,1,1845,no1_se3,True
2025-11-05 21:46:40+00:00,,FF9XmhNL8ElFWzH5LzGwBA,1,Planned maintenance,SE_4,SE_3,MAW,A03,2023-02-22 07:00:00+01:00,2023-02-22 17:00:00+01:00,PT1M,1,5800,se3_se4,True
2025-11-05 21:46:40+00:00,,NiqrZT8elH_VbePXJpYlnw,1,Planned maintenance,SE_3,SE_4,MAW,A03,2023-02-22 06:00:00+01:00,2023-02-22 17:00:00+01:00,PT1M,1,2400,se4_se3,True
2025-11-05 22:10:42+00:00,Cancelled,bk5KkEDi9IUxCOrbD-_Pkw,2,Planned maintenance,SE_3,SE_2,MAW,A03,2023-04-13 06:00:00+02:00,2023-04-13 17:00:00+02:00,PT1M,1,0,se2_se3,False
2025-11-05 22:10:42+00:00,Cancelled,AXioljw3_t4I6_Gep_kc4A,2,Planned maintenance,DK_1,SE_3,MAW,A03,2023-04-13 06:00:00+02:00,2023-04-13 17:00:00+02:00,PT1M,1,0,se3_dk1,False
2025-11-05 22:10:42+00:00,,MP2HXLuDDg6HDRRn051Vew,2,Planned maintenance,SE_3,NO_1,MAW,A03,2023-04-13 06:00:00+02:00,2023-04-13 17:00:00+02:00,PT1M,1,2000,no1_se3,True
2025-11-05 22:10:42+00:00,Cancelled,b6ShbNOlO4R-SykErNc8hw,2,Planned maintenance,SE_4,SE_3,MAW,A03,2023-04-13 06:00:00+02:00,2023-04-13 17:00:00+02:00,PT1M,1,0,se3_se4,False
2025-11-05 22:50:07+00:00,,5nOYs6Kw8mnh1Q1eTawsmw,1,Planned maintenance,DK_1,SE_3,MAW,A03,2023-03-06 10:00:00+01:00,2023-03-06 13:00:00+01:00,PT1M,1,345,se3_dk1,True
2025-11-05 22:50:07+00:00,,bNPzySz6qaoMR_HwGtnbdw,1,Planned maintenance,SE_3,DK_1,MAW,A03,2023-03-06 10:00:00+01:00,2023-03-06 13:00:00+01:00,PT1M,1,345,dk1_se3,True
2025-11-05 23:07:12+00:00,,GqePpK0jNv9GBygXdLn0fA,2,Planned maintenance,SE_3,FI,MAW,A03,2023-03-06 07:00:00+02:00,2023-03-10 18:00:00+02:00,PT1M,1,500,fi_se3,True
2025-11-05 23:07:12+00:00,,Mda-R5HuEC93PQrSZv7JFg,2,Planned maintenance,SE_3,SE_2,MAW,A03,2023-03-06 06:00:00+01:00,2023-03-10 17:00:00+01:00,PT1M,1,5700,se2_se3,True
2025-11-05 23:36:51+00:00,Cancelled,00QXwlO4N7LJI8lc6NJGSg,3,Planned maintenance,NO_1,SE_3,MAW,A03,2023-03-06 06:00:00+01:00,2023-03-10 17:00:00+01:00,PT1M,1,0,se3_no1,False
2025-11-05 23:36:53+00:00,,jSZCSTel2DhPzNEgSe40Gg,3,Planned maintenance,SE_3,FI,MAW,A03,2023-03-03 20:00:00+02:00,2023-03-13 00:59:00+02:00,PT1M,1,200,fi_se3,True
2025-11-05 23:36:54+00:00,,VlfswhB4FyaL2ntsPGVYvA,3,Planned maintenance,SE_3,NO_1,MAW,A03,2023-03-03 19:00:00+01:00,2023-03-12 23:59:00+01:00,PT1M,1,1100,no1_se3,True
2025-11-05 23:36:54+00:00,,a3m34KDMgWoWQgs4x4xY9w,3,Planned maintenance,SE_3,NO_1,MAW,A03,2023-03-03 19:00:00+01:00,2023-03-12 23:59:00+01:00,PT1M,1,1100,no1_se3,True
2025-11-05 23:36:54+00:00,,NnjbNjoUz4W02x6RH98EdQ,3,Planned maintenance,SE_4,SE_3,MAW,A03,2023-03-03 19:00:00+01:00,2023-03-12 23:59:00+01:00,PT1M,1,4100,se3_se4,True
2025-11-05 23:36:54+00:00,,zJhXHTdJ3Oq8FyKxiPyxbA,3,Planned maintenance,SE_3,SE_2,MAW,A03,2023-03-03 19:00:00+01:00,2023-03-12 23:59:00+01:00,PT1M,1,6300,se2_se3,True
2025-11-05 23:42:22+00:00,Cancelled,mMqJc2p4P9KXXXwB5ctpCA,2,Planned maintenance,SE_3,SE_2,MAW,A03,2023-03-21 06:00:00+01:00,2023-03-21 17:00:00+01:00,PT1M,1,6000,se2_se3,False
2025-11-06 00:56:17+00:00,,4Xy0hhdqkcpcr2WFz9DpkQ,2,Unplanned outage,SE_3,SE_2,MAW,A03,2023-03-14 18:00:00+01:00,2023-03-15 17:00:00+01:00,PT1M,1,6700,se2_se3,True
2025-11-06 00:56:17+00:00,,oXx-cR_Lmn3twlT-5YKkIg,2,Unplanned outage,SE_4,SE_3,MAW,A03,2023-03-14 18:00:00+01:00,2023-03-15 17:00:00+01:00,PT1M,1,4400,se3_se4,True
2025-11-06 00:56:17+00:00,,TCOr0SFYTUbT432wvgjeTQ,3,Unplanned outage,SE_3,SE_4,MAW,A03,2023-03-14 18:00:00+01:00,2023-03-15 17:00:00+01:00,PT1M,1,2500,se4_se3,True
2025-11-06 00:56:19+00:00,,v3UQJeRPSrDqXnNvhremzQ,3,Planned maintenance,DK_1,SE_3,MAW,A03,2023-03-15 06:00:00+01:00,2023-03-15 16:25:00+01:00,PT1M,1,684,se3_dk1,True
2025-11-06 00:56:19+00:00,,C-g00GBTT813cSkyScFGkw,3,Planned maintenance,SE_3,DK_1,MAW,A03,2023-03-15 06:00:00+01:00,2023-03-15 16:25:00+01:00,PT1M,1,700,dk1_se3,True
2025-11-06 01:02:01+00:00,,75LWGOmwMQ7tqH7qr4pzKg,1,Planned maintenance,SE_3,NO_1,MAW,A03,2023-05-03 06:00:00+02:00,2023-05-04 16:00:00+02:00,PT1M,1,1845,no1_se3,True
2025-11-06 01:08:21+00:00,,K_RccJTrWt6PepfkOcgdfA,4,Planned maintenance,SE_4,SE_3,MAW,A03,2023-03-27 06:00:00+02:00,2023-03-27 17:00:00+02:00,PT1M,1,4900,se3_se4,True
2025-11-06 01:30:37+00:00,Cancelled,nzwA-33jsmA3mg8k8TPPPg,2,Planned maintenance,NO_1,SE_3,MAW,A03,2023-03-30 06:00:00+02:00,2023-03-31 17:00:00+02:00,PT1M,1,350,se3_no1,False
2025-11-06 01:30:37+00:00,Cancelled,rHVnH5S89m_GFW4dIglexA,2,Planned maintenance,NO_1,SE_3,MAW,A03,2023-03-30 06:00:00+02:00,2023-03-31 17:00:00+02:00,PT1M,1,350,se3_no1,False
2025-11-06 01:30:44+00:00,Cancelled,jdvFNKCFwWqDma7ELR6nLA,3,Planned maintenance,SE_4,SE_3,MAW,A03,2023-04-04 06:00:00+02:00,2023-04-04 17:00:00+02:00,PT1M,1,5100,se3_se4,False
2025-11-06 01:30:44+00:00,Cancelled,tCUKj8a2XNmGJDZ6DYjasg,3,Planned maintenance,SE_4,SE_3,MAW,A03,2023-04-04 06:00:00+02:00,2023-04-04 17:00:00+02:00,PT1M,1,5100,se3_se4,False
2025-11-06 01:30:44+00:00,Cancelled,Y5CjIjMb9hl8Vo_0AiyXcg,3,Planned maintenance,SE_4,SE_3,MAW,A03,2023-04-04 06:00:00+02:00,2023-04-04 17:00:00+02:00,PT1M,1,5100,se3_se4,False
2025-11-06 01:36:33+00:00,,0GQC0m_4vSjqRAuu_6HauQ,27,Planned maintenance,SE_4,SE_3,MAW,A03,2023-03-03 18:59:00+01:00,2023-03-12 23:58:00+01:00,PT1M,295860,4100,se3_se4,True
2025-11-06 01:36:33+00:00,,0GQC0m_4vSjqRAuu_6HauQ,27,Planned maintenance,SE_4,SE_3,MAW,A03,2022-08-10 09:00:00+02:00,2022-12-10 03:59:00+01:00,PT1M,1,4000,se3_se4,True
2025-11-06 01:36:33+00:00,,0GQC0m_4vSjqRAuu_6HauQ,27,Planned maintenance,SE_4,SE_3,MAW,A03,2023-03-12 23:58:00+01:00,2023-03-26 23:59:00+02:00,PT1M,309119,4800,se3_se4,True
2025-11-06 01:36:33+00:00,,0GQC0m_4vSjqRAuu_6HauQ,27,Planned maintenance,SE_4,SE_3,MAW,A03,2022-12-18 23:59:00+01:00,2023-03-03 18:59:00+01:00,PT1M,188160,4800,se3_se4,True
2025-11-06 01:36:33+00:00,,0GQC0m_4vSjqRAuu_6HauQ,27,Planned maintenance,SE_4,SE_3,MAW,A03,2022-12-12 18:59:00+01:00,2022-12-18 15:59:00+01:00,PT1M,179220,3400,se3_se4,True
2025-11-06 01:36:33+00:00,,0GQC0m_4vSjqRAuu_6HauQ,27,Planned maintenance,SE_4,SE_3,MAW,A03,2022-12-10 03:59:00+01:00,2022-12-11 23:58:00+01:00,PT1M,175440,3500,se3_se4,True
2025-11-06 01:36:33+00:00,,0GQC0m_4vSjqRAuu_6HauQ,27,Planned maintenance,SE_4,SE_3,MAW,A03,2022-12-18 15:59:00+01:00,2022-12-18 23:59:00+01:00,PT1M,187680,4000,se3_se4,True
2025-11-06 01:36:33+00:00,,0GQC0m_4vSjqRAuu_6HauQ,27,Planned maintenance,SE_4,SE_3,MAW,A03,2022-12-11 23:58:00+01:00,2022-12-12 18:59:00+01:00,PT1M,178079,4000,se3_se4,True
2025-11-06 01:36:33+00:00,,gbXBT5Z-zF0wsCnfXdEE5A,29,Planned maintenance,SE_3,FI,MAW,A03,2023-03-03 19:59:00+02:00,2023-03-13 00:58:00+02:00,PT1M,295860,200,fi_se3,True
2025-11-06 01:36:33+00:00,,2xreN0xHe2CQmkiIKuY5rA,17,Planned maintenance,SE_3,NO_1,MAW,A03,2022-08-10 09:00:00+02:00,2022-12-11 23:59:00+01:00,PT1M,1,1200,no1_se3,True
2025-11-06 01:36:33+00:00,,OROcH5GaHXRTq1-k3knOHg,27,Planned maintenance,SE_3,SE_2,MAW,A03,2022-12-18 23:59:00+01:00,2023-03-03 18:59:00+01:00,PT1M,188160,6800,se2_se3,True
2025-11-06 01:36:33+00:00,,gbXBT5Z-zF0wsCnfXdEE5A,29,Planned maintenance,SE_3,FI,MAW,A03,2023-03-13 00:58:00+02:00,2023-03-27 00:59:00+03:00,PT1M,309119,300,fi_se3,True
2025-11-06 01:36:33+00:00,,gbXBT5Z-zF0wsCnfXdEE5A,29,Planned maintenance,SE_3,FI,MAW,A03,2023-02-26 00:58:00+02:00,2023-03-03 19:59:00+02:00,PT1M,287519,300,fi_se3,True
2025-11-06 01:36:33+00:00,,gbXBT5Z-zF0wsCnfXdEE5A,29,Planned maintenance,SE_3,FI,MAW,A03,2022-12-18 16:59:00+02:00,2023-02-26 00:58:00+02:00,PT1M,187680,150,fi_se3,True
2025-11-06 01:36:33+00:00,,OROcH5GaHXRTq1-k3knOHg,27,Planned maintenance,SE_3,SE_2,MAW,A03,2023-03-03 18:59:00+01:00,2023-03-12 23:58:00+01:00,PT1M,295860,6300,se2_se3,True
2025-11-06 01:36:33+00:00,,gbXBT5Z-zF0wsCnfXdEE5A,29,Planned maintenance,SE_3,FI,MAW,A03,2022-08-10 10:00:00+03:00,2022-12-09 21:59:00+02:00,PT1M,1,150,fi_se3,True
2025-11-06 01:36:33+00:00,,gbXBT5Z-zF0wsCnfXdEE5A,29,Planned maintenance,SE_3,FI,MAW,A03,2022-12-09 21:59:00+02:00,2022-12-18 16:59:00+02:00,PT1M,175020,0,fi_se3,True
2025-11-06 01:36:33+00:00,,OROcH5GaHXRTq1-k3knOHg,27,Planned maintenance,SE_3,SE_2,MAW,A03,2022-08-10 09:00:00+02:00,2022-12-18 23:59:00+01:00,PT1M,1,6200,se2_se3,True
2025-11-06 01:36:33+00:00,,OROcH5GaHXRTq1-k3knOHg,27,Planned maintenance,SE_3,SE_2,MAW,A03,2023-03-12 23:58:00+01:00,2023-03-26 23:59:00+02:00,PT1M,309119,6800,se2_se3,True
2025-11-06 01:36:37+00:00,,MPC-ZZNNNBO65RQ5ZeCzwQ,2,Planned maintenance,SE_3,DK_1,MAW,A03,2023-05-02 07:00:00+02:00,2023-05-04 16:00:00+02:00,PT1M,1,700,dk1_se3,True
2025-11-06 01:36:37+00:00,,gOUm0EQ5FksE3ezJOj2fYQ,1,Planned maintenance,DK_1,SE_3,MAW,A03,2023-05-02 07:00:00+02:00,2023-05-04 16:00:00+02:00,PT1M,1,684,se3_dk1,True
2025-11-06 01:36:37+00:00,,YkcSAOppFAAbaLPBjuZQzQ,1,Planned maintenance,DK_1,SE_3,MAW,A03,2023-05-10 06:00:00+02:00,2023-05-10 18:00:00+02:00,PT1M,1,684,se3_dk1,True
2025-11-06 01:36:37+00:00,,_LvvJj2wL65K3Kcbl3tNnw,1,Planned maintenance,SE_3,DK_1,MAW,A03,2023-05-10 06:00:00+02:00,2023-05-10 18:00:00+02:00,PT1M,1,700,dk1_se3,True
2025-11-06 01:36:38+00:00,Cancelled,b1DRR521a_xdCOBhM9MIHA,2,Planned maintenance,DK_1,SE_3,MAW,A03,2023-05-08 07:00:00+02:00,2023-05-08 16:00:00+02:00,PT1M,1,0,se3_dk1,False
2025-11-06 01:36:38+00:00,Cancelled,bjcGC1hH6vUwSLILGM-iKA,2,Planned maintenance,SE_3,DK_1,MAW,A03,2023-05-08 07:00:00+02:00,2023-05-08 16:00:00+02:00,PT1M,1,0,dk1_se3,False
2025-11-06 01:36:51+00:00,,4rCsUVigSftBC5IPZeAakg,5,Planned maintenance,DK_1,SE_3,MAW,A03,2023-03-01 06:00:00+01:00,2023-03-23 14:00:00+01:00,PT1M,1,0,se3_dk1,True
2025-11-06 01:42:37+00:00,,wC0on9lBN2ozWQxaLjcJOA,1,Planned maintenance,DK_1,SE_3,MAW,A03,2023-06-14 07:00:00+02:00,2023-06-14 23:00:00+02:00,PT1M,1,0,se3_dk1,True
2025-11-06 01:42:37+00:00,,4y4tR19mbGymKRK5s5KLRQ,1,Planned maintenance,SE_3,DK_1,MAW,A03,2023-06-14 07:00:00+02:00,2023-06-14 23:00:00+02:00,PT1M,1,0,dk1_se3,True
2025-11-06 01:42:42+00:00,,F3girp-JlopLCR7uqmVhGg,4,Planned maintenance,SE_3,SE_2,MAW,A03,2023-03-29 06:00:00+02:00,2023-03-29 19:00:00+02:00,PT1M,1,6300,se2_se3,True
2025-11-06 01:42:42+00:00,,Zp-qkSwVv7TD0KeExyhDxw,2,Planned maintenance,SE_3,SE_2,MAW,A03,2023-03-29 06:00:00+02:00,2023-03-29 19:00:00+02:00,PT1M,1,6300,se2_se3,True
2025-11-06 01:42:42+00:00,,G3BloobIHGoJylojNQRBjw,4,Planned maintenance,SE_3,SE_2,MAW,A03,2023-03-28 06:00:00+02:00,2023-03-28 19:00:00+02:00,PT1M,1,6300,se2_se3,True
2025-11-06 01:42:42+00:00,,o7whPklK4TOWup1bs8d3iQ,3,Planned maintenance,SE_3,FI,MAW,A03,2023-03-28 07:00:00+03:00,2023-03-28 20:00:00+03:00,PT1M,1,300,fi_se3,True
2025-11-06 01:42:42+00:00,,1xq1xM8GOy-X5yBRbuqqVA,3,Planned maintenance,SE_3,FI,MAW,A03,2023-03-29 07:00:00+03:00,2023-03-29 20:00:00+03:00,PT1M,1,300,fi_se3,True
2025-11-06 01:42:42+00:00,,JFzOXumZq-sEZ9DfnUjFmA,2,Planned maintenance,SE_3,FI,MAW,A03,2023-03-29 07:00:00+03:00,2023-03-29 20:00:00+03:00,PT1M,1,300,fi_se3,True
2025-11-06 01:42:52+00:00,Cancelled,6gSwBEfuJqY4CRSev4SYHw,2,Planned maintenance,SE_3,NO_1,MAW,A03,2023-10-23 06:00:00+02:00,2023-10-26 17:00:00+02:00,PT1M,1,0,no1_se3,False
2025-11-06 01:48:29+00:00,,_ad17EpaskkNSfybd9DEIg,2,Planned maintenance,SE_3,FI,MAW,A03,2023-03-20 07:00:00+02:00,2023-03-23 22:48:00+02:00,PT1M,1,300,fi_se3,True
2025-11-06 01:48:30+00:00,,dgC8dap4Ivkocglvr17ttg,2,Planned maintenance,SE_3,SE_2,MAW,A03,2023-03-20 06:00:00+01:00,2023-03-23 21:48:00+01:00,PT1M,1,6000,se2_se3,True
2025-11-06 01:48:30+00:00,,IPikpe41f9TtRoZ04ifUbg,2,Planned maintenance,SE_4,SE_3,MAW,A03,2023-03-20 06:00:00+01:00,2023-03-23 21:48:00+01:00,PT1M,1,4400,se3_se4,True
2025-11-06 01:48:46+00:00,Cancelled,DRQOXbZcyBM9goJm7PoKRg,4,Planned maintenance,SE_3,NO_1,MAW,A03,2023-03-31 10:00:00+02:00,2023-03-31 16:00:00+02:00,PT1M,1,300,no1_se3,False
2025-11-06 01:48:46+00:00,Cancelled,wxGoB2K41l3maVogHu89Pg,5,Planned maintenance,SE_3,NO_1,MAW,A03,2023-03-30 06:00:00+02:00,2023-03-30 18:00:00+02:00,PT1M,1,300,no1_se3,False
2025-11-06 01:48:46+00:00,Cancelled,5RRVDeGSoXpyxFGcYn8AIQ,6,Planned maintenance,DK_1,SE_3,MAW,A03,2023-03-31 10:00:00+02:00,2023-03-31 16:00:00+02:00,PT1M,1,0,se3_dk1,False
2025-11-06 01:48:46+00:00,Cancelled,HbPZGhuXEBwZtvdojrksdw,7,Planned maintenance,SE_4,SE_3,MAW,A03,2023-03-30 06:00:00+02:00,2023-03-30 18:00:00+02:00,PT1M,1,3900,se3_se4,False
2025-11-06 01:48:46+00:00,Cancelled,btIw4O8XG-hIA0aenxJjAw,7,Planned maintenance,SE_3,SE_2,MAW,A03,2023-03-30 06:00:00+02:00,2023-03-30 18:00:00+02:00,PT1M,1,5800,se2_se3,False
2025-11-06 01:48:46+00:00,Cancelled,RqbJOIW5V946n6k3pThEKQ,6,Planned maintenance,SE_4,SE_3,MAW,A03,2023-03-31 10:00:00+02:00,2023-03-31 16:00:00+02:00,PT1M,1,3900,se3_se4,False
2025-11-06 01:48:46+00:00,Cancelled,hou31IJ6Hvd3OgNmO4PnmA,6,Planned maintenance,SE_3,SE_2,MAW,A03,2023-03-31 10:00:00+02:00,2023-03-31 16:00:00+02:00,PT1M,1,5800,se2_se3,False
2025-11-06 01:48:46+00:00,Cancelled,vbbrwC__XBwKT7QCVSTouw,7,Planned maintenance,DK_1,SE_3,MAW,A03,2023-03-30 06:00:00+02:00,2023-03-30 18:00:00+02:00,PT1M,1,0,se3_dk1,False
2025-11-06 01:48:51+00:00,,IMoLqql9SyV5OdG9bU-uew,4,Planned maintenance,SE_3,SE_2,MAW,A03,2023-03-28 06:00:00+02:00,2023-03-29 18:00:00+02:00,PT1M,1,6000,se2_se3,True
2025-11-06 01:48:51+00:00,,WEpQGJtwVfb-tmZ4Xzfgnw,4,Planned maintenance,SE_4,SE_3,MAW,A03,2023-03-28 06:00:00+02:00,2023-03-29 18:00:00+02:00,PT1M,1,3400,se3_se4,True
2025-11-06 01:48:51+00:00,,6ncUFRe1cpzri2Thveec_g,4,Planned maintenance,SE_3,FI,MAW,A03,2023-03-28 07:00:00+03:00,2023-03-29 19:00:00+03:00,PT1M,1,0,fi_se3,True
2025-11-06 02:12:39+00:00,,_Li5B4XsZbtVY89vmVT-VQ,3,Planned maintenance,DK_1,SE_3,MAW,A03,2023-03-28 06:00:00+02:00,2023-03-28 18:00:00+02:00,PT1M,1,684,se3_dk1,True
2025-11-06 02:12:40+00:00,,Y6wACWFYCtivYH5D4PxcJw,3,Planned maintenance,SE_3,DK_1,MAW,A03,2023-03-28 06:00:00+02:00,2023-03-28 18:00:00+02:00,PT1M,1,700,dk1_se3,True
2025-11-06 02:17:54+00:00,,avjvMh601w-j1dwlzL_IDw,2,Planned maintenance,SE_3,NO_1,MAW,A03,2023-04-17 08:00:00+02:00,2023-04-17 21:00:00+02:00,PT1M,1,895,no1_se3,True
2025-11-06 02:17:54+00:00,,pArMYQM7bnvV6zcfwCMNUw,2,Planned maintenance,NO_1,SE_3,MAW,A03,2023-04-17 08:00:00+02:00,2023-04-17 21:00:00+02:00,PT1M,1,1195,se3_no1,True
2025-11-06 02:30:04+00:00,,ULELIugxiszeHGSkj_nOAA,4,Planned maintenance,FI,SE_3,MAW,A03,2023-03-20 07:00:00+01:00,2023-03-31 15:00:00+02:00,PT1M,1,800,se3_fi,True
2025-11-06 02:30:04+00:00,,MZ18VJkUnRCiuGiDKz91xw,4,Planned maintenance,SE_3,FI,MAW,A03,2023-03-20 08:00:00+02:00,2023-03-31 16:00:00+03:00,PT1M,1,800,fi_se3,True
2025-11-06 02:30:20+00:00,,41pMB98H7lgeJrzMQyx7IQ,4,Planned maintenance,SE_4,SE_3,MAW,A03,2023-03-30 06:00:00+02:00,2023-03-31 15:40:00+02:00,PT1M,1,3400,se3_se4,True
2025-11-06 02:30:20+00:00,,J7EqAQhWMdVUAvhWrbtYOg,4,Planned maintenance,SE_3,FI,MAW,A03,2023-03-30 07:00:00+03:00,2023-03-31 16:40:00+03:00,PT1M,1,0,fi_se3,True
2025-11-06 02:30:20+00:00,,0dzFwaOYl-NTSfMOYHwixQ,4,Planned maintenance,SE_3,SE_2,MAW,A03,2023-03-30 06:00:00+02:00,2023-03-31 15:40:00+02:00,PT1M,1,6000,se2_se3,True
2025-11-06 03:00:28+00:00,Cancelled,c_EPzEvszwI1nW6b0k7ugQ,2,Planned maintenance,SE_3,NO_1,MAW,A03,2023-04-10 06:00:00+02:00,2023-04-14 17:00:00+02:00,PT1M,1,1500,no1_se3,False
2025-11-06 03:00:31+00:00,,z9PC434IOmVw6VMA_OUOHQ,3,Planned maintenance,SE_4,SE_3,MAW,A03,2023-04-05 06:00:00+02:00,2023-04-05 13:50:00+02:00,PT1M,1,4400,se3_se4,True
2025-11-06 03:07:31+00:00,,BdbK2bdCd8fBX9spZ6dAxQ,2,Planned maintenance,SE_3,DK_1,MAW,A03,2023-04-06 07:00:00+02:00,2023-04-06 15:16:00+02:00,PT1M,1,700,dk1_se3,True
2025-11-06 03:07:31+00:00,,vUXspof1qjpP2As3-M_sqw,4,Planned maintenance,SE_3,DK_1,MAW,A03,2023-04-06 07:00:00+02:00,2023-04-06 15:16:00+02:00,PT1M,1,700,dk1_se3,True
2025-11-06 03:07:31+00:00,,b7tK4EPjPfyS6-sblp5lrQ,2,Planned maintenance,DK_1,SE_3,MAW,A03,2023-04-06 07:00:00+02:00,2023-04-06 15:16:00+02:00,PT1M,1,684,se3_dk1,True
2025-11-06 03:07:31+00:00,,poHwWyzmxeqzgkEccP9olA,4,Planned maintenance,DK_1,SE_3,MAW,A03,2023-04-06 07:00:00+02:00,2023-04-06 15:16:00+02:00,PT1M,1,684,se3_dk1,True
2025-11-06 03:36:24+00:00,,bijyAiYfWaxSWUxDZoEIJA,3,Planned maintenance,SE_4,SE_3,MAW,A03,2023-04-17 07:00:00+02:00,2023-04-20 19:00:00+02:00,PT1M,1,4400,se3_se4,True
2025-11-06 03:36:24+00:00,,uRS0z5Mn8gM_Pgz5V9l90g,3,Planned maintenance,SE_4,SE_3,MAW,A03,2023-04-17 07:00:00+02:00,2023-04-20 19:00:00+02:00,PT1M,1,4400,se3_se4,True
2025-11-06 03:42:30+00:00,,2k4OJeDXPMRr2LIB-DXEHw,3,Planned maintenance,SE_4,SE_3,MAW,A03,2023-04-12 06:00:00+02:00,2023-04-12 15:05:00+02:00,PT1M,1,4500,se3_se4,True
2025-11-06 03:42:30+00:00,,XWJ2YdVlAYB25vWhKDe0WQ,3,Planned maintenance,SE_4,SE_3,MAW,A03,2023-04-12 06:00:00+02:00,2023-04-12 15:05:00+02:00,PT1M,1,4500,se3_se4,True
2025-11-06 03:54:44+00:00,Cancelled,U4Wqpobz4LHWrp-uH-NA5g,2,Planned maintenance,SE_3,SE_2,MAW,A03,2023-09-08 06:00:00+02:00,2023-09-25 17:00:00+02:00,PT1M,1,0,se2_se3,False
2025-11-06 04:06:38+00:00,,_l_86Lna_KlY5losd-oOtw,6,Planned maintenance,SE_4,SE_3,MAW,A03,2023-04-16 06:00:00+02:00,2023-04-16 11:18:00+02:00,PT1M,1,4400,se3_se4,True
2025-11-06 04:18:17+00:00,,k5Gm9hwI4aDw_JdHuXABmQ,3,Planned maintenance,SE_3,SE_2,MAW,A03,2023-04-17 07:00:00+02:00,2023-04-20 17:00:00+02:00,PT1M,1,5600,se2_se3,True
2025-11-06 04:31:28+00:00,,PjfWBIzULER4Z9YUaCbOJw,3,Planned maintenance,NO_1,SE_3,MAW,A03,2023-04-14 00:00:00+02:00,2023-04-20 13:30:00+02:00,PT1M,1,1895,se3_no1,True
2025-11-06 04:31:35+00:00,Cancelled,wJl2mRjWknIwbvdx_LnUEg,2,Planned maintenance,SE_3,DK_1,MAW,A03,2023-05-08 07:00:00+02:00,2023-05-08 16:00:00+02:00,PT1M,1,700,dk1_se3,False
2025-11-06 04:31:35+00:00,,tN3aYjxjdtZInLwdG80GPg,1,Planned maintenance,SE_3,DK_1,MAW,A03,2023-06-21 07:00:00+02:00,2023-06-22 17:00:00+02:00,PT1M,1,700,dk1_se3,True
2025-11-06 04:31:35+00:00,,qlWNnAFN9yiCO2G1SBHljA,1,Planned maintenance,DK_1,SE_3,MAW,A03,2023-06-19 07:00:00+02:00,2023-06-20 18:00:00+02:00,PT1M,1,684,se3_dk1,True
2025-11-06 04:31:35+00:00,,-a85t7_uIdlGGSyuDHiCRw,1,Planned maintenance,DK_1,SE_3,MAW,A03,2023-06-21 07:00:00+02:00,2023-06-22 17:00:00+02:00,PT1M,1,684,se3_dk1,True
2025-11-06 04:31:35+00:00,Cancelled,PUFN_P94gQF8R9yRvBbOzA,2,Planned maintenance,DK_1,SE_3,MAW,A03,2023-05-08 07:00:00+02:00,2023-05-08 16:00:00+02:00,PT1M,1,684,se3_dk1,False
2025-11-06 04:31:36+00:00,,k7pILDMomceLTDeMUzytmA,1,Planned maintenance,SE_3,DK_1,MAW,A03,2023-06-19 07:00:00+02:00,2023-06-20 18:00:00+02:00,PT1M,1,700,dk1_se3,True
2025-11-06 04:43:15+00:00,,gZay7MpRWFGL3oyOy7eSkw,2,Planned maintenance,SE_3,DK_1,MAW,A03,2023-04-21 07:00:00+02:00,2023-04-21 20:45:00+02:00,PT1M,1,0,dk1_se3,True
2025-11-06 04:43:15+00:00,,oacDuVQxbAit43x3bNPgeA,2,Planned maintenance,DK_1,SE_3,MAW,A03,2023-04-21 07:00:00+02:00,2023-04-21 20:45:00+02:00,PT1M,1,0,se3_dk1,True
2025-11-06 04:43:15+00:00,,jZZGM9W_jo9OERMHpH5MYQ,2,Planned maintenance,DK_1,SE_3,MAW,A03,2023-04-21 07:00:00+02:00,2023-04-21 20:45:00+02:00,PT1M,1,0,se3_dk1,True
2025-11-06 04:43:16+00:00,,qC_dN-XsDJcVH1pGIgwxcA,2,Planned maintenance,SE_3,DK_1,MAW,A03,2023-04-21 07:00:00+02:00,2023-04-21 20:45:00+02:00,PT1M,1,0,dk1_se3,True
2025-11-06 05:26:40+00:00,Cancelled,TGP0-mBTdi69UFCh8_Ycyw,2,Planned maintenance,SE_3,DK_1,MAW,A03,2023-04-30 12:00:00+02:00,2023-04-30 14:30:00+02:00,PT1M,1,300,dk1_se3,False
2025-11-06 05:26:40+00:00,Cancelled,ubOb12XKCnpvSPTKBMPqqA,2,Planned maintenance,SE_3,DK_1,MAW,A03,2023-04-30 14:30:00+02:00,2023-04-30 17:00:00+02:00,PT1M,1,300,dk1_se3,False
2025-11-06 05:26:40+00:00,Cancelled,h0k38NcnYudJKZkV155AUQ,2,Planned maintenance,SE_4,SE_3,MAW,A03,2023-04-30 12:00:00+02:00,2023-04-30 14:30:00+02:00,PT1M,1,3600,se3_se4,False
2025-11-06 05:26:40+00:00,Cancelled,KBrIrd8MyZ27xsZG2TWfNQ,2,Planned maintenance,SE_4,SE_3,MAW,A03,2023-04-30 14:30:00+02:00,2023-04-30 17:00:00+02:00,PT1M,1,3600,se3_se4,False
2025-11-06 05:37:55+00:00,,tTw2s5G9MsEf16PWeiKrCw,2,Planned maintenance,SE_3,DK_1,MAW,A03,2023-05-02 07:00:00+02:00,2023-05-02 21:15:00+02:00,PT1M,1,0,dk1_se3,True
2025-11-06 05:37:55+00:00,,JdqzJmTZr6XvWCKV6V9MeQ,2,Planned maintenance,SE_3,DK_1,MAW,A03,2023-05-02 07:00:00+02:00,2023-05-02 21:15:00+02:00,PT1M,1,0,dk1_se3,True
2025-11-06 05:37:55+00:00,,_8sTmonowRePHxW-JHxMWw,2,Planned maintenance,DK_1,SE_3,MAW,A03,2023-05-02 07:00:00+02:00,2023-05-02 21:15:00+02:00,PT1M,1,0,se3_dk1,True
2025-11-06 05:37:55+00:00,,e6NBUTawY0VOUD6PdZ8Jpg,2,Planned maintenance,DK_1,SE_3,MAW,A03,2023-05-02 07:00:00+02:00,2023-05-02 21:15:00+02:00,PT1M,1,0,se3_dk1,True
2025-11-06 05:38:14+00:00,,ZKUgTaVMfVseCx1PUf1jFw,9,Unplanned outage,FI,SE_3,MAW,A03,2023-04-19 09:52:00+02:00,2023-04-20 17:59:00+02:00,PT1M,1,400,se3_fi,True
2025-11-06 05:38:14+00:00,,wLjEkrfih412pAHx_h3dTQ,9,Unplanned outage,SE_3,FI,MAW,A03,2023-04-20 18:59:00+03:00,2023-05-09 06:59:00+03:00,PT1M,1928,1150,fi_se3,True
2025-11-06 05:38:14+00:00,,wLjEkrfih412pAHx_h3dTQ,9,Unplanned outage,SE_3,FI,MAW,A03,2023-05-09 06:59:00+03:00,2023-05-09 22:00:00+03:00,PT1M,28568,400,fi_se3,True
2025-11-06 05:38:14+00:00,,V0wDKXnbsuaXgOi417Enbw,9,Unplanned outage,SE_3,FI,MAW,A03,2023-05-09 06:59:00+03:00,2023-05-09 22:00:00+03:00,PT1M,28568,400,fi_se3,True
2025-11-06 05:38:14+00:00,,ZKUgTaVMfVseCx1PUf1jFw,9,Unplanned outage,FI,SE_3,MAW,A03,2023-05-09 05:59:00+02:00,2023-05-09 21:00:00+02:00,PT1M,28568,400,se3_fi,True
2025-11-06 05:38:14+00:00,,ZKUgTaVMfVseCx1PUf1jFw,9,Unplanned outage,FI,SE_3,MAW,A03,2023-04-20 17:59:00+02:00,2023-04-27 02:59:00+02:00,PT1M,1928,1150,se3_fi,True
2025-11-06 05:38:14+00:00,,wLjEkrfih412pAHx_h3dTQ,9,Unplanned outage,SE_3,FI,MAW,A03,2023-04-19 10:52:00+03:00,2023-04-20 18:59:00+03:00,PT1M,1,400,fi_se3,True
2025-11-06 05:38:14+00:00,,V0wDKXnbsuaXgOi417Enbw,9,Unplanned outage,SE_3,FI,MAW,A03,2023-04-27 08:19:00+03:00,2023-05-09 06:59:00+03:00,PT1M,11368,1150,fi_se3,True
2025-11-06 05:38:14+00:00,,V0wDKXnbsuaXgOi417Enbw,9,Unplanned outage,SE_3,FI,MAW,A03,2023-04-19 10:52:00+03:00,2023-04-20 18:59:00+03:00,PT1M,1,400,fi_se3,True
2025-11-06 05:38:14+00:00,,ZKUgTaVMfVseCx1PUf1jFw,9,Unplanned outage,FI,SE_3,MAW,A03,2023-04-27 02:59:00+02:00,2023-04-27 07:19:00+02:00,PT1M,11108,750,se3_fi,True
2025-11-06 05:38:14+00:00,,V0wDKXnbsuaXgOi417Enbw,9,Unplanned outage,SE_3,FI,MAW,A03,2023-04-20 18:59:00+03:00,2023-04-27 03:59:00+03:00,PT1M,1928,1150,fi_se3,True
2025-11-06 05:38:14+00:00,,-grBT2UBodMZg11UoYipLQ,9,Unplanned outage,FI,SE_3,MAW,A03,2023-05-09 05:59:00+02:00,2023-05-09 21:00:00+02:00,PT1M,28568,400,se3_fi,True
2025-11-06 05:38:14+00:00,,-grBT2UBodMZg11UoYipLQ,9,Unplanned outage,FI,SE_3,MAW,A03,2023-04-19 09:52:00+02:00,2023-04-20 17:59:00+02:00,PT1M,1,400,se3_fi,True
2025-11-06 05:38:14+00:00,,-grBT2UBodMZg11UoYipLQ,9,Unplanned outage,FI,SE_3,MAW,A03,2023-04-20 17:59:00+02:00,2023-05-09 05:59:00+02:00,PT1M,1928,1150,se3_fi,True
2025-11-06 05:38:14+00:00,,ZKUgTaVMfVseCx1PUf1jFw,9,Unplanned outage,FI,SE_3,MAW,A03,2023-04-27 07:19:00+02:00,2023-05-09 05:59:00+02:00,PT1M,11368,1150,se3_fi,True
2025-11-06 05:38:14+00:00,,V0wDKXnbsuaXgOi417Enbw,9,Unplanned outage,SE_3,FI,MAW,A03,2023-04-27 03:59:00+03:00,2023-04-27 08:19:00+03:00,PT1M,11108,750,fi_se3,True
2025-11-06 05:49:36+00:00,,8J1eVDpjm23ABersy4WIyw,3,Planned maintenance,SE_3,SE_4,MAW,A03,2023-04-10 08:00:00+02:00,2023-05-10 17:00:00+02:00,PT1M,1,1600,se4_se3,True
2025-11-06 05:49:36+00:00,,snP_6ey3AEgI2jQIt7V7mw,14,Planned maintenance,SE_3,SE_2,MAW,A03,2023-04-10 08:00:00+02:00,2023-04-17 05:59:00+02:00,PT1M,1,6200,se2_se3,True
2025-11-06 05:49:36+00:00,,cucC0uzXesrk60ov5UwAVA,14,Planned maintenance,SE_3,FI,MAW,A03,2023-05-07 12:59:00+03:00,2023-05-10 18:00:00+03:00,PT1M,39120,600,fi_se3,True
2025-11-06 05:49:36+00:00,,snP_6ey3AEgI2jQIt7V7mw,14,Planned maintenance,SE_3,SE_2,MAW,A03,2023-05-07 11:59:00+02:00,2023-05-10 17:00:00+02:00,PT1M,39120,6400,se2_se3,True
2025-11-06 05:49:36+00:00,,pCdEXHUQpCId4OpFNVjA-A,18,Planned maintenance,SE_3,SE_2,MAW,A03,2023-04-17 05:59:00+02:00,2023-05-07 11:59:00+02:00,PT1M,9960,6000,se2_se3,True
2025-11-06 05:49:36+00:00,,d9CklteUBPzYZvEKWqrgmQ,14,Planned maintenance,SE_3,SE_2,MAW,A03,2023-05-07 11:59:00+02:00,2023-05-10 17:00:00+02:00,PT1M,39120,6400,se2_se3,True
2025-11-06 05:49:36+00:00,,d9CklteUBPzYZvEKWqrgmQ,14,Planned maintenance,SE_3,SE_2,MAW,A03,2023-04-17 05:59:00+02:00,2023-05-07 11:59:00+02:00,PT1M,9960,6000,se2_se3,True
2025-11-06 05:49:36+00:00,,lz5AERWpBJRm7OfiHJKsxA,14,Planned maintenance,SE_3,FI,MAW,A03,2023-04-10 09:00:00+03:00,2023-05-07 12:59:00+03:00,PT1M,1,200,fi_se3,True
2025-11-06 05:49:36+00:00,,cucC0uzXesrk60ov5UwAVA,14,Planned maintenance,SE_3,FI,MAW,A03,2023-04-10 09:00:00+03:00,2023-05-07 12:59:00+03:00,PT1M,1,200,fi_se3,True
2025-11-06 05:49:36+00:00,,pCdEXHUQpCId4OpFNVjA-A,18,Planned maintenance,SE_3,SE_2,MAW,A03,2023-04-10 08:00:00+02:00,2023-04-17 05:59:00+02:00,PT1M,1,6200,se2_se3,True
2025-11-06 05:49:36+00:00,,lz5AERWpBJRm7OfiHJKsxA,14,Planned maintenance,SE_3,FI,MAW,A03,2023-05-07 12:59:00+03:00,2023-05-10 18:00:00+03:00,PT1M,39120,600,fi_se3,True
2025-11-06 05:49:36+00:00,,-Duz1sTmmEsf6jE4WoerAA,3,Planned maintenance,SE_3,SE_4,MAW,A03,2023-04-10 08:00:00+02:00,2023-05-10 17:00:00+02:00,PT1M,1,1600,se4_se3,True
2025-11-06 05:49:36+00:00,,FE31jJ_Qmp9tyUqvSNmNyw,14,Planned maintenance,SE_4,SE_3,MAW,A03,2023-04-10 08:00:00+02:00,2023-05-07 11:59:00+02:00,PT1M,1,4400,se3_se4,True
2025-11-06 05:49:36+00:00,,snP_6ey3AEgI2jQIt7V7mw,14,Planned maintenance,SE_3,SE_2,MAW,A03,2023-04-17 05:59:00+02:00,2023-05-07 11:59:00+02:00,PT1M,9960,6000,se2_se3,True
2025-11-06 05:49:36+00:00,,d9CklteUBPzYZvEKWqrgmQ,14,Planned maintenance,SE_3,SE_2,MAW,A03,2023-04-10 08:00:00+02:00,2023-04-17 05:59:00+02:00,PT1M,1,6200,se2_se3,True
2025-11-06 05:49:36+00:00,,pCdEXHUQpCId4OpFNVjA-A,18,Planned maintenance,SE_3,SE_2,MAW,A03,2023-05-07 11:59:00+02:00,2023-05-10 17:00:00+02:00,PT1M,39120,6400,se2_se3,True
2025-11-06 05:49:36+00:00,,6mbx3ETvTBTu7L6dWf8pKA,21,Planned maintenance,SE_4,SE_3,MAW,A03,2023-04-10 08:00:00+02:00,2023-05-07 11:59:00+02:00,PT1M,1,4400,se3_se4,True
2025-11-06 05:49:36+00:00,,FE31jJ_Qmp9tyUqvSNmNyw,14,Planned maintenance,SE_4,SE_3,MAW,A03,2023-05-07 11:59:00+02:00,2023-05-10 17:00:00+02:00,PT1M,39120,4600,se3_se4,True
2025-11-06 05:49:36+00:00,,6mbx3ETvTBTu7L6dWf8pKA,21,Planned maintenance,SE_4,SE_3,MAW,A03,2023-05-07 11:59:00+02:00,2023-05-10 17:00:00+02:00,PT1M,39120,4600,se3_se4,True
2025-11-06 05:49:36+00:00,,qk6HGRDBRVowCuwo0ahlxw,14,Planned maintenance,SE_4,SE_3,MAW,A03,2023-04-10 08:00:00+02:00,2023-05-07 11:59:00+02:00,PT1M,1,4400,se3_se4,True
2025-11-06 05:49:36+00:00,,qk6HGRDBRVowCuwo0ahlxw,14,Planned maintenance,SE_4,SE_3,MAW,A03,2023-05-07 11:59:00+02:00,2023-05-10 17:00:00+02:00,PT1M,39120,4600,se3_se4,True
2025-11-06 05:49:37+00:00,,GvVjJlK06RvxoztVWAaYsQ,3,Planned maintenance,SE_3,SE_4,MAW,A03,2023-04-10 08:00:00+02:00,2023-05-10 17:00:00+02:00,PT1M,1,1600,se4_se3,True
2025-11-06 05:49:42+00:00,,5UFj_0IwTgtOT4_RhDjr3Q,22,Planned maintenance,SE_3,FI,MAW,A03,2023-05-07 12:59:00+03:00,2023-05-10 18:00:00+03:00,PT1M,39120,600,fi_se3,True
2025-11-06 05:49:42+00:00,,5UFj_0IwTgtOT4_RhDjr3Q,22,Planned maintenance,SE_3,FI,MAW,A03,2023-04-10 09:00:00+03:00,2023-05-07 12:59:00+03:00,PT1M,1,200,fi_se3,True
2025-11-06 05:49:47+00:00,,H97N5eZrzetfaFPJtuTR0Q,2,Planned maintenance,SE_3,DK_1,MAW,A03,2023-05-06 07:00:00+02:00,2023-05-06 19:45:00+02:00,PT1M,1,0,dk1_se3,True
2025-11-06 05:49:47+00:00,,hC3FzlnNDOB1Vy8zarWadQ,2,Planned maintenance,SE_3,DK_1,MAW,A03,2023-05-06 07:00:00+02:00,2023-05-06 19:45:00+02:00,PT1M,1,0,dk1_se3,True
2025-11-06 05:49:47+00:00,,29ld0STj4pRK8_pNVliIgg,2,Planned maintenance,DK_1,SE_3,MAW,A03,2023-05-06 07:00:00+02:00,2023-05-06 19:45:00+02:00,PT1M,1,0,se3_dk1,True
2025-11-06 05:49:47+00:00,,4b32Dzdg6KrsHfYIBseDhg,2,Planned maintenance,DK_1,SE_3,MAW,A03,2023-05-06 07:00:00+02:00,2023-05-06 19:45:00+02:00,PT1M,1,0,se3_dk1,True
2025-11-06 06:00:01+00:00,,NiOpmFDlV2QHSLpTD3cSFw,4,Planned maintenance,SE_3,NO_1,MAW,A03,2023-05-11 06:00:00+02:00,2023-05-12 16:00:00+02:00,PT1M,1,895,no1_se3,True
2025-11-06 06:00:01+00:00,,ZHOX1WTdyvFRnbFeaJi6gg,2,Planned maintenance,SE_3,NO_1,MAW,A03,2023-05-11 06:00:00+02:00,2023-05-12 16:00:00+02:00,PT1M,1,895,no1_se3,True
2025-11-06 06:00:01+00:00,,Jfx7rXUWewmTkT25LMOpig,2,Planned maintenance,NO_1,SE_3,MAW,A03,2023-05-11 06:00:00+02:00,2023-05-12 16:00:00+02:00,PT1M,1,695,se3_no1,True
2025-11-06 06:00:01+00:00,,dX-4No2WQmQ-zEsiT37AbA,4,Planned maintenance,NO_1,SE_3,MAW,A03,2023-05-11 06:00:00+02:00,2023-05-12 16:00:00+02:00,PT1M,1,695,se3_no1,True
2025-11-06 06:00:07+00:00,Cancelled,RkGMtTEOHJaP26Dxit3iBg,3,Planned maintenance,DK_1,SE_3,MAW,A03,2023-09-28 06:00:00+02:00,2023-09-28 18:00:00+02:00,PT1M,1,100,se3_dk1,False
2025-11-06 06:00:07+00:00,Cancelled,tn0tIECmQgr_j5nMFVdCuA,3,Planned maintenance,SE_3,NO_1,MAW,A03,2023-09-28 06:00:00+02:00,2023-09-28 18:00:00+02:00,PT1M,1,300,no1_se3,False
2025-11-06 06:00:07+00:00,Cancelled,fHOPcZTUN6zxlytOmdHyCQ,3,Planned maintenance,SE_3,NO_1,MAW,A03,2023-09-28 06:00:00+02:00,2023-09-28 18:00:00+02:00,PT1M,1,300,no1_se3,False
2025-11-06 06:00:07+00:00,Cancelled,nrp0BDbiB2Rgl0mcQyv5Ug,3,Planned maintenance,SE_3,SE_2,MAW,A03,2023-09-28 06:00:00+02:00,2023-09-28 18:00:00+02:00,PT1M,1,6000,se2_se3,False
2025-11-06 06:00:07+00:00,Cancelled,8PrKh2YpWZTKXcCbOdXjog,3,Planned maintenance,DK_1,SE_3,MAW,A03,2023-09-28 06:00:00+02:00,2023-09-28 18:00:00+02:00,PT1M,1,100,se3_dk1,False
2025-11-06 06:00:08+00:00,Cancelled,dPSqfix9tR5cZ_McZLkq_A,4,Planned maintenance,SE_3,NO_1,MAW,A03,2023-09-26 06:00:00+02:00,2023-09-27 17:00:00+02:00,PT1M,1,300,no1_se3,False
2025-11-06 06:00:08+00:00,Cancelled,HKz__6YuD7uFrwj3fpyl2g,4,Planned maintenance,SE_3,NO_1,MAW,A03,2023-09-26 06:00:00+02:00,2023-09-27 17:00:00+02:00,PT1M,1,300,no1_se3,False
2025-11-06 06:00:08+00:00,Cancelled,5Mk21ut0j6gQ_ZekaSnwjA,3,Planned maintenance,SE_3,SE_2,MAW,A03,2023-09-28 06:00:00+02:00,2023-09-28 18:00:00+02:00,PT1M,1,6000,se2_se3,False
2025-11-06 06:00:08+00:00,Cancelled,cnucut-8FFYTNxmro_cq_g,4,Planned maintenance,SE_3,SE_2,MAW,A03,2023-09-26 06:00:00+02:00,2023-09-27 17:00:00+02:00,PT1M,1,6000,se2_se3,False
2025-11-06 06:00:08+00:00,Cancelled,yxBPH5NBfbkbFM8wfHt_iQ,4,Planned maintenance,SE_3,SE_2,MAW,A03,2023-09-26 06:00:00+02:00,2023-09-27 17:00:00+02:00,PT1M,1,6000,se2_se3,False
2025-11-06 06:00:08+00:00,Cancelled,vtXVMGAHxlXsE5Xqz7wcRQ,4,Planned maintenance,DK_1,SE_3,MAW,A03,2023-09-26 06:00:00+02:00,2023-09-27 17:00:00+02:00,PT1M,1,100,se3_dk1,False
2025-11-06 06:00:08+00:00,Cancelled,2uSSDc_OFwpO4KfZXKdoUw,3,Planned maintenance,SE_4,SE_3,MAW,A03,2023-09-28 06:00:00+02:00,2023-09-28 18:00:00+02:00,PT1M,1,4000,se3_se4,False
2025-11-06 06:00:08+00:00,Cancelled,lJmBh1l-lS04JETAPqJP9w,3,Planned maintenance,SE_4,SE_3,MAW,A03,2023-09-28 06:00:00+02:00,2023-09-28 18:00:00+02:00,PT1M,1,4000,se3_se4,False
2025-11-06 06:00:08+00:00,Cancelled,rM-ZbDFffCudNpqIFSdXqQ,4,Planned maintenance,DK_1,SE_3,MAW,A03,2023-09-26 06:00:00+02:00,2023-09-27 17:00:00+02:00,PT1M,1,100,se3_dk1,False
2025-11-06 06:00:08+00:00,Cancelled,Y5e5CmRb-E7v5AYpVoywGA,4,Planned maintenance,SE_4,SE_3,MAW,A03,2023-09-26 06:00:00+02:00,2023-09-27 17:00:00+02:00,PT1M,1,4000,se3_se4,False
2025-11-06 06:00:08+00:00,Cancelled,V3wvI0c8HhlFmFieYn6ddQ,4,Planned maintenance,SE_4,SE_3,MAW,A03,2023-09-26 06:00:00+02:00,2023-09-27 17:00:00+02:00,PT1M,1,4000,se3_se4,False
2025-11-06 06:04:20+00:00,,7Zi9VVUeKG3_QyAUBOJLAg,4,Planned maintenance,SE_3,DK_1,MAW,A03,2023-04-11 06:00:00+02:00,2023-05-10 18:00:00+02:00,PT1M,1,415,dk1_se3,True
2025-11-06 06:04:20+00:00,,X3tnygqlpfCaidWmr00azQ,4,Planned maintenance,DK_1,SE_3,MAW,A03,2023-04-11 06:00:00+02:00,2023-05-10 18:00:00+02:00,PT1M,1,135,se3_dk1,True
2025-11-06 06:22:10+00:00,,KT-KXs6Sq7c3SnADsl-_Zw,2,Unplanned outage,SE_3,DK_1,MAW,A03,2023-05-15 08:52:00+02:00,2023-05-15 10:00:00+02:00,PT1M,1,345,dk1_se3,True
2025-11-06 06:22:10+00:00,,ERjHJUVavTd1d9mn0JfMpg,2,Unplanned outage,DK_1,SE_3,MAW,A03,2023-05-15 08:52:00+02:00,2023-05-15 10:00:00+02:00,PT1M,1,345,se3_dk1,True
2025-11-06 06:42:20+00:00,,EbEGre3P-cq1IAoVbYTQ1Q,8,Planned maintenance,SE_3,FI,MAW,A03,2023-05-13 07:00:00+03:00,2023-05-25 20:00:00+03:00,PT1M,1,0,fi_se3,True
2025-11-06 06:42:20+00:00,,9iLL0_mI22R1YfBQMnUkvw,8,Planned maintenance,SE_3,SE_2,MAW,A03,2023-05-13 06:00:00+02:00,2023-05-25 19:00:00+02:00,PT1M,1,5000,se2_se3,True
2025-11-06 06:42:20+00:00,,r-cK_S-VgVWW_Ha_kRHO2A,8,Planned maintenance,SE_3,FI,MAW,A03,2023-05-13 07:00:00+03:00,2023-05-25 20:00:00+03:00,PT1M,1,0,fi_se3,True
2025-11-06 06:42:21+00:00,,OwpUUQxIjv-yFN-isRAIxg,8,Planned maintenance,SE_4,SE_3,MAW,A03,2023-05-16 06:59:00+02:00,2023-05-25 19:00:00+02:00,PT1M,4380,3200,se3_se4,True
2025-11-06 06:42:21+00:00,,OwpUUQxIjv-yFN-isRAIxg,8,Planned maintenance,SE_4,SE_3,MAW,A03,2023-05-13 06:00:00+02:00,2023-05-16 06:59:00+02:00,PT1M,1,3300,se3_se4,True
2025-11-06 06:42:21+00:00,,xaGfeRgarYU_joPdp9yvqw,8,Planned maintenance,SE_3,SE_2,MAW,A03,2023-05-13 06:00:00+02:00,2023-05-25 19:00:00+02:00,PT1M,1,5000,se2_se3,True
2025-11-06 06:42:21+00:00,,62zjF1hpg9a2U-R76y7yow,8,Planned maintenance,SE_4,SE_3,MAW,A03,2023-05-16 06:59:00+02:00,2023-05-25 19:00:00+02:00,PT1M,4380,3200,se3_se4,True
2025-11-06 06:42:21+00:00,,62zjF1hpg9a2U-R76y7yow,8,Planned maintenance,SE_4,SE_3,MAW,A03,2023-05-13 06:00:00+02:00,2023-05-16 06:59:00+02:00,PT1M,1,3300,se3_se4,True
2025-11-06 06:50:00+00:00,,GYEOKJuesfScdWTTxRzjjA,2,Planned maintenance,DK_1,SE_3,MAW,A03,2023-05-31 06:00:00+02:00,2023-06-01 17:00:00+02:00,PT1M,1,550,se3_dk1,True
2025-11-06 07:02:08+00:00,,raNJ_THGFn5c3SsmBu9lbg,1,Planned maintenance,SE_4,SE_3,MAW,A03,2023-05-26 06:00:00+02:00,2023-05-26 12:00:00+02:00,PT1M,1,3400,se3_se4,True
2025-11-06 07:02:08+00:00,,syCQUob3E1D3caCi8lNJEA,5,Planned maintenance,DK_1,SE_3,MAW,A03,2023-05-25 06:00:00+02:00,2023-05-26 19:00:00+02:00,PT1M,1,300,se3_dk1,True
2025-11-06 07:02:08+00:00,,1VBgyZclv6-I0Etjxk-eLA,5,Planned maintenance,DK_1,SE_3,MAW,A03,2023-05-25 06:00:00+02:00,2023-05-26 19:00:00+02:00,PT1M,1,300,se3_dk1,True
2025-11-06 07:02:08+00:00,,RRNB6taFeHwHXYi9_iEP7A,1,Planned maintenance,SE_3,SE_2,MAW,A03,2023-05-26 06:00:00+02:00,2023-05-26 12:00:00+02:00,PT1M,1,5200,se2_se3,True
2025-11-06 07:02:09+00:00,,SS4gcvrzzLwxXn6PcHJ9Yg,5,Planned maintenance,SE_3,SE_2,MAW,A03,2023-05-25 23:59:00+02:00,2023-05-26 19:00:00+02:00,PT1M,1080,5700,se2_se3,True
2025-11-06 07:02:09+00:00,,SS4gcvrzzLwxXn6PcHJ9Yg,5,Planned maintenance,SE_3,SE_2,MAW,A03,2023-05-25 06:00:00+02:00,2023-05-25 23:59:00+02:00,PT1M,1,5100,se2_se3,True
2025-11-06 07:02:09+00:00,,ARMM-DEV6QeYflMtn3QBPg,5,Planned maintenance,SE_3,SE_2,MAW,A03,2023-05-25 23:59:00+02:00,2023-05-26 19:00:00+02:00,PT1M,1080,5700,se2_se3,True
2025-11-06 07:02:09+00:00,,ARMM-DEV6QeYflMtn3QBPg,5,Planned maintenance,SE_3,SE_2,MAW,A03,2023-05-25 06:00:00+02:00,2023-05-25 23:59:00+02:00,PT1M,1,5100,se2_se3,True
2025-11-06 07:02:09+00:00,,kfiftZVgeq3ASjCTLQCmaw,5,Planned maintenance,SE_4,SE_3,MAW,A03,2023-05-25 06:00:00+02:00,2023-05-26 19:00:00+02:00,PT1M,1,3400,se3_se4,True
2025-11-06 07:02:09+00:00,,ZwvAwNvkSRR0X2J4e6AMRA,5,Planned maintenance,SE_4,SE_3,MAW,A03,2023-05-25 06:00:00+02:00,2023-05-26 19:00:00+02:00,PT1M,1,3400,se3_se4,True
2025-11-06 07:02:09+00:00,,ezPG9_v_PB67DuXT-6tIlg,5,Planned maintenance,SE_3,NO_1,MAW,A03,2023-05-25 06:00:00+02:00,2023-05-26 19:00:00+02:00,PT1M,1,400,no1_se3,True
2025-11-06 07:02:09+00:00,,UvL9UwLFVn5QDoJPpB-Gwg,5,Planned maintenance,SE_3,NO_1,MAW,A03,2023-05-25 06:00:00+02:00,2023-05-26 19:00:00+02:00,PT1M,1,400,no1_se3,True
2025-11-06 07:06:25+00:00,,dH5hPcAlp78MP67aPKKKyQ,2,Planned maintenance,SE_3,DK_1,MAW,A03,2023-05-26 07:00:00+02:00,2023-05-26 11:00:00+02:00,PT1M,1,415,dk1_se3,True
2025-11-06 07:06:25+00:00,,gE-zapCjQW7V-yUTdjN7lg,2,Planned maintenance,DK_1,SE_3,MAW,A03,2023-05-26 07:00:00+02:00,2023-05-26 11:00:00+02:00,PT1M,1,135,se3_dk1,True
2025-11-06 07:06:29+00:00,,5raFFbXpfEcdyyMr0InJAQ,2,Planned maintenance,SE_3,FI,MAW,A03,2023-05-27 12:59:00+03:00,2023-05-31 01:00:00+03:00,PT1M,60480,300,fi_se3,True
2025-11-06 07:06:29+00:00,,5raFFbXpfEcdyyMr0InJAQ,2,Planned maintenance,SE_3,FI,MAW,A03,2023-04-15 13:00:00+03:00,2023-05-07 12:59:00+03:00,PT1M,1,200,fi_se3,True
2025-11-06 07:06:29+00:00,,5raFFbXpfEcdyyMr0InJAQ,2,Planned maintenance,SE_3,FI,MAW,A03,2023-05-07 12:59:00+03:00,2023-05-27 12:59:00+03:00,PT1M,31680,600,fi_se3,True
2025-11-06 07:06:30+00:00,,hgfKTQ3O86PnfkQXhb1ymg,2,Planned maintenance,SE_3,SE_2,MAW,A03,2023-05-27 11:59:00+02:00,2023-05-31 00:00:00+02:00,PT1M,60480,6000,se2_se3,True
2025-11-06 07:06:30+00:00,,hgfKTQ3O86PnfkQXhb1ymg,2,Planned maintenance,SE_3,SE_2,MAW,A03,2023-04-15 12:00:00+02:00,2023-05-07 11:59:00+02:00,PT1M,1,6100,se2_se3,True
2025-11-06 07:06:30+00:00,,hgfKTQ3O86PnfkQXhb1ymg,2,Planned maintenance,SE_3,SE_2,MAW,A03,2023-05-07 11:59:00+02:00,2023-05-27 11:59:00+02:00,PT1M,31680,6300,se2_se3,True
2025-11-06 07:06:30+00:00,,e2ka78I8ERMNgfWV6LmQKQ,2,Planned maintenance,SE_4,SE_3,MAW,A03,2023-04-15 12:00:00+02:00,2023-05-07 11:59:00+02:00,PT1M,1,4000,se3_se4,True
2025-11-06 07:06:30+00:00,,e2ka78I8ERMNgfWV6LmQKQ,2,Planned maintenance,SE_4,SE_3,MAW,A03,2023-05-27 11:59:00+02:00,2023-05-31 00:00:00+02:00,PT1M,60480,3800,se3_se4,True
2025-11-06 07:06:30+00:00,,e2ka78I8ERMNgfWV6LmQKQ,2,Planned maintenance,SE_4,SE_3,MAW,A03,2023-05-07 11:59:00+02:00,2023-05-27 11:59:00+02:00,PT1M,31680,4200,se3_se4,True
2025-11-06 07:06:59+00:00,,74Ul4IlyntR1eBIt-nmCBw,10,Planned maintenance,SE_3,SE_2,MAW,A03,2023-05-08 06:00:00+02:00,2023-05-10 16:59:00+02:00,PT1M,1,6200,se2_se3,True
2025-11-06 07:06:59+00:00,,74Ul4IlyntR1eBIt-nmCBw,10,Planned maintenance,SE_3,SE_2,MAW,A03,2023-05-10 16:59:00+02:00,2023-05-26 18:20:00+02:00,PT1M,3540,6300,se2_se3,True
2025-11-06 07:06:59+00:00,,yhsZ9rEWdMOZnT0amJURmA,10,Planned maintenance,SE_3,FI,MAW,A03,2023-05-08 07:00:00+03:00,2023-05-10 17:59:00+03:00,PT1M,1,150,fi_se3,True
2025-11-06 07:06:59+00:00,,kxDQ88QeJdZkIN4ZMcFDcw,8,Planned maintenance,SE_4,SE_3,MAW,A03,2023-05-08 06:00:00+02:00,2023-05-26 18:20:00+02:00,PT1M,1,4200,se3_se4,True
2025-11-06 07:06:59+00:00,,yhsZ9rEWdMOZnT0amJURmA,10,Planned maintenance,SE_3,FI,MAW,A03,2023-05-10 17:59:00+03:00,2023-05-26 19:20:00+03:00,PT1M,3540,300,fi_se3,True
2025-11-06 07:14:31+00:00,,eXJEpGMbd_P1HMoseLkhVQ,6,Planned maintenance,DK_1,SE_3,MAW,A03,2023-05-26 19:00:00+02:00,2023-05-28 17:19:00+02:00,PT1M,1,300,se3_dk1,True
2025-11-06 07:14:31+00:00,,7fbFxC-FjbC5ImDvUhMa7w,6,Planned maintenance,SE_3,NO_1,MAW,A03,2023-05-26 19:00:00+02:00,2023-05-28 17:19:00+02:00,PT1M,1,400,no1_se3,True
2025-11-06 07:14:31+00:00,,GpLeURM3giYPcsPxm0pAZg,6,Planned maintenance,SE_3,SE_2,MAW,A03,2023-05-26 19:00:00+02:00,2023-05-28 17:19:00+02:00,PT1M,1,5700,se2_se3,True
2025-11-06 07:14:32+00:00,,FGt-WoxqsGJaYhQFT38oqg,6,Planned maintenance,SE_4,SE_3,MAW,A03,2023-05-26 19:00:00+02:00,2023-05-28 17:19:00+02:00,PT1M,1,3400,se3_se4,True
2025-11-06 07:18:19+00:00,,QpXUsc7ynccmwA7o4nxoRg,4,Planned maintenance,SE_3,SE_4,MAW,A03,2023-05-22 06:00:00+02:00,2023-05-29 18:00:00+02:00,PT1M,1,2400,se4_se3,True
2025-11-06 07:18:19+00:00,,WejK9pqacuXuRsXBfWKyeA,4,Planned maintenance,SE_4,SE_3,MAW,A03,2023-05-22 06:00:00+02:00,2023-05-29 18:00:00+02:00,PT1M,1,5800,se3_se4,True
2025-11-06 07:26:11+00:00,,3QomZJl-QiSc6d0hGdY2FQ,1,Unplanned outage,SE_3,NO_1,MAW,A03,2023-06-01 12:00:00+02:00,2023-06-01 13:00:00+02:00,PT1M,1,895,no1_se3,True
2025-11-06 07:26:11+00:00,,fYwQ5sG9hvOwK1p2p6wmEQ,1,Unplanned outage,NO_1,SE_3,MAW,A03,2023-06-01 12:00:00+02:00,2023-06-01 13:00:00+02:00,PT1M,1,1195,se3_no1,True
2025-11-06 07:26:12+00:00,,AYnFEKA5HEoI7viMUMwjeQ,1,Unplanned outage,NO_1,SE_3,MAW,A03,2023-06-02 12:00:00+02:00,2023-06-02 13:00:00+02:00,PT1M,1,1195,se3_no1,True
2025-11-06 07:26:12+00:00,,al7_DNL0cXYmypjSSQIOLw,1,Unplanned outage,SE_3,NO_1,MAW,A03,2023-06-02 12:00:00+02:00,2023-06-02 13:00:00+02:00,PT1M,1,895,no1_se3,True
2025-11-06 07:37:13+00:00,,PShQoAwscBkFvpbGTNz24g,2,Planned maintenance,SE_3,DK_1,MAW,A03,2023-06-02 07:00:00+02:00,2023-06-02 20:40:00+02:00,PT1M,1,0,dk1_se3,True
2025-11-06 07:37:13+00:00,,Sa8z5DthYeo72ieHVTNFDA,2,Planned maintenance,DK_1,SE_3,MAW,A03,2023-06-02 07:00:00+02:00,2023-06-02 20:40:00+02:00,PT1M,1,0,se3_dk1,True
2025-11-06 07:37:13+00:00,,udD0IX8HrXrvbCjw3WxQIg,2,Planned maintenance,DK_1,SE_3,MAW,A03,2023-06-02 07:00:00+02:00,2023-06-02 20:40:00+02:00,PT1M,1,0,se3_dk1,True
2025-11-06 07:37:13+00:00,,6DDM-f0e68N-2RQhShEV2g,2,Planned maintenance,SE_3,DK_1,MAW,A03,2023-06-02 07:00:00+02:00,2023-06-02 20:40:00+02:00,PT1M,1,0,dk1_se3,True
2025-11-06 07:44:06+00:00,,-lGGAe3wi5hZ_X0qKwxwjg,4,Planned maintenance,NO_1,SE_3,MAW,A03,2023-06-05 06:00:00+02:00,2023-06-09 16:00:00+02:00,PT1M,1,1195,se3_no1,True
2025-11-06 07:44:06+00:00,,565uqXFzHP10i1qqr6JV0Q,4,Planned maintenance,SE_3,NO_1,MAW,A03,2023-06-05 06:00:00+02:00,2023-06-09 16:00:00+02:00,PT1M,1,895,no1_se3,True
2025-11-06 07:52:09+00:00,,EQkliAQU2aL_oXhqt8uqxg,2,Planned maintenance,SE_3,DK_1,MAW,A03,2023-06-13 06:00:00+02:00,2023-06-14 17:00:00+02:00,PT1M,1,700,dk1_se3,True
2025-11-06 07:52:09+00:00,,ATnRPn3ShSEhJpu9oJmDGA,2,Planned maintenance,DK_1,SE_3,MAW,A03,2023-06-13 06:00:00+02:00,2023-06-14 17:00:00+02:00,PT1M,1,684,se3_dk1,True
2025-11-06 07:52:36+00:00,Cancelled,_M06-M8xtmodvgRheO0FtA,2,Planned maintenance,SE_3,SE_2,MAW,A03,2023-06-12 06:00:00+02:00,2023-06-18 17:00:00+02:00,PT1M,1,6800,se2_se3,False
2025-11-06 07:59:57+00:00,Cancelled,yE5djld_jaVlDUVUi-7-DQ,3,Planned maintenance,SE_4,SE_3,MAW,A03,2023-06-15 06:00:00+02:00,2023-06-16 17:00:00+02:00,PT1M,1,4700,se3_se4,False
2025-11-06 08:00:03+00:00,,Vwtjy2fadpOUn90BuX3D-w,1,Planned maintenance,SE_3,SE_2,MAW,A03,2023-07-10 06:00:00+02:00,2023-07-15 18:00:00+02:00,PT1M,1,6800,se2_se3,True
2025-11-06 08:00:03+00:00,,T-OyTtJP6bW0thqEsW8G2g,1,Planned maintenance,SE_3,FI,MAW,A03,2023-07-10 07:00:00+03:00,2023-07-15 19:00:00+03:00,PT1M,1,600,fi_se3,True
2025-11-06 08:00:05+00:00,,oIrCQQ26c4wQoCJVqx7meQ,7,Planned maintenance,SE_4,SE_3,MAW,A03,2023-04-17 06:00:00+02:00,2023-05-07 11:59:00+02:00,PT1M,1,4700,se3_se4,True
2025-11-06 08:00:05+00:00,,oIrCQQ26c4wQoCJVqx7meQ,7,Planned maintenance,SE_4,SE_3,MAW,A03,2023-05-27 11:59:00+02:00,2023-05-30 23:59:00+02:00,PT1M,57960,4700,se3_se4,True
2025-11-06 08:00:05+00:00,,oIrCQQ26c4wQoCJVqx7meQ,7,Planned maintenance,SE_4,SE_3,MAW,A03,2023-05-07 11:59:00+02:00,2023-05-27 11:59:00+02:00,PT1M,29160,5000,se3_se4,True
2025-11-06 08:00:05+00:00,,oIrCQQ26c4wQoCJVqx7meQ,7,Planned maintenance,SE_4,SE_3,MAW,A03,2023-05-30 23:59:00+02:00,2023-06-09 16:00:00+02:00,PT1M,63000,4100,se3_se4,True
2025-11-06 08:00:06+00:00,Cancelled,W0LOj-3onTT00p0Z4vSNXw,2,Planned maintenance,FI,SE_3,MAW,A03,2023-07-16 06:00:00+02:00,2023-07-20 17:00:00+02:00,PT1M,1,0,se3_fi,False
2025-11-06 08:00:09+00:00,,niGL3cPOpA8kCt3CTmNIew,2,Planned maintenance,SE_4,SE_3,MAW,A03,2023-06-19 06:00:00+02:00,2023-07-02 17:00:00+02:00,PT1M,1,4600,se3_se4,True
2025-11-06 08:03:18+00:00,,_2OG2qqftVTrqmTIVbhpAQ,2,Planned maintenance,SE_3,DK_1,MAW,A03,2023-06-14 07:00:00+02:00,2023-06-14 23:00:00+02:00,PT1M,1,0,dk1_se3,True
2025-11-06 08:03:18+00:00,,RyAxHDYkbQDRMbmpONoqGQ,2,Planned maintenance,DK_1,SE_3,MAW,A03,2023-06-14 07:00:00+02:00,2023-06-14 23:00:00+02:00,PT1M,1,0,se3_dk1,True
2025-11-06 08:12:48+00:00,,_sf3_Na6iaUcXqbXv-yl6w,3,Planned maintenance,DK_1,SE_3,MAW,A03,2023-06-13 07:00:00+02:00,2023-06-13 16:00:00+02:00,PT1M,1,684,se3_dk1,True
2025-11-06 08:12:48+00:00,,uUsxGypyuccB5oKlPRZ6lw,3,Planned maintenance,SE_3,DK_1,MAW,A03,2023-06-13 07:00:00+02:00,2023-06-13 16:00:00+02:00,PT1M,1,700,dk1_se3,True
2025-11-06 08:18:28+00:00,,x7yiUu2B8wjCUbXes_VFXQ,6,Planned maintenance,SE_3,FI,MAW,A03,2023-06-26 13:00:00+03:00,2023-06-27 07:00:00+03:00,PT1M,1,400,fi_se3,True
2025-11-06 08:18:28+00:00,,IruG72PgzGVAX3Tc0tOmJw,6,Planned maintenance,SE_3,FI,MAW,A03,2023-06-26 13:00:00+03:00,2023-06-27 07:00:00+03:00,PT1M,1,400,fi_se3,True
2025-11-06 08:18:28+00:00,,WFFOFo-S382CK8vEUUXTnw,6,Planned maintenance,FI,SE_3,MAW,A03,2023-06-26 12:00:00+02:00,2023-06-27 06:00:00+02:00,PT1M,1,400,se3_fi,True
2025-11-06 08:18:28+00:00,,4ujLt3yMDbqVqnbjhiKvqg,6,Planned maintenance,FI,SE_3,MAW,A03,2023-06-26 12:00:00+02:00,2023-06-27 06:00:00+02:00,PT1M,1,400,se3_fi,True
2025-11-06 08:18:29+00:00,,6AOGdvIMOnW7JGZHYSaXdg,6,Planned maintenance,SE_3,NO_1,MAW,A03,2023-06-26 12:00:00+02:00,2023-06-27 06:00:00+02:00,PT1M,1,450,no1_se3,True
2025-11-06 08:18:29+00:00,,7TRi-wobt5mCKZOOjOrZYg,6,Planned maintenance,SE_3,NO_1,MAW,A03,2023-06-26 12:00:00+02:00,2023-06-27 06:00:00+02:00,PT1M,1,450,no1_se3,True
2025-11-06 08:18:29+00:00,,yMlYd-NRYgpU_kmlTLSVRQ,6,Planned maintenance,SE_3,SE_2,MAW,A03,2023-06-26 12:00:00+02:00,2023-06-27 06:00:00+02:00,PT1M,1,5000,se2_se3,True
2025-11-06 08:18:29+00:00,,hFD7ELcNDeG98Dy2dpIqfg,6,Planned maintenance,SE_4,SE_3,MAW,A03,2023-06-26 12:00:00+02:00,2023-06-27 06:00:00+02:00,PT1M,1,3200,se3_se4,True
2025-11-06 08:18:29+00:00,,ks1M1_GQOFLKNeaT8utNFw,6,Planned maintenance,SE_4,SE_3,MAW,A03,2023-06-26 12:00:00+02:00,2023-06-27 06:00:00+02:00,PT1M,1,3200,se3_se4,True
2025-11-06 08:18:29+00:00,,GrUaQzhApmZNhXOQs1Q81g,6,Planned maintenance,SE_3,SE_2,MAW,A03,2023-06-26 12:00:00+02:00,2023-06-27 06:00:00+02:00,PT1M,1,5000,se2_se3,True
2025-11-06 08:22:29+00:00,,axafnDf-8pW1RYaFnUkkLA,3,Planned maintenance,SE_4,SE_3,MAW,A03,2023-06-11 18:00:00+02:00,2023-06-16 18:00:00+02:00,PT1M,1,5800,se3_se4,True
2025-11-06 08:22:29+00:00,,CerAdGBQD1xcHWKnW-o13w,3,Planned maintenance,SE_3,SE_4,MAW,A03,2023-06-11 18:00:00+02:00,2023-06-16 18:00:00+02:00,PT1M,1,2400,se4_se3,True
2025-11-06 08:29:41+00:00,,4h-1f9AepBws7nRxDgfoww,8,Planned maintenance,SE_3,SE_2,MAW,A03,2023-06-19 06:00:00+02:00,2023-06-20 17:48:00+02:00,PT1M,1,6000,se2_se3,True
2025-11-06 08:29:42+00:00,,uhPcv95gVNsJPSF4af9Ovw,2,Planned maintenance,SE_3,DK_1,MAW,A03,2023-06-20 07:00:00+02:00,2023-06-20 19:00:00+02:00,PT1M,1,0,dk1_se3,True
2025-11-06 08:29:42+00:00,,46wsFbnMSlwOgNUeiuM6Sw,2,Planned maintenance,SE_3,DK_1,MAW,A03,2023-06-20 07:00:00+02:00,2023-06-20 19:00:00+02:00,PT1M,1,0,dk1_se3,True
2025-11-06 08:29:42+00:00,,B47AAvjnqLzVRaZv75fBfw,2,Planned maintenance,DK_1,SE_3,MAW,A03,2023-06-20 07:00:00+02:00,2023-06-20 19:00:00+02:00,PT1M,1,0,se3_dk1,True
2025-11-06 08:29:42+00:00,,R3nondDNjjlVcxESDnnLLg,2,Planned maintenance,DK_1,SE_3,MAW,A03,2023-06-20 07:00:00+02:00,2023-06-20 19:00:00+02:00,PT1M,1,0,se3_dk1,True
2025-11-06 08:29:49+00:00,,pxol0kR_iIsH6egDDAK1fg,3,Planned maintenance,SE_3,SE_2,MAW,A03,2023-06-21 06:00:00+02:00,2023-06-22 17:00:00+02:00,PT1M,1,6700,se2_se3,True
2025-11-06 08:35:30+00:00,Cancelled,urcBR87xohrYcmTTJ_5pPw,4,Planned maintenance,SE_4,SE_3,MAW,A03,2023-07-07 06:00:00+02:00,2023-07-07 17:00:00+02:00,PT1M,1,4700,se3_se4,False
2025-11-06 08:44:23+00:00,,4Bd_H2JHHUMUOFbYb6pdDA,1,Planned maintenance,SE_3,SE_4,MAW,A03,2023-06-29 08:00:00+02:00,2023-06-29 15:00:00+02:00,PT1M,1,2400,se4_se3,True
2025-11-06 08:44:23+00:00,,iATxKsraauXJuTSiGBZPnw,1,Planned maintenance,SE_4,SE_3,MAW,A03,2023-06-29 08:00:00+02:00,2023-06-29 15:00:00+02:00,PT1M,1,5600,se3_se4,True
2025-11-06 08:49:36+00:00,,4Zonqnjsdz_qq50gL5d59g,1,Unplanned outage,SE_3,SE_2,MAW,A03,2023-06-25 20:15:00+02:00,2023-06-25 23:59:00+02:00,PT1M,1,4000,se2_se3,True
2025-11-06 08:49:36+00:00,,53VsYRAilR1GmZ5ZkPDdWQ,1,Unplanned outage,SE_4,SE_3,MAW,A03,2023-06-25 20:15:00+02:00,2023-06-25 23:59:00+02:00,PT1M,1,2900,se3_se4,True
2025-11-06 08:49:36+00:00,,l5hu4J8ar4davgZnBYdl1Q,1,Unplanned outage,SE_3,SE_2,MAW,A03,2023-06-25 20:15:00+02:00,2023-06-25 23:59:00+02:00,PT1M,1,4000,se2_se3,True
2025-11-06 08:49:36+00:00,,zYaAaJOeee3b7DTvF3TCTQ,1,Unplanned outage,SE_4,SE_3,MAW,A03,2023-06-25 20:15:00+02:00,2023-06-25 23:59:00+02:00,PT1M,1,2900,se3_se4,True
2025-11-06 08:49:54+00:00,,xHiQ7SoRsbZP4J8xWY7WDA,3,Unplanned outage,SE_4,SE_3,MAW,A03,2023-06-26 00:00:00+02:00,2023-06-26 08:15:00+02:00,PT1M,1,3200,se3_se4,True
2025-11-06 08:49:55+00:00,,fpl4R9xaFonJsGwzI_qIvw,3,Unplanned outage,SE_3,SE_2,MAW,A03,2023-06-26 00:00:00+02:00,2023-06-26 08:15:00+02:00,PT1M,1,3400,se2_se3,True
2025-11-06 08:49:55+00:00,,PXRet1WWloxUrLUEOjb8Pw,3,Unplanned outage,SE_4,SE_3,MAW,A03,2023-06-26 00:00:00+02:00,2023-06-26 08:15:00+02:00,PT1M,1,3200,se3_se4,True
2025-11-06 08:49:55+00:00,,8g1oyknZDyrGkW58l-uILQ,3,Unplanned outage,SE_3,SE_2,MAW,A03,2023-06-26 00:00:00+02:00,2023-06-26 08:15:00+02:00,PT1M,1,3400,se2_se3,True
2025-11-06 08:56:09+00:00,,3AYWsiZjesvPctIdNn6ZVQ,2,Unplanned outage,SE_3,NO_1,MAW,A03,2023-06-28 09:31:00+02:00,2023-06-28 14:37:00+02:00,PT1M,1,1000,no1_se3,True
2025-11-06 08:59:21+00:00,,ScpCc5d-6LonqsfboIOcdg,1,Unplanned outage,SE_3,SE_2,MAW,A03,2023-06-29 13:20:00+02:00,2023-06-30 00:00:00+02:00,PT1M,1,5000,se2_se3,True
2025-11-06 09:02:10+00:00,,jFhzVc-EMbxvQKHKeJGl5w,3,Planned maintenance,SE_3,NO_1,MAW,A03,2023-07-03 07:00:00+02:00,2023-07-07 16:00:00+02:00,PT1M,1,1000,no1_se3,True
2025-11-06 09:04:33+00:00,,5dGz8MtgTG1x2bfIiVlNMg,3,Planned maintenance,SE_4,SE_3,MAW,A03,2023-06-27 07:00:00+02:00,2023-07-01 23:59:00+02:00,PT1M,1,3600,se3_se4,True
2025-11-06 09:04:33+00:00,,5dGz8MtgTG1x2bfIiVlNMg,3,Planned maintenance,SE_4,SE_3,MAW,A03,2023-07-01 23:59:00+02:00,2023-07-02 17:00:00+02:00,PT1M,6780,4700,se3_se4,True
2025-11-06 09:04:33+00:00,,qjCyOpcXRuRAkXRpTEH33Q,5,Planned maintenance,SE_3,SE_2,MAW,A03,2023-06-27 07:00:00+02:00,2023-07-02 17:00:00+02:00,PT1M,1,5800,se2_se3,True
2025-11-06 09:04:39+00:00,,K_hhVEfaMpNA0qtb5oyZyg,5,Planned maintenance,SE_3,FI,MAW,A03,2023-07-01 09:00:00+03:00,2023-07-01 19:00:00+03:00,PT1M,1,100,fi_se3,True
2025-11-06 09:04:40+00:00,,U1bCtYTpJAoYkVuPCDhe2A,5,Planned maintenance,SE_3,FI,MAW,A03,2023-07-01 09:00:00+03:00,2023-07-01 19:00:00+03:00,PT1M,1,100,fi_se3,True
2025-11-06 09:04:40+00:00,,PiyXN7d8EiGZVGHCHapQZg,5,Planned maintenance,SE_3,SE_2,MAW,A03,2023-07-01 08:00:00+02:00,2023-07-01 18:00:00+02:00,PT1M,1,4100,se2_se3,True
2025-11-06 09:04:40+00:00,,uv91OUgFAYFbzyvuPY-ERA,5,Planned maintenance,SE_3,SE_2,MAW,A03,2023-07-01 08:00:00+02:00,2023-07-01 18:00:00+02:00,PT1M,1,4100,se2_se3,True
2025-11-06 09:04:40+00:00,,OauAewhPTkioLiaDktSQrg,5,Planned maintenance,SE_3,NO_1,MAW,A03,2023-07-01 08:00:00+02:00,2023-07-01 18:00:00+02:00,PT1M,1,850,no1_se3,True
2025-11-06 09:04:40+00:00,,oQTy9uWbvFE7xFmAyojUhQ,5,Planned maintenance,SE_3,NO_1,MAW,A03,2023-07-01 08:00:00+02:00,2023-07-01 18:00:00+02:00,PT1M,1,850,no1_se3,True
2025-11-06 09:04:40+00:00,,N8Zx58bTa7wX6jMV7wR0rw,5,Planned maintenance,SE_4,SE_3,MAW,A03,2023-07-01 08:00:00+02:00,2023-07-01 18:00:00+02:00,PT1M,1,3800,se3_se4,True
2025-11-06 09:04:40+00:00,,qwV_HKOS9yW9fd-_f5ZhJg,5,Planned maintenance,SE_4,SE_3,MAW,A03,2023-07-01 08:00:00+02:00,2023-07-01 18:00:00+02:00,PT1M,1,3800,se3_se4,True
2025-11-06 09:09:31+00:00,,Am9ko17HVrq6TKGVGkG3DQ,4,Planned maintenance,SE_3,SE_2,MAW,A03,2023-07-03 06:00:00+02:00,2023-07-05 17:00:00+02:00,PT1M,1,5200,se2_se3,True
2025-11-06 09:09:31+00:00,,DtMd4hcyHzl0iwpko0c6ng,4,Planned maintenance,SE_4,SE_3,MAW,A03,2023-07-03 06:00:00+02:00,2023-07-05 17:00:00+02:00,PT1M,1,3400,se3_se4,True
2025-11-06 09:09:31+00:00,,UtGc8JhZOzJ3dMY6Dw_gPg,4,Planned maintenance,SE_3,FI,MAW,A03,2023-07-03 07:00:00+03:00,2023-07-05 18:00:00+03:00,PT1M,1,0,fi_se3,True
2025-11-06 09:19:33+00:00,,GkL4bsYHslmDvaYLsb2uvg,4,Planned maintenance,SE_3,SE_2,MAW,A03,2023-07-04 06:00:00+02:00,2023-07-07 09:30:00+02:00,PT1M,1,6400,se2_se3,True
2025-11-06 09:28:06+00:00,,4gPqUdeSYrRAu0TK76Jj5A,4,Unplanned outage,SE_3,FI,MAW,A03,2023-07-10 22:05:00+03:00,2023-07-11 11:17:00+03:00,PT1M,1,800,fi_se3,True
2025-11-06 09:28:06+00:00,,EEsPE-UMRptOccVBy3eMSg,4,Unplanned outage,SE_3,FI,MAW,A03,2023-07-10 22:05:00+03:00,2023-07-11 11:17:00+03:00,PT1M,1,800,fi_se3,True
2025-11-06 09:28:06+00:00,,XYcbq1c0GUSy4IFDaiKhNw,4,Unplanned outage,FI,SE_3,MAW,A03,2023-07-10 21:05:00+02:00,2023-07-11 10:17:00+02:00,PT1M,1,800,se3_fi,True
2025-11-06 09:28:06+00:00,,QbTM1mLIbmRRCxMKnSU_cw,4,Unplanned outage,FI,SE_3,MAW,A03,2023-07-10 21:05:00+02:00,2023-07-11 10:17:00+02:00,PT1M,1,800,se3_fi,True
2025-11-06 09:30:22+00:00,Cancelled,AAyoeq8GJFGIK4SO0ZSGmg,3,Planned maintenance,SE_4,SE_3,MAW,A03,2023-07-17 23:58:00+02:00,2023-07-21 23:59:00+02:00,PT1M,69119,4700,se3_se4,False
2025-11-06 09:30:22+00:00,Cancelled,H7W1C6sBJI9J7uk6YCRUFA,3,Planned maintenance,SE_3,FI,MAW,A03,2023-07-22 00:59:00+03:00,2023-08-02 01:00:00+03:00,PT1M,74880,400,fi_se3,False
2025-11-06 09:30:22+00:00,Cancelled,H7W1C6sBJI9J7uk6YCRUFA,3,Planned maintenance,SE_3,FI,MAW,A03,2023-07-02 00:59:00+03:00,2023-07-09 00:59:00+03:00,PT1M,46080,300,fi_se3,False
2025-11-06 09:30:22+00:00,Cancelled,H7W1C6sBJI9J7uk6YCRUFA,3,Planned maintenance,SE_3,FI,MAW,A03,2023-05-31 01:00:00+03:00,2023-07-02 00:59:00+03:00,PT1M,1,100,fi_se3,False
2025-11-06 09:30:22+00:00,Cancelled,H7W1C6sBJI9J7uk6YCRUFA,3,Planned maintenance,SE_3,FI,MAW,A03,2023-07-09 00:59:00+03:00,2023-07-18 00:58:00+03:00,PT1M,56160,600,fi_se3,False
2025-11-06 09:30:22+00:00,Cancelled,6agCmdB0YjOvxrJJSSUkRw,3,Planned maintenance,SE_3,SE_2,MAW,A03,2023-07-05 23:59:00+02:00,2023-07-17 23:58:00+02:00,PT1M,51840,5500,se2_se3,False
2025-11-06 09:30:22+00:00,Cancelled,H7W1C6sBJI9J7uk6YCRUFA,3,Planned maintenance,SE_3,FI,MAW,A03,2023-07-18 00:58:00+03:00,2023-07-22 00:59:00+03:00,PT1M,69119,700,fi_se3,False
2025-11-06 09:30:22+00:00,Cancelled,6agCmdB0YjOvxrJJSSUkRw,3,Planned maintenance,SE_3,SE_2,MAW,A03,2023-06-20 23:59:00+02:00,2023-07-05 23:59:00+02:00,PT1M,30240,5700,se2_se3,False
2025-11-06 09:30:22+00:00,Cancelled,6agCmdB0YjOvxrJJSSUkRw,3,Planned maintenance,SE_3,SE_2,MAW,A03,2023-05-31 00:00:00+02:00,2023-06-20 23:59:00+02:00,PT1M,1,5600,se2_se3,False
2025-11-06 09:30:22+00:00,Cancelled,AAyoeq8GJFGIK4SO0ZSGmg,3,Planned maintenance,SE_4,SE_3,MAW,A03,2023-05-31 00:00:00+02:00,2023-06-12 23:59:00+02:00,PT1M,1,3400,se3_se4,False
2025-11-06 09:30:22+00:00,Cancelled,AAyoeq8GJFGIK4SO0ZSGmg,3,Planned maintenance,SE_4,SE_3,MAW,A03,2023-06-12 23:59:00+02:00,2023-06-20 23:59:00+02:00,PT1M,18720,3300,se3_se4,False
2025-11-06 09:30:22+00:00,Cancelled,AAyoeq8GJFGIK4SO0ZSGmg,3,Planned maintenance,SE_4,SE_3,MAW,A03,2023-06-20 23:59:00+02:00,2023-06-23 10:59:00+02:00,PT1M,30240,3400,se3_se4,False
2025-11-06 09:30:22+00:00,Cancelled,AAyoeq8GJFGIK4SO0ZSGmg,3,Planned maintenance,SE_4,SE_3,MAW,A03,2023-06-23 10:59:00+02:00,2023-07-01 23:59:00+02:00,PT1M,33780,3800,se3_se4,False
2025-11-06 09:30:22+00:00,Cancelled,AAyoeq8GJFGIK4SO0ZSGmg,3,Planned maintenance,SE_4,SE_3,MAW,A03,2023-07-21 23:59:00+02:00,2023-08-02 00:00:00+02:00,PT1M,74880,4400,se3_se4,False
2025-11-06 09:30:22+00:00,Cancelled,AAyoeq8GJFGIK4SO0ZSGmg,3,Planned maintenance,SE_4,SE_3,MAW,A03,2023-07-01 23:59:00+02:00,2023-07-06 23:59:00+02:00,PT1M,46080,4200,se3_se4,False
2025-11-06 09:30:22+00:00,Cancelled,AAyoeq8GJFGIK4SO0ZSGmg,3,Planned maintenance,SE_4,SE_3,MAW,A03,2023-07-06 23:59:00+02:00,2023-07-17 23:58:00+02:00,PT1M,53280,4400,se3_se4,False
2025-11-06 09:30:22+00:00,Cancelled,6agCmdB0YjOvxrJJSSUkRw,3,Planned maintenance,SE_3,SE_2,MAW,A03,2023-07-17 23:58:00+02:00,2023-08-02 00:00:00+02:00,PT1M,69119,5700,se2_se3,False
2025-11-06 09:32:54+00:00,,69tXPAOVmE6l__-LTXAI2w,6,Planned maintenance,SE_3,SE_2,MAW,A03,2023-07-11 06:00:00+02:00,2023-07-13 08:40:00+02:00,PT1M,1,5300,se2_se3,True
2025-11-06 09:32:54+00:00,,2MxhwIj-mj9JCICZdiFfgA,6,Planned maintenance,SE_4,SE_3,MAW,A03,2023-07-11 06:00:00+02:00,2023-07-13 08:40:00+02:00,PT1M,1,3900,se3_se4,True
2025-11-06 09:32:54+00:00,,vNjFvD1TPHVjoPw_1Bn5XQ,6,Planned maintenance,SE_3,FI,MAW,A03,2023-07-11 07:00:00+03:00,2023-07-13 09:40:00+03:00,PT1M,1,200,fi_se3,True
2025-11-06 09:37:46+00:00,Cancelled,ywCb2jvRva0jf_IrQ-7P7w,2,Planned maintenance,SE_3,FI,MAW,A03,2023-07-22 00:59:00+03:00,2023-08-02 01:00:00+03:00,PT1M,74880,400,fi_se3,False
2025-11-06 09:37:46+00:00,Cancelled,ywCb2jvRva0jf_IrQ-7P7w,2,Planned maintenance,SE_3,FI,MAW,A03,2023-07-09 00:59:00+03:00,2023-07-20 00:58:00+03:00,PT1M,56160,600,fi_se3,False
2025-11-06 09:37:46+00:00,Cancelled,ywCb2jvRva0jf_IrQ-7P7w,2,Planned maintenance,SE_3,FI,MAW,A03,2023-07-02 00:59:00+03:00,2023-07-09 00:59:00+03:00,PT1M,46080,300,fi_se3,False
2025-11-06 09:37:46+00:00,Cancelled,ywCb2jvRva0jf_IrQ-7P7w,2,Planned maintenance,SE_3,FI,MAW,A03,2023-05-31 01:00:00+03:00,2023-07-02 00:59:00+03:00,PT1M,1,100,fi_se3,False
2025-11-06 09:37:46+00:00,,3WzlZf6cOK1w7sFs0RvlWg,23,Planned maintenance,SE_3,NO_1,MAW,A03,2023-05-31 00:00:00+02:00,2023-06-18 00:00:00+02:00,PT1M,1,1600,no1_se3,True
2025-11-06 09:37:46+00:00,Cancelled,ywCb2jvRva0jf_IrQ-7P7w,2,Planned maintenance,SE_3,FI,MAW,A03,2023-07-20 00:58:00+03:00,2023-07-22 00:59:00+03:00,PT1M,71999,700,fi_se3,False
2025-11-06 09:37:47+00:00,Cancelled,o4XByDOQl9OqevXtKc6V3w,2,Planned maintenance,SE_3,SE_2,MAW,A03,2023-07-05 23:59:00+02:00,2023-07-19 23:58:00+02:00,PT1M,51840,5500,se2_se3,False
2025-11-06 09:37:47+00:00,Cancelled,o4XByDOQl9OqevXtKc6V3w,2,Planned maintenance,SE_3,SE_2,MAW,A03,2023-07-19 23:58:00+02:00,2023-08-02 00:00:00+02:00,PT1M,71999,5700,se2_se3,False
2025-11-06 09:37:47+00:00,Cancelled,o4XByDOQl9OqevXtKc6V3w,2,Planned maintenance,SE_3,SE_2,MAW,A03,2023-05-31 00:00:00+02:00,2023-06-20 23:59:00+02:00,PT1M,1,5600,se2_se3,False
2025-11-06 09:37:47+00:00,Cancelled,o4XByDOQl9OqevXtKc6V3w,2,Planned maintenance,SE_3,SE_2,MAW,A03,2023-06-20 23:59:00+02:00,2023-07-05 23:59:00+02:00,PT1M,30240,5700,se2_se3,False
2025-11-06 09:37:48+00:00,Cancelled,sNDUdBElh8Rz84JXK6b6Mg,2,Planned maintenance,SE_4,SE_3,MAW,A03,2023-06-12 23:59:00+02:00,2023-06-20 23:59:00+02:00,PT1M,18720,3300,se3_se4,False
2025-11-06 09:37:48+00:00,Cancelled,sNDUdBElh8Rz84JXK6b6Mg,2,Planned maintenance,SE_4,SE_3,MAW,A03,2023-06-20 23:59:00+02:00,2023-06-23 10:59:00+02:00,PT1M,30240,3400,se3_se4,False
2025-11-06 09:37:48+00:00,Cancelled,sNDUdBElh8Rz84JXK6b6Mg,2,Planned maintenance,SE_4,SE_3,MAW,A03,2023-06-23 10:59:00+02:00,2023-07-01 23:59:00+02:00,PT1M,33780,3800,se3_se4,False
2025-11-06 09:37:48+00:00,Cancelled,sNDUdBElh8Rz84JXK6b6Mg,2,Planned maintenance,SE_4,SE_3,MAW,A03,2023-05-31 00:00:00+02:00,2023-06-12 23:59:00+02:00,PT1M,1,3400,se3_se4,False
2025-11-06 09:37:48+00:00,Cancelled,sNDUdBElh8Rz84JXK6b6Mg,2,Planned maintenance,SE_4,SE_3,MAW,A03,2023-07-21 23:59:00+02:00,2023-08-02 00:00:00+02:00,PT1M,74880,4400,se3_se4,False
2025-11-06 09:37:48+00:00,Cancelled,sNDUdBElh8Rz84JXK6b6Mg,2,Planned maintenance,SE_4,SE_3,MAW,A03,2023-07-19 23:58:00+02:00,2023-07-21 23:59:00+02:00,PT1M,71999,4700,se3_se4,False
2025-11-06 09:37:48+00:00,Cancelled,sNDUdBElh8Rz84JXK6b6Mg,2,Planned maintenance,SE_4,SE_3,MAW,A03,2023-07-01 23:59:00+02:00,2023-07-06 23:59:00+02:00,PT1M,46080,4200,se3_se4,False
2025-11-06 09:37:48+00:00,Cancelled,sNDUdBElh8Rz84JXK6b6Mg,2,Planned maintenance,SE_4,SE_3,MAW,A03,2023-07-06 23:59:00+02:00,2023-07-19 23:58:00+02:00,PT1M,53280,4400,se3_se4,False
2025-11-06 09:37:50+00:00,,pboVGpCi-kTiiTL6u8zM9A,34,Planned maintenance,SE_3,FI,MAW,A03,2023-07-09 00:59:00+03:00,2023-07-20 00:59:00+03:00,PT1M,56160,600,fi_se3,True
2025-11-06 09:37:50+00:00,,pboVGpCi-kTiiTL6u8zM9A,34,Planned maintenance,SE_3,FI,MAW,A03,2023-07-02 00:59:00+03:00,2023-07-09 00:59:00+03:00,PT1M,46080,300,fi_se3,True
2025-11-06 09:37:50+00:00,,pboVGpCi-kTiiTL6u8zM9A,34,Planned maintenance,SE_3,FI,MAW,A03,2023-05-31 01:00:00+03:00,2023-07-02 00:59:00+03:00,PT1M,1,100,fi_se3,True
2025-11-06 09:37:51+00:00,,_2hX98fpJm7l4RcKMysHBA,33,Planned maintenance,SE_4,SE_3,MAW,A03,2023-06-23 10:59:00+02:00,2023-07-01 23:59:00+02:00,PT1M,33780,3800,se3_se4,True
2025-11-06 09:37:51+00:00,,_2hX98fpJm7l4RcKMysHBA,33,Planned maintenance,SE_4,SE_3,MAW,A03,2023-06-20 23:59:00+02:00,2023-06-23 10:59:00+02:00,PT1M,30240,3400,se3_se4,True
2025-11-06 09:37:51+00:00,,_2hX98fpJm7l4RcKMysHBA,33,Planned maintenance,SE_4,SE_3,MAW,A03,2023-07-01 23:59:00+02:00,2023-07-06 23:59:00+02:00,PT1M,46080,4200,se3_se4,True
2025-11-06 09:37:51+00:00,,_2hX98fpJm7l4RcKMysHBA,33,Planned maintenance,SE_4,SE_3,MAW,A03,2023-05-31 00:00:00+02:00,2023-06-12 23:59:00+02:00,PT1M,1,3400,se3_se4,True
2025-11-06 09:37:51+00:00,,_2hX98fpJm7l4RcKMysHBA,33,Planned maintenance,SE_4,SE_3,MAW,A03,2023-06-12 23:59:00+02:00,2023-06-20 23:59:00+02:00,PT1M,18720,3300,se3_se4,True
2025-11-06 09:37:51+00:00,,_2hX98fpJm7l4RcKMysHBA,33,Planned maintenance,SE_4,SE_3,MAW,A03,2023-07-06 23:59:00+02:00,2023-07-19 23:59:00+02:00,PT1M,53280,4400,se3_se4,True
2025-11-06 09:37:51+00:00,,PDifyQrLEURJy8ZHU4D_Fg,34,Planned maintenance,SE_3,SE_2,MAW,A03,2023-05-31 00:00:00+02:00,2023-06-20 23:59:00+02:00,PT1M,1,5600,se2_se3,True
2025-11-06 09:37:51+00:00,,PDifyQrLEURJy8ZHU4D_Fg,34,Planned maintenance,SE_3,SE_2,MAW,A03,2023-06-20 23:59:00+02:00,2023-07-05 23:59:00+02:00,PT1M,30240,5700,se2_se3,True
2025-11-06 09:37:51+00:00,,PDifyQrLEURJy8ZHU4D_Fg,34,Planned maintenance,SE_3,SE_2,MAW,A03,2023-07-05 23:59:00+02:00,2023-07-19 23:59:00+02:00,PT1M,51840,5500,se2_se3,True
2025-11-06 09:44:26+00:00,,cIF3oXaN_oPSTRDokHOgag,5,Planned maintenance,SE_3,SE_2,MAW,A03,2023-07-15 18:00:00+02:00,2023-07-20 15:05:00+02:00,PT1M,1,5700,se2_se3,True
2025-11-06 09:44:26+00:00,,11XqjRZz8jERZAsVbO9G2g,5,Planned maintenance,SE_3,FI,MAW,A03,2023-07-15 19:00:00+03:00,2023-07-20 16:05:00+03:00,PT1M,1,0,fi_se3,True
2025-11-06 09:46:03+00:00,,8iuW5prmR3aGLsPA8b2ldA,4,Planned maintenance,SE_3,SE_2,MAW,A03,2023-07-17 06:00:00+02:00,2023-07-21 13:21:00+02:00,PT1M,1,5000,se2_se3,True
2025-11-06 09:46:03+00:00,,aSX8VAtC09xQlkF7XcaPOg,4,Planned maintenance,SE_4,SE_3,MAW,A03,2023-07-17 06:00:00+02:00,2023-07-21 13:21:00+02:00,PT1M,1,3900,se3_se4,True
2025-11-06 09:46:03+00:00,,KdqanbM3O2mbxqLwf7p2hA,4,Planned maintenance,SE_3,FI,MAW,A03,2023-07-17 07:00:00+03:00,2023-07-21 14:21:00+03:00,PT1M,1,0,fi_se3,True
2025-11-06 09:48:49+00:00,Cancelled,97T6tlsjpw6c-Uflrq3QWw,2,Planned maintenance,SE_3,SE_4,MAW,A03,2023-07-23 09:00:00+02:00,2023-07-23 17:00:00+02:00,PT1M,1,400,se4_se3,False
2025-11-06 09:50:27+00:00,,_htx_vHvMb3XHFBwambwSw,7,Planned maintenance,SE_4,SE_3,MAW,A03,2023-07-17 07:00:00+02:00,2023-07-24 18:15:00+02:00,PT1M,1,4300,se3_se4,True
2025-11-06 09:53:10+00:00,,5CuQLgCXdabdRgA7umJbKg,4,Planned maintenance,SE_4,SE_3,MAW,A03,2023-07-20 00:00:00+02:00,2023-07-21 23:59:00+02:00,PT1M,1,4700,se3_se4,True
2025-11-06 09:53:10+00:00,,5CuQLgCXdabdRgA7umJbKg,4,Planned maintenance,SE_4,SE_3,MAW,A03,2023-07-21 23:59:00+02:00,2023-07-26 09:59:00+02:00,PT1M,2880,4400,se3_se4,True
2025-11-06 09:53:10+00:00,,EYQXLxO4uvq84kF5ruyJfg,4,Planned maintenance,SE_3,FI,MAW,A03,2023-07-22 00:59:00+03:00,2023-08-02 01:00:00+03:00,PT1M,2880,400,fi_se3,True
2025-11-06 09:53:10+00:00,,EYQXLxO4uvq84kF5ruyJfg,4,Planned maintenance,SE_3,FI,MAW,A03,2023-07-20 01:00:00+03:00,2023-07-22 00:59:00+03:00,PT1M,1,700,fi_se3,True
2025-11-06 09:53:10+00:00,,5CuQLgCXdabdRgA7umJbKg,4,Planned maintenance,SE_4,SE_3,MAW,A03,2023-07-26 09:59:00+02:00,2023-08-02 00:00:00+02:00,PT1M,9240,4600,se3_se4,True
2025-11-06 09:53:10+00:00,,1hOvZe77d5Bw_vyMcCoBLA,4,Planned maintenance,SE_3,SE_2,MAW,A03,2023-07-20 00:00:00+02:00,2023-08-02 00:00:00+02:00,PT1M,1,5700,se2_se3,True
2025-11-06 10:02:29+00:00,,uwXd6oZ8tXG-SYZiQQ3NSA,5,Planned maintenance,NO_1,SE_3,MAW,A03,2023-07-31 07:00:00+02:00,2023-08-04 16:00:00+02:00,PT1M,1,1895,se3_no1,True
2025-11-06 10:02:29+00:00,,Ppe6n2VMy2ixT0Q6zTvHGw,5,Planned maintenance,SE_3,NO_1,MAW,A03,2023-07-31 07:00:00+02:00,2023-08-04 16:00:00+02:00,PT1M,1,1945,no1_se3,True
2025-11-06 10:03:59+00:00,,xUkfbAGXTKyiwcPPQOgLow,1,Planned maintenance,DK_1,SE_3,MAW,A03,2023-09-25 07:00:00+02:00,2023-09-26 16:00:00+02:00,PT1M,1,684,se3_dk1,True
2025-11-06 10:05:16+00:00,,NPX4CmUlzVIeMgcmQU2R7g,7,Planned maintenance,SE_3,SE_2,MAW,A03,2023-07-31 06:00:00+02:00,2023-08-01 23:59:00+02:00,PT1M,1,5400,se2_se3,True
2025-11-06 10:05:16+00:00,,OSYdu3VPfMpcpldQXyEBNQ,10,Planned maintenance,SE_3,SE_2,MAW,A03,2023-07-31 06:00:00+02:00,2023-08-01 23:59:00+02:00,PT1M,1,5400,se2_se3,True
2025-11-06 10:05:16+00:00,,hIs1UF6nFwWGLd0QowYPaw,7,Planned maintenance,FI,SE_3,MAW,A03,2023-07-31 06:00:00+02:00,2023-08-13 20:00:00+02:00,PT1M,1,200,se3_fi,True
2025-11-06 10:05:16+00:00,,OSYdu3VPfMpcpldQXyEBNQ,10,Planned maintenance,SE_3,SE_2,MAW,A03,2023-08-01 23:59:00+02:00,2023-08-04 18:59:00+02:00,PT1M,2520,5100,se2_se3,True
2025-11-06 10:05:16+00:00,,9r-8AwRRt4V1M2R04WSgpw,7,Planned maintenance,FI,SE_3,MAW,A03,2023-07-31 06:00:00+02:00,2023-08-13 20:00:00+02:00,PT1M,1,200,se3_fi,True
2025-11-06 10:05:16+00:00,,NPX4CmUlzVIeMgcmQU2R7g,7,Planned maintenance,SE_3,SE_2,MAW,A03,2023-08-01 23:59:00+02:00,2023-08-04 18:59:00+02:00,PT1M,2520,5100,se2_se3,True
2025-11-06 10:05:16+00:00,,NPX4CmUlzVIeMgcmQU2R7g,7,Planned maintenance,SE_3,SE_2,MAW,A03,2023-08-04 18:59:00+02:00,2023-08-13 20:00:00+02:00,PT1M,6540,5400,se2_se3,True
2025-11-06 10:05:16+00:00,,OSYdu3VPfMpcpldQXyEBNQ,10,Planned maintenance,SE_3,SE_2,MAW,A03,2023-08-04 18:59:00+02:00,2023-08-13 20:00:00+02:00,PT1M,6540,5400,se2_se3,True
2025-11-06 10:11:03+00:00,,lEqXzJKss1PWONpmp7MLAQ,2,Planned maintenance,NO_1,SE_3,MAW,A03,2023-08-07 06:00:00+02:00,2023-08-07 11:13:00+02:00,PT1M,1,645,se3_no1,True
2025-11-06 10:11:03+00:00,,9OnIHII01gN-ZVICHY_yeA,2,Planned maintenance,SE_3,NO_1,MAW,A03,2023-08-07 06:00:00+02:00,2023-08-07 11:13:00+02:00,PT1M,1,695,no1_se3,True
2025-11-06 10:11:04+00:00,Cancelled,vpa7Siud2_hQJCreM3wPYQ,2,Planned maintenance,SE_3,DK_1,MAW,A03,2023-08-09 07:00:00+02:00,2023-08-09 23:00:00+02:00,PT1M,1,0,dk1_se3,False
2025-11-06 10:11:04+00:00,Cancelled,mmf_hppqRstrnjMX_LtuCg,2,Planned maintenance,SE_3,DK_1,MAW,A03,2023-08-09 07:00:00+02:00,2023-08-09 23:00:00+02:00,PT1M,1,0,dk1_se3,False
2025-11-06 10:11:04+00:00,Cancelled,FClyPMqA9fg8zN6lUm7uKg,2,Planned maintenance,SE_3,DK_1,MAW,A03,2023-08-08 07:00:00+02:00,2023-08-08 23:00:00+02:00,PT1M,1,0,dk1_se3,False
2025-11-06 10:11:04+00:00,Cancelled,gQ08UsYJlM0dXPkT_ugDQA,2,Planned maintenance,DK_1,SE_3,MAW,A03,2023-08-09 07:00:00+02:00,2023-08-09 23:00:00+02:00,PT1M,1,0,se3_dk1,False
2025-11-06 10:11:04+00:00,Cancelled,UthFBbBV_knyEyaNHFMs9Q,2,Planned maintenance,DK_1,SE_3,MAW,A03,2023-08-09 07:00:00+02:00,2023-08-09 23:00:00+02:00,PT1M,1,0,se3_dk1,False
2025-11-06 10:11:04+00:00,Cancelled,JtgiSAzB51gTQyhUgdE0jQ,2,Planned maintenance,DK_1,SE_3,MAW,A03,2023-08-08 07:00:00+02:00,2023-08-08 23:00:00+02:00,PT1M,1,0,se3_dk1,False
2025-11-06 10:11:04+00:00,Cancelled,omtoJQRPe2W6xoJ4lMdV8Q,2,Planned maintenance,DK_1,SE_3,MAW,A03,2023-08-08 07:00:00+02:00,2023-08-08 23:00:00+02:00,PT1M,1,0,se3_dk1,False
2025-11-06 10:11:04+00:00,Cancelled,pmnLrvFqT7y1Sjm9wGqqow,2,Planned maintenance,SE_3,DK_1,MAW,A03,2023-08-08 07:00:00+02:00,2023-08-08 23:00:00+02:00,PT1M,1,0,dk1_se3,False
2025-11-06 10:14:29+00:00,,Pa5ONNY9n3jUj74__gKf6w,1,Unplanned outage,FI,SE_3,MAW,A03,2023-08-10 07:00:00+02:00,2023-08-10 15:00:00+02:00,PT1M,1,650,se3_fi,True
2025-11-06 10:14:29+00:00,,OTV9UTVbecQ7dLGpS0QpsA,1,Unplanned outage,SE_3,FI,MAW,A03,2023-08-10 08:00:00+03:00,2023-08-10 16:00:00+03:00,PT1M,1,650,fi_se3,True
2025-11-06 10:16:19+00:00,Cancelled,gjmITaMGQZJNDnEvQYMfKA,3,Planned maintenance,DK_1,SE_3,MAW,A03,2023-08-23 06:00:00+02:00,2023-08-24 17:00:00+02:00,PT1M,1,0,se3_dk1,False
2025-11-06 10:16:19+00:00,Cancelled,TnE1n8IlOgr3jgscz6DwLA,3,Planned maintenance,SE_3,NO_1,MAW,A03,2023-08-22 06:00:00+02:00,2023-08-24 17:00:00+02:00,PT1M,1,0,no1_se3,False
2025-11-06 10:17:51+00:00,Cancelled,4A5iik_0lbVUe9CHzwRyJg,5,Planned maintenance,SE_3,DK_1,MAW,A03,2023-08-15 07:00:00+02:00,2023-08-15 19:00:00+02:00,PT1M,1,100,dk1_se3,False
2025-11-06 10:17:52+00:00,Cancelled,0BaThiXUXDmRYumrHkgpFA,5,Planned maintenance,SE_4,SE_3,MAW,A03,2023-08-15 07:00:00+02:00,2023-08-15 19:00:00+02:00,PT1M,1,3300,se3_se4,False
2025-11-06 10:22:28+00:00,,faamb246QSbbyIgAt1ubEA,4,Planned maintenance,SE_4,SE_3,MAW,A03,2023-08-17 06:00:00+02:00,2023-08-17 17:00:00+02:00,PT1M,1,3700,se3_se4,True
2025-11-06 10:22:28+00:00,,2CQqv9G5v2Ax3ho3XdPk_w,4,Planned maintenance,SE_4,SE_3,MAW,A03,2023-08-17 06:00:00+02:00,2023-08-17 17:00:00+02:00,PT1M,1,3700,se3_se4,True
2025-11-06 10:25:03+00:00,,G1YaUGAamp-tjdOENJxnsQ,6,Planned maintenance,SE_4,SE_3,MAW,A03,2023-08-22 06:00:00+02:00,2023-08-24 17:00:00+02:00,PT1M,1,4900,se3_se4,True
2025-11-06 10:29:31+00:00,,RzjUf2-etC4YRW5TFPI1mg,10,Unplanned outage,SE_4,SE_3,MAW,A03,2023-08-18 16:59:00+02:00,2023-08-21 15:30:00+02:00,PT1M,14491,5800,se3_se4,True
2025-11-06 10:29:31+00:00,,RzjUf2-etC4YRW5TFPI1mg,10,Unplanned outage,SE_4,SE_3,MAW,A03,2023-08-18 06:59:00+02:00,2023-08-18 16:59:00+02:00,PT1M,13891,5400,se3_se4,True
2025-11-06 10:29:31+00:00,,RzjUf2-etC4YRW5TFPI1mg,10,Unplanned outage,SE_4,SE_3,MAW,A03,2023-08-15 16:59:00+02:00,2023-08-18 06:59:00+02:00,PT1M,10171,5800,se3_se4,True
2025-11-06 10:29:31+00:00,,RzjUf2-etC4YRW5TFPI1mg,10,Unplanned outage,SE_4,SE_3,MAW,A03,2023-08-14 06:59:00+02:00,2023-08-15 16:59:00+02:00,PT1M,8131,5400,se3_se4,True
2025-11-06 10:29:31+00:00,,RzjUf2-etC4YRW5TFPI1mg,10,Unplanned outage,SE_4,SE_3,MAW,A03,2023-08-08 15:29:00+02:00,2023-08-14 06:59:00+02:00,PT1M,1,5800,se3_se4,True
2025-11-06 10:29:33+00:00,,57BetxWWJ2GlzWdIOTy0PQ,10,Unplanned outage,SE_3,SE_4,MAW,A03,2023-08-18 16:59:00+02:00,2023-08-21 15:30:00+02:00,PT1M,14491,2400,se4_se3,True
2025-11-06 10:29:33+00:00,,57BetxWWJ2GlzWdIOTy0PQ,10,Unplanned outage,SE_3,SE_4,MAW,A03,2023-08-18 06:59:00+02:00,2023-08-18 16:59:00+02:00,PT1M,13891,2000,se4_se3,True
2025-11-06 10:29:33+00:00,,57BetxWWJ2GlzWdIOTy0PQ,10,Unplanned outage,SE_3,SE_4,MAW,A03,2023-08-08 15:29:00+02:00,2023-08-14 06:59:00+02:00,PT1M,1,2400,se4_se3,True
2025-11-06 10:29:33+00:00,,57BetxWWJ2GlzWdIOTy0PQ,10,Unplanned outage,SE_3,SE_4,MAW,A03,2023-08-14 06:59:00+02:00,2023-08-15 16:59:00+02:00,PT1M,8131,2000,se4_se3,True
2025-11-06 10:29:33+00:00,,57BetxWWJ2GlzWdIOTy0PQ,10,Unplanned outage,SE_3,SE_4,MAW,A03,2023-08-15 16:59:00+02:00,2023-08-18 06:59:00+02:00,PT1M,10171,2400,se4_se3,True
2025-11-06 10:30:30+00:00,,7B3Bzpy5_gV3YJN0RPa6Vg,7,Unplanned outage,SE_3,FI,MAW,A03,2023-07-30 02:50:00+03:00,2023-08-22 10:00:00+03:00,PT1M,1,800,fi_se3,True
2025-11-06 10:30:30+00:00,,0RAPBDDRl-vn27oy7WpVFw,7,Unplanned outage,FI,SE_3,MAW,A03,2023-07-30 01:50:00+02:00,2023-08-22 09:00:00+02:00,PT1M,1,800,se3_fi,True
2025-11-06 10:30:45+00:00,,9jGNpB37coy8eOGijbBYKg,9,Unplanned outage,SE_3,SE_2,MAW,A03,2023-08-18 02:00:00+02:00,2023-08-18 23:59:00+02:00,PT1M,1,5600,se2_se3,True
2025-11-06 10:30:45+00:00,,9jGNpB37coy8eOGijbBYKg,9,Unplanned outage,SE_3,SE_2,MAW,A03,2023-08-18 23:59:00+02:00,2023-08-24 15:00:00+02:00,PT1M,1320,5400,se2_se3,True
2025-11-06 10:30:45+00:00,,MTnHi4FSngobBOJSpcENKQ,9,Unplanned outage,SE_3,SE_2,MAW,A03,2023-08-18 02:00:00+02:00,2023-08-18 23:59:00+02:00,PT1M,1,5600,se2_se3,True
2025-11-06 10:30:45+00:00,,MTnHi4FSngobBOJSpcENKQ,9,Unplanned outage,SE_3,SE_2,MAW,A03,2023-08-18 23:59:00+02:00,2023-08-24 15:00:00+02:00,PT1M,1320,5400,se2_se3,True
2025-11-06 10:30:45+00:00,,6bmis-jKFE3boz-tROnLDA,4,Unplanned outage,FI,SE_3,MAW,A03,2023-08-19 00:00:00+02:00,2023-08-20 23:59:00+02:00,PT1M,1,800,se3_fi,True
2025-11-06 10:30:45+00:00,,a_gaOsq33JQRfJOwmi6ADw,4,Unplanned outage,FI,SE_3,MAW,A03,2023-08-20 23:59:00+02:00,2023-08-24 15:00:00+02:00,PT1M,2880,600,se3_fi,True
2025-11-06 10:30:45+00:00,,a_gaOsq33JQRfJOwmi6ADw,4,Unplanned outage,FI,SE_3,MAW,A03,2023-08-19 00:00:00+02:00,2023-08-20 23:59:00+02:00,PT1M,1,800,se3_fi,True
2025-11-06 10:30:45+00:00,,6bmis-jKFE3boz-tROnLDA,4,Unplanned outage,FI,SE_3,MAW,A03,2023-08-20 23:59:00+02:00,2023-08-24 15:00:00+02:00,PT1M,2880,600,se3_fi,True
2025-11-06 10:30:48+00:00,,qVp-MD--Dl6poYAx0iVf1A,2,Planned maintenance,SE_3,DK_1,MAW,A03,2023-08-22 07:00:00+02:00,2023-08-22 20:00:00+02:00,PT1M,1,0,dk1_se3,True
2025-11-06 10:30:48+00:00,,ORQyXFvSjoFaCVVtq-SjtA,2,Planned maintenance,SE_3,DK_1,MAW,A03,2023-08-22 07:00:00+02:00,2023-08-22 20:00:00+02:00,PT1M,1,0,dk1_se3,True
2025-11-06 10:30:48+00:00,,vJAU26BT9OhguiXjUW0Fcg,2,Planned maintenance,DK_1,SE_3,MAW,A03,2023-08-22 07:00:00+02:00,2023-08-22 20:00:00+02:00,PT1M,1,0,se3_dk1,True
2025-11-06 10:30:48+00:00,,2Fq26iEY7X5Y5qrdqbyOoQ,2,Planned maintenance,DK_1,SE_3,MAW,A03,2023-08-22 07:00:00+02:00,2023-08-22 20:00:00+02:00,PT1M,1,0,se3_dk1,True
2025-11-06 10:32:02+00:00,,wdZf7rMPlSp0QKko10jxUA,2,Planned maintenance,SE_3,DK_1,MAW,A03,2023-08-23 07:00:00+02:00,2023-08-23 16:30:00+02:00,PT1M,1,0,dk1_se3,True
2025-11-06 10:32:02+00:00,Cancelled,B1SUxwBodGICrTZNl_ThVw,2,Planned maintenance,SE_4,SE_3,MAW,A03,2023-08-27 18:00:00+02:00,2023-09-09 20:00:00+02:00,PT1M,1,5800,se3_se4,False
2025-11-06 10:32:02+00:00,,CvjEg5Mn6Owgp0i6HksrIg,2,Planned maintenance,DK_1,SE_3,MAW,A03,2023-08-23 07:00:00+02:00,2023-08-23 16:30:00+02:00,PT1M,1,0,se3_dk1,True
2025-11-06 10:32:02+00:00,,dF8Wa5zr7V3OBKHI5AeR_A,2,Planned maintenance,DK_1,SE_3,MAW,A03,2023-08-23 07:00:00+02:00,2023-08-23 16:30:00+02:00,PT1M,1,0,se3_dk1,True
2025-11-06 10:32:02+00:00,,Ho7jviBiuTI1amZ7owraHA,2,Planned maintenance,SE_3,DK_1,MAW,A03,2023-08-23 07:00:00+02:00,2023-08-23 16:30:00+02:00,PT1M,1,0,dk1_se3,True
2025-11-06 10:32:03+00:00,Cancelled,YcD2hyyLQah46ICyu0e4sw,2,Planned maintenance,SE_3,SE_4,MAW,A03,2023-08-27 18:00:00+02:00,2023-09-09 20:00:00+02:00,PT1M,1,2400,se4_se3,False
2025-11-06 10:33:01+00:00,,HUtjub2a06pd1lSyDobrzg,4,Planned maintenance,SE_3,SE_2,MAW,A03,2023-08-24 23:59:00+02:00,2023-08-27 19:00:00+02:00,PT1M,15480,6200,se2_se3,True
2025-11-06 10:33:01+00:00,,HUtjub2a06pd1lSyDobrzg,4,Planned maintenance,SE_3,SE_2,MAW,A03,2023-08-14 06:00:00+02:00,2023-08-24 23:59:00+02:00,PT1M,1,6100,se2_se3,True
2025-11-06 10:33:03+00:00,,W8IjvGAgOsF8I9blZwdjeQ,1,Planned maintenance,DK_1,SE_3,MAW,A03,2023-09-27 07:00:00+02:00,2023-09-28 16:00:00+02:00,PT1M,1,684,se3_dk1,True
2025-11-06 10:37:11+00:00,,MOhAc-2LTnQOl-X5xHKvcw,3,Planned maintenance,SE_3,FI,MAW,A03,2023-08-28 07:00:00+03:00,2023-09-03 19:00:00+03:00,PT1M,1,100,fi_se3,True
2025-11-06 10:37:11+00:00,,IK1lNUTsp4GxnnRdbk_zlw,5,Planned maintenance,SE_3,SE_2,MAW,A03,2023-08-28 06:00:00+02:00,2023-09-03 18:00:00+02:00,PT1M,1,5900,se2_se3,True
2025-11-06 10:38:25+00:00,,71LJUjyJUkT3Sc995cu4Cg,6,Planned maintenance,DK_1,SE_3,MAW,A03,2023-09-04 07:00:00+02:00,2023-09-10 17:00:00+02:00,PT1M,1,100,se3_dk1,True
2025-11-06 10:38:25+00:00,,Js-23o6vha9uZQRrc_a6ww,6,Planned maintenance,SE_3,NO_1,MAW,A03,2023-09-04 07:00:00+02:00,2023-09-10 17:00:00+02:00,PT1M,1,150,no1_se3,True
2025-11-06 10:39:41+00:00,,MoPgLbuQD5qdM_ZH7H5EEA,2,Unplanned outage,DK_1,SE_3,MAW,A03,2023-08-30 10:26:00+02:00,2023-08-30 11:40:00+02:00,PT1M,1,345,se3_dk1,True
2025-11-06 10:39:41+00:00,,0qPW4BSbSwW4zp9of5XxXg,2,Unplanned outage,SE_3,DK_1,MAW,A03,2023-08-30 10:26:00+02:00,2023-08-30 11:40:00+02:00,PT1M,1,345,dk1_se3,True
2025-11-06 10:39:44+00:00,Cancelled,ZF6hz68r6d5_eIQ0iCJ0wA,2,Planned maintenance,SE_3,SE_2,MAW,A03,2024-06-19 06:00:00+02:00,2024-07-07 17:00:00+02:00,PT1M,1,7100,se2_se3,False
2025-11-06 10:39:46+00:00,Cancelled,XSCRebnULxXHsz6EXHfKmg,2,Planned maintenance,SE_3,SE_2,MAW,A03,2024-05-27 06:00:00+02:00,2024-06-16 17:00:00+02:00,PT1M,1,7000,se2_se3,False
2025-11-06 10:39:47+00:00,Cancelled,SgEIpNcbTNsA_JSX_ThOQQ,2,Planned maintenance,SE_3,SE_2,MAW,A03,2024-04-22 06:00:00+02:00,2024-04-24 17:00:00+02:00,PT1M,1,6500,se2_se3,False
2025-11-06 10:39:47+00:00,Cancelled,R1DH8i4_B-uKJbTstCOKJw,2,Planned maintenance,SE_3,SE_2,MAW,A03,2024-04-22 06:00:00+02:00,2024-04-24 17:00:00+02:00,PT1M,1,6500,se2_se3,False
2025-11-06 10:39:47+00:00,Cancelled,R1fPNl0nFA1jsVirSk4RSQ,2,Planned maintenance,SE_4,SE_3,MAW,A03,2024-06-17 06:00:00+02:00,2024-06-18 06:00:00+02:00,PT1M,1,4300,se3_se4,False
2025-11-06 10:39:47+00:00,Cancelled,dSAtIrAjM-ZXDJEK8O-YFw,2,Planned maintenance,SE_3,FI,MAW,A03,2024-06-17 07:00:00+03:00,2024-06-18 07:00:00+03:00,PT1M,1,0,fi_se3,False
2025-11-06 10:39:47+00:00,Cancelled,84PE0ZkZVYLI1wAVcTllWg,2,Planned maintenance,SE_3,SE_2,MAW,A03,2024-06-17 06:00:00+02:00,2024-06-18 06:00:00+02:00,PT1M,1,6200,se2_se3,False
2025-11-06 10:39:48+00:00,Cancelled,K2bf-HESrxjoW_GxVaXkzQ,2,Planned maintenance,SE_3,SE_2,MAW,A03,2024-03-18 06:00:00+01:00,2024-03-24 17:00:00+01:00,PT1M,1,5900,se2_se3,False
2025-11-06 10:39:48+00:00,Cancelled,Vfcl8noytWw2pxIZ3Ik1zw,2,Planned maintenance,SE_3,SE_2,MAW,A03,2024-04-22 06:00:00+02:00,2024-04-24 17:00:00+02:00,PT1M,1,6500,se2_se3,False
2025-11-06 10:39:48+00:00,Cancelled,5ikIptmst_y1Rl5Ee-CmfQ,2,Planned maintenance,SE_3,FI,MAW,A03,2024-03-18 07:00:00+02:00,2024-03-24 18:00:00+02:00,PT1M,1,300,fi_se3,False
2025-11-06 10:41:00+00:00,Cancelled,8doRWTsz9621qDH77jzRuQ,2,Planned maintenance,FI,SE_3,MAW,A03,2023-09-08 15:00:00+02:00,2023-09-15 17:00:00+02:00,PT1M,1,0,se3_fi,False
2025-11-06 10:41:00+00:00,Cancelled,LqpQXF-1iC1RK0y1ORn6kg,2,Planned maintenance,FI,SE_3,MAW,A03,2023-09-08 15:00:00+02:00,2023-09-15 17:00:00+02:00,PT1M,1,0,se3_fi,False
2025-11-06 10:41:02+00:00,Cancelled,MZNwqlVEJjSrAsehHn5bsw,2,Planned maintenance,FI,SE_3,MAW,A03,2023-09-23 06:00:00+02:00,2023-09-27 17:00:00+02:00,PT1M,1,0,se3_fi,False
2025-11-06 10:41:02+00:00,Cancelled,IVJLsXKuwWYwJBEkKByvMg,2,Planned maintenance,FI,SE_3,MAW,A03,2023-09-23 06:00:00+02:00,2023-09-27 17:00:00+02:00,PT1M,1,0,se3_fi,False
2025-11-06 10:41:02+00:00,Cancelled,zq5YGnmt0cE5ATjczi0MbQ,2,Planned maintenance,FI,SE_3,MAW,A03,2023-09-23 06:00:00+02:00,2023-09-27 17:00:00+02:00,PT1M,1,0,se3_fi,False
2025-11-06 10:50:01+00:00,,xVvcPWiFrW1BCcQmXW6NZA,1,Planned maintenance,DK_1,SE_3,MAW,A03,2023-09-18 07:00:00+02:00,2023-09-22 16:00:00+02:00,PT1M,1,684,se3_dk1,True
2025-11-06 10:50:05+00:00,,e4_tdjF-0K1q-nOUN6n9QQ,1,Planned maintenance,SE_3,DK_1,MAW,A03,2023-09-28 07:00:00+02:00,2023-09-28 15:59:00+02:00,PT1M,1,415,dk1_se3,True
2025-11-06 10:50:05+00:00,,e4_tdjF-0K1q-nOUN6n9QQ,1,Planned maintenance,SE_3,DK_1,MAW,A03,2023-09-29 06:59:00+02:00,2023-09-29 16:00:00+02:00,PT1M,1440,415,dk1_se3,True
2025-11-06 10:50:05+00:00,,e4_tdjF-0K1q-nOUN6n9QQ,1,Planned maintenance,SE_3,DK_1,MAW,A03,2023-09-28 15:59:00+02:00,2023-09-29 06:59:00+02:00,PT1M,540,715,dk1_se3,True
2025-11-06 10:50:05+00:00,,b0Y_rRQAanaBC03UfHXHRA,1,Planned maintenance,DK_1,SE_3,MAW,A03,2023-09-28 07:00:00+02:00,2023-09-28 15:59:00+02:00,PT1M,1,285,se3_dk1,True
2025-11-06 10:50:05+00:00,,b0Y_rRQAanaBC03UfHXHRA,1,Planned maintenance,DK_1,SE_3,MAW,A03,2023-09-29 06:59:00+02:00,2023-09-29 16:00:00+02:00,PT1M,1440,285,se3_dk1,True
2025-11-06 10:50:05+00:00,,b0Y_rRQAanaBC03UfHXHRA,1,Planned maintenance,DK_1,SE_3,MAW,A03,2023-09-28 15:59:00+02:00,2023-09-29 06:59:00+02:00,PT1M,540,715,se3_dk1,True
2025-11-06 10:51:13+00:00,,OeRbg494Ls2ZDfXj-nGzLw,2,Planned maintenance,SE_3,DK_1,MAW,A03,2023-09-09 08:00:00+02:00,2023-09-09 19:29:00+02:00,PT1M,1,0,dk1_se3,True
2025-11-06 10:51:13+00:00,,txLrnyOg7YJAcirCfRSELQ,2,Planned maintenance,SE_3,DK_1,MAW,A03,2023-09-09 08:00:00+02:00,2023-09-09 19:29:00+02:00,PT1M,1,0,dk1_se3,True
2025-11-06 10:51:13+00:00,,EHJn-_7CitgHctoyf8Knjw,2,Planned maintenance,DK_1,SE_3,MAW,A03,2023-09-09 08:00:00+02:00,2023-09-09 19:29:00+02:00,PT1M,1,0,se3_dk1,True
2025-11-06 10:51:13+00:00,,MqFUqVSJzNZs1rsJuIGWLw,2,Planned maintenance,DK_1,SE_3,MAW,A03,2023-09-09 08:00:00+02:00,2023-09-09 19:29:00+02:00,PT1M,1,0,se3_dk1,True
2025-11-06 10:53:59+00:00,Cancelled,3hSdGoY0CHQHJOZJhf2ecw,2,Planned maintenance,SE_4,SE_3,MAW,A03,2023-09-21 06:00:00+02:00,2023-09-22 16:00:00+02:00,PT1M,1,0,se3_se4,False
2025-11-06 10:53:59+00:00,Cancelled,w9EgrrIKMbIfWvrXmFU5iQ,2,Planned maintenance,SE_4,SE_3,MAW,A03,2023-09-21 06:00:00+02:00,2023-09-22 16:00:00+02:00,PT1M,1,0,se3_se4,False
2025-11-06 10:55:05+00:00,Cancelled,BQK_eia7MfBQ-v1tXWVB-w,5,Planned maintenance,SE_3,NO_1,MAW,A03,2023-09-18 06:00:00+02:00,2023-09-19 17:00:00+02:00,PT1M,1,0,no1_se3,False
2025-11-06 10:55:05+00:00,Cancelled,mOw31Qa-OhgzDanZqeTfYw,2,Planned maintenance,SE_3,DK_1,MAW,A03,2023-09-18 06:00:00+02:00,2023-09-19 17:00:00+02:00,PT1M,1,300,dk1_se3,False
2025-11-06 10:55:06+00:00,Cancelled,5s3KuDaHHdkom7rTKJT6eA,2,Planned maintenance,NO_1,SE_3,MAW,A03,2023-09-18 06:00:00+02:00,2023-09-19 17:00:00+02:00,PT1M,1,850,se3_no1,False
2025-11-06 10:55:06+00:00,Cancelled,gD6jTWG6BalReT6aLq8ezA,5,Planned maintenance,DK_1,SE_3,MAW,A03,2023-09-18 06:00:00+02:00,2023-09-19 17:00:00+02:00,PT1M,1,0,se3_dk1,False
2025-11-06 10:55:06+00:00,Cancelled,7cfAj4tr9KdtGMU_s9gYXg,2,Planned maintenance,SE_3,SE_2,MAW,A03,2023-09-18 06:00:00+02:00,2023-09-19 17:00:00+02:00,PT1M,1,5300,se2_se3,False
2025-11-06 10:55:06+00:00,Cancelled,FR9vv6QRNnm-ckPxA97DYQ,2,Planned maintenance,SE_4,SE_3,MAW,A03,2023-09-18 06:00:00+02:00,2023-09-19 17:00:00+02:00,PT1M,1,3300,se3_se4,False
2025-11-06 10:56:51+00:00,,S3v_q4Or96syRVHxg3pPaw,4,Planned maintenance,SE_3,SE_2,MAW,A03,2023-09-08 13:00:00+02:00,2023-09-14 18:00:00+02:00,PT1M,1,6200,se2_se3,True
2025-11-06 10:56:51+00:00,,odhTHG7ITSd6Y9x9pked6A,4,Planned maintenance,SE_3,SE_2,MAW,A03,2023-09-08 13:00:00+02:00,2023-09-14 18:00:00+02:00,PT1M,1,6200,se2_se3,True
2025-11-06 10:56:51+00:00,,lpvRCIUnFgNzPo8lXo4T9w,4,Planned maintenance,SE_3,FI,MAW,A03,2023-09-08 14:00:00+03:00,2023-09-14 19:00:00+03:00,PT1M,1,500,fi_se3,True
2025-11-06 10:56:51+00:00,,6ffVAVz3f5dJ7R0RhXJ3Iw,4,Planned maintenance,SE_3,FI,MAW,A03,2023-09-08 14:00:00+03:00,2023-09-14 19:00:00+03:00,PT1M,1,500,fi_se3,True
2025-11-06 10:57:42+00:00,Cancelled,lqYBVZFGsqNu4TCTFyV9Zw,7,Planned maintenance,SE_4,SE_3,MAW,A03,2023-09-20 06:00:00+02:00,2023-09-21 17:00:00+02:00,PT1M,1,3100,se3_se4,False
2025-11-06 10:57:42+00:00,Cancelled,OEbmlBFGIF_zA908po6_8g,6,Planned maintenance,SE_3,DK_1,MAW,A03,2023-09-20 06:00:00+02:00,2023-09-21 17:00:00+02:00,PT1M,1,300,dk1_se3,False
2025-11-06 10:57:42+00:00,Cancelled,RxyBiLFv1fUsmyFipqMPNQ,8,Planned maintenance,SE_3,NO_1,MAW,A03,2023-09-20 06:00:00+02:00,2023-09-21 17:00:00+02:00,PT1M,1,0,no1_se3,False
2025-11-06 10:57:42+00:00,Cancelled,cw6CNVlklN0wGoMi88FXHQ,3,Planned maintenance,SE_3,SE_2,MAW,A03,2023-09-20 06:00:00+02:00,2023-09-21 17:00:00+02:00,PT1M,1,5200,se2_se3,False
2025-11-06 10:57:42+00:00,Cancelled,K2LfW5ZwK-YzNe_wmmDbHA,9,Planned maintenance,DK_1,SE_3,MAW,A03,2023-09-20 06:00:00+02:00,2023-09-21 17:00:00+02:00,PT1M,1,0,se3_dk1,False
2025-11-06 10:57:42+00:00,Cancelled,_D-rJBJh1y3-Y60v0SpOcw,3,Planned maintenance,NO_1,SE_3,MAW,A03,2023-09-20 06:00:00+02:00,2023-09-21 17:00:00+02:00,PT1M,1,950,se3_no1,False
2025-11-06 10:59:15+00:00,,bPdjHn7e3dwhdiJFrFoekA,9,Planned maintenance,SE_3,DK_1,MAW,A03,2023-09-11 06:00:00+02:00,2023-09-16 08:30:00+02:00,PT1M,1,300,dk1_se3,True
2025-11-06 10:59:15+00:00,,nzhQP8NQR-CpVukYGMWiyA,11,Planned maintenance,DK_1,SE_3,MAW,A03,2023-09-11 06:00:00+02:00,2023-09-16 08:30:00+02:00,PT1M,1,0,se3_dk1,True
2025-11-06 10:59:15+00:00,,rhfhCqVSLQakPX1omj6inQ,9,Planned maintenance,SE_3,SE_2,MAW,A03,2023-09-11 06:00:00+02:00,2023-09-16 08:30:00+02:00,PT1M,1,5200,se2_se3,True
2025-11-06 10:59:15+00:00,,RUtyBE-LycsRzI7xXRhCsA,11,Planned maintenance,SE_3,NO_1,MAW,A03,2023-09-11 06:00:00+02:00,2023-09-16 08:30:00+02:00,PT1M,1,150,no1_se3,True
2025-11-06 10:59:15+00:00,,EsGOkK0WEWIY9EPKS1O3Gw,9,Planned maintenance,NO_1,SE_3,MAW,A03,2023-09-11 06:00:00+02:00,2023-09-16 08:30:00+02:00,PT1M,1,950,se3_no1,True
2025-11-06 10:59:16+00:00,,T9Rwcfw7WXRkKXNrNopg5g,9,Planned maintenance,SE_4,SE_3,MAW,A03,2023-09-13 23:59:00+02:00,2023-09-16 08:30:00+02:00,PT1M,3960,2900,se3_se4,True
2025-11-06 10:59:16+00:00,,T9Rwcfw7WXRkKXNrNopg5g,9,Planned maintenance,SE_4,SE_3,MAW,A03,2023-09-11 06:00:00+02:00,2023-09-11 23:59:00+02:00,PT1M,1,3400,se3_se4,True
2025-11-06 10:59:16+00:00,,T9Rwcfw7WXRkKXNrNopg5g,9,Planned maintenance,SE_4,SE_3,MAW,A03,2023-09-11 23:59:00+02:00,2023-09-12 23:59:00+02:00,PT1M,1080,3000,se3_se4,True
2025-11-06 10:59:16+00:00,,T9Rwcfw7WXRkKXNrNopg5g,9,Planned maintenance,SE_4,SE_3,MAW,A03,2023-09-12 23:59:00+02:00,2023-09-13 23:59:00+02:00,PT1M,2520,2950,se3_se4,True
2025-11-06 10:59:21+00:00,Cancelled,Ui5RaJ7LnynHO3GzTP9_Jw,6,Planned maintenance,SE_3,FI,MAW,A03,2023-09-18 07:00:00+03:00,2023-09-19 18:00:00+03:00,PT1M,1,0,fi_se3,False
2025-11-06 11:02:11+00:00,,uQtemeZBrkGkpB7DhDAipg,3,Planned maintenance,SE_3,FI,MAW,A03,2023-09-23 13:00:00+03:00,2023-09-27 21:00:00+03:00,PT1M,1,500,fi_se3,True
2025-11-06 11:02:11+00:00,,VdB9OfeXgVaD0sehnQQoUg,3,Planned maintenance,SE_3,SE_2,MAW,A03,2023-09-23 12:00:00+02:00,2023-09-27 20:00:00+02:00,PT1M,1,6200,se2_se3,True
2025-11-06 11:02:11+00:00,,-f6nUHv5GSNUn3OeEIM1pQ,3,Planned maintenance,SE_3,FI,MAW,A03,2023-09-23 13:00:00+03:00,2023-09-27 21:00:00+03:00,PT1M,1,500,fi_se3,True
2025-11-06 11:02:11+00:00,,xJ7zZ-BQtrMMM1mnslV-OQ,3,Planned maintenance,SE_3,SE_2,MAW,A03,2023-09-23 12:00:00+02:00,2023-09-27 20:00:00+02:00,PT1M,1,6200,se2_se3,True
2025-11-06 11:02:11+00:00,,gI3mNqLD-UbB6UuIADShhg,3,Planned maintenance,SE_3,FI,MAW,A03,2023-09-23 13:00:00+03:00,2023-09-27 21:00:00+03:00,PT1M,1,500,fi_se3,True
2025-11-06 11:02:11+00:00,,vjO5a59wF6C9Hf1Cxe4x3A,3,Planned maintenance,SE_3,SE_2,MAW,A03,2023-09-23 12:00:00+02:00,2023-09-27 20:00:00+02:00,PT1M,1,6200,se2_se3,True
2025-11-06 11:02:27+00:00,,d0Hx6eIzYa9RHDGpjlGWtQ,15,Planned maintenance,SE_4,SE_3,MAW,A03,2023-09-10 16:59:00+02:00,2023-09-17 23:59:00+02:00,PT1M,9300,3300,se3_se4,True
2025-11-06 11:02:27+00:00,,d0Hx6eIzYa9RHDGpjlGWtQ,15,Planned maintenance,SE_4,SE_3,MAW,A03,2023-09-17 23:59:00+02:00,2023-09-22 17:00:00+02:00,PT1M,19800,3500,se3_se4,True
2025-11-06 11:02:27+00:00,,d0Hx6eIzYa9RHDGpjlGWtQ,15,Planned maintenance,SE_4,SE_3,MAW,A03,2023-09-04 06:00:00+02:00,2023-09-10 16:59:00+02:00,PT1M,1,3600,se3_se4,True
2025-11-06 11:02:27+00:00,,UYZHxhIyJ0YCMXiWRy58fQ,8,Planned maintenance,SE_3,FI,MAW,A03,2023-09-05 06:00:00+03:00,2023-09-05 22:00:00+03:00,PT1M,1,0,fi_se3,True
2025-11-06 11:02:27+00:00,,xL7QpZDDFlDkavVjCDvGyw,15,Planned maintenance,SE_3,NO_1,MAW,A03,2023-09-17 23:59:00+02:00,2023-09-18 05:59:00+02:00,PT1M,19800,150,no1_se3,True
2025-11-06 11:02:27+00:00,,xL7QpZDDFlDkavVjCDvGyw,15,Planned maintenance,SE_3,NO_1,MAW,A03,2023-09-19 23:59:00+02:00,2023-09-22 17:00:00+02:00,PT1M,22680,100,no1_se3,True
2025-11-06 11:02:27+00:00,,xL7QpZDDFlDkavVjCDvGyw,15,Planned maintenance,SE_3,NO_1,MAW,A03,2023-09-18 05:59:00+02:00,2023-09-19 23:59:00+02:00,PT1M,20160,300,no1_se3,True
2025-11-06 11:02:27+00:00,,opRSUmvJGM2cBX8SkUUTKw,10,Planned maintenance,SE_3,DK_1,MAW,A03,2023-09-04 06:00:00+02:00,2023-09-22 17:00:00+02:00,PT1M,1,300,dk1_se3,True
2025-11-06 11:02:27+00:00,,56GyVowhuvenAUW26kgaSA,15,Planned maintenance,SE_3,SE_2,MAW,A03,2023-09-04 06:00:00+02:00,2023-09-10 16:59:00+02:00,PT1M,1,5400,se2_se3,True
2025-11-06 11:02:27+00:00,,56GyVowhuvenAUW26kgaSA,15,Planned maintenance,SE_3,SE_2,MAW,A03,2023-09-10 16:59:00+02:00,2023-09-22 17:00:00+02:00,PT1M,9300,5300,se2_se3,True
2025-11-06 11:02:27+00:00,,xL7QpZDDFlDkavVjCDvGyw,15,Planned maintenance,SE_3,NO_1,MAW,A03,2023-09-04 06:00:00+02:00,2023-09-17 23:59:00+02:00,PT1M,1,0,no1_se3,True
2025-11-06 11:02:27+00:00,,sbb8FPDQau757Sd-V3nTrA,15,Planned maintenance,DK_1,SE_3,MAW,A03,2023-09-04 06:00:00+02:00,2023-09-22 17:00:00+02:00,PT1M,1,0,se3_dk1,True
2025-11-06 11:02:27+00:00,,nONYRBMNFc3aIuWtwrjLRA,10,Planned maintenance,NO_1,SE_3,MAW,A03,2023-09-04 06:00:00+02:00,2023-09-22 17:00:00+02:00,PT1M,1,850,se3_no1,True
2025-11-06 11:02:30+00:00,,fe9XNJcRkvE0UR-8O1Pr-A,7,Planned maintenance,SE_4,SE_3,MAW,A03,2023-09-18 06:00:00+02:00,2023-09-19 14:00:00+02:00,PT1M,1,4100,se3_se4,True
2025-11-06 11:02:30+00:00,,5_nsThgGlsWl22lWMwVSVA,7,Planned maintenance,SE_3,SE_2,MAW,A03,2023-09-18 06:00:00+02:00,2023-09-19 14:00:00+02:00,PT1M,1,5300,se2_se3,True
2025-11-06 11:03:42+00:00,,MrzIMmXrHln3hCNgTIQxuw,1,Planned maintenance,SE_3,DK_1,MAW,A03,2023-10-03 07:00:00+02:00,2023-10-03 15:59:00+02:00,PT1M,1,415,dk1_se3,True
2025-11-06 11:03:42+00:00,,MrzIMmXrHln3hCNgTIQxuw,1,Planned maintenance,SE_3,DK_1,MAW,A03,2023-10-04 06:59:00+02:00,2023-10-04 16:00:00+02:00,PT1M,1440,415,dk1_se3,True
2025-11-06 11:03:42+00:00,,MrzIMmXrHln3hCNgTIQxuw,1,Planned maintenance,SE_3,DK_1,MAW,A03,2023-10-03 15:59:00+02:00,2023-10-04 06:59:00+02:00,PT1M,540,715,dk1_se3,True
2025-11-06 11:03:42+00:00,,hBZ1YjDBZafN1Ww6zfr3_w,1,Planned maintenance,DK_1,SE_3,MAW,A03,2023-10-03 07:00:00+02:00,2023-10-03 15:59:00+02:00,PT1M,1,285,se3_dk1,True
2025-11-06 11:03:42+00:00,,hBZ1YjDBZafN1Ww6zfr3_w,1,Planned maintenance,DK_1,SE_3,MAW,A03,2023-10-03 15:59:00+02:00,2023-10-04 06:59:00+02:00,PT1M,540,715,se3_dk1,True
2025-11-06 11:03:42+00:00,,hBZ1YjDBZafN1Ww6zfr3_w,1,Planned maintenance,DK_1,SE_3,MAW,A03,2023-10-04 06:59:00+02:00,2023-10-04 16:00:00+02:00,PT1M,1440,285,se3_dk1,True
2025-11-06 11:03:48+00:00,Cancelled,VsfVqf6FxQwF_GCZYaYl7w,3,Planned maintenance,SE_3,SE_2,MAW,A03,2023-10-16 06:00:00+02:00,2023-10-19 17:00:00+02:00,PT1M,1,0,se2_se3,False
2025-11-06 11:03:48+00:00,Cancelled,eevkCqGynhVkk9eflO3UIQ,3,Planned maintenance,SE_4,SE_3,MAW,A03,2023-10-16 06:00:00+02:00,2023-10-19 17:00:00+02:00,PT1M,1,0,se3_se4,False
2025-11-06 11:03:50+00:00,,ibsNp5BNSSZRF8K-9M2tfA,3,Planned maintenance,SE_3,SE_2,MAW,A03,2023-09-20 06:00:00+02:00,2023-09-20 15:30:00+02:00,PT1M,1,5300,se2_se3,True
2025-11-06 11:04:59+00:00,Cancelled,wtQwel0jTsJ5Mj8gewYvNg,2,Planned maintenance,SE_3,SE_2,MAW,A03,2024-04-01 06:00:00+02:00,2024-04-05 17:00:00+02:00,PT1M,1,6100,se2_se3,False
2025-11-06 11:05:08+00:00,,mPGV5WMMuHQrNl34CMScPA,6,Planned maintenance,SE_3,SE_2,MAW,A03,2023-09-26 07:00:00+02:00,2023-09-26 19:00:00+02:00,PT1M,1,5700,se2_se3,True
2025-11-06 11:05:11+00:00,,PtmawWbVa5AdCZNvb8NgFQ,17,Planned maintenance,SE_3,FI,MAW,A03,2023-09-18 00:59:00+03:00,2023-09-27 22:00:00+03:00,PT1M,67680,600,fi_se3,True
2025-11-06 11:05:11+00:00,,kMcJqPnoUIRYWvnyu9wb8w,8,Planned maintenance,DK_1,SE_3,MAW,A03,2023-08-15 07:00:00+02:00,2023-08-15 21:00:00+02:00,PT1M,1,600,se3_dk1,True
2025-11-06 11:05:11+00:00,,PtmawWbVa5AdCZNvb8NgFQ,17,Planned maintenance,SE_3,FI,MAW,A03,2023-09-04 00:59:00+03:00,2023-09-08 00:59:00+03:00,PT1M,47520,300,fi_se3,True
2025-11-06 11:05:11+00:00,,PtmawWbVa5AdCZNvb8NgFQ,17,Planned maintenance,SE_3,FI,MAW,A03,2023-08-02 01:00:00+03:00,2023-08-19 00:59:00+03:00,PT1M,1,100,fi_se3,True
2025-11-06 11:05:11+00:00,,PtmawWbVa5AdCZNvb8NgFQ,17,Planned maintenance,SE_3,FI,MAW,A03,2023-09-08 00:59:00+03:00,2023-09-18 00:59:00+03:00,PT1M,53280,400,fi_se3,True
2025-11-06 11:05:11+00:00,,PtmawWbVa5AdCZNvb8NgFQ,17,Planned maintenance,SE_3,FI,MAW,A03,2023-08-19 00:59:00+03:00,2023-09-04 00:59:00+03:00,PT1M,24480,400,fi_se3,True
2025-11-06 11:05:11+00:00,,KP0ID8bUAZtIYpiAubQTRA,17,Planned maintenance,SE_4,SE_3,MAW,A03,2023-08-02 00:00:00+02:00,2023-09-03 11:59:00+02:00,PT1M,1,3900,se3_se4,True
2025-11-06 11:05:11+00:00,,rvLiTt42qw37X0K0_wkh6g,16,Planned maintenance,SE_3,NO_1,MAW,A03,2023-08-02 00:00:00+02:00,2023-09-27 21:00:00+02:00,PT1M,1,1600,no1_se3,True
2025-11-06 11:05:11+00:00,,Ur_FDMBdeHjSZF4XhUjePw,17,Planned maintenance,SE_3,SE_2,MAW,A03,2023-08-02 00:00:00+02:00,2023-09-27 21:00:00+02:00,PT1M,1,5700,se2_se3,True
2025-11-06 11:05:11+00:00,,KP0ID8bUAZtIYpiAubQTRA,17,Planned maintenance,SE_4,SE_3,MAW,A03,2023-09-03 11:59:00+02:00,2023-09-27 21:00:00+02:00,PT1M,46800,4400,se3_se4,True
2025-11-06 11:06:27+00:00,,WAFxWQ1pty3IlveqCf0AoQ,5,Planned maintenance,SE_3,SE_2,MAW,A03,2023-09-21 06:00:00+02:00,2023-09-22 14:45:00+02:00,PT1M,1,5400,se2_se3,True
2025-11-06 11:06:27+00:00,,fH35M6CZbbDgkiPlG71KxA,5,Planned maintenance,SE_3,SE_2,MAW,A03,2023-09-21 06:00:00+02:00,2023-09-22 14:45:00+02:00,PT1M,1,5400,se2_se3,True
2025-11-06 11:06:29+00:00,Cancelled,BT6ck8ZAcuBT7ejHCAqfwQ,4,Planned maintenance,SE_3,FI,MAW,A03,2023-10-09 07:00:00+03:00,2023-10-12 18:00:00+03:00,PT1M,1,300,fi_se3,False
2025-11-06 11:06:29+00:00,Cancelled,m9EGwYeUpLvOY2wqS1YVKw,4,Planned maintenance,SE_4,SE_3,MAW,A03,2023-10-09 06:00:00+02:00,2023-10-12 17:00:00+02:00,PT1M,1,4400,se3_se4,False
2025-11-06 11:06:29+00:00,Cancelled,rcXGBu_ZZICjzEe6wB3Erw,4,Planned maintenance,SE_3,SE_2,MAW,A03,2023-10-09 06:00:00+02:00,2023-10-12 17:00:00+02:00,PT1M,1,6200,se2_se3,False
2025-11-06 11:07:37+00:00,,IRKwfcagDWKZ2jB3kklvbA,3,Planned maintenance,SE_3,NO_1,MAW,A03,2023-09-25 06:00:00+02:00,2023-09-29 16:00:00+02:00,PT1M,1,945,no1_se3,True
2025-11-06 11:09:25+00:00,Cancelled,omWrBDNKILNTJT6hpF83Aw,2,Planned maintenance,SE_3,SE_4,MAW,A03,2024-05-06 06:00:00+02:00,2024-05-19 17:00:00+02:00,PT1M,1,2400,se4_se3,False
2025-11-06 11:09:25+00:00,Cancelled,CbTTBYm0oAG6gpFUCsHBcw,2,Planned maintenance,SE_4,SE_3,MAW,A03,2024-05-06 06:00:00+02:00,2024-05-19 17:00:00+02:00,PT1M,1,5800,se3_se4,False
2025-11-06 11:09:27+00:00,,eX3gvZ4l4IS7wnSB-TOQMA,4,Planned maintenance,SE_3,DK_1,MAW,A03,2023-09-18 06:00:00+02:00,2023-09-21 05:59:00+02:00,PT1M,1,345,dk1_se3,True
2025-11-06 11:09:27+00:00,,Ajhbx2Q-TWJ4ARs3Bahtfw,6,Planned maintenance,DK_1,SE_3,MAW,A03,2023-09-25 14:59:00+02:00,2023-09-29 19:00:00+02:00,PT1M,10620,345,se3_dk1,True
2025-11-06 11:09:27+00:00,,iUiURo-qdQUwQrMmumcvCg,4,Planned maintenance,SE_3,DK_1,MAW,A03,2023-09-25 14:59:00+02:00,2023-09-29 19:00:00+02:00,PT1M,10620,345,dk1_se3,True
2025-11-06 11:09:27+00:00,,lB0NvYzz0Ge31S6JM7vWKA,6,Planned maintenance,DK_1,SE_3,MAW,A03,2023-09-18 06:00:00+02:00,2023-09-21 05:59:00+02:00,PT1M,1,345,se3_dk1,True
2025-11-06 11:09:27+00:00,,eX3gvZ4l4IS7wnSB-TOQMA,4,Planned maintenance,SE_3,DK_1,MAW,A03,2023-09-21 05:59:00+02:00,2023-09-25 14:59:00+02:00,PT1M,4320,0,dk1_se3,True
2025-11-06 11:09:27+00:00,,iUiURo-qdQUwQrMmumcvCg,4,Planned maintenance,SE_3,DK_1,MAW,A03,2023-09-18 06:00:00+02:00,2023-09-21 05:59:00+02:00,PT1M,1,345,dk1_se3,True
2025-11-06 11:09:27+00:00,,iUiURo-qdQUwQrMmumcvCg,4,Planned maintenance,SE_3,DK_1,MAW,A03,2023-09-21 05:59:00+02:00,2023-09-25 14:59:00+02:00,PT1M,4320,0,dk1_se3,True
2025-11-06 11:09:27+00:00,,lB0NvYzz0Ge31S6JM7vWKA,6,Planned maintenance,DK_1,SE_3,MAW,A03,2023-09-21 05:59:00+02:00,2023-09-25 14:59:00+02:00,PT1M,4320,0,se3_dk1,True
2025-11-06 11:09:27+00:00,,lB0NvYzz0Ge31S6JM7vWKA,6,Planned maintenance,DK_1,SE_3,MAW,A03,2023-09-25 14:59:00+02:00,2023-09-29 19:00:00+02:00,PT1M,10620,345,se3_dk1,True
2025-11-06 11:09:27+00:00,,Ajhbx2Q-TWJ4ARs3Bahtfw,6,Planned maintenance,DK_1,SE_3,MAW,A03,2023-09-18 06:00:00+02:00,2023-09-21 05:59:00+02:00,PT1M,1,345,se3_dk1,True
2025-11-06 11:09:27+00:00,,Ajhbx2Q-TWJ4ARs3Bahtfw,6,Planned maintenance,DK_1,SE_3,MAW,A03,2023-09-21 05:59:00+02:00,2023-09-25 14:59:00+02:00,PT1M,4320,0,se3_dk1,True
2025-11-06 11:09:27+00:00,,eX3gvZ4l4IS7wnSB-TOQMA,4,Planned maintenance,SE_3,DK_1,MAW,A03,2023-09-25 14:59:00+02:00,2023-09-29 19:00:00+02:00,PT1M,10620,345,dk1_se3,True
2025-11-06 11:10:30+00:00,,Ku7_gvBeHJUTUnm87yskIA,2,Unplanned outage,FI,SE_3,MAW,A03,2023-09-25 16:05:00+02:00,2023-09-25 22:30:00+02:00,PT1M,1,800,se3_fi,True
2025-11-06 11:10:30+00:00,,6FzCU8XnuJGL27tSDIs9hA,2,Unplanned outage,SE_3,FI,MAW,A03,2023-09-25 17:05:00+03:00,2023-09-25 23:30:00+03:00,PT1M,1,800,fi_se3,True
2025-11-06 11:10:45+00:00,,P5yrq-qjy_cl9MsGGAZd7g,3,Planned maintenance,SE_4,SE_3,MAW,A03,2023-09-26 07:00:00+02:00,2023-09-26 13:46:00+02:00,PT1M,1,4300,se3_se4,True
2025-11-06 11:12:29+00:00,,SnlbewZ8fJAniIj1P1ZXpw,1,Planned maintenance,DK_1,SE_3,MAW,A03,2023-10-21 07:00:00+02:00,2023-10-24 16:00:00+02:00,PT1M,1,640,se3_dk1,True
2025-11-06 11:15:10+00:00,,Jx0dCn8lqyCzkh4NHCA7QA,1,Planned maintenance,SE_3,FI,MAW,A03,2023-10-01 01:00:00+03:00,2023-10-16 00:59:00+03:00,PT1M,1,800,fi_se3,True
2025-11-06 11:15:10+00:00,,BkpwLlYShMQr5vsg3RPrHQ,1,Planned maintenance,SE_4,SE_3,MAW,A03,2023-10-01 00:00:00+02:00,2023-10-15 23:59:00+02:00,PT1M,1,4700,se3_se4,True
2025-11-06 11:15:10+00:00,,lgAFu2RscHTG7MRsHPiKdw,1,Planned maintenance,SE_3,SE_2,MAW,A03,2023-10-01 00:00:00+02:00,2023-10-15 23:59:00+02:00,PT1M,1,6300,se2_se3,True
2025-11-06 11:16:05+00:00,,M2THZ_eExAXj-vn55jKGTA,6,Planned maintenance,SE_3,SE_2,MAW,A03,2023-09-26 19:00:00+02:00,2023-09-30 18:40:00+02:00,PT1M,1,5900,se2_se3,True
2025-11-06 11:18:28+00:00,,2-H-JsCmpYUAWpH765TG7g,4,Planned maintenance,SE_3,NO_1,MAW,A03,2023-10-03 06:00:00+02:00,2023-10-04 21:00:00+02:00,PT1M,1,1945,no1_se3,True
2025-11-06 11:18:28+00:00,,PP2VJ12LQyhoXeqmEYTDVA,6,Planned maintenance,SE_3,NO_1,MAW,A03,2023-10-03 06:00:00+02:00,2023-10-04 21:00:00+02:00,PT1M,1,1945,no1_se3,True
2025-11-06 11:18:28+00:00,,-BRWofVpVifS13Tl2qrExQ,7,Planned maintenance,NO_1,SE_3,MAW,A03,2023-10-03 06:00:00+02:00,2023-10-04 21:00:00+02:00,PT1M,1,1895,se3_no1,True
2025-11-06 11:18:28+00:00,,HTGP8E2QrSRgipVhQgkpnQ,5,Planned maintenance,NO_1,SE_3,MAW,A03,2023-10-02 07:00:00+02:00,2023-10-27 16:00:00+02:00,PT1M,1,1400,se3_no1,True
2025-11-06 11:18:40+00:00,,IfH9TxxDW9wbzqHWkSCqVA,3,Planned maintenance,DK_1,SE_3,MAW,A03,2023-10-02 07:00:00+02:00,2023-10-02 23:59:00+02:00,PT1M,1,500,se3_dk1,True
2025-11-06 11:18:40+00:00,,IfH9TxxDW9wbzqHWkSCqVA,3,Planned maintenance,DK_1,SE_3,MAW,A03,2023-10-02 23:59:00+02:00,2023-10-03 18:00:00+02:00,PT1M,1020,640,se3_dk1,True
2025-11-06 11:19:25+00:00,Cancelled,2CGdDX_27Sabn96DEgECLw,3,Planned maintenance,NO_1,SE_3,MAW,A03,2024-03-11 06:00:00+01:00,2024-03-24 17:00:00+01:00,PT1M,1,0,se3_no1,False
2025-11-06 11:19:26+00:00,Cancelled,cLIXzeYwXYNqXwG9_etkPw,3,Planned maintenance,NO_1,SE_3,MAW,A03,2024-03-11 06:00:00+01:00,2024-03-24 17:00:00+01:00,PT1M,1,0,se3_no1,False
2025-11-06 11:19:26+00:00,Cancelled,Omz3jC6UaHKUUYdEftxMgA,3,Planned maintenance,NO_1,SE_3,MAW,A03,2024-03-11 06:00:00+01:00,2024-03-24 17:00:00+01:00,PT1M,1,0,se3_no1,False
2025-11-06 11:19:26+00:00,Cancelled,O4kPm3RBqz7qIjcRjxy3cw,3,Planned maintenance,DK_1,SE_3,MAW,A03,2024-03-11 06:00:00+01:00,2024-03-24 17:00:00+01:00,PT1M,1,0,se3_dk1,False
2025-11-06 11:19:26+00:00,Cancelled,FGKMFmIye9tSwDs3gsx8MQ,3,Planned maintenance,DK_1,SE_3,MAW,A03,2024-03-11 06:00:00+01:00,2024-03-24 17:00:00+01:00,PT1M,1,0,se3_dk1,False
2025-11-06 11:19:26+00:00,Cancelled,Zk3m8rIwXKeCS4p6kpuT4g,3,Planned maintenance,DK_1,SE_3,MAW,A03,2024-03-11 06:00:00+01:00,2024-03-24 17:00:00+01:00,PT1M,1,0,se3_dk1,False
2025-11-06 11:19:41+00:00,,0_MNhBBzw-4Qy51mSJPdoA,1,Planned maintenance,DK_1,SE_3,MAW,A03,2023-11-27 07:00:00+01:00,2023-12-01 16:00:00+01:00,PT1M,1,640,se3_dk1,True
2025-11-06 11:20:35+00:00,Cancelled,fF10Lddwk46hJIZ6UWCcLg,2,Planned maintenance,SE_3,NO_1,MAW,A03,2023-10-02 07:00:00+02:00,2023-10-06 16:00:00+02:00,PT1M,1,0,no1_se3,False
2025-11-06 11:20:36+00:00,Cancelled,Fj6jhxbFTzUEpw04maL6bA,2,Planned maintenance,SE_3,NO_1,MAW,A03,2023-10-02 07:00:00+02:00,2023-10-06 16:00:00+02:00,PT1M,1,0,no1_se3,False
2025-11-06 11:20:55+00:00,,OahDl1CpGBSDTdcjzZoAmQ,4,Planned maintenance,SE_3,NO_1,MAW,A03,2023-10-02 07:00:00+02:00,2023-10-05 15:22:00+02:00,PT1M,1,700,no1_se3,True
2025-11-06 11:20:56+00:00,,sBSLEBJqN3xqywJCwiKdSA,8,Planned maintenance,SE_3,SE_2,MAW,A03,2023-10-02 06:00:00+02:00,2023-10-05 15:45:00+02:00,PT1M,1,6800,se2_se3,True
2025-11-06 11:20:59+00:00,,wlquyESHAYI37a2bYblrLA,3,Planned maintenance,FI,SE_3,MAW,A03,2023-09-26 06:00:00+02:00,2023-09-30 05:59:00+02:00,PT1M,1,800,se3_fi,True
2025-11-06 11:20:59+00:00,,wlquyESHAYI37a2bYblrLA,3,Planned maintenance,FI,SE_3,MAW,A03,2023-09-30 05:59:00+02:00,2023-10-01 17:59:00+02:00,PT1M,5760,0,se3_fi,True
2025-11-06 11:20:59+00:00,,wlquyESHAYI37a2bYblrLA,3,Planned maintenance,FI,SE_3,MAW,A03,2023-10-01 17:59:00+02:00,2023-10-05 19:00:00+02:00,PT1M,7920,400,se3_fi,True
2025-11-06 11:21:00+00:00,,QaZYmQpFWXUYJBKRYD-wnw,3,Planned maintenance,FI,SE_3,MAW,A03,2023-09-30 05:59:00+02:00,2023-10-01 17:59:00+02:00,PT1M,5760,0,se3_fi,True
2025-11-06 11:21:00+00:00,,QaZYmQpFWXUYJBKRYD-wnw,3,Planned maintenance,FI,SE_3,MAW,A03,2023-10-01 17:59:00+02:00,2023-10-05 19:00:00+02:00,PT1M,7920,400,se3_fi,True
2025-11-06 11:21:00+00:00,,b9xjwCfGlTKnDWyGWwnCsA,3,Planned maintenance,SE_3,FI,MAW,A03,2023-10-01 18:59:00+03:00,2023-10-05 20:00:00+03:00,PT1M,7920,400,fi_se3,True
2025-11-06 11:21:00+00:00,,CF8du6OVH7CNB3seHsPayw,3,Planned maintenance,SE_3,FI,MAW,A03,2023-09-26 07:00:00+03:00,2023-09-30 06:59:00+03:00,PT1M,1,800,fi_se3,True
2025-11-06 11:21:00+00:00,,CF8du6OVH7CNB3seHsPayw,3,Planned maintenance,SE_3,FI,MAW,A03,2023-10-01 18:59:00+03:00,2023-10-05 20:00:00+03:00,PT1M,7920,400,fi_se3,True
2025-11-06 11:21:00+00:00,,CF8du6OVH7CNB3seHsPayw,3,Planned maintenance,SE_3,FI,MAW,A03,2023-09-30 06:59:00+03:00,2023-10-01 18:59:00+03:00,PT1M,5760,0,fi_se3,True
2025-11-06 11:21:00+00:00,,b9xjwCfGlTKnDWyGWwnCsA,3,Planned maintenance,SE_3,FI,MAW,A03,2023-09-26 07:00:00+03:00,2023-09-30 06:59:00+03:00,PT1M,1,800,fi_se3,True
2025-11-06 11:21:00+00:00,,b9xjwCfGlTKnDWyGWwnCsA,3,Planned maintenance,SE_3,FI,MAW,A03,2023-09-30 06:59:00+03:00,2023-10-01 18:59:00+03:00,PT1M,5760,0,fi_se3,True
2025-11-06 11:21:00+00:00,,QaZYmQpFWXUYJBKRYD-wnw,3,Planned maintenance,FI,SE_3,MAW,A03,2023-09-26 06:00:00+02:00,2023-09-30 05:59:00+02:00,PT1M,1,800,se3_fi,True
2025-11-06 11:21:01+00:00,Cancelled,nN09g-OFjTihlM64v-QsWQ,2,Planned maintenance,NO_1,SE_3,MAW,A03,2024-04-23 06:00:00+02:00,2024-04-23 17:00:00+02:00,PT1M,1,0,se3_no1,False
2025-11-06 11:21:02+00:00,Cancelled,k6U44eH8MFTXGqOdHR94fg,2,Planned maintenance,NO_1,SE_3,MAW,A03,2024-04-23 06:00:00+02:00,2024-04-23 17:00:00+02:00,PT1M,1,0,se3_no1,False
2025-11-06 11:21:02+00:00,Cancelled,2HfDuwkgcuyW_FIxAYVNuQ,2,Planned maintenance,DK_1,SE_3,MAW,A03,2024-04-23 06:00:00+02:00,2024-04-23 17:00:00+02:00,PT1M,1,0,se3_dk1,False
2025-11-06 11:21:02+00:00,Cancelled,jVsGXrMp-6TVsugVCXYbKg,2,Planned maintenance,NO_1,SE_3,MAW,A03,2024-04-23 06:00:00+02:00,2024-04-23 17:00:00+02:00,PT1M,1,0,se3_no1,False
2025-11-06 11:21:02+00:00,Cancelled,2gbDvEHA6G8U6uGjDnCu0A,2,Planned maintenance,DK_1,SE_3,MAW,A03,2024-04-23 06:00:00+02:00,2024-04-23 17:00:00+02:00,PT1M,1,0,se3_dk1,False
2025-11-06 11:21:03+00:00,Cancelled,3mKgDs5lqU9OpR5Q9XJmCQ,2,Planned maintenance,DK_1,SE_3,MAW,A03,2024-04-23 06:00:00+02:00,2024-04-23 17:00:00+02:00,PT1M,1,0,se3_dk1,False
2025-11-06 11:22:54+00:00,,gOlv5yGH-ULr7ehKGM8vAA,2,Planned maintenance,SE_3,FI,MAW,A03,2024-09-03 07:00:00+03:00,2024-09-03 18:00:00+03:00,PT1M,1,200,fi_se3,True
2025-11-06 11:22:54+00:00,Cancelled,94EpFWdHHqPgqxaqCZSJTA,2,Planned maintenance,NO_1,SE_3,MAW,A03,2024-09-03 17:00:00+02:00,2024-09-06 17:00:00+02:00,PT1M,1,0,se3_no1,False
2025-11-06 11:22:54+00:00,,v5DwfbOWgK1g4yXo2736fg,2,Planned maintenance,SE_3,FI,MAW,A03,2024-09-03 07:00:00+03:00,2024-09-03 18:00:00+03:00,PT1M,1,200,fi_se3,True
2025-11-06 11:22:54+00:00,,LtvFdKOZ5A4oNchAYHHbAg,2,Planned maintenance,SE_3,FI,MAW,A03,2024-09-03 07:00:00+03:00,2024-09-03 18:00:00+03:00,PT1M,1,200,fi_se3,True
2025-11-06 11:22:54+00:00,Cancelled,XI-l1PjIVXg1Sohg5oMCeg,2,Planned maintenance,DK_1,SE_3,MAW,A03,2024-09-03 17:00:00+02:00,2024-09-06 17:00:00+02:00,PT1M,1,0,se3_dk1,False
2025-11-06 11:22:55+00:00,Cancelled,Os_bUm8BeGxbxu0hTK7Ppg,2,Planned maintenance,DK_1,SE_3,MAW,A03,2024-09-03 06:00:00+02:00,2024-09-03 17:00:00+02:00,PT1M,1,0,se3_dk1,False
2025-11-06 11:22:55+00:00,Cancelled,4kMx4-RTNxUv88DjLpUhFw,2,Planned maintenance,DK_1,SE_3,MAW,A03,2024-09-03 06:00:00+02:00,2024-09-03 17:00:00+02:00,PT1M,1,0,se3_dk1,False
2025-11-06 11:22:55+00:00,Cancelled,13gyk8nYgRjeQj5qVBjXsg,2,Planned maintenance,DK_1,SE_3,MAW,A03,2024-09-03 06:00:00+02:00,2024-09-03 17:00:00+02:00,PT1M,1,0,se3_dk1,False
2025-11-06 11:22:55+00:00,,R62ztFsKZOwgXnOdiuPZ6Q,2,Planned maintenance,SE_3,SE_2,MAW,A03,2024-09-03 06:00:00+02:00,2024-09-03 17:00:00+02:00,PT1M,1,5500,se2_se3,True
2025-11-06 11:22:55+00:00,,Pg-zUUE1a_vMAjglVwD4eg,2,Planned maintenance,SE_3,SE_2,MAW,A03,2024-09-03 06:00:00+02:00,2024-09-03 17:00:00+02:00,PT1M,1,5500,se2_se3,True
2025-11-06 11:22:55+00:00,Cancelled,0uuQdJ5reiLjGV9F1ks_ag,2,Planned maintenance,NO_1,SE_3,MAW,A03,2024-09-03 06:00:00+02:00,2024-09-03 17:00:00+02:00,PT1M,1,0,se3_no1,False
2025-11-06 11:22:55+00:00,Cancelled,rmmPiDVEYRnJkSe8FneYRQ,2,Planned maintenance,NO_1,SE_3,MAW,A03,2024-09-03 06:00:00+02:00,2024-09-03 17:00:00+02:00,PT1M,1,0,se3_no1,False
2025-11-06 11:22:55+00:00,Cancelled,V-wINNnQ0SvqUKtlXacciQ,2,Planned maintenance,NO_1,SE_3,MAW,A03,2024-09-03 06:00:00+02:00,2024-09-03 17:00:00+02:00,PT1M,1,0,se3_no1,False
2025-11-06 11:22:55+00:00,,8lv_bEXnljsPN2n5Awtr3g,2,Planned maintenance,SE_3,NO_1,MAW,A03,2024-09-03 06:00:00+02:00,2024-09-03 17:00:00+02:00,PT1M,1,1400,no1_se3,True
2025-11-06 11:22:55+00:00,,xvFbrgS1pgukbO5wmKkkgQ,2,Planned maintenance,SE_3,SE_2,MAW,A03,2024-09-03 06:00:00+02:00,2024-09-03 17:00:00+02:00,PT1M,1,5500,se2_se3,True
2025-11-06 11:22:55+00:00,,8iCpfRF4-62q0Dk0lnx9Jw,2,Planned maintenance,SE_3,NO_1,MAW,A03,2024-09-03 06:00:00+02:00,2024-09-03 17:00:00+02:00,PT1M,1,1400,no1_se3,True
2025-11-06 11:22:55+00:00,,L8v0EV_Y7uSWardxFfplSQ,2,Planned maintenance,SE_3,NO_1,MAW,A03,2024-09-03 06:00:00+02:00,2024-09-03 17:00:00+02:00,PT1M,1,1400,no1_se3,True
2025-11-06 11:22:56+00:00,,7KbeRe-dvDbqEoLKYwyACA,2,Planned maintenance,SE_4,SE_3,MAW,A03,2024-09-03 06:00:00+02:00,2024-09-03 17:00:00+02:00,PT1M,1,3700,se3_se4,True
2025-11-06 11:22:56+00:00,,dAgSRWwJX9GCGxTznLNNPw,2,Planned maintenance,SE_4,SE_3,MAW,A03,2024-09-03 06:00:00+02:00,2024-09-03 17:00:00+02:00,PT1M,1,3700,se3_se4,True
2025-11-06 11:22:56+00:00,,_bbSkqhKW5S8bmnHlhaNLQ,2,Planned maintenance,SE_4,SE_3,MAW,A03,2024-09-03 06:00:00+02:00,2024-09-03 17:00:00+02:00,PT1M,1,3700,se3_se4,True
2025-11-06 11:39:36+00:00,,MF_NAifKbvQybVj8WSNYRA,1,Planned maintenance,DK_1,SE_3,MAW,A03,2023-10-18 08:00:00+02:00,2023-10-18 15:00:00+02:00,PT1M,1,0,se3_dk1,True
2025-11-06 11:39:36+00:00,,YhCqCdSJ7qoLv-4gUp-fHA,1,Planned maintenance,DK_1,SE_3,MAW,A03,2023-10-18 08:00:00+02:00,2023-10-18 15:00:00+02:00,PT1M,1,0,se3_dk1,True
2025-11-06 11:39:36+00:00,,An3m-ChXXH9vVkDgMUIKyA,1,Planned maintenance,SE_3,DK_1,MAW,A03,2023-10-18 08:00:00+02:00,2023-10-18 15:00:00+02:00,PT1M,1,0,dk1_se3,True
2025-11-06 11:39:36+00:00,,gN0WQeWK4kVJF5RCfbUL8w,1,Planned maintenance,SE_3,DK_1,MAW,A03,2023-10-18 08:00:00+02:00,2023-10-18 15:00:00+02:00,PT1M,1,0,dk1_se3,True
2025-11-06 11:41:53+00:00,,rT9m2HCopt8qAb4pU8jS0g,2,Planned maintenance,SE_4,SE_3,MAW,A03,2023-10-18 07:00:00+02:00,2023-10-18 14:00:00+02:00,PT1M,1,5100,se3_se4,True
2025-11-06 11:41:53+00:00,,1HiqPhp45_vGFrGIb66kSg,2,Planned maintenance,SE_3,SE_2,MAW,A03,2023-10-18 07:00:00+02:00,2023-10-18 14:00:00+02:00,PT1M,1,5900,se2_se3,True
2025-11-06 11:41:59+00:00,,Qj8S6J7rlfJRl8GYRtcYfA,3,Planned maintenance,SE_3,SE_2,MAW,A03,2023-10-16 06:00:00+02:00,2023-10-18 16:42:00+02:00,PT1M,1,6100,se2_se3,True
2025-11-06 11:41:59+00:00,,e5ST0EGiY4CRBIKCV0nQeQ,3,Planned maintenance,SE_3,FI,MAW,A03,2023-10-16 07:00:00+03:00,2023-10-18 17:42:00+03:00,PT1M,1,150,fi_se3,True
2025-11-06 11:42:50+00:00,,2ci1iTEX0y4hilPCWh-z0g,6,Planned maintenance,SE_3,FI,MAW,A03,2023-10-09 09:00:00+03:00,2023-10-22 14:00:00+03:00,PT1M,1,300,fi_se3,True
2025-11-06 11:42:50+00:00,,NY2OnmZAYTcAL3fxCDPKAQ,6,Planned maintenance,SE_3,SE_2,MAW,A03,2023-10-10 23:59:00+02:00,2023-10-22 13:00:00+02:00,PT1M,2400,6100,se2_se3,True
2025-11-06 11:42:50+00:00,,NY2OnmZAYTcAL3fxCDPKAQ,6,Planned maintenance,SE_3,SE_2,MAW,A03,2023-10-09 08:00:00+02:00,2023-10-10 23:59:00+02:00,PT1M,1,6000,se2_se3,True
2025-11-06 11:43:14+00:00,,IfhHFIAB6DaCKoFc2Woc6g,2,Planned maintenance,DK_1,SE_3,MAW,A03,2023-10-22 07:00:00+02:00,2023-10-25 16:00:00+02:00,PT1M,1,640,se3_dk1,True
2025-11-06 11:46:54+00:00,,q1to5lr3DZxWEfs3uq_7JA,1,Planned maintenance,SE_3,NO_1,MAW,A03,2023-10-25 09:00:00+02:00,2023-10-25 16:00:00+02:00,PT1M,1,1850,no1_se3,True
2025-11-06 11:46:54+00:00,,od92I6Mbwj00mGqkpK9L-w,1,Planned maintenance,NO_1,SE_3,MAW,A03,2023-10-25 09:00:00+02:00,2023-10-25 16:00:00+02:00,PT1M,1,1800,se3_no1,True
2025-11-06 11:46:54+00:00,,cUbHQrOlsah-LWxQmuteKA,1,Planned maintenance,NO_1,SE_3,MAW,A03,2023-10-25 09:00:00+02:00,2023-10-25 16:00:00+02:00,PT1M,1,1800,se3_no1,True
2025-11-06 11:46:54+00:00,,S9w-w001-TxWLNy0AkeFzw,1,Planned maintenance,SE_3,NO_1,MAW,A03,2023-10-25 09:00:00+02:00,2023-10-25 16:00:00+02:00,PT1M,1,1850,no1_se3,True
2025-11-06 11:48:41+00:00,Cancelled,PKXtj5jcwqQfOWi9JFVGkw,4,Planned maintenance,SE_4,SE_3,MAW,A03,2023-10-25 06:00:00+02:00,2023-10-25 17:00:00+02:00,PT1M,1,5500,se3_se4,False
2025-11-06 11:50:04+00:00,Cancelled,OoVVi_1BFNrsK2CrxGsTMw,2,Planned maintenance,SE_3,NO_1,MAW,A03,2024-05-06 06:00:00+02:00,2024-05-10 16:00:00+02:00,PT1M,1,1945,no1_se3,False
2025-11-06 11:50:04+00:00,Cancelled,XQ3IEZCNDW6iWNsHNp5_wA,2,Planned maintenance,NO_1,SE_3,MAW,A03,2024-05-06 06:00:00+02:00,2024-05-10 16:00:00+02:00,PT1M,1,1895,se3_no1,False
2025-11-06 11:52:46+00:00,,veBOm2qvHA-Xc-9RwjjjiA,2,Planned maintenance,SE_4,SE_3,MAW,A03,2023-10-23 06:00:00+02:00,2023-10-26 16:00:00+02:00,PT1M,1,4600,se3_se4,True
2025-11-06 11:52:46+00:00,,rVFUdpFMQweYhM7KvgGnZA,2,Planned maintenance,SE_3,SE_2,MAW,A03,2023-10-23 06:00:00+02:00,2023-10-26 16:00:00+02:00,PT1M,1,6200,se2_se3,True
2025-11-06 11:52:46+00:00,,3-tBZ888DvFZtA-4GST_Ug,2,Planned maintenance,SE_3,FI,MAW,A03,2023-10-23 07:00:00+03:00,2023-10-26 17:00:00+03:00,PT1M,1,400,fi_se3,True
2025-11-06 11:52:47+00:00,,8aDDHfR3vfbsu_b3NGJo1w,7,Planned maintenance,SE_3,SE_2,MAW,A03,2023-10-26 04:59:00+02:00,2023-10-26 17:20:00+02:00,PT1M,4260,5500,se2_se3,True
2025-11-06 11:52:47+00:00,,gxvQE_4y1ozN6JtxxdxnBA,7,Planned maintenance,SE_3,FI,MAW,A03,2023-10-23 07:00:00+03:00,2023-10-26 18:20:00+03:00,PT1M,1,300,fi_se3,True
2025-11-06 11:52:47+00:00,,3C-xGFsqQzC1WJbdCMycrg,7,Planned maintenance,SE_4,SE_3,MAW,A03,2023-10-23 06:00:00+02:00,2023-10-26 17:20:00+02:00,PT1M,1,4100,se3_se4,True
2025-11-06 11:52:47+00:00,,8aDDHfR3vfbsu_b3NGJo1w,7,Planned maintenance,SE_3,SE_2,MAW,A03,2023-10-23 06:00:00+02:00,2023-10-26 04:59:00+02:00,PT1M,1,6000,se2_se3,True
2025-11-06 11:53:32+00:00,,TbMypWWmHM1N_lLJxLE59A,4,Planned maintenance,SE_3,FI,MAW,A03,2023-10-28 09:00:00+03:00,2023-10-28 20:00:00+03:00,PT1M,1,0,fi_se3,True
2025-11-06 11:53:32+00:00,,TS_fykiYdZYFqGSYArWvlw,4,Planned maintenance,SE_3,FI,MAW,A03,2023-10-28 09:00:00+03:00,2023-10-28 20:00:00+03:00,PT1M,1,0,fi_se3,True
2025-11-06 11:53:32+00:00,,do_1c272JECgkXhxeNBGGQ,4,Planned maintenance,SE_4,SE_3,MAW,A03,2023-10-28 08:00:00+02:00,2023-10-28 19:00:00+02:00,PT1M,1,4000,se3_se4,True
2025-11-06 11:53:32+00:00,,9iOYbfiscMNmf4x-QQA35A,4,Planned maintenance,SE_4,SE_3,MAW,A03,2023-10-28 08:00:00+02:00,2023-10-28 19:00:00+02:00,PT1M,1,4000,se3_se4,True
2025-11-06 11:53:32+00:00,,pfaz_zXmTnZpjhycwg6etQ,4,Planned maintenance,SE_3,SE_2,MAW,A03,2023-10-28 08:00:00+02:00,2023-10-28 19:00:00+02:00,PT1M,1,4800,se2_se3,True
2025-11-06 11:53:32+00:00,,KVlQCOWpludZuQwfybt0bg,4,Planned maintenance,SE_3,SE_2,MAW,A03,2023-10-28 08:00:00+02:00,2023-10-28 19:00:00+02:00,PT1M,1,4800,se2_se3,True
2025-11-06 11:58:59+00:00,,IY1aYJP1Q52gm3V8dE0ftw,1,Planned maintenance,DK_1,SE_3,MAW,A03,2024-05-21 07:00:00+02:00,2024-05-23 16:00:00+02:00,PT1M,1,40,se3_dk1,True
2025-11-06 11:58:59+00:00,,E3_mvw42FEPtT3GwEbc3DA,1,Planned maintenance,SE_3,DK_1,MAW,A03,2024-05-21 07:00:00+02:00,2024-05-23 16:00:00+02:00,PT1M,1,265,dk1_se3,True
2025-11-06 11:59:02+00:00,,4Lzs41clefy301tA0b74gg,1,Planned maintenance,SE_3,DK_1,MAW,A03,2024-07-29 07:00:00+02:00,2024-08-06 16:00:00+02:00,PT1M,1,550,dk1_se3,True
2025-11-06 11:59:02+00:00,,9MeRa5fo3oCL0HMuTt4CQA,1,Planned maintenance,DK_1,SE_3,MAW,A03,2024-07-29 07:00:00+02:00,2024-08-06 16:00:00+02:00,PT1M,1,140,se3_dk1,True
2025-11-06 11:59:04+00:00,,hF8ZOeAiTd5JL56h8iziUA,1,Planned maintenance,SE_3,DK_1,MAW,A03,2024-09-04 07:00:00+02:00,2024-09-04 16:00:00+02:00,PT1M,1,700,dk1_se3,True
2025-11-06 11:59:04+00:00,,0LeyeaMQzhA6_YEzfIy7hQ,1,Planned maintenance,DK_1,SE_3,MAW,A03,2024-09-04 07:00:00+02:00,2024-09-04 16:00:00+02:00,PT1M,1,684,se3_dk1,True
2025-11-06 11:59:06+00:00,,nLSjnnPuTUCKSmPs4G1TEg,1,Planned maintenance,SE_3,DK_1,MAW,A03,2024-09-23 07:00:00+02:00,2024-10-01 16:00:00+02:00,PT1M,1,550,dk1_se3,True
2025-11-06 11:59:06+00:00,,nCNvEMxuqVsqeczPc4-RBA,1,Planned maintenance,DK_1,SE_3,MAW,A03,2024-09-23 07:00:00+02:00,2024-10-01 16:00:00+02:00,PT1M,1,140,se3_dk1,True
2025-11-06 12:00:03+00:00,Cancelled,E0VqV5w4TwYesb7D7RvQ9g,2,Planned maintenance,SE_3,NO_1,MAW,A03,2024-04-15 06:00:00+02:00,2024-04-26 16:00:00+02:00,PT1M,1,0,no1_se3,False
2025-11-06 12:00:03+00:00,,2yUadcZi2GpFKX3BHQd5CA,2,Planned maintenance,SE_3,NO_1,MAW,A03,2024-04-15 06:00:00+02:00,2024-04-26 16:00:00+02:00,PT1M,1,895,no1_se3,True
2025-11-06 12:00:03+00:00,,dwthhLQTzsRSafMZI3VSKw,2,Planned maintenance,SE_3,NO_1,MAW,A03,2024-04-15 06:00:00+02:00,2024-04-26 16:00:00+02:00,PT1M,1,895,no1_se3,True
2025-11-06 12:00:04+00:00,Cancelled,azI17ngwq4g6CClIlFs81w,2,Planned maintenance,NO_1,SE_3,MAW,A03,2024-04-15 06:00:00+02:00,2024-04-26 16:00:00+02:00,PT1M,1,0,se3_no1,False
2025-11-06 12:00:04+00:00,,CksE5_EslxGXim2mjqZHHA,2,Planned maintenance,NO_1,SE_3,MAW,A03,2024-04-15 06:00:00+02:00,2024-04-26 16:00:00+02:00,PT1M,1,1195,se3_no1,True
2025-11-06 12:00:04+00:00,,zN64YROQMwsrYV4oDyNZOg,2,Planned maintenance,NO_1,SE_3,MAW,A03,2024-04-15 06:00:00+02:00,2024-04-26 16:00:00+02:00,PT1M,1,1195,se3_no1,True
2025-11-06 12:00:12+00:00,,X6ReaI2TSKsVzNbXU2ic9g,3,Planned maintenance,SE_3,FI,MAW,A03,2023-11-10 08:00:00+02:00,2023-11-10 17:00:00+02:00,PT1M,1,0,fi_se3,True
2025-11-06 12:00:13+00:00,,8i7u_g-jwE2WZRsBZx8alQ,3,Planned maintenance,SE_3,SE_2,MAW,A03,2023-11-10 07:00:00+01:00,2023-11-10 16:00:00+01:00,PT1M,1,5900,se2_se3,True
2025-11-06 12:00:59+00:00,,IWftfXv5CZNrcpuNBi0D_A,2,Planned maintenance,NO_1,SE_3,MAW,A03,2023-11-02 05:00:00+01:00,2023-11-02 19:00:00+01:00,PT1M,1,795,se3_no1,True
2025-11-06 12:00:59+00:00,Cancelled,6iBxyINLjKwh8K6tIVZp2Q,2,Planned maintenance,NO_1,SE_3,MAW,A03,2023-11-02 05:00:00+01:00,2023-11-02 19:00:00+01:00,PT1M,1,0,se3_no1,False
2025-11-06 12:00:59+00:00,,cNOuHaAyUUEGdcoBJCjKEw,1,Planned maintenance,SE_3,NO_1,MAW,A03,2023-11-02 05:00:00+01:00,2023-11-02 19:00:00+01:00,PT1M,1,795,no1_se3,True
2025-11-06 12:00:59+00:00,Cancelled,foNoSCj-N26Avin2QjRyFQ,2,Planned maintenance,SE_3,NO_1,MAW,A03,2023-11-02 05:00:00+01:00,2023-11-02 19:00:00+01:00,PT1M,1,0,no1_se3,False
2025-11-06 12:00:59+00:00,,tD6jouVbaLnL7de3VoaKbA,2,Planned maintenance,SE_3,NO_1,MAW,A03,2023-11-02 05:00:00+01:00,2023-11-02 19:00:00+01:00,PT1M,1,795,no1_se3,True
2025-11-06 12:00:59+00:00,,OuYDfUtVhFS0SNstfgIhGw,1,Planned maintenance,NO_1,SE_3,MAW,A03,2023-11-02 05:00:00+01:00,2023-11-02 19:00:00+01:00,PT1M,1,795,se3_no1,True
2025-11-06 12:01:05+00:00,Cancelled,33yqLo-YU2STI0GL7qOe-w,4,Planned maintenance,SE_3,NO_1,MAW,A03,2024-06-03 06:00:00+02:00,2024-06-12 16:00:00+02:00,PT1M,1,1945,no1_se3,False
2025-11-06 12:01:05+00:00,Cancelled,sl8G2zqw19siX7u4QtKIvQ,4,Planned maintenance,NO_1,SE_3,MAW,A03,2024-06-03 06:00:00+02:00,2024-06-12 16:00:00+02:00,PT1M,1,1895,se3_no1,False
2025-11-06 12:01:15+00:00,,8rO9p-7t9vD6F1d0Cb_SNw,1,Planned maintenance,SE_3,NO_1,MAW,A03,2024-04-29 05:00:00+02:00,2024-04-29 19:00:00+02:00,PT1M,1,795,no1_se3,True
2025-11-06 12:01:16+00:00,,oaXnARKNIAXuMhPZAjPo6g,1,Planned maintenance,SE_3,NO_1,MAW,A03,2024-04-29 05:00:00+02:00,2024-04-29 19:00:00+02:00,PT1M,1,795,no1_se3,True
2025-11-06 12:01:16+00:00,,9HRNzk74xPh1O8C-Cbh1Kg,1,Planned maintenance,NO_1,SE_3,MAW,A03,2024-04-29 05:00:00+02:00,2024-04-29 19:00:00+02:00,PT1M,1,795,se3_no1,True
2025-11-06 12:01:16+00:00,,ZXUBJykGf6Nr6KvJx6mSww,1,Planned maintenance,NO_1,SE_3,MAW,A03,2024-04-29 05:00:00+02:00,2024-04-29 19:00:00+02:00,PT1M,1,795,se3_no1,True
2025-11-06 12:04:05+00:00,,lUe6hzCqWCGrPszVT4pMpw,1,Planned maintenance,SE_3,SE_2,MAW,A03,2024-05-13 06:00:00+02:00,2024-05-19 17:00:00+02:00,PT1M,1,5400,se2_se3,True
2025-11-06 12:04:08+00:00,Cancelled,DiHO6wyrOfMS3YP48ynONQ,2,Planned maintenance,SE_3,FI,MAW,A03,2024-05-13 07:00:00+03:00,2024-06-12 18:00:00+03:00,PT1M,1,0,fi_se3,False
2025-11-06 12:04:08+00:00,Cancelled,j3XaNyduK0181toSMOlK_A,2,Planned maintenance,SE_3,SE_2,MAW,A03,2024-05-13 06:00:00+02:00,2024-06-12 17:00:00+02:00,PT1M,1,5200,se2_se3,False
2025-11-06 12:05:00+00:00,,zNeeqBfhI7zM1-lNOpjUnA,1,Planned maintenance,SE_3,FI,MAW,A03,2024-05-02 07:00:00+03:00,2024-05-04 18:00:00+03:00,PT1M,1,100,fi_se3,True
2025-11-06 12:05:00+00:00,,X-s_6akcnkoG3jw_PcuhTw,1,Planned maintenance,SE_4,SE_3,MAW,A03,2024-05-02 06:00:00+02:00,2024-05-04 17:00:00+02:00,PT1M,1,3900,se3_se4,True
2025-11-06 12:05:00+00:00,,kSxm-asxh4tmgvuiw6kTRQ,1,Planned maintenance,SE_3,SE_2,MAW,A03,2024-05-02 06:00:00+02:00,2024-05-04 17:00:00+02:00,PT1M,1,5500,se2_se3,True
2025-11-06 12:05:41+00:00,,XrhbWbPAzItgULFMCxQUPQ,3,Unplanned outage,FI,SE_3,MAW,A03,2023-11-08 06:42:00+01:00,2023-11-08 09:30:00+01:00,PT1M,1,400,se3_fi,True
2025-11-06 12:05:42+00:00,,ckJnItqWr2ureNuMMPcuUw,3,Unplanned outage,SE_3,FI,MAW,A03,2023-11-08 07:42:00+02:00,2023-11-08 10:30:00+02:00,PT1M,1,400,fi_se3,True
2025-11-06 12:07:55+00:00,Cancelled,o4awbVyOyTAxBrNn1OAuxg,3,Planned maintenance,SE_3,NO_1,MAW,A03,2023-11-13 07:00:00+01:00,2023-11-14 12:00:00+01:00,PT1M,1,900,no1_se3,False
2025-11-06 12:07:55+00:00,Cancelled,8QlAvgXZWDVZ1PwQJnrpEw,3,Planned maintenance,DK_1,SE_3,MAW,A03,2023-11-13 07:00:00+01:00,2023-11-14 12:00:00+01:00,PT1M,1,500,se3_dk1,False
2025-11-06 12:07:55+00:00,Cancelled,cybamJUksHG48QTTFfoSaA,3,Planned maintenance,SE_3,SE_2,MAW,A03,2023-11-13 07:00:00+01:00,2023-11-14 12:00:00+01:00,PT1M,1,6400,se2_se3,False
2025-11-06 12:08:42+00:00,,28e9ECNSGkH7HU7SfvmMEQ,1,Planned maintenance,SE_3,SE_2,MAW,A03,2024-05-28 06:00:00+02:00,2024-05-28 17:00:00+02:00,PT1M,1,6900,se2_se3,True
2025-11-06 12:09:46+00:00,Cancelled,zv4Qmx9c8dhBUW0NGdLe_Q,2,Planned maintenance,DK_1,SE_3,MAW,A03,2023-11-28 09:00:00+01:00,2023-11-28 15:00:00+01:00,PT1M,1,0,se3_dk1,False
2025-11-06 12:09:46+00:00,Cancelled,7P5UlwSaz4ANvvipglGeWA,2,Planned maintenance,DK_1,SE_3,MAW,A03,2023-11-28 09:00:00+01:00,2023-11-28 15:00:00+01:00,PT1M,1,0,se3_dk1,False
2025-11-06 12:09:46+00:00,Cancelled,5XfN6IfuVn9oG_jrmDciWQ,2,Planned maintenance,SE_3,DK_1,MAW,A03,2023-11-28 09:00:00+01:00,2023-11-28 15:00:00+01:00,PT1M,1,0,dk1_se3,False
2025-11-06 12:09:47+00:00,Cancelled,2BdxHj2nK-WwEZWEvCe-Nw,2,Planned maintenance,SE_3,DK_1,MAW,A03,2023-11-28 09:00:00+01:00,2023-11-28 15:00:00+01:00,PT1M,1,0,dk1_se3,False
2025-11-06 12:11:41+00:00,,_tFJxjoLrRW-pcPuH-UzRQ,2,Unplanned outage,SE_3,DK_1,MAW,A03,2023-11-16 04:35:00+01:00,2023-11-16 06:30:00+01:00,PT1M,1,345,dk1_se3,True
2025-11-06 12:11:41+00:00,,XRL40-gooHdyx43hnJ-uNA,2,Unplanned outage,DK_1,SE_3,MAW,A03,2023-11-16 04:35:00+01:00,2023-11-16 06:30:00+01:00,PT1M,1,345,se3_dk1,True
2025-11-06 12:11:50+00:00,,HfUqLgJ0_BUxKLfNDkJjqg,1,Planned maintenance,SE_3,NO_1,MAW,A03,2023-11-22 07:00:00+01:00,2023-11-22 20:00:00+01:00,PT1M,1,1600,no1_se3,True
2025-11-06 12:18:58+00:00,,svlrHohyrpwk4n9Yj0knEA,2,Planned maintenance,DK_1,SE_3,MAW,A03,2023-12-05 08:00:00+01:00,2023-12-05 16:00:00+01:00,PT1M,1,0,se3_dk1,True
2025-11-06 12:18:58+00:00,,1hlCcWDrNWFaS3LxSH6I1Q,2,Planned maintenance,DK_1,SE_3,MAW,A03,2023-12-05 08:00:00+01:00,2023-12-05 16:00:00+01:00,PT1M,1,0,se3_dk1,True
2025-11-06 12:18:58+00:00,,R1W_POioqIyyI3-hbOszbg,2,Planned maintenance,SE_3,DK_1,MAW,A03,2023-12-05 08:00:00+01:00,2023-12-05 16:00:00+01:00,PT1M,1,0,dk1_se3,True
2025-11-06 12:18:58+00:00,,WHnYIvWmY2y3kmRAz0A59g,2,Planned maintenance,SE_3,DK_1,MAW,A03,2023-12-05 08:00:00+01:00,2023-12-05 16:00:00+01:00,PT1M,1,0,dk1_se3,True
2025-11-06 12:19:23+00:00,,Aej5-6SV3BPhoCWECH1YUg,1,Planned maintenance,SE_3,FI,MAW,A03,2023-11-29 10:00:00+02:00,2023-11-29 16:00:00+02:00,PT1M,1,0,fi_se3,True
2025-11-06 12:19:23+00:00,,YEzoHu1s6SOVqaHhkYScNw,1,Planned maintenance,SE_3,FI,MAW,A03,2023-11-29 10:00:00+02:00,2023-11-29 16:00:00+02:00,PT1M,1,0,fi_se3,True
2025-11-06 12:19:27+00:00,,k5rTLF_9F-uIfna8UAKlRg,1,Planned maintenance,SE_3,FI,MAW,A03,2024-09-09 07:00:00+03:00,2024-09-20 18:00:00+03:00,PT1M,1,600,fi_se3,True
2025-11-06 12:19:27+00:00,,0W0HHyMWIYqMRaqfbwm0kw,1,Planned maintenance,SE_4,SE_3,MAW,A03,2024-09-09 06:00:00+02:00,2024-09-20 17:00:00+02:00,PT1M,1,4000,se3_se4,True
2025-11-06 12:19:27+00:00,,kGrhQc28iaHFkzTmzDMNxA,1,Planned maintenance,SE_3,SE_2,MAW,A03,2024-09-09 06:00:00+02:00,2024-09-20 17:00:00+02:00,PT1M,1,5700,se2_se3,True
2025-11-06 12:20:43+00:00,,yDy6lq7D9ESto06p4NJqyA,14,Planned maintenance,SE_4,SE_3,MAW,A03,2023-11-29 16:59:00+01:00,2023-12-13 17:00:00+01:00,PT1M,135360,5800,se3_se4,True
2025-11-06 12:20:43+00:00,,yDy6lq7D9ESto06p4NJqyA,14,Planned maintenance,SE_4,SE_3,MAW,A03,2023-08-27 18:00:00+02:00,2023-09-02 06:59:00+02:00,PT1M,1,5800,se3_se4,True
2025-11-06 12:20:43+00:00,,GlVOeev-kEy12ObjwQSO9A,14,Planned maintenance,SE_3,SE_4,MAW,A03,2023-11-29 16:59:00+01:00,2023-12-13 17:00:00+01:00,PT1M,135360,2400,se4_se3,True
2025-11-06 12:20:43+00:00,,GlVOeev-kEy12ObjwQSO9A,14,Planned maintenance,SE_3,SE_4,MAW,A03,2023-11-27 05:59:00+01:00,2023-11-29 16:59:00+01:00,PT1M,131820,2000,se4_se3,True
2025-11-06 12:20:43+00:00,,yDy6lq7D9ESto06p4NJqyA,14,Planned maintenance,SE_4,SE_3,MAW,A03,2023-09-15 07:59:00+02:00,2023-11-27 05:59:00+01:00,PT1M,26760,5800,se3_se4,True
2025-11-06 12:20:43+00:00,,GlVOeev-kEy12ObjwQSO9A,14,Planned maintenance,SE_3,SE_4,MAW,A03,2023-09-02 06:59:00+02:00,2023-09-15 07:59:00+02:00,PT1M,7980,2000,se4_se3,True
2025-11-06 12:20:43+00:00,,yDy6lq7D9ESto06p4NJqyA,14,Planned maintenance,SE_4,SE_3,MAW,A03,2023-11-27 05:59:00+01:00,2023-11-29 16:59:00+01:00,PT1M,131820,5400,se3_se4,True
2025-11-06 12:20:43+00:00,,yDy6lq7D9ESto06p4NJqyA,14,Planned maintenance,SE_4,SE_3,MAW,A03,2023-09-02 06:59:00+02:00,2023-09-15 07:59:00+02:00,PT1M,7980,5400,se3_se4,True
2025-11-06 12:20:43+00:00,,GlVOeev-kEy12ObjwQSO9A,14,Planned maintenance,SE_3,SE_4,MAW,A03,2023-09-15 07:59:00+02:00,2023-11-27 05:59:00+01:00,PT1M,26760,2400,se4_se3,True
2025-11-06 12:20:43+00:00,,GlVOeev-kEy12ObjwQSO9A,14,Planned maintenance,SE_3,SE_4,MAW,A03,2023-08-27 18:00:00+02:00,2023-09-02 06:59:00+02:00,PT1M,1,2400,se4_se3,True
2025-11-06 12:26:06+00:00,,LHBS2_wAf2zbcrP_D25JCA,7,Unplanned outage,SE_3,FI,MAW,A03,2023-11-29 02:25:00+02:00,2023-12-05 00:59:00+02:00,PT1M,1,0,fi_se3,True
2025-11-06 12:26:07+00:00,,00DEB0bGSBAYZ3gYN68Lfw,6,Unplanned outage,SE_4,SE_3,MAW,A03,2023-11-29 01:25:00+01:00,2023-12-03 23:59:00+01:00,PT1M,1,4600,se3_se4,True
2025-11-06 12:26:07+00:00,,00DEB0bGSBAYZ3gYN68Lfw,6,Unplanned outage,SE_4,SE_3,MAW,A03,2023-12-03 23:59:00+01:00,2023-12-04 23:59:00+01:00,PT1M,7115,4500,se3_se4,True
2025-11-06 12:26:07+00:00,,_PEVhEreiSLtUVPIkgpy8g,6,Unplanned outage,SE_3,SE_2,MAW,A03,2023-11-29 01:25:00+01:00,2023-12-03 23:59:00+01:00,PT1M,1,7100,se2_se3,True
2025-11-06 12:26:07+00:00,,_PEVhEreiSLtUVPIkgpy8g,6,Unplanned outage,SE_3,SE_2,MAW,A03,2023-12-03 23:59:00+01:00,2023-12-04 23:59:00+01:00,PT1M,7115,7200,se2_se3,True
2025-11-06 12:26:36+00:00,Cancelled,c6pPbkLHUN5GB4Lutj4owg,3,Planned maintenance,NO_1,SE_3,MAW,A03,2024-07-05 06:00:00+02:00,2024-07-05 18:00:00+02:00,PT1M,1,645,se3_no1,False
2025-11-06 12:26:36+00:00,Cancelled,UJFbS1_YOC2w1sYhAAAFyQ,3,Planned maintenance,SE_3,NO_1,MAW,A03,2024-07-05 06:00:00+02:00,2024-07-05 18:00:00+02:00,PT1M,1,695,no1_se3,False
2025-11-06 12:27:30+00:00,,guKnHRf9ndmD1Xgqt-Ybsg,1,Planned maintenance,SE_3,DK_1,MAW,A03,2024-03-13 07:00:00+01:00,2024-03-21 16:00:00+01:00,PT1M,1,550,dk1_se3,True
2025-11-06 12:27:30+00:00,,fFsnkJDJYxBPI-aLqL-NdA,2,Planned maintenance,DK_1,SE_3,MAW,A03,2024-05-13 07:00:00+02:00,2024-05-14 16:00:00+02:00,PT1M,1,140,se3_dk1,True
2025-11-06 12:27:30+00:00,,C54u0t7GhkHalxmSVGL-kQ,1,Planned maintenance,DK_1,SE_3,MAW,A03,2024-03-04 07:00:00+01:00,2024-03-12 16:00:00+01:00,PT1M,1,140,se3_dk1,True
2025-11-06 12:27:30+00:00,,qCkUHye65SpR10jjI8ZwjA,1,Planned maintenance,DK_1,SE_3,MAW,A03,2024-03-13 07:00:00+01:00,2024-03-21 16:00:00+01:00,PT1M,1,140,se3_dk1,True
2025-11-06 12:27:30+00:00,,2soB1aqR3K-UmR2vK7370A,1,Planned maintenance,SE_3,DK_1,MAW,A03,2024-03-04 07:00:00+01:00,2024-03-12 16:00:00+01:00,PT1M,1,550,dk1_se3,True
2025-11-06 12:27:30+00:00,,3sB543DOwnhH0ScRD-fajw,2,Planned maintenance,SE_3,DK_1,MAW,A03,2024-05-13 07:00:00+02:00,2024-05-14 16:00:00+02:00,PT1M,1,550,dk1_se3,True
2025-11-06 12:27:37+00:00,,99MSBTTcdhq3WQmjii8P4g,2,Planned maintenance,SE_3,DK_1,MAW,A03,2023-12-05 07:00:00+01:00,2023-12-05 16:00:00+01:00,PT1M,1,415,dk1_se3,True
2025-11-06 12:27:37+00:00,,3F47WpNiswIjInQtXqmvzg,2,Planned maintenance,DK_1,SE_3,MAW,A03,2023-12-05 07:00:00+01:00,2023-12-05 16:00:00+01:00,PT1M,1,285,se3_dk1,True
2025-11-06 12:27:55+00:00,,3zEDZLFYkurvdwEKHKeVMQ,2,Planned maintenance,SE_3,SE_2,MAW,A03,2023-12-12 07:00:00+01:00,2023-12-13 13:00:00+01:00,PT1M,1,6800,se2_se3,True
2025-11-06 12:27:55+00:00,,BaejBfnhst78emYYniMYpg,2,Planned maintenance,SE_3,NO_1,MAW,A03,2023-12-12 07:00:00+01:00,2023-12-13 13:00:00+01:00,PT1M,1,1050,no1_se3,True
2025-11-06 12:27:55+00:00,,FqjHqy2v-qd3nJQ6w0OFCQ,2,Planned maintenance,DK_1,SE_3,MAW,A03,2023-12-12 07:00:00+01:00,2023-12-13 13:00:00+01:00,PT1M,1,600,se3_dk1,True
2025-11-06 12:28:48+00:00,,MWkXXddP5TW5NxAJpV8iJA,2,Planned maintenance,SE_3,NO_1,MAW,A03,2023-11-30 08:30:00+01:00,2023-12-06 19:30:00+01:00,PT1M,1,1945,no1_se3,True
2025-11-06 12:28:48+00:00,,C7mbBGxwYhat-as-Ithaaw,3,Planned maintenance,NO_1,SE_3,MAW,A03,2023-11-03 11:00:00+01:00,2023-12-06 19:30:00+01:00,PT1M,1,1600,se3_no1,True
2025-11-06 12:29:10+00:00,,imLTjDezNvSFb79Sx75ztA,2,Planned maintenance,FI,SE_3,MAW,A03,2023-12-07 07:00:00+01:00,2023-12-07 13:10:00+01:00,PT1M,1,800,se3_fi,True
2025-11-06 12:29:10+00:00,,h8jZMGIksJj3y2H41oxtCg,2,Planned maintenance,SE_3,FI,MAW,A03,2023-12-07 08:00:00+02:00,2023-12-07 14:10:00+02:00,PT1M,1,800,fi_se3,True
2025-11-06 12:31:15+00:00,,pI7VwLkI-IAidRShLT9Lcg,2,Planned maintenance,NO_1,SE_3,MAW,A03,2023-12-12 08:00:00+01:00,2023-12-15 16:00:00+01:00,PT1M,1,1595,se3_no1,True
2025-11-06 12:31:17+00:00,,NMry1gYlUQlFQR9meUtIGQ,3,Unplanned outage,DK_1,SE_3,MAW,A03,2023-12-11 07:50:00+01:00,2023-12-11 23:59:00+01:00,PT1M,1,400,se3_dk1,True
2025-11-06 12:41:32+00:00,,oCDnNpnX10WXOuvD_9t0Jg,4,Unplanned outage,FI,SE_3,MAW,A03,2023-12-21 22:14:00+01:00,2023-12-22 01:00:00+01:00,PT1M,1,800,se3_fi,True
2025-11-06 12:41:32+00:00,,EEHmDtCQmTcHKSWzncfyoQ,4,Unplanned outage,SE_3,FI,MAW,A03,2023-12-21 23:14:00+02:00,2023-12-22 02:00:00+02:00,PT1M,1,800,fi_se3,True
2025-11-06 12:41:36+00:00,,2n9CPkt35BdDtVnmQ7OmUw,9,Unplanned outage,SE_3,NO_1,MAW,A03,2023-12-11 07:50:00+01:00,2023-12-11 23:59:00+01:00,PT1M,1,1650,no1_se3,True
2025-11-06 12:41:36+00:00,,8ar-KC61Gu-bYVg1--0c6g,6,Unplanned outage,SE_3,DK_1,MAW,A03,2023-12-11 07:50:00+01:00,2023-12-22 11:16:00+01:00,PT1M,1,300,dk1_se3,True
2025-11-06 12:54:18+00:00,,PJ7ROAiecCF-ygzcYSrvQQ,2,Unplanned outage,DK_1,SE_3,MAW,A03,2023-12-24 10:00:00+01:00,2023-12-25 13:00:00+01:00,PT1M,1,345,se3_dk1,True
2025-11-06 12:54:18+00:00,,mIFusEHWEBIr3Gmeg7Jrgg,2,Unplanned outage,SE_3,DK_1,MAW,A03,2023-12-24 10:00:00+01:00,2023-12-25 13:00:00+01:00,PT1M,1,345,dk1_se3,True
2025-11-06 13:00:35+00:00,,ye5u_JIXzRez6smHMmgdxw,1,Unplanned outage,SE_3,SE_2,MAW,A03,2023-12-27 16:30:00+01:00,2023-12-29 23:59:00+01:00,PT1M,1,6800,se2_se3,True
2025-11-07 13:22:44+00:00,Cancelled,Q9Q8dWwx29AMSznVsQYsfw,2,Planned maintenance,DK_1,SE_3,MAW,A03,2024-01-03 07:00:00+01:00,2024-01-03 16:00:00+01:00,PT1M,1,300,se3_dk1,False
2025-11-07 13:22:44+00:00,Cancelled,g8sxydNIM83Rjocb_CF3xw,2,Planned maintenance,SE_3,DK_1,MAW,A03,2024-01-03 07:00:00+01:00,2024-01-03 16:00:00+01:00,PT1M,1,300,dk1_se3,False
2025-11-07 13:39:17+00:00,Cancelled,vwQw31aegxNLEMflNmIKrA,4,Planned maintenance,DK_1,SE_3,MAW,A03,2023-12-20 08:00:00+01:00,2023-12-21 18:00:00+01:00,PT1M,1,315,se3_dk1,False
2025-11-07 13:46:09+00:00,,FlrOFCRDN-m24uAS2sLZmg,1,Planned maintenance,FI,SE_3,MAW,A03,2024-01-13 07:00:00+01:00,2024-01-13 15:00:00+01:00,PT1M,1,0,se3_fi,True
2025-11-07 13:46:09+00:00,,5USXqfCcrywoFNBkgjf01g,1,Planned maintenance,SE_3,FI,MAW,A03,2024-01-13 08:00:00+02:00,2024-01-13 16:00:00+02:00,PT1M,1,0,fi_se3,True
2025-11-07 13:46:09+00:00,,9jqn7bYxw55OCd_stzV4tw,1,Planned maintenance,SE_3,FI,MAW,A03,2024-01-13 08:00:00+02:00,2024-01-13 16:00:00+02:00,PT1M,1,0,fi_se3,True
2025-11-07 13:46:09+00:00,,GdCqVEcUCoDQAIcbs-KZ2A,1,Planned maintenance,FI,SE_3,MAW,A03,2024-01-13 07:00:00+01:00,2024-01-13 15:00:00+01:00,PT1M,1,0,se3_fi,True
2025-11-07 13:46:12+00:00,,dteEPYcp-R5Nmm2bM7yGkw,1,Planned maintenance,NO_1,SE_3,MAW,A03,2024-06-03 05:00:00+02:00,2024-06-03 19:00:00+02:00,PT1M,1,895,se3_no1,True
2025-11-07 13:46:12+00:00,,zH6kam3bW9EL_0guYNIMSA,1,Planned maintenance,SE_3,NO_1,MAW,A03,2024-06-03 05:00:00+02:00,2024-06-03 19:00:00+02:00,PT1M,1,695,no1_se3,True
2025-11-07 13:46:17+00:00,,UsfIbEs3dt_t_c4leqRc7w,1,Planned maintenance,NO_1,SE_3,MAW,A03,2024-10-15 07:00:00+02:00,2024-10-15 16:00:00+02:00,PT1M,1,1695,se3_no1,True
2025-11-07 13:46:20+00:00,Cancelled,dZOpMGQs-ZSG5WBnBb7VMw,5,Planned maintenance,SE_3,NO_1,MAW,A03,2024-03-11 06:00:00+01:00,2024-03-24 17:00:00+01:00,PT1M,1,0,no1_se3,False
2025-11-07 13:46:21+00:00,Cancelled,6T9gCDqACb4lEaOh0iPy3w,5,Planned maintenance,SE_3,NO_1,MAW,A03,2024-03-11 06:00:00+01:00,2024-03-24 17:00:00+01:00,PT1M,1,0,no1_se3,False
2025-11-07 13:46:22+00:00,Cancelled,wDjZbsOew2J0WoHLOc78lw,5,Planned maintenance,SE_3,NO_1,MAW,A03,2024-03-11 06:00:00+01:00,2024-03-24 17:00:00+01:00,PT1M,1,0,no1_se3,False
2025-11-07 14:03:23+00:00,,hwzMfBeA7OcqsfHkoCEeWQ,3,Planned maintenance,SE_4,SE_3,MAW,A03,2024-05-06 06:00:00+02:00,2024-05-08 17:00:00+02:00,PT1M,1,4700,se3_se4,True
2025-11-07 14:16:58+00:00,Cancelled,kuft-WvagZ69IBe_der1yg,2,Planned maintenance,SE_3,FI,MAW,A03,2024-04-15 07:00:00+03:00,2024-04-17 18:00:00+03:00,PT1M,1,100,fi_se3,False
2025-11-07 14:16:58+00:00,Cancelled,Esl3qxiCdSt1r0mOJnYR_Q,2,Planned maintenance,SE_4,SE_3,MAW,A03,2024-04-15 06:00:00+02:00,2024-04-17 17:00:00+02:00,PT1M,1,3900,se3_se4,False
2025-11-07 14:16:58+00:00,Cancelled,YxJmJWvajDI5yB-zEnq-RQ,2,Planned maintenance,SE_3,SE_2,MAW,A03,2024-04-15 06:00:00+02:00,2024-04-17 17:00:00+02:00,PT1M,1,5500,se2_se3,False
2025-11-07 14:16:58+00:00,Cancelled,zIeh9YpuBYIzi7grid0YuA,2,Planned maintenance,SE_3,NO_1,MAW,A03,2024-01-22 09:00:00+01:00,2024-01-22 17:00:00+01:00,PT1M,1,0,no1_se3,False
2025-11-07 14:23:35+00:00,,pjykpMworoVsW2txuS8gDA,2,Unplanned outage,NO_1,SE_3,MAW,A03,2024-01-21 09:20:00+01:00,2024-01-21 12:04:00+01:00,PT1M,1,1695,se3_no1,True
2025-11-07 14:42:00+00:00,Cancelled,5_DTJc-0ndxRt1W_85sHnA,2,Planned maintenance,SE_3,FI,MAW,A03,2024-04-29 07:00:00+03:00,2024-05-05 18:00:00+03:00,PT1M,1,300,fi_se3,False
2025-11-07 14:42:00+00:00,Cancelled,dPadWQFZGAKT6PWwSlFdtQ,2,Planned maintenance,SE_3,SE_2,MAW,A03,2024-04-29 06:00:00+02:00,2024-05-05 17:00:00+02:00,PT1M,1,5900,se2_se3,False
2025-11-07 14:53:14+00:00,,pqpGohBm9FCobCQOJmWasA,1,Planned maintenance,NO_1,SE_3,MAW,A03,2024-08-06 07:00:00+02:00,2024-08-08 16:00:00+02:00,PT1M,1,1395,se3_no1,True
2025-11-07 14:57:04+00:00,Cancelled,Tnupzpd3CGEC01uawudHTw,2,Planned maintenance,SE_3,SE_2,MAW,A03,2024-03-18 06:00:00+01:00,2024-03-18 17:00:00+01:00,PT1M,1,7100,se2_se3,False
2025-11-07 15:01:16+00:00,,lZRzbp9aucc-DP-KZtqEWw,2,Planned maintenance,SE_4,SE_3,MAW,A03,2024-01-30 07:00:00+01:00,2024-01-31 11:00:00+01:00,PT1M,1,5800,se3_se4,True
2025-11-07 15:01:16+00:00,,Bm5orrBt3G2WTd34U0Ufkg,2,Planned maintenance,SE_3,SE_4,MAW,A03,2024-01-30 07:00:00+01:00,2024-01-31 11:00:00+01:00,PT1M,1,2400,se4_se3,True
2025-11-07 15:05:29+00:00,Cancelled,8CzIz0fng8ElX64nwWE5xg,2,Planned maintenance,SE_3,DK_1,MAW,A03,2024-05-23 06:00:00+02:00,2024-05-31 17:00:00+02:00,PT1M,1,0,dk1_se3,False
2025-11-07 15:05:37+00:00,Cancelled,j28Jr7oGy7PXCF17C4IMvg,5,Planned maintenance,SE_3,SE_2,MAW,A03,2024-08-14 06:00:00+02:00,2024-09-29 21:00:00+02:00,PT1M,1,0,se2_se3,False
2025-11-07 15:24:25+00:00,,GKUGfOkhuFVPab2G_iIPzQ,3,Planned maintenance,SE_3,FI,MAW,A03,2024-09-03 18:00:00+03:00,2024-09-06 18:00:00+03:00,PT1M,1,300,fi_se3,True
2025-11-07 15:24:25+00:00,,9VSP_YoKkEAreZybakoDLw,3,Planned maintenance,SE_3,NO_1,MAW,A03,2024-09-03 17:00:00+02:00,2024-09-06 17:00:00+02:00,PT1M,1,1400,no1_se3,True
2025-11-07 15:24:26+00:00,,0FPz0jgJCyj4QVsZFO-3VQ,3,Planned maintenance,SE_3,SE_2,MAW,A03,2024-09-03 17:00:00+02:00,2024-09-06 17:00:00+02:00,PT1M,1,5700,se2_se3,True
2025-11-07 15:24:26+00:00,,qQ9Ra0fpA-kSnmqW1yyFZA,3,Planned maintenance,SE_4,SE_3,MAW,A03,2024-09-03 17:00:00+02:00,2024-09-06 17:00:00+02:00,PT1M,1,3900,se3_se4,True
2025-11-07 15:51:57+00:00,Cancelled,44hW5zV8-qkF1HqpYlPkmw,3,Planned maintenance,SE_3,NO_1,MAW,A03,2024-09-17 06:00:00+02:00,2024-09-17 17:00:00+02:00,PT1M,1,0,no1_se3,False
2025-11-07 15:51:57+00:00,Cancelled,IvuPs0GMwWJTi26IbdDr5w,3,Planned maintenance,SE_3,NO_1,MAW,A03,2024-09-17 17:00:00+02:00,2024-09-20 17:00:00+02:00,PT1M,1,0,no1_se3,False
2025-11-07 15:51:57+00:00,Cancelled,GCknYxsCCHilkS9ZlaAaQg,3,Planned maintenance,SE_3,NO_1,MAW,A03,2024-09-17 06:00:00+02:00,2024-09-17 17:00:00+02:00,PT1M,1,0,no1_se3,False
2025-11-07 15:51:57+00:00,Cancelled,-KHkB6s6W4Wx_Ez8Un10gg,4,Planned maintenance,SE_3,NO_1,MAW,A03,2024-09-17 06:00:00+02:00,2024-09-17 17:00:00+02:00,PT1M,1,0,no1_se3,False
2025-11-07 15:59:47+00:00,,2ps9hXWFosuo6F3LCyQnNw,1,Planned maintenance,DK_1,SE_3,MAW,A03,2024-03-14 08:00:00+01:00,2024-03-14 18:00:00+01:00,PT1M,1,140,se3_dk1,True
2025-11-07 15:59:47+00:00,,4qWD01jc4nZyb41fW-ygPg,1,Planned maintenance,SE_3,DK_1,MAW,A03,2024-03-14 08:00:00+01:00,2024-03-14 18:00:00+01:00,PT1M,1,550,dk1_se3,True
2025-11-07 16:03:35+00:00,Cancelled,PFTEzZwgfvsZJnDYU77v2w,3,Planned maintenance,SE_3,NO_1,MAW,A03,2024-04-23 06:00:00+02:00,2024-04-23 17:00:00+02:00,PT1M,1,0,no1_se3,False
2025-11-07 16:03:35+00:00,Cancelled,TXp0B8tC9AnkaFnacRIJ1A,3,Planned maintenance,SE_3,NO_1,MAW,A03,2024-04-23 06:00:00+02:00,2024-04-23 17:00:00+02:00,PT1M,1,0,no1_se3,False
2025-11-07 16:03:35+00:00,Cancelled,5eTLNFYAkp9ya6coMRUUVQ,3,Planned maintenance,SE_3,NO_1,MAW,A03,2024-04-23 06:00:00+02:00,2024-04-23 17:00:00+02:00,PT1M,1,0,no1_se3,False
2025-11-07 16:22:52+00:00,Cancelled,u4zbh_tGPB6bAknvZPV6bQ,4,Planned maintenance,SE_3,SE_2,MAW,A03,2024-04-23 06:00:00+02:00,2024-04-23 17:00:00+02:00,PT1M,1,6500,se2_se3,False
2025-11-07 16:22:52+00:00,Cancelled,am31yEgKPDPdg28LWg_Qlg,4,Planned maintenance,SE_3,SE_2,MAW,A03,2024-04-23 06:00:00+02:00,2024-04-23 17:00:00+02:00,PT1M,1,6500,se2_se3,False
2025-11-07 16:22:52+00:00,Cancelled,IS7S0ZqI30X2QxcZDdk-NQ,4,Planned maintenance,SE_3,SE_2,MAW,A03,2024-04-23 06:00:00+02:00,2024-04-23 17:00:00+02:00,PT1M,1,6500,se2_se3,False
2025-11-07 16:22:52+00:00,Cancelled,09-pj9peIhLgZ3dt7qguZQ,4,Planned maintenance,SE_3,FI,MAW,A03,2024-04-23 07:00:00+03:00,2024-04-23 18:00:00+03:00,PT1M,1,400,fi_se3,False
2025-11-07 16:22:52+00:00,Cancelled,9PSwlRILqmNetmMFENM3CQ,4,Planned maintenance,SE_4,SE_3,MAW,A03,2024-04-23 06:00:00+02:00,2024-04-23 17:00:00+02:00,PT1M,1,4500,se3_se4,False
2025-11-07 16:22:52+00:00,Cancelled,YdzIEJU18tuJgCGeQKPUVw,4,Planned maintenance,SE_3,FI,MAW,A03,2024-04-23 07:00:00+03:00,2024-04-23 18:00:00+03:00,PT1M,1,400,fi_se3,False
2025-11-07 16:22:52+00:00,Cancelled,I_HYHgPJ0a5mR3x1miw8oQ,4,Planned maintenance,SE_3,FI,MAW,A03,2024-04-23 07:00:00+03:00,2024-04-23 18:00:00+03:00,PT1M,1,400,fi_se3,False
2025-11-07 16:22:53+00:00,Cancelled,9SDe3lpy0EtQrDoCTg05Lw,4,Planned maintenance,SE_4,SE_3,MAW,A03,2024-04-23 06:00:00+02:00,2024-04-23 17:00:00+02:00,PT1M,1,4500,se3_se4,False
2025-11-07 16:22:53+00:00,Cancelled,0IEN6oMd1tKNzNl1qGw5IQ,4,Planned maintenance,SE_4,SE_3,MAW,A03,2024-04-23 06:00:00+02:00,2024-04-23 17:00:00+02:00,PT1M,1,4500,se3_se4,False
2025-11-07 16:45:34+00:00,Cancelled,J9tYvrLY00Hq5vOdFGMbwg,2,Planned maintenance,FI,SE_3,MAW,A03,2024-08-02 06:00:00+02:00,2024-08-09 17:00:00+02:00,PT1M,1,800,se3_fi,False
2025-11-07 16:45:34+00:00,Cancelled,9iG87i6VRmMp9EQKydwyiA,2,Planned maintenance,SE_3,SE_2,MAW,A03,2024-08-02 06:00:00+02:00,2024-08-09 17:00:00+02:00,PT1M,1,6000,se2_se3,False
2025-11-07 16:45:34+00:00,Cancelled,EDII18Jv3KFXCOB78DaClQ,2,Planned maintenance,SE_3,FI,MAW,A03,2024-08-02 07:00:00+03:00,2024-08-09 18:00:00+03:00,PT1M,1,300,fi_se3,False
2025-11-07 16:49:51+00:00,Cancelled,KV7JfTcFx4FS9EliuKNmdg,2,Planned maintenance,SE_3,SE_2,MAW,A03,2024-03-04 06:00:00+01:00,2024-03-22 16:00:00+01:00,PT1M,1,5600,se2_se3,False
2025-11-07 17:02:19+00:00,,5dLy7ijZRpnwJiiQTWtXzA,3,Planned maintenance,DK_1,SE_3,MAW,A03,2024-03-04 07:00:00+01:00,2024-03-26 16:00:00+01:00,PT1M,1,300,se3_dk1,True
2025-11-07 17:02:20+00:00,,xqm4hv39B_nBFxW6BhgTEg,3,Planned maintenance,SE_3,DK_1,MAW,A03,2024-03-04 07:00:00+01:00,2024-03-26 16:00:00+01:00,PT1M,1,500,dk1_se3,True
2025-11-07 17:14:29+00:00,Cancelled,Pj_zUw6ThmKQNSCqWMPDfA,2,Planned maintenance,SE_4,SE_3,MAW,A03,2024-03-25 06:00:00+01:00,2024-03-31 17:00:00+02:00,PT1M,1,5800,se3_se4,False
2025-11-07 17:14:30+00:00,Cancelled,4lGSuBFWG3H7HqWywgON8Q,3,Planned maintenance,SE_3,FI,MAW,A03,2024-03-25 07:00:00+02:00,2024-03-25 18:00:00+02:00,PT1M,1,300,fi_se3,False
2025-11-07 17:14:30+00:00,Cancelled,LsIZZnxJAlyncI6Joqvs9A,2,Planned maintenance,SE_3,SE_4,MAW,A03,2024-03-25 06:00:00+01:00,2024-03-31 17:00:00+02:00,PT1M,1,2400,se4_se3,False
2025-11-07 17:14:31+00:00,Cancelled,BmfcdM-vBogxskZiIJXbEQ,3,Planned maintenance,FI,SE_3,MAW,A03,2024-03-25 06:00:00+01:00,2024-03-25 17:00:00+01:00,PT1M,1,500,se3_fi,False
2025-11-07 17:14:32+00:00,Cancelled,lKzsDzVfsZyYH6sa2y0VvA,3,Planned maintenance,SE_3,SE_2,MAW,A03,2024-03-25 06:00:00+01:00,2024-03-25 17:00:00+01:00,PT1M,1,6000,se2_se3,False
2025-11-07 17:14:32+00:00,Cancelled,P0mCRHJwBLwU2i1mcefRbQ,2,Planned maintenance,SE_3,SE_2,MAW,A03,2024-03-26 06:00:00+01:00,2024-03-26 17:00:00+01:00,PT1M,1,6600,se2_se3,False
2025-11-07 17:22:49+00:00,Cancelled,Sqr4Y6r8t4YgDJMdywCOUw,4,Planned maintenance,FI,SE_3,MAW,A03,2024-03-27 06:00:00+01:00,2024-03-27 17:00:00+01:00,PT1M,1,800,se3_fi,False
2025-11-07 17:22:49+00:00,Cancelled,2J5NeUPU-x22x0OMwTeLog,4,Planned maintenance,SE_3,FI,MAW,A03,2024-03-27 07:00:00+02:00,2024-03-27 18:00:00+02:00,PT1M,1,800,fi_se3,False
2025-11-07 17:23:23+00:00,,O384HJ8AIRVzVGegeuWDMw,2,Planned maintenance,SE_3,SE_4,MAW,A03,2024-03-06 07:00:00+01:00,2024-03-08 12:00:00+01:00,PT1M,1,2400,se4_se3,True
2025-11-07 17:23:23+00:00,,DJBrb1BJieH3FPZ1EDQ9rA,2,Planned maintenance,SE_4,SE_3,MAW,A03,2024-03-06 07:00:00+01:00,2024-03-08 12:00:00+01:00,PT1M,1,5800,se3_se4,True
2025-11-07 17:27:40+00:00,,YNSSMFiXYmLLhLl4M8w56w,1,Planned maintenance,DK_1,SE_3,MAW,A03,2024-03-15 08:00:00+01:00,2024-03-15 16:00:00+01:00,PT1M,1,140,se3_dk1,True
2025-11-07 17:27:40+00:00,,6QuqbIp-DrP21KFylA3tVg,1,Planned maintenance,SE_3,DK_1,MAW,A03,2024-03-15 08:00:00+01:00,2024-03-15 16:00:00+01:00,PT1M,1,550,dk1_se3,True
2025-11-07 17:50:45+00:00,Cancelled,qAy4FTO22-KbbNcmcdk0_w,2,Planned maintenance,SE_3,NO_1,MAW,A03,2025-08-11 07:00:00+02:00,2025-08-22 16:00:00+02:00,PT1M,1,0,no1_se3,False
2025-11-07 17:50:45+00:00,Cancelled,uWDDy8UCNPaEQk1l9fQfqg,2,Planned maintenance,NO_1,SE_3,MAW,A03,2025-08-11 07:00:00+02:00,2025-08-22 16:00:00+02:00,PT1M,1,0,se3_no1,False
2025-11-07 17:58:58+00:00,,PHQutc0DhEozduTp6X08Qw,2,Unplanned outage,SE_3,NO_1,MAW,A03,2024-03-16 11:00:00+01:00,2024-03-16 17:00:00+01:00,PT1M,1,895,no1_se3,True
2025-11-07 17:58:58+00:00,,4PjhHoyX59fZFQKoz0WFYg,2,Unplanned outage,NO_1,SE_3,MAW,A03,2024-03-16 11:00:00+01:00,2024-03-16 17:00:00+01:00,PT1M,1,1195,se3_no1,True
2025-11-07 17:58:58+00:00,,LSHIXfusnk3HnoIvg9U2IQ,2,Unplanned outage,SE_3,NO_1,MAW,A03,2024-03-16 11:00:00+01:00,2024-03-16 17:00:00+01:00,PT1M,1,895,no1_se3,True
2025-11-07 17:58:58+00:00,,0XdcZdVltNsvDkDoSv9NAA,2,Unplanned outage,NO_1,SE_3,MAW,A03,2024-03-16 11:00:00+01:00,2024-03-16 17:00:00+01:00,PT1M,1,1195,se3_no1,True
2025-11-07 17:59:00+00:00,,Rb1nbXAmfZMsDFroz4y0gQ,2,Unplanned outage,DK_1,SE_3,MAW,A03,2024-03-16 09:00:00+01:00,2024-03-16 20:00:00+01:00,PT1M,1,100,se3_dk1,True
2025-11-07 18:10:52+00:00,Cancelled,3HEXO8aHhdW5fjoBKYQH3A,3,Planned maintenance,SE_4,SE_3,MAW,A03,2024-03-25 06:00:00+01:00,2024-03-29 17:00:00+01:00,PT1M,1,5000,se3_se4,False
2025-11-07 18:11:05+00:00,Cancelled,26pMjuUWjlW7ZEt8sW4YaQ,4,Planned maintenance,SE_3,FI,MAW,A03,2024-04-22 07:00:00+03:00,2024-04-24 18:00:00+03:00,PT1M,1,0,fi_se3,False
2025-11-07 18:11:05+00:00,Cancelled,wX0FziQz0w1sULuQLXMTIQ,4,Planned maintenance,SE_3,SE_2,MAW,A03,2024-04-22 06:00:00+02:00,2024-04-24 17:00:00+02:00,PT1M,1,5700,se2_se3,False
2025-11-07 18:14:57+00:00,,ZJF410tDP_ZfgNa-r3UvMQ,2,Planned maintenance,DK_1,SE_3,MAW,A03,2024-03-16 08:00:00+01:00,2024-03-16 22:00:00+01:00,PT1M,1,100,se3_dk1,True
2025-11-07 18:19:22+00:00,,N7OQKYg5Nksk3EOPkmrRBA,6,Planned maintenance,NO_1,SE_3,MAW,A03,2024-03-11 07:00:00+01:00,2024-03-21 08:00:00+01:00,PT1M,1,1895,se3_no1,True
2025-11-07 18:19:22+00:00,,IO0ZfpjtBfBNGJGJmZSwgw,3,Planned maintenance,SE_3,NO_1,MAW,A03,2024-03-15 00:00:00+01:00,2024-03-21 08:00:00+01:00,PT1M,1,1945,no1_se3,True
2025-11-07 18:23:42+00:00,,LpQNJ9-i-jyyUvC6m3I4fw,2,Planned maintenance,DK_1,SE_3,MAW,A03,2024-03-22 08:00:00+01:00,2024-03-22 13:00:00+01:00,PT1M,1,140,se3_dk1,True
2025-11-07 18:23:42+00:00,,rEsD0zJ7V9SNcEMWS5hz9A,2,Planned maintenance,SE_3,DK_1,MAW,A03,2024-03-22 08:00:00+01:00,2024-03-22 13:00:00+01:00,PT1M,1,550,dk1_se3,True
2025-11-07 18:27:26+00:00,,_lwRXZs0Bj6Et40jCNp31A,11,Planned maintenance,SE_3,FI,MAW,A03,2024-03-11 07:00:00+02:00,2024-03-24 19:00:00+02:00,PT1M,1,300,fi_se3,True
2025-11-07 18:27:26+00:00,,PtzpLOq8fKVuNFGaVXjUBg,11,Planned maintenance,SE_3,FI,MAW,A03,2024-03-11 07:00:00+02:00,2024-03-24 19:00:00+02:00,PT1M,1,300,fi_se3,True
2025-11-07 18:27:27+00:00,,HXRpl_nJF6IiF8bFmqdJzA,11,Planned maintenance,SE_3,FI,MAW,A03,2024-03-11 07:00:00+02:00,2024-03-24 19:00:00+02:00,PT1M,1,300,fi_se3,True
2025-11-07 18:27:27+00:00,,kxzGLkiytVbkb2fnRmlHeQ,11,Planned maintenance,SE_3,SE_2,MAW,A03,2024-03-11 06:00:00+01:00,2024-03-24 18:00:00+01:00,PT1M,1,6400,se2_se3,True
2025-11-07 18:27:27+00:00,,tgGGZ3PuBx9sQ04jAqjxog,11,Planned maintenance,SE_3,SE_2,MAW,A03,2024-03-11 06:00:00+01:00,2024-03-24 18:00:00+01:00,PT1M,1,6400,se2_se3,True
2025-11-07 18:27:27+00:00,,1v-csnfKGx57jgg8d8d1_g,11,Planned maintenance,SE_4,SE_3,MAW,A03,2024-03-11 06:00:00+01:00,2024-03-24 18:00:00+01:00,PT1M,1,4500,se3_se4,True
2025-11-07 18:27:27+00:00,,Ymwe-leK1-QDXNSrOnCUBQ,11,Planned maintenance,SE_4,SE_3,MAW,A03,2024-03-11 06:00:00+01:00,2024-03-24 18:00:00+01:00,PT1M,1,4500,se3_se4,True
2025-11-07 18:27:27+00:00,,bihlUTT44PeVm5BlzpFdCw,11,Planned maintenance,SE_4,SE_3,MAW,A03,2024-03-11 06:00:00+01:00,2024-03-24 18:00:00+01:00,PT1M,1,4500,se3_se4,True
2025-11-07 18:27:27+00:00,,7MTdziV_YtmY6-YV0z02Yg,11,Planned maintenance,SE_3,SE_2,MAW,A03,2024-03-11 06:00:00+01:00,2024-03-24 18:00:00+01:00,PT1M,1,6400,se2_se3,True
2025-11-07 18:34:54+00:00,,vVQjPw-Vp1saw_gYzGv-Dw,4,Planned maintenance,SE_4,SE_3,MAW,A03,2024-04-24 07:00:00+02:00,2024-04-25 20:00:00+02:00,PT1M,1,4700,se3_se4,True
2025-11-07 18:43:28+00:00,,3cGH2rL1x4HbfQUtoRC73w,3,Planned maintenance,DK_1,SE_3,MAW,A03,2024-03-27 09:00:00+01:00,2024-03-27 15:20:00+01:00,PT1M,1,345,se3_dk1,True
2025-11-07 18:43:29+00:00,,oOp-4fZesDpnnTzx9BM2pQ,2,Planned maintenance,SE_3,DK_1,MAW,A03,2024-03-27 09:00:00+01:00,2024-03-27 15:20:00+01:00,PT1M,1,345,dk1_se3,True
2025-11-07 18:48:07+00:00,,J1ynibTA_NVPcT2tCxzn4A,4,Planned maintenance,SE_3,FI,MAW,A03,2024-03-27 07:00:00+02:00,2024-03-28 18:20:00+02:00,PT1M,1,300,fi_se3,True
2025-11-07 18:48:07+00:00,,M0q1yzumMdUZyElBZVV-uw,4,Planned maintenance,SE_3,SE_2,MAW,A03,2024-03-27 06:00:00+01:00,2024-03-28 17:20:00+01:00,PT1M,1,5900,se2_se3,True
2025-11-07 18:48:07+00:00,,w0S24bnBn-jVIZsZa7Jkcw,4,Planned maintenance,SE_4,SE_3,MAW,A03,2024-03-27 06:00:00+01:00,2024-03-28 17:20:00+01:00,PT1M,1,4400,se3_se4,True
2025-11-07 19:18:21+00:00,,CLo6L2mAAUH83jI8AlOFew,6,Planned maintenance,SE_3,SE_2,MAW,A03,2024-04-02 06:00:00+02:00,2024-04-04 10:00:00+02:00,PT1M,1,6200,se2_se3,True
2025-11-07 19:18:21+00:00,,O5mY1Hus8jaHCFV2Cs_YuA,7,Planned maintenance,SE_4,SE_3,MAW,A03,2024-04-02 06:00:00+02:00,2024-04-04 10:00:00+02:00,PT1M,1,4400,se3_se4,True
2025-11-07 19:18:21+00:00,,81BN8Naiflia-dEcP_oYoA,4,Planned maintenance,SE_3,FI,MAW,A03,2024-04-02 07:00:00+03:00,2024-04-04 11:00:00+03:00,PT1M,1,300,fi_se3,True
2025-11-07 19:18:48+00:00,,IJAM_ZHwZGLGzzIbmoK3hw,9,Planned maintenance,SE_3,SE_2,MAW,A03,2024-04-02 06:00:00+02:00,2024-04-04 16:00:00+02:00,PT1M,1,6200,se2_se3,True
2025-11-07 19:18:48+00:00,,9AfpFDYNpWBrIRv_YUrtUg,5,Planned maintenance,DK_1,SE_3,MAW,A03,2024-04-02 06:00:00+02:00,2024-04-04 16:00:00+02:00,PT1M,1,500,se3_dk1,True
2025-11-07 19:18:48+00:00,,DE7NXkFH7hdJD-dIlDpWcw,5,Planned maintenance,SE_3,NO_1,MAW,A03,2024-04-02 06:00:00+02:00,2024-04-04 16:00:00+02:00,PT1M,1,1650,no1_se3,True
2025-11-07 19:19:04+00:00,Cancelled,FQw1K0vB8RLBirC4VHm7gg,3,Planned maintenance,SE_3,FI,MAW,A03,2024-04-08 07:00:00+03:00,2024-04-12 18:00:00+03:00,PT1M,1,0,fi_se3,False
2025-11-07 19:19:04+00:00,Cancelled,yr4_9f5ZPHK-_TTzzz7s9A,6,Planned maintenance,SE_3,SE_2,MAW,A03,2024-04-08 06:00:00+02:00,2024-04-12 17:00:00+02:00,PT1M,1,5900,se2_se3,False
2025-11-07 19:23:01+00:00,Cancelled,6R9OEnLVRdhXspVsHJz0kw,2,Planned maintenance,NO_1,SE_3,MAW,A03,2024-04-10 07:00:00+02:00,2024-04-15 17:00:00+02:00,PT1M,1,0,se3_no1,False
2025-11-07 19:24:46+00:00,,UF1kPlKqR2ArBHsWTDN0aQ,1,Planned maintenance,SE_3,SE_4,MAW,A03,2024-04-08 07:00:00+02:00,2024-04-08 17:00:00+02:00,PT1M,1,2400,se4_se3,True
2025-11-07 19:24:46+00:00,,hA6TR7AHu5mnnm0HBxMFdQ,1,Planned maintenance,SE_4,SE_3,MAW,A03,2024-04-08 07:00:00+02:00,2024-04-08 17:00:00+02:00,PT1M,1,5800,se3_se4,True
2025-11-07 19:24:47+00:00,,HxBwJqIpjC4X9hvlgw8u2w,2,Planned maintenance,DK_1,SE_3,MAW,A03,2024-04-06 08:00:00+02:00,2024-04-08 18:00:00+02:00,PT1M,1,125,se3_dk1,True
2025-11-07 19:36:34+00:00,,FxnrW97xyA8gziOqQPlcKQ,7,Planned maintenance,SE_4,SE_3,MAW,A03,2024-04-01 06:00:00+02:00,2024-04-06 11:59:00+02:00,PT1M,1,4500,se3_se4,True
2025-11-07 19:36:34+00:00,,PMn3pOSAdnDVBL-KulKqWw,7,Planned maintenance,SE_3,FI,MAW,A03,2024-04-01 07:00:00+03:00,2024-04-07 20:00:00+03:00,PT1M,1,400,fi_se3,True
2025-11-07 19:36:34+00:00,,WhNJO_rxPZn3N1ZLyfyJ0A,7,Planned maintenance,SE_3,SE_2,MAW,A03,2024-04-01 06:00:00+02:00,2024-04-07 19:00:00+02:00,PT1M,1,6000,se2_se3,True
2025-11-07 19:36:34+00:00,,FxnrW97xyA8gziOqQPlcKQ,7,Planned maintenance,SE_4,SE_3,MAW,A03,2024-04-06 11:59:00+02:00,2024-04-07 19:00:00+02:00,PT1M,7560,4400,se3_se4,True
2025-11-07 19:44:18+00:00,Cancelled,ojEXMlaaI5VaQh3Y4tfOlQ,5,Planned maintenance,SE_4,SE_3,MAW,A03,2024-04-15 07:00:00+02:00,2024-04-18 20:00:00+02:00,PT1M,1,4700,se3_se4,False
2025-11-07 19:44:18+00:00,Cancelled,Fmbi9oN163ioBhnYTgOgiw,5,Planned maintenance,SE_4,SE_3,MAW,A03,2024-04-15 07:00:00+02:00,2024-04-18 20:00:00+02:00,PT1M,1,4700,se3_se4,False
2025-11-07 19:44:22+00:00,Cancelled,SUuW3k_sKx8bJ0F4or0p4A,3,Planned maintenance,SE_3,FI,MAW,A03,2024-04-25 07:00:00+03:00,2024-04-27 18:00:00+03:00,PT1M,1,0,fi_se3,False
2025-11-07 19:44:22+00:00,Cancelled,Pts0XGsI-1VhJXhMY673hg,3,Planned maintenance,SE_3,SE_2,MAW,A03,2024-04-25 06:00:00+02:00,2024-04-27 17:00:00+02:00,PT1M,1,6200,se2_se3,False
2025-11-07 19:48:12+00:00,,8Y2Dm8zD2rmTUSRSdGvvgw,2,Planned maintenance,NO_1,SE_3,MAW,A03,2024-04-08 09:00:00+02:00,2024-04-19 15:00:00+02:00,PT1M,1,1000,se3_no1,True
2025-11-07 19:48:12+00:00,,SxfMKtVjvImY2dpZA5vtDg,2,Planned maintenance,NO_1,SE_3,MAW,A03,2024-04-08 09:00:00+02:00,2024-04-19 15:00:00+02:00,PT1M,1,1000,se3_no1,True
2025-11-07 19:48:16+00:00,,UCIn4nkmxROMp8OJsn-YIQ,11,Planned maintenance,SE_3,SE_2,MAW,A03,2024-04-08 06:00:00+02:00,2024-04-10 23:59:00+02:00,PT1M,1,5600,se2_se3,True
2025-11-07 19:48:16+00:00,,jkDLhaEQxDZ16qgd4BM2FQ,11,Planned maintenance,SE_3,SE_2,MAW,A03,2024-04-08 06:00:00+02:00,2024-04-10 23:59:00+02:00,PT1M,1,5600,se2_se3,True
2025-11-07 19:48:16+00:00,,JGJ0eRwqfCgVvsogMzxzmg,11,Planned maintenance,SE_3,FI,MAW,A03,2024-04-08 07:00:00+03:00,2024-04-12 19:00:00+03:00,PT1M,1,100,fi_se3,True
2025-11-07 19:48:16+00:00,,UCIn4nkmxROMp8OJsn-YIQ,11,Planned maintenance,SE_3,SE_2,MAW,A03,2024-04-10 23:59:00+02:00,2024-04-12 18:00:00+02:00,PT1M,3960,5900,se2_se3,True
2025-11-07 19:48:16+00:00,,SzDTo_CJ6hE4dA0fiNEU7g,11,Planned maintenance,SE_3,FI,MAW,A03,2024-04-08 07:00:00+03:00,2024-04-12 19:00:00+03:00,PT1M,1,100,fi_se3,True
2025-11-07 19:48:16+00:00,,jkDLhaEQxDZ16qgd4BM2FQ,11,Planned maintenance,SE_3,SE_2,MAW,A03,2024-04-10 23:59:00+02:00,2024-04-12 18:00:00+02:00,PT1M,3960,5900,se2_se3,True
2025-11-07 19:53:08+00:00,,FCjtJPRxInXeHZrmSwUkaA,9,Planned maintenance,SE_4,SE_3,MAW,A03,2024-04-11 07:00:00+02:00,2024-04-11 15:08:00+02:00,PT1M,1,4700,se3_se4,True
2025-11-07 19:53:19+00:00,Cancelled,7jCTDbqYP8Sha9RGVkwEhw,3,Planned maintenance,SE_3,SE_2,MAW,A03,2024-04-15 06:00:00+02:00,2024-04-26 17:00:00+02:00,PT1M,1,0,se2_se3,False
2025-11-07 19:57:12+00:00,Cancelled,IjIhZWCaKaa2LAl7se48cA,4,Planned maintenance,SE_4,SE_3,MAW,A03,2024-04-15 06:00:00+02:00,2024-04-19 19:00:00+02:00,PT1M,1,0,se3_se4,False
2025-11-07 20:12:58+00:00,,XkN8u0RMoMIIBroBql7ljw,5,Planned maintenance,SE_4,SE_3,MAW,A03,2024-06-08 08:00:00+02:00,2024-06-12 16:00:00+02:00,PT1M,1,4900,se3_se4,True
2025-11-07 20:23:21+00:00,Cancelled,BvFP0jbXVQrD8QRm5JS5eg,2,Planned maintenance,SE_3,DK_1,MAW,A03,2024-04-13 06:00:00+02:00,2024-04-21 19:00:00+02:00,PT1M,1,0,dk1_se3,False
2025-11-07 20:23:21+00:00,Cancelled,tSFgLmfLGM9AS0BM_5yEYA,2,Planned maintenance,SE_3,DK_1,MAW,A03,2024-04-13 06:00:00+02:00,2024-04-21 19:00:00+02:00,PT1M,1,0,dk1_se3,False
2025-11-07 20:23:21+00:00,Cancelled,8uRLqMUVXkqjy3cwGgUgWQ,2,Planned maintenance,SE_3,DK_1,MAW,A03,2024-04-13 06:00:00+02:00,2024-04-21 19:00:00+02:00,PT1M,1,0,dk1_se3,False
2025-11-07 20:29:27+00:00,,9ZVuY2VZybmIGmrQXWkbvA,1,Planned maintenance,SE_3,DK_1,MAW,A03,2024-05-30 07:00:00+02:00,2024-05-31 16:00:00+02:00,PT1M,1,300,dk1_se3,True
2025-11-07 20:29:27+00:00,,RMr2d_jdNL3mI24yZpGyHg,1,Planned maintenance,DK_1,SE_3,MAW,A03,2024-05-30 07:00:00+02:00,2024-05-31 16:00:00+02:00,PT1M,1,500,se3_dk1,True
2025-11-07 20:30:09+00:00,,65IK3j8Kv2rUC5cwDfiRXA,3,Planned maintenance,NO_1,SE_3,MAW,A03,2024-04-26 07:59:00+02:00,2024-04-26 11:59:00+02:00,PT1M,15960,895,se3_no1,True
2025-11-07 20:30:09+00:00,,65IK3j8Kv2rUC5cwDfiRXA,3,Planned maintenance,NO_1,SE_3,MAW,A03,2024-04-15 06:00:00+02:00,2024-04-26 07:59:00+02:00,PT1M,1,1195,se3_no1,True
2025-11-07 20:30:09+00:00,,eojM-q2THhzG8zkeZmCD4w,3,Planned maintenance,SE_3,NO_1,MAW,A03,2024-04-26 07:59:00+02:00,2024-04-26 11:59:00+02:00,PT1M,15960,695,no1_se3,True
2025-11-07 20:30:09+00:00,,eojM-q2THhzG8zkeZmCD4w,3,Planned maintenance,SE_3,NO_1,MAW,A03,2024-04-15 06:00:00+02:00,2024-04-26 07:59:00+02:00,PT1M,1,895,no1_se3,True
2025-11-07 20:30:09+00:00,,eojM-q2THhzG8zkeZmCD4w,3,Planned maintenance,SE_3,NO_1,MAW,A03,2024-04-26 11:59:00+02:00,2024-04-26 16:00:00+02:00,PT1M,16200,895,no1_se3,True
2025-11-07 20:30:09+00:00,,65IK3j8Kv2rUC5cwDfiRXA,3,Planned maintenance,NO_1,SE_3,MAW,A03,2024-04-26 11:59:00+02:00,2024-04-26 16:00:00+02:00,PT1M,16200,1195,se3_no1,True
2025-11-07 20:30:10+00:00,,CFI-kN2lN7TbiH9FZUa3aA,6,Planned maintenance,SE_3,FI,MAW,A03,2024-04-15 07:00:00+03:00,2024-04-19 19:00:00+03:00,PT1M,1,700,fi_se3,True
2025-11-07 20:30:10+00:00,,YUgZz-j51rAPmqog2WUU8g,6,Planned maintenance,SE_3,SE_2,MAW,A03,2024-04-15 06:00:00+02:00,2024-04-19 18:00:00+02:00,PT1M,1,5400,se2_se3,True
2025-11-07 20:33:56+00:00,,94zRB-BZ6BGrl4_oIWSEPg,2,Planned maintenance,DK_1,SE_3,MAW,A03,2024-04-20 07:00:00+02:00,2024-04-20 19:00:00+02:00,PT1M,1,0,se3_dk1,True
2025-11-07 20:33:56+00:00,,GLVKLW7CjW_9LX6vRbf62Q,2,Planned maintenance,DK_1,SE_3,MAW,A03,2024-04-20 07:00:00+02:00,2024-04-20 19:00:00+02:00,PT1M,1,0,se3_dk1,True
2025-11-07 20:33:57+00:00,,wyDnuHfye1eihTtQk8_ovg,2,Planned maintenance,SE_3,DK_1,MAW,A03,2024-04-20 07:00:00+02:00,2024-04-20 19:00:00+02:00,PT1M,1,0,dk1_se3,True
2025-11-07 20:33:57+00:00,,HvDUT4_ROFZLhy_HwBiI8A,2,Planned maintenance,SE_3,DK_1,MAW,A03,2024-04-20 07:00:00+02:00,2024-04-20 19:00:00+02:00,PT1M,1,0,dk1_se3,True
2025-11-07 20:37:46+00:00,,k43HQp5yAGcsjfpFOUleGw,11,Planned maintenance,SE_3,NO_1,MAW,A03,2024-04-19 18:59:00+02:00,2024-04-20 06:59:00+02:00,PT1M,9420,350,no1_se3,True
2025-11-07 20:37:46+00:00,,5dyPCnA1FMY4tikN2Z78Ag,11,Planned maintenance,SE_3,NO_1,MAW,A03,2024-04-13 06:00:00+02:00,2024-04-15 05:59:00+02:00,PT1M,1,150,no1_se3,True
2025-11-07 20:37:46+00:00,,5dyPCnA1FMY4tikN2Z78Ag,11,Planned maintenance,SE_3,NO_1,MAW,A03,2024-04-19 18:59:00+02:00,2024-04-20 06:59:00+02:00,PT1M,9420,350,no1_se3,True
2025-11-07 20:37:46+00:00,,xnDKsPghuCp5-C1OCt1HCw,12,Planned maintenance,SE_3,NO_1,MAW,A03,2024-04-19 18:59:00+02:00,2024-04-20 06:59:00+02:00,PT1M,9420,350,no1_se3,True
2025-11-07 20:37:46+00:00,,xnDKsPghuCp5-C1OCt1HCw,12,Planned maintenance,SE_3,NO_1,MAW,A03,2024-04-15 05:59:00+02:00,2024-04-19 18:59:00+02:00,PT1M,2880,550,no1_se3,True
2025-11-07 20:37:46+00:00,,xnDKsPghuCp5-C1OCt1HCw,12,Planned maintenance,SE_3,NO_1,MAW,A03,2024-04-13 06:00:00+02:00,2024-04-15 05:59:00+02:00,PT1M,1,150,no1_se3,True
2025-11-07 20:37:46+00:00,,k43HQp5yAGcsjfpFOUleGw,11,Planned maintenance,SE_3,NO_1,MAW,A03,2024-04-20 06:59:00+02:00,2024-04-21 17:45:00+02:00,PT1M,10140,550,no1_se3,True
2025-11-07 20:37:46+00:00,,5dyPCnA1FMY4tikN2Z78Ag,11,Planned maintenance,SE_3,NO_1,MAW,A03,2024-04-15 05:59:00+02:00,2024-04-19 18:59:00+02:00,PT1M,2880,550,no1_se3,True
2025-11-07 20:37:46+00:00,,xnDKsPghuCp5-C1OCt1HCw,12,Planned maintenance,SE_3,NO_1,MAW,A03,2024-04-20 06:59:00+02:00,2024-04-21 17:45:00+02:00,PT1M,10140,550,no1_se3,True
2025-11-07 20:37:46+00:00,,k43HQp5yAGcsjfpFOUleGw,11,Planned maintenance,SE_3,NO_1,MAW,A03,2024-04-13 06:00:00+02:00,2024-04-15 05:59:00+02:00,PT1M,1,150,no1_se3,True
2025-11-07 20:37:46+00:00,,k43HQp5yAGcsjfpFOUleGw,11,Planned maintenance,SE_3,NO_1,MAW,A03,2024-04-15 05:59:00+02:00,2024-04-19 18:59:00+02:00,PT1M,2880,550,no1_se3,True
2025-11-07 20:37:46+00:00,,5dyPCnA1FMY4tikN2Z78Ag,11,Planned maintenance,SE_3,NO_1,MAW,A03,2024-04-20 06:59:00+02:00,2024-04-21 17:45:00+02:00,PT1M,10140,550,no1_se3,True
2025-11-07 20:37:46+00:00,,7JipNlsfmHTnIcluudSyZw,7,Planned maintenance,SE_3,SE_4,MAW,A03,2024-04-13 06:00:00+02:00,2024-04-21 17:45:00+02:00,PT1M,1,1000,se4_se3,True
2025-11-07 20:37:46+00:00,,XVdDRKfxHbJwtxEGB44MrA,7,Planned maintenance,SE_3,SE_4,MAW,A03,2024-04-13 06:00:00+02:00,2024-04-21 17:45:00+02:00,PT1M,1,1000,se4_se3,True
2025-11-07 20:37:46+00:00,,5b6cJz2lQuGf_FVeGBBWWw,7,Planned maintenance,SE_3,SE_4,MAW,A03,2024-04-13 06:00:00+02:00,2024-04-21 17:45:00+02:00,PT1M,1,1000,se4_se3,True
2025-11-07 20:37:47+00:00,,V2NtvW0Rdsu-4ZSCjnE5SA,11,Planned maintenance,SE_3,SE_2,MAW,A03,2024-04-13 06:00:00+02:00,2024-04-20 23:59:00+02:00,PT1M,1,5400,se2_se3,True
2025-11-07 20:37:47+00:00,,Ftuxe4fjtVPWD1Z9GKFTZw,12,Planned maintenance,DK_1,SE_3,MAW,A03,2024-04-13 06:00:00+02:00,2024-04-21 17:45:00+02:00,PT1M,1,200,se3_dk1,True
2025-11-07 20:37:47+00:00,,96nlKVp_uc7aXqPkt12qTw,11,Planned maintenance,DK_1,SE_3,MAW,A03,2024-04-13 06:00:00+02:00,2024-04-21 17:45:00+02:00,PT1M,1,200,se3_dk1,True
2025-11-07 20:37:47+00:00,,bjzjw85ZPrWzgNI-jLyF_A,11,Planned maintenance,DK_1,SE_3,MAW,A03,2024-04-13 06:00:00+02:00,2024-04-21 17:45:00+02:00,PT1M,1,200,se3_dk1,True
2025-11-07 20:37:47+00:00,,loeF-viccSB5AgQ5Wy2ZZw,12,Planned maintenance,SE_3,SE_2,MAW,A03,2024-04-13 06:00:00+02:00,2024-04-20 23:59:00+02:00,PT1M,1,5400,se2_se3,True
2025-11-07 20:37:47+00:00,,XRe8r9Ro6T0p4jcW__DQ-Q,11,Planned maintenance,SE_3,SE_2,MAW,A03,2024-04-20 23:59:00+02:00,2024-04-21 17:45:00+02:00,PT1M,11160,6200,se2_se3,True
2025-11-07 20:37:47+00:00,,SU3PBDN_OSJnrckdEC66sw,11,Planned maintenance,SE_4,SE_3,MAW,A03,2024-04-13 06:00:00+02:00,2024-04-21 17:45:00+02:00,PT1M,1,3900,se3_se4,True
2025-11-07 20:37:47+00:00,,xaUwCuKF7kj1hiiNnYPaWQ,11,Planned maintenance,SE_4,SE_3,MAW,A03,2024-04-13 06:00:00+02:00,2024-04-21 17:45:00+02:00,PT1M,1,3900,se3_se4,True
2025-11-07 20:37:47+00:00,,_zSORgqHrHQozulGHL6Pkg,12,Planned maintenance,SE_4,SE_3,MAW,A03,2024-04-13 06:00:00+02:00,2024-04-21 17:45:00+02:00,PT1M,1,3900,se3_se4,True
2025-11-07 20:37:47+00:00,,loeF-viccSB5AgQ5Wy2ZZw,12,Planned maintenance,SE_3,SE_2,MAW,A03,2024-04-20 23:59:00+02:00,2024-04-21 17:45:00+02:00,PT1M,11160,6200,se2_se3,True
2025-11-07 20:37:47+00:00,,V2NtvW0Rdsu-4ZSCjnE5SA,11,Planned maintenance,SE_3,SE_2,MAW,A03,2024-04-20 23:59:00+02:00,2024-04-21 17:45:00+02:00,PT1M,11160,6200,se2_se3,True
2025-11-07 20:37:47+00:00,,XRe8r9Ro6T0p4jcW__DQ-Q,11,Planned maintenance,SE_3,SE_2,MAW,A03,2024-04-13 06:00:00+02:00,2024-04-20 23:59:00+02:00,PT1M,1,5400,se2_se3,True
2025-11-07 20:50:57+00:00,,6IVHuUsvt2SSaprJVbQtCg,4,Planned maintenance,DK_1,SE_3,MAW,A03,2024-04-23 06:00:00+02:00,2024-04-24 18:00:00+02:00,PT1M,1,600,se3_dk1,True
2025-11-07 20:50:57+00:00,,EuxEc_yN71sIS8wEpmxpWQ,4,Planned maintenance,SE_3,NO_1,MAW,A03,2024-04-23 06:00:00+02:00,2024-04-24 18:00:00+02:00,PT1M,1,950,no1_se3,True
2025-11-07 20:50:58+00:00,,c3H1cQqmkdKKQ-oh2vQ9Ew,4,Planned maintenance,SE_3,SE_2,MAW,A03,2024-04-23 06:00:00+02:00,2024-04-24 18:00:00+02:00,PT1M,1,6000,se2_se3,True
2025-11-07 20:50:59+00:00,,48T0sLUNs7HeiOQSeOjFkA,18,Planned maintenance,SE_3,FI,MAW,A03,2024-04-21 19:59:00+03:00,2024-05-05 00:00:00+03:00,PT1M,21600,400,fi_se3,True
2025-11-07 20:50:59+00:00,,htmAqsmOpPCCak763DjfPw,18,Planned maintenance,SE_4,SE_3,MAW,A03,2024-04-22 23:59:00+02:00,2024-04-25 23:59:00+02:00,PT1M,23340,4700,se3_se4,True
2025-11-07 20:50:59+00:00,,48T0sLUNs7HeiOQSeOjFkA,18,Planned maintenance,SE_3,FI,MAW,A03,2024-04-06 20:00:00+03:00,2024-04-13 06:59:00+03:00,PT1M,1,200,fi_se3,True
2025-11-07 20:50:59+00:00,,htmAqsmOpPCCak763DjfPw,18,Planned maintenance,SE_4,SE_3,MAW,A03,2024-04-25 23:59:00+02:00,2024-04-28 23:59:00+02:00,PT1M,27660,5100,se3_se4,True
2025-11-07 20:50:59+00:00,,htmAqsmOpPCCak763DjfPw,18,Planned maintenance,SE_4,SE_3,MAW,A03,2024-04-28 23:59:00+02:00,2024-05-04 23:00:00+02:00,PT1M,31980,4700,se3_se4,True
2025-11-07 20:50:59+00:00,,htmAqsmOpPCCak763DjfPw,18,Planned maintenance,SE_4,SE_3,MAW,A03,2024-04-21 11:59:00+02:00,2024-04-22 23:59:00+02:00,PT1M,21180,4500,se3_se4,True
2025-11-07 20:50:59+00:00,,htmAqsmOpPCCak763DjfPw,18,Planned maintenance,SE_4,SE_3,MAW,A03,2024-04-06 19:00:00+02:00,2024-04-21 11:59:00+02:00,PT1M,1,4600,se3_se4,True
2025-11-07 20:50:59+00:00,,m7u0xdwvWxgFqDcG9i5yxQ,18,Planned maintenance,SE_3,SE_2,MAW,A03,2024-04-06 19:00:00+02:00,2024-04-21 11:59:00+02:00,PT1M,1,6700,se2_se3,True
2025-11-07 20:50:59+00:00,,m7u0xdwvWxgFqDcG9i5yxQ,18,Planned maintenance,SE_3,SE_2,MAW,A03,2024-04-21 11:59:00+02:00,2024-05-04 23:00:00+02:00,PT1M,21180,6600,se2_se3,True
2025-11-07 20:50:59+00:00,,48T0sLUNs7HeiOQSeOjFkA,18,Planned maintenance,SE_3,FI,MAW,A03,2024-04-13 06:59:00+03:00,2024-04-21 19:59:00+03:00,PT1M,9300,500,fi_se3,True
2025-11-07 20:58:50+00:00,,cDZxlu-wx6m1uJ7zBpo-LQ,7,Planned maintenance,SE_4,SE_3,MAW,A03,2024-05-05 20:00:00+02:00,2024-05-11 06:59:00+02:00,PT1M,1,5800,se3_se4,True
2025-11-07 20:58:50+00:00,,cDZxlu-wx6m1uJ7zBpo-LQ,7,Planned maintenance,SE_4,SE_3,MAW,A03,2024-05-11 06:59:00+02:00,2024-05-11 18:59:00+02:00,PT1M,7860,5400,se3_se4,True
2025-11-07 20:58:50+00:00,,cUfXq_p5uOHUQfDpKucsJQ,7,Planned maintenance,SE_3,SE_4,MAW,A03,2024-05-11 18:59:00+02:00,2024-05-18 19:00:00+02:00,PT1M,8580,2400,se4_se3,True
2025-11-07 20:58:50+00:00,,cUfXq_p5uOHUQfDpKucsJQ,7,Planned maintenance,SE_3,SE_4,MAW,A03,2024-05-11 06:59:00+02:00,2024-05-11 18:59:00+02:00,PT1M,7860,2000,se4_se3,True
2025-11-07 20:58:50+00:00,,cDZxlu-wx6m1uJ7zBpo-LQ,7,Planned maintenance,SE_4,SE_3,MAW,A03,2024-05-11 18:59:00+02:00,2024-05-18 19:00:00+02:00,PT1M,8580,5800,se3_se4,True
2025-11-07 20:58:50+00:00,,cUfXq_p5uOHUQfDpKucsJQ,7,Planned maintenance,SE_3,SE_4,MAW,A03,2024-05-05 20:00:00+02:00,2024-05-11 06:59:00+02:00,PT1M,1,2400,se4_se3,True
2025-11-07 21:08:34+00:00,,NfApQTyDQmoi3ovbmFIFBg,1,Planned maintenance,FI,SE_3,MAW,A03,2024-04-30 07:00:00+02:00,2024-04-30 15:00:00+02:00,PT1M,1,800,se3_fi,True
2025-11-07 21:12:49+00:00,Cancelled,GGF_nxCiXnY6lCBV8n2Hbg,2,Planned maintenance,SE_3,NO_1,MAW,A03,2024-08-14 06:00:00+02:00,2024-08-14 17:00:00+02:00,PT1M,1,850,no1_se3,False
2025-11-07 21:12:49+00:00,Cancelled,2NIqRVCxAEG6L6xQzeeRrA,2,Planned maintenance,NO_1,SE_3,MAW,A03,2024-08-14 06:00:00+02:00,2024-08-14 17:00:00+02:00,PT1M,1,850,se3_no1,False
2025-11-07 21:25:03+00:00,,0ATnyNHTzyf29c9guWXEYg,6,Planned maintenance,SE_3,FI,MAW,A03,2024-04-02 07:00:00+03:00,2024-05-03 13:03:00+03:00,PT1M,1,800,fi_se3,True
2025-11-07 21:25:03+00:00,,-qVNUQXxkge9UII5bFlWJA,7,Planned maintenance,SE_3,SE_2,MAW,A03,2024-04-21 12:00:00+02:00,2024-05-03 12:03:00+02:00,PT1M,1,6700,se2_se3,True
2025-11-07 21:32:13+00:00,,9SO3tlSEi-VuYark_vOm7Q,3,Unplanned outage,FI,SE_3,MAW,A03,2024-05-05 03:21:00+02:00,2024-05-05 05:10:00+02:00,PT1M,1,800,se3_fi,True
2025-11-07 21:32:13+00:00,,C--6p4TJYEwSYy0aZmQNrg,3,Unplanned outage,SE_3,FI,MAW,A03,2024-05-05 04:21:00+03:00,2024-05-05 06:10:00+03:00,PT1M,1,800,fi_se3,True
2025-11-07 21:32:17+00:00,Cancelled,CdyeC-dx-zdm6TrCnwJsxA,3,Planned maintenance,SE_3,FI,MAW,A03,2024-05-08 07:00:00+03:00,2024-05-08 18:00:00+03:00,PT1M,1,100,fi_se3,False
2025-11-07 21:32:17+00:00,Cancelled,oNTO_UJ5GUqlzdlvRlENDg,6,Planned maintenance,SE_3,SE_2,MAW,A03,2024-05-08 06:00:00+02:00,2024-05-08 17:00:00+02:00,PT1M,1,5500,se2_se3,False
2025-11-07 21:32:18+00:00,Cancelled,zyXrmz7glGyguvkviJQqKw,4,Planned maintenance,SE_4,SE_3,MAW,A03,2024-05-08 06:00:00+02:00,2024-05-08 17:00:00+02:00,PT1M,1,3900,se3_se4,False
2025-11-07 21:32:20+00:00,,Ei6rgLGgbFkhOWaapFLvdQ,7,Planned maintenance,SE_3,DK_1,MAW,A03,2024-05-02 18:59:00+02:00,2024-05-02 23:59:00+02:00,PT1M,2160,715,dk1_se3,True
2025-11-07 21:32:20+00:00,,Ei6rgLGgbFkhOWaapFLvdQ,7,Planned maintenance,SE_3,DK_1,MAW,A03,2024-05-02 06:59:00+02:00,2024-05-02 18:59:00+02:00,PT1M,1440,300,dk1_se3,True
2025-11-07 21:32:20+00:00,,Ei6rgLGgbFkhOWaapFLvdQ,7,Planned maintenance,SE_3,DK_1,MAW,A03,2024-05-01 07:00:00+02:00,2024-05-01 18:59:00+02:00,PT1M,1,300,dk1_se3,True
2025-11-07 21:32:20+00:00,,2TsQHkz0xo1d3PtoJW3HTg,16,Planned maintenance,SE_3,NO_1,MAW,A03,2024-04-27 06:00:00+02:00,2024-05-05 16:10:00+02:00,PT1M,1,200,no1_se3,True
2025-11-07 21:32:20+00:00,,Ei6rgLGgbFkhOWaapFLvdQ,7,Planned maintenance,SE_3,DK_1,MAW,A03,2024-05-01 18:59:00+02:00,2024-05-02 06:59:00+02:00,PT1M,720,715,dk1_se3,True
2025-11-07 21:32:20+00:00,,1RhEG4R3A403qZCmd--ozw,16,Planned maintenance,SE_3,NO_1,MAW,A03,2024-04-27 06:00:00+02:00,2024-05-05 16:10:00+02:00,PT1M,1,200,no1_se3,True
2025-11-07 21:32:20+00:00,,Ei6rgLGgbFkhOWaapFLvdQ,7,Planned maintenance,SE_3,DK_1,MAW,A03,2024-05-02 23:59:00+02:00,2024-05-05 16:10:00+02:00,PT1M,2460,300,dk1_se3,True
2025-11-07 21:32:21+00:00,,XHJ4w7elXFKi-bsFhT40hQ,16,Planned maintenance,SE_3,SE_2,MAW,A03,2024-04-27 06:00:00+02:00,2024-05-05 16:10:00+02:00,PT1M,1,5300,se2_se3,True
2025-11-07 21:32:21+00:00,,kTjagb09p_Pi19NlFyfOmw,16,Planned maintenance,SE_3,SE_2,MAW,A03,2024-04-27 06:00:00+02:00,2024-05-05 16:10:00+02:00,PT1M,1,5300,se2_se3,True
2025-11-07 21:32:21+00:00,,Qhi7QtOrmoPQpfwreKs3Fw,11,Planned maintenance,SE_3,SE_4,MAW,A03,2024-04-27 06:00:00+02:00,2024-05-01 09:59:00+02:00,PT1M,1,1000,se4_se3,True
2025-11-07 21:32:21+00:00,,9Ua9-tZJDKBGygiqxOqvRw,16,Planned maintenance,DK_1,SE_3,MAW,A03,2024-04-27 06:00:00+02:00,2024-05-05 16:10:00+02:00,PT1M,1,200,se3_dk1,True
2025-11-07 21:32:21+00:00,,iXMc_yY-5Lf-Q7oq-Cun5A,16,Planned maintenance,DK_1,SE_3,MAW,A03,2024-04-27 06:00:00+02:00,2024-05-05 16:10:00+02:00,PT1M,1,200,se3_dk1,True
2025-11-07 21:32:21+00:00,,Qhi7QtOrmoPQpfwreKs3Fw,11,Planned maintenance,SE_3,SE_4,MAW,A03,2024-05-03 23:59:00+02:00,2024-05-05 16:10:00+02:00,PT1M,9720,400,se4_se3,True
2025-11-07 21:32:21+00:00,,Qhi7QtOrmoPQpfwreKs3Fw,11,Planned maintenance,SE_3,SE_4,MAW,A03,2024-05-02 23:59:00+02:00,2024-05-03 23:59:00+02:00,PT1M,8280,500,se4_se3,True
2025-11-07 21:32:21+00:00,,sw5uskwh3jy3hiL1VAg-qA,11,Planned maintenance,SE_3,SE_4,MAW,A03,2024-05-01 09:59:00+02:00,2024-05-01 17:59:00+02:00,PT1M,6000,700,se4_se3,True
2025-11-07 21:32:21+00:00,,3tRjEnEjQ-eZtXJKwN-kyw,16,Planned maintenance,SE_4,SE_3,MAW,A03,2024-04-27 06:00:00+02:00,2024-05-05 16:10:00+02:00,PT1M,1,3500,se3_se4,True
2025-11-07 21:32:21+00:00,,sw5uskwh3jy3hiL1VAg-qA,11,Planned maintenance,SE_3,SE_4,MAW,A03,2024-05-01 17:59:00+02:00,2024-05-02 09:59:00+02:00,PT1M,6480,1000,se4_se3,True
2025-11-07 21:32:21+00:00,,sw5uskwh3jy3hiL1VAg-qA,11,Planned maintenance,SE_3,SE_4,MAW,A03,2024-05-02 09:59:00+02:00,2024-05-02 17:59:00+02:00,PT1M,7440,700,se4_se3,True
2025-11-07 21:32:21+00:00,,Qhi7QtOrmoPQpfwreKs3Fw,11,Planned maintenance,SE_3,SE_4,MAW,A03,2024-05-01 09:59:00+02:00,2024-05-01 17:59:00+02:00,PT1M,6000,700,se4_se3,True
2025-11-07 21:32:21+00:00,,sw5uskwh3jy3hiL1VAg-qA,11,Planned maintenance,SE_3,SE_4,MAW,A03,2024-05-02 17:59:00+02:00,2024-05-02 23:59:00+02:00,PT1M,7920,1000,se4_se3,True
2025-11-07 21:32:21+00:00,,sw5uskwh3jy3hiL1VAg-qA,11,Planned maintenance,SE_3,SE_4,MAW,A03,2024-05-03 23:59:00+02:00,2024-05-05 16:10:00+02:00,PT1M,9720,400,se4_se3,True
2025-11-07 21:32:21+00:00,,sw5uskwh3jy3hiL1VAg-qA,11,Planned maintenance,SE_3,SE_4,MAW,A03,2024-05-02 23:59:00+02:00,2024-05-03 23:59:00+02:00,PT1M,8280,500,se4_se3,True
2025-11-07 21:32:21+00:00,,Qhi7QtOrmoPQpfwreKs3Fw,11,Planned maintenance,SE_3,SE_4,MAW,A03,2024-05-01 17:59:00+02:00,2024-05-02 09:59:00+02:00,PT1M,6480,1000,se4_se3,True
2025-11-07 21:32:21+00:00,,sw5uskwh3jy3hiL1VAg-qA,11,Planned maintenance,SE_3,SE_4,MAW,A03,2024-04-27 06:00:00+02:00,2024-05-01 09:59:00+02:00,PT1M,1,1000,se4_se3,True
2025-11-07 21:32:21+00:00,,r1dokW0xXbn-GA_qDVAIiQ,7,Planned maintenance,SE_3,DK_1,MAW,A03,2024-05-02 18:59:00+02:00,2024-05-02 23:59:00+02:00,PT1M,2160,715,dk1_se3,True
2025-11-07 21:32:21+00:00,,r1dokW0xXbn-GA_qDVAIiQ,7,Planned maintenance,SE_3,DK_1,MAW,A03,2024-05-01 18:59:00+02:00,2024-05-02 06:59:00+02:00,PT1M,720,715,dk1_se3,True
2025-11-07 21:32:21+00:00,,r1dokW0xXbn-GA_qDVAIiQ,7,Planned maintenance,SE_3,DK_1,MAW,A03,2024-05-01 07:00:00+02:00,2024-05-01 18:59:00+02:00,PT1M,1,300,dk1_se3,True
2025-11-07 21:32:21+00:00,,r1dokW0xXbn-GA_qDVAIiQ,7,Planned maintenance,SE_3,DK_1,MAW,A03,2024-05-02 23:59:00+02:00,2024-05-05 16:10:00+02:00,PT1M,2460,300,dk1_se3,True
2025-11-07 21:32:21+00:00,,Qhi7QtOrmoPQpfwreKs3Fw,11,Planned maintenance,SE_3,SE_4,MAW,A03,2024-05-02 09:59:00+02:00,2024-05-02 17:59:00+02:00,PT1M,7440,700,se4_se3,True
2025-11-07 21:32:21+00:00,,FcYxk-HZdIMBjj27RSyVpQ,16,Planned maintenance,SE_4,SE_3,MAW,A03,2024-04-27 06:00:00+02:00,2024-05-05 16:10:00+02:00,PT1M,1,3500,se3_se4,True
2025-11-07 21:32:21+00:00,,r1dokW0xXbn-GA_qDVAIiQ,7,Planned maintenance,SE_3,DK_1,MAW,A03,2024-05-02 06:59:00+02:00,2024-05-02 18:59:00+02:00,PT1M,1440,300,dk1_se3,True
2025-11-07 21:32:21+00:00,,Qhi7QtOrmoPQpfwreKs3Fw,11,Planned maintenance,SE_3,SE_4,MAW,A03,2024-05-02 17:59:00+02:00,2024-05-02 23:59:00+02:00,PT1M,7920,1000,se4_se3,True
2025-11-07 21:39:13+00:00,,KY7uxn6zBlo-KPrfI3I19g,2,Planned maintenance,DK_1,SE_3,MAW,A03,2024-05-10 09:00:00+02:00,2024-05-12 05:00:00+02:00,PT1M,1,125,se3_dk1,True
2025-11-07 21:43:08+00:00,,cY-uITYzCQxpkFEaslEe5w,2,Planned maintenance,DK_1,SE_3,MAW,A03,2024-05-06 07:00:00+02:00,2024-05-08 13:21:00+02:00,PT1M,1,40,se3_dk1,True
2025-11-07 21:43:08+00:00,,gknv2tNdUMK8TzO0f8ptFg,2,Planned maintenance,SE_3,DK_1,MAW,A03,2024-05-06 07:00:00+02:00,2024-05-08 13:21:00+02:00,PT1M,1,490,dk1_se3,True
2025-11-07 21:43:33+00:00,,XdIHNdIUsTiaUAfwTBpFnw,5,Planned maintenance,SE_3,SE_2,MAW,A03,2024-05-06 06:00:00+02:00,2024-05-08 17:20:00+02:00,PT1M,1,5600,se2_se3,True
2025-11-07 21:54:36+00:00,,tQ05mqHBK3TxDSQX7cIE2A,6,Planned maintenance,SE_3,SE_2,MAW,A03,2024-05-06 06:00:00+02:00,2024-05-10 20:20:00+02:00,PT1M,1,5700,se2_se3,True
2025-11-07 21:54:36+00:00,,Os4StiCVCR9TmqUMkj99NA,6,Planned maintenance,SE_4,SE_3,MAW,A03,2024-05-06 06:00:00+02:00,2024-05-10 20:20:00+02:00,PT1M,1,4400,se3_se4,True
2025-11-07 21:54:36+00:00,,pBMayOTvmGcRgRd-_eRO3g,6,Planned maintenance,SE_3,FI,MAW,A03,2024-05-06 07:00:00+03:00,2024-05-10 21:20:00+03:00,PT1M,1,200,fi_se3,True
2025-11-07 21:54:52+00:00,,gkmieWuSFqb7O_LQKwSNLg,2,Unplanned outage,SE_3,NO_1,MAW,A03,2024-05-11 03:00:00+02:00,2024-05-11 08:00:00+02:00,PT1M,1,1645,no1_se3,True
2025-11-07 21:54:52+00:00,,z4_hyXkVT65kwLJxtn-5OA,2,Unplanned outage,SE_3,NO_1,MAW,A03,2024-05-11 03:00:00+02:00,2024-05-11 08:00:00+02:00,PT1M,1,1645,no1_se3,True
2025-11-07 21:54:52+00:00,,oV8vpjqiB0npWoDr5QZuEg,2,Unplanned outage,SE_3,NO_1,MAW,A03,2024-05-11 03:00:00+02:00,2024-05-11 08:00:00+02:00,PT1M,1,1645,no1_se3,True
2025-11-07 21:54:52+00:00,,kXmipdCKHDyi4NWiIFgKKQ,2,Unplanned outage,SE_3,NO_1,MAW,A03,2024-05-11 03:00:00+02:00,2024-05-11 08:00:00+02:00,PT1M,1,1645,no1_se3,True
2025-11-07 21:54:53+00:00,,5bC3AIq6ybg6ZRg3V1CCgw,2,Unplanned outage,SE_3,SE_2,MAW,A03,2024-05-11 03:00:00+02:00,2024-05-11 08:00:00+02:00,PT1M,1,5000,se2_se3,True
2025-11-07 21:54:53+00:00,,nLa-zxp4LIw_mjtSahousg,2,Unplanned outage,SE_3,SE_2,MAW,A03,2024-05-11 03:00:00+02:00,2024-05-11 08:00:00+02:00,PT1M,1,5000,se2_se3,True
2025-11-07 21:54:53+00:00,,SP6LWrC47FMRL-p0ZOcTaw,2,Unplanned outage,SE_4,SE_3,MAW,A03,2024-05-11 03:00:00+02:00,2024-05-11 08:00:00+02:00,PT1M,1,3800,se3_se4,True
2025-11-07 21:54:53+00:00,,YfFZogCVOd5h4a7BHhgHvQ,2,Unplanned outage,SE_4,SE_3,MAW,A03,2024-05-11 03:00:00+02:00,2024-05-11 08:00:00+02:00,PT1M,1,3800,se3_se4,True
2025-11-07 21:54:53+00:00,,CIDWhR9R9sAuTsc9sWaGkA,2,Unplanned outage,SE_4,SE_3,MAW,A03,2024-05-11 03:00:00+02:00,2024-05-11 08:00:00+02:00,PT1M,1,3800,se3_se4,True
2025-11-07 21:54:53+00:00,,ENSB691l_QflT0GQnCNjmw,2,Unplanned outage,SE_4,SE_3,MAW,A03,2024-05-11 03:00:00+02:00,2024-05-11 08:00:00+02:00,PT1M,1,3800,se3_se4,True
2025-11-07 21:54:53+00:00,,syf2AzebT5vUtrhGA1QQ-g,2,Unplanned outage,SE_3,SE_2,MAW,A03,2024-05-11 03:00:00+02:00,2024-05-11 08:00:00+02:00,PT1M,1,5000,se2_se3,True
2025-11-07 21:54:53+00:00,,lthq3diHri7wdsntx25TIQ,2,Unplanned outage,SE_3,SE_2,MAW,A03,2024-05-11 03:00:00+02:00,2024-05-11 08:00:00+02:00,PT1M,1,5000,se2_se3,True
2025-11-07 21:54:59+00:00,Cancelled,-kp_4rXTW9pWIctlHjX_QQ,4,Planned maintenance,SE_3,SE_2,MAW,A03,2024-05-13 06:00:00+02:00,2024-05-14 17:00:00+02:00,PT1M,1,5500,se2_se3,False
2025-11-07 21:54:59+00:00,Cancelled,6-6DPQlRxKRRxfxh3ZQeLg,4,Planned maintenance,SE_3,FI,MAW,A03,2024-05-13 07:00:00+03:00,2024-05-14 18:00:00+03:00,PT1M,1,100,fi_se3,False
2025-11-07 21:54:59+00:00,Cancelled,aX2rT5d9_1MV1sN-mOodCw,4,Planned maintenance,SE_4,SE_3,MAW,A03,2024-05-13 06:00:00+02:00,2024-05-14 17:00:00+02:00,PT1M,1,3900,se3_se4,False
2025-11-07 22:07:04+00:00,,zScZ6FDej3oDPOfWGXGOdQ,2,Planned maintenance,NO_1,SE_3,MAW,A03,2024-04-29 07:00:00+02:00,2024-05-14 13:00:00+02:00,PT1M,1,1395,se3_no1,True
2025-11-07 22:07:09+00:00,,uPCzPfLJ_d-ht7dvfDUtiQ,2,Planned maintenance,SE_3,NO_1,MAW,A03,2024-05-06 06:00:00+02:00,2024-05-15 13:00:00+02:00,PT1M,1,1245,no1_se3,True
2025-11-07 22:07:09+00:00,,EFgmrTrBtIznY_BRPZJ2rQ,2,Planned maintenance,SE_3,NO_1,MAW,A03,2024-05-06 06:00:00+02:00,2024-05-15 13:00:00+02:00,PT1M,1,1245,no1_se3,True
2025-11-07 22:10:45+00:00,,IRAlUd8btgyH8b9M0oaG6Q,11,Planned maintenance,SE_4,SE_3,MAW,A03,2024-05-14 23:59:00+02:00,2024-05-15 23:59:00+02:00,PT1M,12600,4200,se3_se4,True
2025-11-07 22:10:45+00:00,,IRAlUd8btgyH8b9M0oaG6Q,11,Planned maintenance,SE_4,SE_3,MAW,A03,2024-05-06 06:00:00+02:00,2024-05-14 23:59:00+02:00,PT1M,1,4400,se3_se4,True
2025-11-07 22:10:45+00:00,,IRAlUd8btgyH8b9M0oaG6Q,11,Planned maintenance,SE_4,SE_3,MAW,A03,2024-05-15 23:59:00+02:00,2024-06-10 06:00:00+02:00,PT1M,14040,4400,se3_se4,True
2025-11-07 22:11:14+00:00,,CIwrg12xMJ3G4JDYBfN4bw,8,Planned maintenance,SE_3,SE_2,MAW,A03,2024-04-22 06:00:00+02:00,2024-05-21 19:00:00+02:00,PT1M,1,5800,se2_se3,True
2025-11-07 22:11:14+00:00,,YhF3HYGy1Y-vVY25W9tDFw,7,Planned maintenance,FI,SE_3,MAW,A03,2024-05-02 23:59:00+02:00,2024-05-21 19:00:00+02:00,PT1M,15480,900,se3_fi,True
2025-11-07 22:11:14+00:00,,YhF3HYGy1Y-vVY25W9tDFw,7,Planned maintenance,FI,SE_3,MAW,A03,2024-04-22 06:00:00+02:00,2024-05-02 23:59:00+02:00,PT1M,1,700,se3_fi,True
2025-11-07 22:11:14+00:00,,-zwgXESa1R9GxpEvxjf5Kg,8,Planned maintenance,SE_3,FI,MAW,A03,2024-04-22 07:00:00+03:00,2024-05-21 20:00:00+03:00,PT1M,1,0,fi_se3,True
2025-11-07 22:11:18+00:00,,kZRvE29aIMOPTjJpr7o8qg,8,Unplanned outage,SE_4,SE_3,MAW,A03,2024-05-10 21:08:00+02:00,2024-05-13 23:59:00+02:00,PT1M,1,4400,se3_se4,True
2025-11-07 22:11:18+00:00,,ESnRn5YqGF7yxsXJwaJ76w,8,Unplanned outage,SE_3,SE_2,MAW,A03,2024-05-14 22:59:00+02:00,2024-05-14 23:58:00+02:00,PT1M,5872,5300,se2_se3,True
2025-11-07 22:11:18+00:00,,kZRvE29aIMOPTjJpr7o8qg,8,Unplanned outage,SE_4,SE_3,MAW,A03,2024-05-14 22:59:00+02:00,2024-05-14 23:58:00+02:00,PT1M,5872,3900,se3_se4,True
2025-11-07 22:11:18+00:00,,kZRvE29aIMOPTjJpr7o8qg,8,Unplanned outage,SE_4,SE_3,MAW,A03,2024-05-14 23:58:00+02:00,2024-05-15 14:40:00+02:00,PT1M,5931,4100,se3_se4,True
2025-11-07 22:11:18+00:00,,kZRvE29aIMOPTjJpr7o8qg,8,Unplanned outage,SE_4,SE_3,MAW,A03,2024-05-13 23:59:00+02:00,2024-05-14 22:59:00+02:00,PT1M,4492,4100,se3_se4,True
2025-11-07 22:11:18+00:00,,ESnRn5YqGF7yxsXJwaJ76w,8,Unplanned outage,SE_3,SE_2,MAW,A03,2024-05-14 23:58:00+02:00,2024-05-15 14:40:00+02:00,PT1M,5931,5500,se2_se3,True
2025-11-07 22:11:18+00:00,,ESnRn5YqGF7yxsXJwaJ76w,8,Unplanned outage,SE_3,SE_2,MAW,A03,2024-05-10 21:08:00+02:00,2024-05-12 23:59:00+02:00,PT1M,1,5700,se2_se3,True
2025-11-07 22:11:18+00:00,,ESnRn5YqGF7yxsXJwaJ76w,8,Unplanned outage,SE_3,SE_2,MAW,A03,2024-05-13 23:59:00+02:00,2024-05-14 22:59:00+02:00,PT1M,4492,5500,se2_se3,True
2025-11-07 22:11:18+00:00,,fZcChUCZ2OdLkrQ4QqBbYg,8,Unplanned outage,SE_3,FI,MAW,A03,2024-05-10 22:08:00+03:00,2024-05-15 15:40:00+03:00,PT1M,1,200,fi_se3,True
2025-11-07 22:11:18+00:00,,ESnRn5YqGF7yxsXJwaJ76w,8,Unplanned outage,SE_3,SE_2,MAW,A03,2024-05-12 23:59:00+02:00,2024-05-13 23:59:00+02:00,PT1M,3052,5800,se2_se3,True
2025-11-07 22:14:30+00:00,,9GC_09jow5v2yQ0cuWnmmA,3,Planned maintenance,NO_1,SE_3,MAW,A03,2024-05-21 06:00:00+02:00,2024-05-24 16:00:00+02:00,PT1M,1,1500,se3_no1,True
2025-11-07 22:14:30+00:00,,rLXbGL_foHZp7iG4KKbNJg,3,Planned maintenance,SE_3,NO_1,MAW,A03,2024-05-21 06:00:00+02:00,2024-05-24 16:00:00+02:00,PT1M,1,1600,no1_se3,True
2025-11-07 22:14:30+00:00,,f6ZP1HDbkj5sN4wHQPhv3Q,3,Planned maintenance,SE_3,NO_1,MAW,A03,2024-05-21 06:00:00+02:00,2024-05-24 16:00:00+02:00,PT1M,1,1600,no1_se3,True
2025-11-07 22:14:30+00:00,,RBYEVASSNnQHrHuixFE_Gw,3,Planned maintenance,NO_1,SE_3,MAW,A03,2024-05-21 06:00:00+02:00,2024-05-24 16:00:00+02:00,PT1M,1,1500,se3_no1,True
2025-11-07 22:14:49+00:00,,Cm75axilMzo8yl2BE31ZVw,6,Planned maintenance,SE_3,SE_2,MAW,A03,2024-05-14 06:00:00+02:00,2024-05-16 18:00:00+02:00,PT1M,1,5700,se2_se3,True
2025-11-07 22:17:41+00:00,,59zQ0lMmLuQ1UPy1QyylsA,3,Planned maintenance,SE_3,SE_2,MAW,A03,2024-05-14 06:00:00+02:00,2024-05-17 13:05:00+02:00,PT1M,1,6300,se2_se3,True
2025-11-07 22:30:12+00:00,,rD6ZMNhNKH6XMfklg2H93w,3,Planned maintenance,SE_4,SE_3,MAW,A03,2024-05-20 06:00:00+02:00,2024-05-21 14:30:00+02:00,PT1M,1,4100,se3_se4,True
2025-11-07 22:30:12+00:00,,WNTvhOoGzaWg8401Ze8Csg,3,Planned maintenance,SE_3,FI,MAW,A03,2024-05-20 07:00:00+03:00,2024-05-21 15:30:00+03:00,PT1M,1,200,fi_se3,True
2025-11-07 22:30:12+00:00,,jUzMLqlyyl2hn3EnnfokhQ,3,Planned maintenance,SE_3,SE_2,MAW,A03,2024-05-20 06:00:00+02:00,2024-05-21 14:30:00+02:00,PT1M,1,5500,se2_se3,True
2025-11-07 22:30:16+00:00,,9hdzCAy6mIDjF52nWx0KIg,1,Planned maintenance,SE_3,SE_2,MAW,A03,2024-05-21 14:00:00+02:00,2024-05-23 17:00:00+02:00,PT1M,1,6300,se2_se3,True
2025-11-07 22:48:29+00:00,Cancelled,wV6Am6_t7UK7hhVvxvoA6Q,4,Planned maintenance,SE_3,SE_2,MAW,A03,2024-05-27 06:00:00+02:00,2024-05-29 13:00:00+02:00,PT1M,1,5900,se2_se3,False
2025-11-07 22:48:29+00:00,Cancelled,cDsctC7WRnz9Ae52cwE-jw,3,Planned maintenance,SE_4,SE_3,MAW,A03,2024-05-27 06:00:00+02:00,2024-05-29 13:00:00+02:00,PT1M,1,3900,se3_se4,False
2025-11-07 22:48:29+00:00,Cancelled,S56HMsnaxM7md2obO_qThA,3,Planned maintenance,SE_3,FI,MAW,A03,2024-05-27 07:00:00+03:00,2024-05-29 14:00:00+03:00,PT1M,1,150,fi_se3,False
2025-11-07 23:00:43+00:00,,Y6f29j0aC7zWwW20ASQQ4g,4,Planned maintenance,DK_1,SE_3,MAW,A03,2024-05-27 07:00:00+02:00,2024-05-29 23:15:00+02:00,PT1M,1,135,se3_dk1,True
2025-11-07 23:00:43+00:00,,mSrnnIQXY6INLHQBD8kUhQ,5,Planned maintenance,SE_4,SE_3,MAW,A03,2024-05-24 07:00:00+02:00,2024-05-29 22:00:00+02:00,PT1M,1,4400,se3_se4,True
2025-11-07 23:00:43+00:00,,KZEilUO_-f3RDTyR7BE6Kg,4,Planned maintenance,SE_3,DK_1,MAW,A03,2024-05-27 07:00:00+02:00,2024-05-29 23:15:00+02:00,PT1M,1,560,dk1_se3,True
2025-11-07 23:00:54+00:00,,tSKM2G1b-CG7_bCURMReLA,5,Planned maintenance,SE_3,DK_1,MAW,A03,2024-06-04 06:00:00+02:00,2024-06-05 17:00:00+02:00,PT1M,1,600,dk1_se3,True
2025-11-07 23:00:54+00:00,,yvCt5tt8uyDOlAU2a3wnTA,1,Planned maintenance,SE_3,SE_4,MAW,A03,2024-06-04 06:00:00+02:00,2024-06-05 17:00:00+02:00,PT1M,1,500,se4_se3,True
2025-11-07 23:00:54+00:00,,Jzwn4sOGq_oGbHtFb-gRGQ,5,Planned maintenance,SE_4,SE_3,MAW,A03,2024-06-04 06:00:00+02:00,2024-06-05 17:00:00+02:00,PT1M,1,4200,se3_se4,True
2025-11-07 23:07:37+00:00,,LIJLE61tx-BikKFlpMIRyA,2,Unplanned outage,DK_1,SE_3,MAW,A03,2024-05-31 19:26:00+02:00,2024-05-31 20:37:00+02:00,PT1M,1,345,se3_dk1,True
2025-11-07 23:07:37+00:00,,5gcyx-0xonp7q57E966vEQ,2,Unplanned outage,SE_3,DK_1,MAW,A03,2024-05-31 19:26:00+02:00,2024-05-31 20:37:00+02:00,PT1M,1,345,dk1_se3,True
2025-11-07 23:13:17+00:00,,qQKD-hGqor2dKqefXJFfEQ,6,Planned maintenance,SE_3,NO_1,MAW,A03,2024-06-03 05:00:00+02:00,2024-06-03 21:00:00+02:00,PT1M,1,795,no1_se3,True
2025-11-07 23:13:17+00:00,,DryrdQxY7_piS-PLhMIOsQ,6,Planned maintenance,SE_3,NO_1,MAW,A03,2024-06-03 05:00:00+02:00,2024-06-03 21:00:00+02:00,PT1M,1,795,no1_se3,True
2025-11-07 23:13:18+00:00,,JjCUK0DpJqU61--9mCNZtA,6,Planned maintenance,NO_1,SE_3,MAW,A03,2024-06-03 05:00:00+02:00,2024-06-03 21:00:00+02:00,PT1M,1,400,se3_no1,True
2025-11-07 23:13:18+00:00,,dNZM6yzKnaBSECx31JbkvA,6,Planned maintenance,NO_1,SE_3,MAW,A03,2024-06-03 05:00:00+02:00,2024-06-03 21:00:00+02:00,PT1M,1,400,se3_no1,True
2025-11-07 23:16:01+00:00,,UmdiOXiFT3R_df8CHxebAw,10,Planned maintenance,SE_3,DK_1,MAW,A03,2024-06-03 06:00:00+02:00,2024-06-03 20:12:00+02:00,PT1M,1,600,dk1_se3,True
2025-11-07 23:16:01+00:00,,xLL4xbv-HbyeLgdPpV8Teg,10,Planned maintenance,SE_4,SE_3,MAW,A03,2024-06-03 06:00:00+02:00,2024-06-03 20:12:00+02:00,PT1M,1,4200,se3_se4,True
2025-11-07 23:16:01+00:00,,pIbRpc3IMrkSfQNCMorn8Q,5,Planned maintenance,SE_3,SE_4,MAW,A03,2024-06-03 06:00:00+02:00,2024-06-03 20:12:00+02:00,PT1M,1,500,se4_se3,True
2025-11-07 23:22:32+00:00,,sVi5YIbtIVDVJZ095SuZqg,3,Planned maintenance,SE_3,FI,MAW,A03,2024-05-06 07:00:00+03:00,2024-06-05 23:05:00+03:00,PT1M,1,800,fi_se3,True
2025-11-07 23:22:59+00:00,,cRPsERSL7Av3lCj_Gtf46Q,8,Planned maintenance,SE_3,NO_1,MAW,A03,2024-06-03 20:59:00+02:00,2024-06-06 16:00:00+02:00,PT1M,960,1600,no1_se3,True
2025-11-07 23:22:59+00:00,,5YUqdVQCZbT1sE70W4Qh_A,7,Planned maintenance,NO_1,SE_3,MAW,A03,2024-06-03 20:59:00+02:00,2024-06-07 16:00:00+02:00,PT1M,10920,1395,se3_no1,True
2025-11-07 23:22:59+00:00,,gbeSUBGlL16lt7r6f5wCKQ,6,Planned maintenance,SE_3,NO_1,MAW,A03,2024-06-03 20:59:00+02:00,2024-06-06 16:00:00+02:00,PT1M,960,1600,no1_se3,True
2025-11-07 23:22:59+00:00,,kPW5BpLauOilPycyYsqG4Q,8,Planned maintenance,NO_1,SE_3,MAW,A03,2024-06-03 20:59:00+02:00,2024-06-06 16:00:00+02:00,PT1M,960,1500,se3_no1,True
2025-11-07 23:22:59+00:00,,kPW5BpLauOilPycyYsqG4Q,8,Planned maintenance,NO_1,SE_3,MAW,A03,2024-06-03 05:00:00+02:00,2024-06-03 20:59:00+02:00,PT1M,1,400,se3_no1,True
2025-11-07 23:22:59+00:00,,5YUqdVQCZbT1sE70W4Qh_A,7,Planned maintenance,NO_1,SE_3,MAW,A03,2024-05-27 07:00:00+02:00,2024-06-03 04:59:00+02:00,PT1M,1,1395,se3_no1,True
2025-11-07 23:22:59+00:00,,gbeSUBGlL16lt7r6f5wCKQ,6,Planned maintenance,SE_3,NO_1,MAW,A03,2024-06-03 05:00:00+02:00,2024-06-03 20:59:00+02:00,PT1M,1,795,no1_se3,True
2025-11-07 23:22:59+00:00,,cRPsERSL7Av3lCj_Gtf46Q,8,Planned maintenance,SE_3,NO_1,MAW,A03,2024-06-03 05:00:00+02:00,2024-06-03 20:59:00+02:00,PT1M,1,795,no1_se3,True
2025-11-07 23:22:59+00:00,,5YUqdVQCZbT1sE70W4Qh_A,7,Planned maintenance,NO_1,SE_3,MAW,A03,2024-06-03 04:59:00+02:00,2024-06-03 20:59:00+02:00,PT1M,9960,400,se3_no1,True
2025-11-07 23:25:42+00:00,Cancelled,7B--wgkKTTCGctMyy0hk3Q,2,Planned maintenance,SE_3,NO_1,MAW,A03,2024-06-10 06:00:00+02:00,2024-06-14 16:00:00+02:00,PT1M,1,0,no1_se3,False
2025-11-07 23:25:46+00:00,Cancelled,1DApmuOoTbkTE1ZFfXcdPg,4,Planned maintenance,DK_1,SE_3,MAW,A03,2024-06-08 17:00:00+02:00,2024-06-09 12:00:00+02:00,PT1M,1,125,se3_dk1,False
2025-11-07 23:25:56+00:00,Cancelled,9oVg0nuHt3KyDO9JSge9Sg,3,Planned maintenance,SE_3,NO_1,MAW,A03,2024-06-10 06:00:00+02:00,2024-06-14 16:00:00+02:00,PT1M,1,1645,no1_se3,False
2025-11-07 23:35:54+00:00,,IUaWEtuJLQdGVUKCjxF9wg,4,Planned maintenance,SE_4,SE_3,MAW,A03,2024-06-19 07:00:00+02:00,2024-06-20 18:00:00+02:00,PT1M,1,4900,se3_se4,True
2025-11-07 23:38:43+00:00,Cancelled,ck6Xoeg0R197T5mttM-TJA,2,Planned maintenance,SE_3,SE_2,MAW,A03,2024-10-15 06:00:00+02:00,2024-10-18 17:00:00+02:00,PT1M,1,6000,se2_se3,False
2025-11-07 23:38:43+00:00,Cancelled,E10xCGKsttawl8xGgXOlzA,2,Planned maintenance,SE_3,FI,MAW,A03,2024-10-15 07:00:00+03:00,2024-10-18 18:00:00+03:00,PT1M,1,100,fi_se3,False
2025-11-07 23:38:43+00:00,Cancelled,LaMWHZzl17SM9mZsfZrOTQ,2,Planned maintenance,SE_4,SE_3,MAW,A03,2024-10-15 06:00:00+02:00,2024-10-18 17:00:00+02:00,PT1M,1,3800,se3_se4,False
2025-11-07 23:38:47+00:00,,80o294jAG22fegrjL0_wIw,3,Planned maintenance,SE_3,FI,MAW,A03,2024-06-11 07:00:00+03:00,2024-06-12 13:30:00+03:00,PT1M,1,0,fi_se3,True
2025-11-07 23:38:47+00:00,,YNwfpwWVHy5NmXL218GptQ,3,Planned maintenance,SE_3,SE_2,MAW,A03,2024-06-11 06:00:00+02:00,2024-06-12 12:30:00+02:00,PT1M,1,5500,se2_se3,True
2025-11-07 23:44:19+00:00,,Yh801JaseqwaU7Fg3Grj2Q,1,Planned maintenance,SE_3,NO_1,MAW,A03,2024-07-04 06:00:00+02:00,2024-07-04 17:00:00+02:00,PT1M,1,200,no1_se3,True
2025-11-07 23:44:19+00:00,,j1BH3ocjiP_yrIXdhZQfmg,1,Planned maintenance,SE_3,SE_2,MAW,A03,2024-07-04 06:00:00+02:00,2024-07-04 17:00:00+02:00,PT1M,1,5400,se2_se3,True
2025-11-07 23:44:19+00:00,,vMtzPWMmOmlHxnixdChlGQ,1,Planned maintenance,SE_3,SE_2,MAW,A03,2024-07-04 06:00:00+02:00,2024-07-04 17:00:00+02:00,PT1M,1,5400,se2_se3,True
2025-11-07 23:44:19+00:00,,BWARApiqwizENrzrQ1_lvA,1,Planned maintenance,DK_1,SE_3,MAW,A03,2024-07-04 06:00:00+02:00,2024-07-04 17:00:00+02:00,PT1M,1,300,se3_dk1,True
2025-11-07 23:44:19+00:00,,SuVRra33IpZXgx6YXQIWVA,1,Planned maintenance,DK_1,SE_3,MAW,A03,2024-07-04 06:00:00+02:00,2024-07-04 17:00:00+02:00,PT1M,1,300,se3_dk1,True
2025-11-07 23:44:19+00:00,,PcE7egZlPONQIDsNN_Dwkg,1,Planned maintenance,SE_3,DK_1,MAW,A03,2024-07-04 06:00:00+02:00,2024-07-04 17:00:00+02:00,PT1M,1,400,dk1_se3,True
2025-11-07 23:44:19+00:00,,ysGZ0aC_CseHAEE4Gfy2KA,1,Planned maintenance,SE_3,DK_1,MAW,A03,2024-07-04 06:00:00+02:00,2024-07-04 17:00:00+02:00,PT1M,1,400,dk1_se3,True
2025-11-07 23:44:19+00:00,,p7sLVbduDDhYI0yzIwoTaw,1,Planned maintenance,SE_4,SE_3,MAW,A03,2024-07-04 06:00:00+02:00,2024-07-04 17:00:00+02:00,PT1M,1,4300,se3_se4,True
2025-11-07 23:44:19+00:00,,HwTlnPc3hcNqFJ1XNhh10A,1,Planned maintenance,SE_3,NO_1,MAW,A03,2024-07-04 06:00:00+02:00,2024-07-04 17:00:00+02:00,PT1M,1,200,no1_se3,True
2025-11-07 23:44:19+00:00,,XcitJqDIcngSjAYM20SOjQ,1,Planned maintenance,SE_3,SE_4,MAW,A03,2024-07-04 06:00:00+02:00,2024-07-04 17:00:00+02:00,PT1M,1,500,se4_se3,True
2025-11-07 23:44:19+00:00,,juUfHB5AZUCoSlSto7HDkw,1,Planned maintenance,SE_3,SE_4,MAW,A03,2024-07-04 06:00:00+02:00,2024-07-04 17:00:00+02:00,PT1M,1,500,se4_se3,True
2025-11-07 23:44:19+00:00,,qSbOwJKoiYykEgr7-X5RZw,1,Planned maintenance,SE_4,SE_3,MAW,A03,2024-07-04 06:00:00+02:00,2024-07-04 17:00:00+02:00,PT1M,1,4300,se3_se4,True
2025-11-07 23:44:26+00:00,,8kzoMYSrKKhBSo1gPr6uCA,5,Planned maintenance,NO_1,SE_3,MAW,A03,2024-06-10 06:00:00+02:00,2024-06-14 16:00:00+02:00,PT1M,1,1395,se3_no1,True
2025-11-07 23:44:26+00:00,,VCQchNxfxpaJa6-WNgZIVw,2,Planned maintenance,NO_1,SE_3,MAW,A03,2024-06-10 06:00:00+02:00,2024-06-14 16:00:00+02:00,PT1M,1,1395,se3_no1,True
2025-11-07 23:44:27+00:00,,KfWQdD-V6aMFnCFM3S3gUw,2,Planned maintenance,NO_1,SE_3,MAW,A03,2024-06-10 06:00:00+02:00,2024-06-14 16:00:00+02:00,PT1M,1,1395,se3_no1,True
2025-11-07 23:44:27+00:00,,hR6eJuN_EX-kj7-IFac2Xg,5,Planned maintenance,NO_1,SE_3,MAW,A03,2024-06-10 06:00:00+02:00,2024-06-14 16:00:00+02:00,PT1M,1,1395,se3_no1,True
2025-11-07 23:44:27+00:00,,-mnhnMKaFlw9zcsquGgtyw,2,Planned maintenance,NO_1,SE_3,MAW,A03,2024-06-10 06:00:00+02:00,2024-06-14 16:00:00+02:00,PT1M,1,1395,se3_no1,True
2025-11-07 23:51:54+00:00,Cancelled,y0Uzz6wHYH6wmhTFbHNl_g,3,Planned maintenance,SE_3,FI,MAW,A03,2024-09-29 18:00:00+03:00,2024-10-05 18:00:00+03:00,PT1M,1,800,fi_se3,False
2025-11-07 23:54:33+00:00,Cancelled,i0rlUBlH-SdhUgBSqZ0lWg,5,Planned maintenance,SE_3,SE_2,MAW,A03,2024-06-24 06:00:00+02:00,2024-06-26 17:00:00+02:00,PT1M,1,6000,se2_se3,False
2025-11-07 23:57:16+00:00,,Ndulx7ogVuqSXBUrvNxv5A,1,Planned maintenance,NO_1,SE_3,MAW,A03,2024-06-20 07:00:00+02:00,2024-06-21 16:00:00+02:00,PT1M,1,1500,se3_no1,True
2025-11-07 23:57:16+00:00,,iRJe4O2Td6XbnqPoxpU2pw,1,Planned maintenance,NO_1,SE_3,MAW,A03,2024-06-20 07:00:00+02:00,2024-06-21 16:00:00+02:00,PT1M,1,1500,se3_no1,True
2025-11-07 23:57:39+00:00,,5h6Yn3ftd75e5yLQfFeVFg,3,Planned maintenance,SE_4,SE_3,MAW,A03,2024-06-25 06:00:00+02:00,2024-06-26 17:00:00+02:00,PT1M,1,3900,se3_se4,True
2025-11-07 23:57:40+00:00,,4f01XVegE2pE8_TEPfRO9g,3,Planned maintenance,SE_4,SE_3,MAW,A03,2024-06-25 06:00:00+02:00,2024-06-26 17:00:00+02:00,PT1M,1,3900,se3_se4,True
2025-11-07 23:57:43+00:00,,yp9pIjhDtVm4QRR8yTRTsQ,2,Unplanned outage,SE_3,FI,MAW,A03,2024-06-18 18:00:00+03:00,2024-06-28 00:59:00+03:00,PT1M,1,100,fi_se3,True
2025-11-07 23:57:44+00:00,,0XyNByeGo5M4AeLV3YZHKQ,2,Unplanned outage,SE_3,SE_2,MAW,A03,2024-06-18 17:00:00+02:00,2024-06-27 23:59:00+02:00,PT1M,1,5900,se2_se3,True
2025-11-07 23:57:44+00:00,,QrdGz3qyLxPwPTsrLoNsbQ,2,Unplanned outage,SE_4,SE_3,MAW,A03,2024-06-18 17:00:00+02:00,2024-06-27 23:59:00+02:00,PT1M,1,3800,se3_se4,True
2025-11-08 00:00:27+00:00,,svkf109TVQSA4yHEgMlAQA,1,Planned maintenance,SE_3,SE_2,MAW,A03,2024-07-11 06:00:00+02:00,2024-07-11 17:00:00+02:00,PT1M,1,5400,se2_se3,True
2025-11-08 00:00:27+00:00,,nilv2ZfCqwsowGbBGE30SA,1,Planned maintenance,SE_3,SE_2,MAW,A03,2024-07-11 06:00:00+02:00,2024-07-11 17:00:00+02:00,PT1M,1,5400,se2_se3,True
2025-11-08 00:00:27+00:00,,02O18WHvHjPcg1eto6mJ_A,1,Planned maintenance,SE_3,DK_1,MAW,A03,2024-07-11 06:00:00+02:00,2024-07-11 17:00:00+02:00,PT1M,1,400,dk1_se3,True
2025-11-08 00:00:27+00:00,,E_2M9dgs11Mz3w8GtGwxIg,1,Planned maintenance,SE_3,NO_1,MAW,A03,2024-07-11 06:00:00+02:00,2024-07-11 17:00:00+02:00,PT1M,1,200,no1_se3,True
2025-11-08 00:00:27+00:00,,Rf8JeVMvCVPDK7g44DWx3w,1,Planned maintenance,SE_3,DK_1,MAW,A03,2024-07-11 06:00:00+02:00,2024-07-11 17:00:00+02:00,PT1M,1,400,dk1_se3,True
2025-11-08 00:00:27+00:00,,eORRE7tuSU5xDSgcmbTFjg,1,Planned maintenance,DK_1,SE_3,MAW,A03,2024-07-11 06:00:00+02:00,2024-07-11 17:00:00+02:00,PT1M,1,300,se3_dk1,True
2025-11-08 00:00:27+00:00,,ExFhnPUJlOdKZSEIr3ZrAg,1,Planned maintenance,DK_1,SE_3,MAW,A03,2024-07-11 06:00:00+02:00,2024-07-11 17:00:00+02:00,PT1M,1,300,se3_dk1,True
2025-11-08 00:00:27+00:00,,-9dtZ_T9GjWsMaBkB75g2A,1,Planned maintenance,SE_3,SE_4,MAW,A03,2024-07-11 06:00:00+02:00,2024-07-11 17:00:00+02:00,PT1M,1,500,se4_se3,True
2025-11-08 00:00:27+00:00,,50qMjc3Mvhmh0rxv3sAqUA,1,Planned maintenance,SE_3,SE_4,MAW,A03,2024-07-11 06:00:00+02:00,2024-07-11 17:00:00+02:00,PT1M,1,500,se4_se3,True
2025-11-08 00:00:27+00:00,,X5oYaPfMw5aNxVGUny15cw,1,Planned maintenance,SE_3,NO_1,MAW,A03,2024-07-11 06:00:00+02:00,2024-07-11 17:00:00+02:00,PT1M,1,200,no1_se3,True
2025-11-08 00:00:28+00:00,,Z7A_sRc-c3uwglb-Z_h-QA,1,Planned maintenance,SE_4,SE_3,MAW,A03,2024-07-11 06:00:00+02:00,2024-07-11 17:00:00+02:00,PT1M,1,4300,se3_se4,True
2025-11-08 00:00:28+00:00,,FOf35mUZgRt1vVdpn8dB5A,1,Planned maintenance,SE_4,SE_3,MAW,A03,2024-07-11 06:00:00+02:00,2024-07-11 17:00:00+02:00,PT1M,1,4300,se3_se4,True
2025-11-08 00:00:52+00:00,,t9iL-4g9vVu85L8bWjvQTQ,1,Unplanned outage,DK_1,SE_3,MAW,A03,2024-06-29 06:00:00+02:00,2024-06-29 17:00:00+02:00,PT1M,1,135,se3_dk1,True
2025-11-08 00:00:52+00:00,,frYFjjfnEdBZfRAWg2q1BQ,1,Unplanned outage,SE_3,DK_1,MAW,A03,2024-06-29 06:00:00+02:00,2024-06-29 17:00:00+02:00,PT1M,1,560,dk1_se3,True
2025-11-08 00:08:51+00:00,,a2R5cJUEEeJ19Y3CjKzGaA,6,Planned maintenance,SE_3,SE_2,MAW,A03,2024-06-10 06:00:00+02:00,2024-06-23 14:30:00+02:00,PT1M,1,6400,se2_se3,True
2025-11-08 00:11:23+00:00,Cancelled,_YjG5dQecnfu0wW1Qkgj9A,4,Planned maintenance,SE_3,NO_1,MAW,A03,2024-07-05 05:00:00+02:00,2024-07-05 19:00:00+02:00,PT1M,1,695,no1_se3,False
2025-11-08 00:11:23+00:00,Cancelled,sCS457oMvHXxVcUX3NcufQ,4,Planned maintenance,NO_1,SE_3,MAW,A03,2024-07-05 05:00:00+02:00,2024-07-05 19:00:00+02:00,PT1M,1,895,se3_no1,False
2025-11-08 00:14:50+00:00,Cancelled,NAO2nLYOIy4-blPWOhXjqg,2,Planned maintenance,SE_3,FI,MAW,A03,2024-08-01 07:00:00+03:00,2024-08-28 18:00:00+03:00,PT1M,1,800,fi_se3,False
2025-11-08 00:17:45+00:00,Cancelled,yZAGEyp0ckqzGkb5GZzSaQ,5,Planned maintenance,SE_3,SE_2,MAW,A03,2024-07-08 06:00:00+02:00,2024-07-25 17:00:00+02:00,PT1M,1,6900,se2_se3,False
2025-11-08 00:23:08+00:00,,8X-rUicd5FsyglCt0ppEkQ,2,Planned maintenance,SE_3,SE_4,MAW,A03,2024-06-25 06:00:00+02:00,2024-06-28 12:20:00+02:00,PT1M,1,2400,se4_se3,True
2025-11-08 00:23:08+00:00,,Tz4wikenkyeRBUta4M8kMw,2,Planned maintenance,SE_4,SE_3,MAW,A03,2024-06-25 06:00:00+02:00,2024-06-28 12:20:00+02:00,PT1M,1,5800,se3_se4,True
2025-11-08 00:23:09+00:00,,_b5HNeHb9io6_s_ot6AWBg,1,Planned maintenance,SE_3,NO_1,MAW,A03,2024-10-14 07:00:00+02:00,2024-10-18 16:00:00+02:00,PT1M,1,1645,no1_se3,True
2025-11-08 00:23:12+00:00,,VCHY7od7M9-lIgELfP45jw,3,Planned maintenance,SE_4,SE_3,MAW,A03,2024-06-27 06:00:00+02:00,2024-06-28 15:00:00+02:00,PT1M,1,4900,se3_se4,True
2025-11-08 00:28:25+00:00,,GurHrr9jCYw76GEE_e6DYw,3,Planned maintenance,DK_1,SE_3,MAW,A03,2024-06-24 06:00:00+02:00,2024-06-30 15:00:00+02:00,PT1M,1,0,se3_dk1,True
2025-11-08 00:28:25+00:00,,uBToT7Ubh-OtwIHvdxAaQQ,3,Planned maintenance,SE_3,DK_1,MAW,A03,2024-06-24 06:00:00+02:00,2024-06-30 15:00:00+02:00,PT1M,1,0,dk1_se3,True
2025-11-08 00:28:25+00:00,,JoHfcO143JttF0qFoLJY6g,3,Planned maintenance,SE_3,DK_1,MAW,A03,2024-06-24 06:00:00+02:00,2024-06-30 15:00:00+02:00,PT1M,1,0,dk1_se3,True
2025-11-08 00:28:25+00:00,,SC2wSPcAMxWBamVxF1cpNQ,3,Planned maintenance,DK_1,SE_3,MAW,A03,2024-06-24 06:00:00+02:00,2024-06-30 15:00:00+02:00,PT1M,1,0,se3_dk1,True
2025-11-08 00:30:53+00:00,Cancelled,mhWfu6qPp28cyQ4WkxldPw,5,Planned maintenance,SE_3,SE_2,MAW,A03,2024-07-08 06:00:00+02:00,2024-07-21 17:00:00+02:00,PT1M,1,6400,se2_se3,False
2025-11-08 00:33:15+00:00,,V9F_OtJEISmvPsFvuk_K-Q,5,Planned maintenance,FI,SE_3,MAW,A03,2024-06-29 19:59:00+02:00,2024-06-30 05:59:00+02:00,PT1M,840,500,se3_fi,True
2025-11-08 00:33:15+00:00,,V9F_OtJEISmvPsFvuk_K-Q,5,Planned maintenance,FI,SE_3,MAW,A03,2024-06-30 05:59:00+02:00,2024-06-30 19:59:00+02:00,PT1M,1440,200,se3_fi,True
2025-11-08 00:33:15+00:00,,V9F_OtJEISmvPsFvuk_K-Q,5,Planned maintenance,FI,SE_3,MAW,A03,2024-07-04 20:59:00+02:00,2024-07-05 05:59:00+02:00,PT1M,8100,1200,se3_fi,True
2025-11-08 00:33:15+00:00,,4COFRF5i2POQ-ZvTwQ7Q7Q,6,Planned maintenance,SE_3,SE_2,MAW,A03,2024-06-29 19:59:00+02:00,2024-06-30 05:59:00+02:00,PT1M,840,5400,se2_se3,True
2025-11-08 00:33:15+00:00,,V9F_OtJEISmvPsFvuk_K-Q,5,Planned maintenance,FI,SE_3,MAW,A03,2024-07-05 05:59:00+02:00,2024-07-05 19:59:00+02:00,PT1M,8640,200,se3_fi,True
2025-11-08 00:33:15+00:00,,V9F_OtJEISmvPsFvuk_K-Q,5,Planned maintenance,FI,SE_3,MAW,A03,2024-07-05 19:59:00+02:00,2024-07-06 05:59:00+02:00,PT1M,9480,500,se3_fi,True
2025-11-08 00:33:15+00:00,,V9F_OtJEISmvPsFvuk_K-Q,5,Planned maintenance,FI,SE_3,MAW,A03,2024-07-06 05:59:00+02:00,2024-07-06 20:00:00+02:00,PT1M,10080,200,se3_fi,True
2025-11-08 00:33:15+00:00,,V9F_OtJEISmvPsFvuk_K-Q,5,Planned maintenance,FI,SE_3,MAW,A03,2024-06-30 19:59:00+02:00,2024-07-04 20:59:00+02:00,PT1M,2280,800,se3_fi,True
2025-11-08 00:33:15+00:00,,V9F_OtJEISmvPsFvuk_K-Q,5,Planned maintenance,FI,SE_3,MAW,A03,2024-06-29 06:00:00+02:00,2024-06-29 19:59:00+02:00,PT1M,1,200,se3_fi,True
2025-11-08 00:33:15+00:00,,4COFRF5i2POQ-ZvTwQ7Q7Q,6,Planned maintenance,SE_3,SE_2,MAW,A03,2024-06-29 06:00:00+02:00,2024-06-29 19:59:00+02:00,PT1M,1,5100,se2_se3,True
2025-11-08 00:33:15+00:00,,4COFRF5i2POQ-ZvTwQ7Q7Q,6,Planned maintenance,SE_3,SE_2,MAW,A03,2024-06-30 05:59:00+02:00,2024-06-30 19:59:00+02:00,PT1M,1440,5100,se2_se3,True
2025-11-08 00:33:15+00:00,,4COFRF5i2POQ-ZvTwQ7Q7Q,6,Planned maintenance,SE_3,SE_2,MAW,A03,2024-06-30 19:59:00+02:00,2024-07-04 20:59:00+02:00,PT1M,2280,5400,se2_se3,True
2025-11-08 00:33:15+00:00,,4COFRF5i2POQ-ZvTwQ7Q7Q,6,Planned maintenance,SE_3,SE_2,MAW,A03,2024-07-04 20:59:00+02:00,2024-07-05 05:59:00+02:00,PT1M,8100,7300,se2_se3,True
2025-11-08 00:33:15+00:00,,4COFRF5i2POQ-ZvTwQ7Q7Q,6,Planned maintenance,SE_3,SE_2,MAW,A03,2024-07-05 05:59:00+02:00,2024-07-05 19:59:00+02:00,PT1M,8640,5100,se2_se3,True
2025-11-08 00:33:15+00:00,,4COFRF5i2POQ-ZvTwQ7Q7Q,6,Planned maintenance,SE_3,SE_2,MAW,A03,2024-07-06 05:59:00+02:00,2024-07-06 20:00:00+02:00,PT1M,10080,5100,se2_se3,True
2025-11-08 00:33:15+00:00,,4COFRF5i2POQ-ZvTwQ7Q7Q,6,Planned maintenance,SE_3,SE_2,MAW,A03,2024-07-05 19:59:00+02:00,2024-07-06 05:59:00+02:00,PT1M,9480,5400,se2_se3,True
2025-11-08 00:33:34+00:00,,Fkohrtzq2E1jIm7B_sfA2g,4,Planned maintenance,SE_4,SE_3,MAW,A03,2024-06-09 17:00:00+02:00,2024-07-03 17:00:00+02:00,PT1M,1,4400,se3_se4,True
2025-11-08 00:40:16+00:00,,61sPh9DmxIZOQe8DW8T3Dg,8,Planned maintenance,SE_3,NO_1,MAW,A03,2024-06-24 06:00:00+02:00,2024-07-04 13:10:00+02:00,PT1M,1,1600,no1_se3,True
2025-11-08 00:40:16+00:00,,7jBi9n1q2OeqsTHa1mLWFw,8,Planned maintenance,NO_1,SE_3,MAW,A03,2024-06-24 06:00:00+02:00,2024-07-04 13:10:00+02:00,PT1M,1,1500,se3_no1,True
2025-11-08 00:43:15+00:00,Cancelled,vPJAYfk6kIFzRbatEhQ4EA,2,Planned maintenance,NO_1,SE_3,MAW,A03,2024-07-05 06:00:00+02:00,2024-07-05 20:00:00+02:00,PT1M,1,0,se3_no1,False
2025-11-08 00:43:15+00:00,Cancelled,txheUA_RWtMrpkvWyGlZwQ,2,Planned maintenance,SE_3,NO_1,MAW,A03,2024-07-05 06:00:00+02:00,2024-07-05 20:00:00+02:00,PT1M,1,0,no1_se3,False
2025-11-08 00:43:22+00:00,,mDSp1hcd8q47i-GZrGM22w,6,Planned maintenance,SE_3,SE_2,MAW,A03,2024-06-24 06:00:00+02:00,2024-06-28 16:59:00+02:00,PT1M,1,6300,se2_se3,True
2025-11-08 00:43:22+00:00,,mDSp1hcd8q47i-GZrGM22w,6,Planned maintenance,SE_3,SE_2,MAW,A03,2024-07-01 06:59:00+02:00,2024-07-05 11:23:00+02:00,PT1M,10140,6300,se2_se3,True
2025-11-08 00:43:22+00:00,,mDSp1hcd8q47i-GZrGM22w,6,Planned maintenance,SE_3,SE_2,MAW,A03,2024-06-28 16:59:00+02:00,2024-07-01 06:59:00+02:00,PT1M,6420,7300,se2_se3,True
2025-11-08 00:43:29+00:00,,ZzJY-je0H8eq6hE7HDRCzA,5,Planned maintenance,NO_1,SE_3,MAW,A03,2024-07-05 06:00:00+02:00,2024-07-05 18:15:00+02:00,PT1M,1,795,se3_no1,True
2025-11-08 00:43:29+00:00,,r6Uv8MvGK0JZ56zUWIA-NQ,5,Planned maintenance,SE_3,NO_1,MAW,A03,2024-07-05 06:00:00+02:00,2024-07-05 18:15:00+02:00,PT1M,1,795,no1_se3,True
2025-11-08 00:43:29+00:00,,XYMxQBGOEhpl1ML1Q6UyTg,5,Planned maintenance,SE_3,NO_1,MAW,A03,2024-07-05 06:00:00+02:00,2024-07-05 18:15:00+02:00,PT1M,1,795,no1_se3,True
2025-11-08 00:43:29+00:00,,VRDLpZ2tG2ww-rjN5Z4XsQ,5,Planned maintenance,NO_1,SE_3,MAW,A03,2024-07-05 06:00:00+02:00,2024-07-05 18:15:00+02:00,PT1M,1,795,se3_no1,True
2025-11-08 00:55:55+00:00,,hqVAkHvwtEWba4fvdCHP0w,3,Unplanned outage,SE_3,SE_4,MAW,A03,2024-07-01 06:00:00+02:00,2024-07-09 13:00:00+02:00,PT1M,1,2400,se4_se3,True
2025-11-08 00:55:55+00:00,,25kfS5j9lUlSqP3be1rQYw,3,Unplanned outage,SE_4,SE_3,MAW,A03,2024-07-01 06:00:00+02:00,2024-07-09 13:00:00+02:00,PT1M,1,5800,se3_se4,True
2025-11-08 01:02:37+00:00,,Kos9tfhn7HD6ZRwfTraCTA,3,Planned maintenance,SE_3,SE_4,MAW,A03,2024-07-24 07:00:00+02:00,2024-07-24 17:00:00+02:00,PT1M,1,500,se4_se3,True
2025-11-08 01:02:37+00:00,,dLLYbq27XqBulZzvG9q8-w,3,Planned maintenance,SE_3,DK_1,MAW,A03,2024-07-24 07:00:00+02:00,2024-07-24 17:00:00+02:00,PT1M,1,400,dk1_se3,True
2025-11-08 01:02:37+00:00,,DfhB_jNgZQUuo81NZZ7CQQ,3,Planned maintenance,SE_3,SE_4,MAW,A03,2024-07-24 07:00:00+02:00,2024-07-24 17:00:00+02:00,PT1M,1,500,se4_se3,True
2025-11-08 01:02:37+00:00,,XmWYB52m1GCnxMEEJzJZZA,3,Planned maintenance,SE_3,NO_1,MAW,A03,2024-07-24 07:00:00+02:00,2024-07-24 17:00:00+02:00,PT1M,1,450,no1_se3,True
2025-11-08 01:02:37+00:00,,nutbV9wbyJj3uD9mk3Qsqg,3,Planned maintenance,SE_3,NO_1,MAW,A03,2024-07-24 07:00:00+02:00,2024-07-24 17:00:00+02:00,PT1M,1,450,no1_se3,True
2025-11-08 01:02:37+00:00,,JHSvqwP1ahrq8I3-hAfxZA,3,Planned maintenance,SE_3,DK_1,MAW,A03,2024-07-24 07:00:00+02:00,2024-07-24 17:00:00+02:00,PT1M,1,400,dk1_se3,True
2025-11-08 01:02:38+00:00,,eHu5j5wa8yQcjpRG99lfgw,3,Planned maintenance,SE_4,SE_3,MAW,A03,2024-07-24 07:00:00+02:00,2024-07-24 17:00:00+02:00,PT1M,1,4300,se3_se4,True
2025-11-08 01:02:38+00:00,,o2gtydPiWBVgFzvEW-f49A,3,Planned maintenance,DK_1,SE_3,MAW,A03,2024-07-24 07:00:00+02:00,2024-07-24 17:00:00+02:00,PT1M,1,500,se3_dk1,True
2025-11-08 01:02:38+00:00,,mxcfkjUPzcLgu8-XWuNZHA,3,Planned maintenance,DK_1,SE_3,MAW,A03,2024-07-24 07:00:00+02:00,2024-07-24 17:00:00+02:00,PT1M,1,500,se3_dk1,True
2025-11-08 01:02:38+00:00,,QINj2swHTviRFNG_wM1JOA,3,Planned maintenance,SE_3,SE_2,MAW,A03,2024-07-24 07:00:00+02:00,2024-07-24 17:00:00+02:00,PT1M,1,5400,se2_se3,True
2025-11-08 01:02:38+00:00,,pIp7e4cLEVfkMiszJuJaYw,3,Planned maintenance,SE_3,SE_2,MAW,A03,2024-07-24 07:00:00+02:00,2024-07-24 17:00:00+02:00,PT1M,1,5400,se2_se3,True
2025-11-08 01:02:38+00:00,,kBTR1qJRr7n1zyElW6Pvxg,3,Planned maintenance,SE_4,SE_3,MAW,A03,2024-07-24 07:00:00+02:00,2024-07-24 17:00:00+02:00,PT1M,1,4300,se3_se4,True
2025-11-08 01:05:45+00:00,,vfG0FN7lLrJALrzna2tcFA,24,Planned maintenance,SE_3,FI,MAW,A03,2024-07-01 00:59:00+03:00,2024-07-10 06:59:00+03:00,PT1M,29880,400,fi_se3,True
2025-11-08 01:05:45+00:00,,22CPWCOA8kfghftYA2M_HA,24,Planned maintenance,SE_4,SE_3,MAW,A03,2024-06-24 23:58:00+02:00,2024-06-25 23:59:00+02:00,PT1M,21239,4300,se3_se4,True
2025-11-08 01:05:45+00:00,,22CPWCOA8kfghftYA2M_HA,24,Planned maintenance,SE_4,SE_3,MAW,A03,2024-06-25 23:59:00+02:00,2024-06-28 11:59:00+02:00,PT1M,22680,3300,se3_se4,True
2025-11-08 01:05:45+00:00,,22CPWCOA8kfghftYA2M_HA,24,Planned maintenance,SE_4,SE_3,MAW,A03,2024-06-28 11:59:00+02:00,2024-06-30 23:59:00+02:00,PT1M,26280,3100,se3_se4,True
2025-11-08 01:05:45+00:00,,22CPWCOA8kfghftYA2M_HA,24,Planned maintenance,SE_4,SE_3,MAW,A03,2024-06-24 10:59:00+02:00,2024-06-24 23:58:00+02:00,PT1M,20460,3600,se3_se4,True
2025-11-08 01:05:45+00:00,,22CPWCOA8kfghftYA2M_HA,24,Planned maintenance,SE_4,SE_3,MAW,A03,2024-06-23 23:59:00+02:00,2024-06-24 10:59:00+02:00,PT1M,19800,4300,se3_se4,True
2025-11-08 01:05:45+00:00,,22CPWCOA8kfghftYA2M_HA,24,Planned maintenance,SE_4,SE_3,MAW,A03,2024-06-10 11:59:00+02:00,2024-06-23 23:59:00+02:00,PT1M,360,3700,se3_se4,True
2025-11-08 01:05:45+00:00,,22CPWCOA8kfghftYA2M_HA,24,Planned maintenance,SE_4,SE_3,MAW,A03,2024-06-30 23:59:00+02:00,2024-07-10 05:59:00+02:00,PT1M,29880,3900,se3_se4,True
2025-11-08 01:05:45+00:00,,22CPWCOA8kfghftYA2M_HA,24,Planned maintenance,SE_4,SE_3,MAW,A03,2024-07-10 05:59:00+02:00,2024-07-12 12:30:00+02:00,PT1M,43200,3100,se3_se4,True
2025-11-08 01:05:45+00:00,,22CPWCOA8kfghftYA2M_HA,24,Planned maintenance,SE_4,SE_3,MAW,A03,2024-06-10 06:00:00+02:00,2024-06-10 11:59:00+02:00,PT1M,1,2900,se3_se4,True
2025-11-08 01:05:45+00:00,,vfG0FN7lLrJALrzna2tcFA,24,Planned maintenance,SE_3,FI,MAW,A03,2024-07-10 06:59:00+03:00,2024-07-12 13:30:00+03:00,PT1M,43200,0,fi_se3,True
2025-11-08 01:05:45+00:00,,s8ueYF6jPP9qGD59bobQ9g,24,Planned maintenance,SE_3,SE_2,MAW,A03,2024-06-27 23:59:00+02:00,2024-06-30 23:59:00+02:00,PT1M,25560,5400,se2_se3,True
2025-11-08 01:05:45+00:00,,vfG0FN7lLrJALrzna2tcFA,24,Planned maintenance,SE_3,FI,MAW,A03,2024-06-10 12:59:00+03:00,2024-06-26 00:59:00+03:00,PT1M,360,400,fi_se3,True
2025-11-08 01:05:45+00:00,,vfG0FN7lLrJALrzna2tcFA,24,Planned maintenance,SE_3,FI,MAW,A03,2024-06-10 07:00:00+03:00,2024-06-10 12:59:00+03:00,PT1M,1,0,fi_se3,True
2025-11-08 01:05:45+00:00,,s8ueYF6jPP9qGD59bobQ9g,24,Planned maintenance,SE_3,SE_2,MAW,A03,2024-07-10 05:59:00+02:00,2024-07-12 12:30:00+02:00,PT1M,43200,4800,se2_se3,True
2025-11-08 01:05:45+00:00,,vfG0FN7lLrJALrzna2tcFA,24,Planned maintenance,SE_3,FI,MAW,A03,2024-06-26 00:59:00+03:00,2024-07-01 00:59:00+03:00,PT1M,22680,0,fi_se3,True
2025-11-08 01:05:45+00:00,,s8ueYF6jPP9qGD59bobQ9g,24,Planned maintenance,SE_3,SE_2,MAW,A03,2024-06-25 23:59:00+02:00,2024-06-27 23:59:00+02:00,PT1M,22680,5500,se2_se3,True
2025-11-08 01:05:45+00:00,,s8ueYF6jPP9qGD59bobQ9g,24,Planned maintenance,SE_3,SE_2,MAW,A03,2024-06-30 23:59:00+02:00,2024-07-10 05:59:00+02:00,PT1M,29880,5900,se2_se3,True
2025-11-08 01:05:45+00:00,,s8ueYF6jPP9qGD59bobQ9g,24,Planned maintenance,SE_3,SE_2,MAW,A03,2024-06-24 10:59:00+02:00,2024-06-25 23:59:00+02:00,PT1M,20460,6000,se2_se3,True
2025-11-08 01:05:45+00:00,,s8ueYF6jPP9qGD59bobQ9g,24,Planned maintenance,SE_3,SE_2,MAW,A03,2024-06-23 23:59:00+02:00,2024-06-24 10:59:00+02:00,PT1M,19800,6200,se2_se3,True
2025-11-08 01:05:45+00:00,,s8ueYF6jPP9qGD59bobQ9g,24,Planned maintenance,SE_3,SE_2,MAW,A03,2024-06-10 11:59:00+02:00,2024-06-23 23:59:00+02:00,PT1M,360,5900,se2_se3,True
2025-11-08 01:05:45+00:00,,s8ueYF6jPP9qGD59bobQ9g,24,Planned maintenance,SE_3,SE_2,MAW,A03,2024-06-10 06:00:00+02:00,2024-06-10 11:59:00+02:00,PT1M,1,4700,se2_se3,True
2025-11-08 01:13:26+00:00,Cancelled,KeDw8dcjANVktaz0grl2Wg,3,Planned maintenance,NO_1,SE_3,MAW,A03,2024-07-16 08:00:00+02:00,2024-07-19 16:00:00+02:00,PT1M,1,0,se3_no1,False
2025-11-08 01:13:27+00:00,,ypiPZIk9oGFbS_dutGXIuA,4,Planned maintenance,SE_4,SE_3,MAW,A03,2024-07-08 06:00:00+02:00,2024-10-20 17:00:00+02:00,PT1M,1,5000,se3_se4,True
2025-11-08 01:24:42+00:00,,Qtj4EXF54BTQk2zWJQJYxA,14,Planned maintenance,SE_3,FI,MAW,A03,2024-05-15 01:00:00+03:00,2024-07-22 01:00:00+03:00,PT1M,1,400,fi_se3,True
2025-11-08 01:24:43+00:00,,mkHzF4EPoy1yAIEusnvE1g,14,Planned maintenance,SE_3,SE_2,MAW,A03,2024-05-15 00:00:00+02:00,2024-07-22 00:00:00+02:00,PT1M,1,5400,se2_se3,True
2025-11-08 01:24:43+00:00,,zawmWk_bRPog9LOdAH37mw,14,Planned maintenance,SE_4,SE_3,MAW,A03,2024-05-15 00:00:00+02:00,2024-07-22 00:00:00+02:00,PT1M,1,4000,se3_se4,True
2025-11-08 01:24:43+00:00,,MNGEdh3Ys4NasfbzOymZcw,14,Planned maintenance,SE_3,NO_1,MAW,A03,2024-05-15 00:00:00+02:00,2024-07-22 00:00:00+02:00,PT1M,1,1600,no1_se3,True
2025-11-08 01:41:56+00:00,,-Jmk3nnGNDtZNLeq0MWbkA,4,Unplanned outage,SE_3,FI,MAW,A03,2024-07-18 16:00:00+03:00,2024-07-24 09:05:00+03:00,PT1M,1,800,fi_se3,True
2025-11-08 01:41:56+00:00,,mQMtfXVp5dKOMS0aWuTTpg,4,Unplanned outage,FI,SE_3,MAW,A03,2024-07-18 15:00:00+02:00,2024-07-24 08:05:00+02:00,PT1M,1,800,se3_fi,True
2025-11-08 02:11:53+00:00,,mbrD_1TJ_237WzmcJOZ-KQ,5,Planned maintenance,SE_3,FI,MAW,A03,2024-07-29 07:00:00+03:00,2024-08-02 10:30:00+03:00,PT1M,1,300,fi_se3,True
2025-11-08 02:11:53+00:00,,LpxpEERjlhag3thcBMIPYQ,5,Planned maintenance,SE_3,SE_2,MAW,A03,2024-07-29 06:00:00+02:00,2024-08-02 09:30:00+02:00,PT1M,1,5200,se2_se3,True
2025-11-08 02:11:53+00:00,,VOi6-JyQNMHK3eprLVQfHA,5,Planned maintenance,SE_4,SE_3,MAW,A03,2024-07-29 06:00:00+02:00,2024-08-02 09:30:00+02:00,PT1M,1,4200,se3_se4,True
2025-11-08 02:12:23+00:00,,mEDRTAa1ytjKtNfoUtbxdw,9,Planned maintenance,NO_1,SE_3,MAW,A03,2024-08-05 07:00:00+02:00,2024-08-16 16:00:00+02:00,PT1M,1,1395,se3_no1,True
2025-11-08 02:20:30+00:00,,tNcywPBU4EfJ6Vw0NDJ8MQ,1,Planned maintenance,SE_3,NO_1,MAW,A03,2024-08-30 06:00:00+02:00,2024-08-30 19:00:00+02:00,PT1M,1,1245,no1_se3,True
2025-11-08 02:20:30+00:00,,0h5c9ToYIgK--YUBd5pHjA,1,Planned maintenance,SE_3,NO_1,MAW,A03,2024-08-30 06:00:00+02:00,2024-08-30 19:00:00+02:00,PT1M,1,1245,no1_se3,True
2025-11-08 02:20:30+00:00,,Als7-Y8myFCzoBjqFRZFKg,2,Planned maintenance,SE_3,NO_1,MAW,A03,2024-08-19 06:00:00+02:00,2024-08-29 16:00:00+02:00,PT1M,1,1845,no1_se3,True
2025-11-08 02:24:27+00:00,Cancelled,B96iMKQg4N-b-zTaSLvgsg,2,Planned maintenance,DK_1,SE_3,MAW,A03,2024-09-03 07:00:00+02:00,2024-09-03 16:00:00+02:00,PT1M,1,300,se3_dk1,False
2025-11-08 02:28:22+00:00,,sgyNu_jWW4g2jZDCBMfCJQ,5,Planned maintenance,SE_4,SE_3,MAW,A03,2024-08-12 09:30:00+02:00,2024-08-22 16:00:00+02:00,PT1M,1,4400,se3_se4,True
2025-11-08 02:32:13+00:00,,CKGLJYdrc3epWXdc-0_TAA,4,Planned maintenance,SE_3,FI,MAW,A03,2024-08-05 07:00:00+03:00,2024-08-09 14:40:00+03:00,PT1M,1,0,fi_se3,True
2025-11-08 02:32:13+00:00,,U6i6--qEmvuNG80c3QJk2A,4,Planned maintenance,SE_4,SE_3,MAW,A03,2024-08-05 06:00:00+02:00,2024-08-09 13:40:00+02:00,PT1M,1,3500,se3_se4,True
2025-11-08 02:32:13+00:00,,mu8wpuEDvc5Af9IxzGfaNg,4,Planned maintenance,SE_3,SE_2,MAW,A03,2024-08-05 06:00:00+02:00,2024-08-09 13:40:00+02:00,PT1M,1,5100,se2_se3,True
2025-11-08 02:32:13+00:00,,lgqJTPeVENpx8D8zYTpLPA,4,Planned maintenance,SE_3,SE_2,MAW,A03,2024-08-05 06:00:00+02:00,2024-08-09 13:40:00+02:00,PT1M,1,5100,se2_se3,True
2025-11-08 02:32:13+00:00,,wle1LBysObGiZ77IhUr-Ow,4,Planned maintenance,SE_4,SE_3,MAW,A03,2024-08-05 06:00:00+02:00,2024-08-09 13:40:00+02:00,PT1M,1,3500,se3_se4,True
2025-11-08 02:32:13+00:00,,7OQ_xS4CdyRO6k4XvEnquA,4,Planned maintenance,SE_3,FI,MAW,A03,2024-08-05 07:00:00+03:00,2024-08-09 14:40:00+03:00,PT1M,1,0,fi_se3,True
2025-11-08 02:35:38+00:00,,lU2f0VQoBh17CVjnTXKCnQ,6,Planned maintenance,SE_3,SE_2,MAW,A03,2024-08-05 06:00:00+02:00,2024-08-12 05:00:00+02:00,PT1M,1,5700,se2_se3,True
2025-11-08 02:38:48+00:00,,eQzzqirZsIOhVTUI0i0OwA,1,Planned maintenance,DK_1,SE_3,MAW,A03,2024-09-04 07:00:00+02:00,2024-09-04 16:00:00+02:00,PT1M,1,700,se3_dk1,True
2025-11-08 02:38:48+00:00,,Oy0KYfukVQl1VTP0vy91CQ,1,Planned maintenance,SE_3,DK_1,MAW,A03,2024-09-04 07:00:00+02:00,2024-09-04 16:00:00+02:00,PT1M,1,700,dk1_se3,True
2025-11-08 02:42:22+00:00,Cancelled,LqmoJqdsx7kj4XT-BaT0iQ,2,Planned maintenance,SE_3,NO_1,MAW,A03,2024-08-15 05:00:00+02:00,2024-08-15 18:00:00+02:00,PT1M,1,850,no1_se3,False
2025-11-08 02:42:22+00:00,Cancelled,mVT-Rfs10FXCR1S1XIqLag,2,Planned maintenance,NO_1,SE_3,MAW,A03,2024-08-15 05:00:00+02:00,2024-08-15 18:00:00+02:00,PT1M,1,850,se3_no1,False
2025-11-08 02:45:43+00:00,,zIjr1V3RjtTcnHcjtvsPKQ,2,Planned maintenance,SE_4,SE_3,MAW,A03,2024-08-21 06:00:00+02:00,2024-08-21 16:00:00+02:00,PT1M,1,4000,se3_se4,True
2025-11-08 02:45:43+00:00,,zumsXkTj1XAWaUGMV5yjng,2,Planned maintenance,SE_3,FI,MAW,A03,2024-08-21 07:00:00+03:00,2024-08-21 17:00:00+03:00,PT1M,1,100,fi_se3,True
2025-11-08 02:45:43+00:00,,Fa6LjlT7x_di2AoFZefwGw,2,Planned maintenance,SE_3,SE_2,MAW,A03,2024-08-21 06:00:00+02:00,2024-08-21 16:00:00+02:00,PT1M,1,5500,se2_se3,True
2025-11-08 02:45:43+00:00,,R6PwZe2SeFlsf-Lks64ZPg,2,Planned maintenance,SE_3,FI,MAW,A03,2024-08-21 07:00:00+03:00,2024-08-21 17:00:00+03:00,PT1M,1,100,fi_se3,True
2025-11-08 02:45:43+00:00,,sYg3m38CaLyvuIJ0M1J7Ng,2,Planned maintenance,SE_3,SE_2,MAW,A03,2024-08-21 06:00:00+02:00,2024-08-21 16:00:00+02:00,PT1M,1,5500,se2_se3,True
2025-11-08 02:45:43+00:00,,q75D7j1a5DAMAw61XdXPxQ,2,Planned maintenance,SE_4,SE_3,MAW,A03,2024-08-21 06:00:00+02:00,2024-08-21 16:00:00+02:00,PT1M,1,4000,se3_se4,True
2025-11-08 02:48:33+00:00,Cancelled,sOAHC1nXF6Pi0MNmm4YVvw,3,Planned maintenance,NO_1,SE_3,MAW,A03,2024-08-19 07:00:00+02:00,2024-08-24 17:00:00+02:00,PT1M,1,1395,se3_no1,False
2025-11-08 02:48:47+00:00,,CCLSd7jExFLyKiMVFV70Ng,3,Planned maintenance,SE_3,SE_2,MAW,A03,2024-08-12 06:00:00+02:00,2024-08-19 19:00:00+02:00,PT1M,1,6000,se2_se3,True
2025-11-08 02:58:56+00:00,,YqyJvEB_bzQ1XUdf9jxyEQ,5,Planned maintenance,SE_3,SE_2,MAW,A03,2024-09-17 06:00:00+02:00,2024-09-17 22:00:00+02:00,PT1M,1,5800,se2_se3,True
2025-11-08 02:58:56+00:00,Cancelled,XZGnweewLkc37uIkzoNWuA,4,Planned maintenance,SE_3,FI,MAW,A03,2024-09-17 07:00:00+03:00,2024-09-17 17:59:00+03:00,PT1M,1,600,fi_se3,False
2025-11-08 02:58:56+00:00,,nMJBev4kZz_J4_3KvKL6MA,5,Planned maintenance,SE_3,FI,MAW,A03,2024-09-17 07:00:00+03:00,2024-09-17 23:00:00+03:00,PT1M,1,600,fi_se3,True
2025-11-08 02:58:56+00:00,Cancelled,XZGnweewLkc37uIkzoNWuA,4,Planned maintenance,SE_3,FI,MAW,A03,2024-09-17 17:59:00+03:00,2024-09-20 18:00:00+03:00,PT1M,660,300,fi_se3,False
2025-11-08 02:58:56+00:00,,Qj-oIiHYnoUyzcjyCDe29A,5,Planned maintenance,SE_4,SE_3,MAW,A03,2024-09-17 06:00:00+02:00,2024-09-17 22:00:00+02:00,PT1M,1,4600,se3_se4,True
2025-11-08 02:58:57+00:00,,J-U7wf_WVKKbKS-cc91K9g,4,Planned maintenance,SE_3,SE_2,MAW,A03,2024-09-17 06:00:00+02:00,2024-09-17 22:00:00+02:00,PT1M,1,5800,se2_se3,True
2025-11-08 02:58:57+00:00,Cancelled,1QAGTb7s6V9HrLspoUMyMw,4,Planned maintenance,SE_4,SE_3,MAW,A03,2024-09-17 16:59:00+02:00,2024-09-20 17:00:00+02:00,PT1M,660,3900,se3_se4,False
2025-11-08 02:58:57+00:00,,35K3FfR00VpAF7Wk2a8-lw,4,Planned maintenance,SE_4,SE_3,MAW,A03,2024-09-17 06:00:00+02:00,2024-09-17 22:00:00+02:00,PT1M,1,4600,se3_se4,True
2025-11-08 02:58:57+00:00,Cancelled,JQM0xDMwmuTMcMA4tYVO4A,4,Planned maintenance,SE_3,SE_2,MAW,A03,2024-09-17 06:00:00+02:00,2024-09-17 16:59:00+02:00,PT1M,1,5800,se2_se3,False
2025-11-08 02:58:57+00:00,Cancelled,JQM0xDMwmuTMcMA4tYVO4A,4,Planned maintenance,SE_3,SE_2,MAW,A03,2024-09-17 16:59:00+02:00,2024-09-20 17:00:00+02:00,PT1M,660,5700,se2_se3,False
2025-11-08 02:58:57+00:00,,2CBFkwzEgApvA5HXCGk2YA,4,Planned maintenance,SE_4,SE_3,MAW,A03,2024-09-17 06:00:00+02:00,2024-09-17 22:00:00+02:00,PT1M,1,4600,se3_se4,True
2025-11-08 02:58:57+00:00,Cancelled,1QAGTb7s6V9HrLspoUMyMw,4,Planned maintenance,SE_4,SE_3,MAW,A03,2024-09-17 06:00:00+02:00,2024-09-17 16:59:00+02:00,PT1M,1,4600,se3_se4,False
2025-11-08 02:58:57+00:00,,6zJPm-7FWMpfK9pTbKzFdA,4,Planned maintenance,SE_3,FI,MAW,A03,2024-09-17 07:00:00+03:00,2024-09-17 23:00:00+03:00,PT1M,1,600,fi_se3,True
2025-11-08 02:58:57+00:00,,QQeE-Gi2dZxXjj9hMN-Bdw,4,Planned maintenance,SE_3,FI,MAW,A03,2024-09-17 07:00:00+03:00,2024-09-17 23:00:00+03:00,PT1M,1,600,fi_se3,True
2025-11-08 02:58:57+00:00,,l7lwJsRoWOQ_J5N2gw3_Ew,4,Planned maintenance,SE_3,SE_2,MAW,A03,2024-09-17 06:00:00+02:00,2024-09-17 22:00:00+02:00,PT1M,1,5800,se2_se3,True
2025-11-08 02:59:10+00:00,,zb7ZHFF6JItnI65l9zSnsQ,2,Planned maintenance,SE_3,SE_2,MAW,A03,2024-09-02 06:00:00+02:00,2024-09-02 20:00:00+02:00,PT1M,1,6900,se2_se3,True
2025-11-08 03:01:54+00:00,,nSp65IhyD2O4rGEc4cToPw,8,Planned maintenance,SE_3,SE_2,MAW,A03,2024-08-28 06:00:00+02:00,2024-09-01 23:00:00+02:00,PT1M,1,5500,se2_se3,True
2025-11-08 03:01:54+00:00,,9lQI-z6VOV-P-mYDR5uE7w,6,Planned maintenance,SE_3,FI,MAW,A03,2024-08-28 07:00:00+03:00,2024-09-02 00:00:00+03:00,PT1M,1,0,fi_se3,True
2025-11-08 03:03:37+00:00,,PITjvIgyNa9lB6KRmwepCg,6,Planned maintenance,SE_4,SE_3,MAW,A03,2024-08-27 07:00:00+02:00,2024-08-27 23:59:00+02:00,PT1M,1,3900,se3_se4,True
2025-11-08 03:03:37+00:00,,PITjvIgyNa9lB6KRmwepCg,6,Planned maintenance,SE_4,SE_3,MAW,A03,2024-08-27 23:59:00+02:00,2024-08-29 08:00:00+02:00,PT1M,1020,4100,se3_se4,True
2025-11-08 03:03:37+00:00,,6D334rW6v6SG_Pm3y0eT4g,5,Planned maintenance,SE_3,SE_2,MAW,A03,2024-08-27 07:00:00+02:00,2024-08-29 08:00:00+02:00,PT1M,1,5500,se2_se3,True
2025-11-08 03:03:37+00:00,,sNJxI5dyY3XfN-kFMitRsg,3,Planned maintenance,SE_3,FI,MAW,A03,2024-08-27 08:00:00+03:00,2024-08-29 09:00:00+03:00,PT1M,1,300,fi_se3,True
2025-11-08 03:05:23+00:00,,uFl6gLyynar2I-gIBnnnsQ,4,Planned maintenance,DK_1,SE_3,MAW,A03,2024-08-20 23:59:00+02:00,2024-08-30 07:36:00+02:00,PT1M,22620,40,se3_dk1,True
2025-11-08 03:05:23+00:00,,uFl6gLyynar2I-gIBnnnsQ,4,Planned maintenance,DK_1,SE_3,MAW,A03,2024-08-05 07:00:00+02:00,2024-08-20 23:59:00+02:00,PT1M,1,220,se3_dk1,True
2025-11-08 03:05:23+00:00,,ltreTwS4-pOoO-jg2_e7yw,4,Planned maintenance,SE_3,DK_1,MAW,A03,2024-08-05 07:00:00+02:00,2024-08-30 07:36:00+02:00,PT1M,1,265,dk1_se3,True
2025-11-08 03:07:07+00:00,,PChZvP0xUUF7u3CPM4gSBQ,3,Planned maintenance,NO_1,SE_3,MAW,A03,2024-08-27 07:00:00+02:00,2024-08-31 19:26:00+02:00,PT1M,1,1395,se3_no1,True
2025-11-08 03:14:48+00:00,,9zPFX1wgKeDs5tHbG3Bn1A,5,Planned maintenance,SE_3,DK_1,MAW,A03,2024-09-02 07:00:00+02:00,2024-09-04 16:40:00+02:00,PT1M,1,700,dk1_se3,True
2025-11-08 03:14:48+00:00,,WulgJM1KvQwdLqXAq0nsfg,5,Planned maintenance,DK_1,SE_3,MAW,A03,2024-09-02 07:00:00+02:00,2024-09-04 16:40:00+02:00,PT1M,1,700,se3_dk1,True
2025-11-08 03:21:04+00:00,,nwk8kWLrVMLWHKg1rxblpQ,3,Planned maintenance,SE_3,SE_4,MAW,A03,2024-09-02 06:00:00+02:00,2024-09-09 17:00:00+02:00,PT1M,1,1900,se4_se3,True
2025-11-08 03:21:04+00:00,,9jALIhBp7DklGFH_Ytvjfg,4,Planned maintenance,SE_4,SE_3,MAW,A03,2024-09-08 18:59:00+02:00,2024-09-09 17:00:00+02:00,PT1M,9420,4100,se3_se4,True
2025-11-08 03:21:04+00:00,,9jALIhBp7DklGFH_Ytvjfg,4,Planned maintenance,SE_4,SE_3,MAW,A03,2024-09-02 06:00:00+02:00,2024-09-08 18:59:00+02:00,PT1M,1,4900,se3_se4,True
2025-11-08 03:21:08+00:00,,BFaE6UUq-FAwBVyaUvT3FQ,10,Planned maintenance,SE_3,FI,MAW,A03,2024-09-01 08:00:00+03:00,2024-09-08 20:00:00+03:00,PT1M,1,0,fi_se3,True
2025-11-08 03:21:08+00:00,,PxS4yxJZOGpGiXd8mhQCKQ,10,Planned maintenance,SE_4,SE_3,MAW,A03,2024-09-01 07:00:00+02:00,2024-09-08 19:00:00+02:00,PT1M,1,3500,se3_se4,True
2025-11-08 03:21:08+00:00,,b1dLc9eFSJYoox9xwFq2PQ,10,Planned maintenance,SE_3,SE_2,MAW,A03,2024-09-01 07:00:00+02:00,2024-09-08 19:00:00+02:00,PT1M,1,5300,se2_se3,True
2025-11-08 03:24:59+00:00,,oa7kBoDzOFdnuzymhXZYbw,3,Planned maintenance,SE_3,NO_1,MAW,A03,2024-09-10 06:00:00+02:00,2024-09-10 18:00:00+02:00,PT1M,1,700,no1_se3,True
2025-11-08 03:24:59+00:00,,htYEE1Nf7rN4dpkt0VqQbA,2,Planned maintenance,SE_3,NO_1,MAW,A03,2024-09-10 06:00:00+02:00,2024-09-10 18:00:00+02:00,PT1M,1,700,no1_se3,True
2025-11-08 03:26:19+00:00,Cancelled,E-BegbVclSbLQPd61MzzQg,3,Planned maintenance,SE_3,SE_2,MAW,A03,2024-10-10 06:00:00+02:00,2024-10-10 18:00:00+02:00,PT1M,1,7000,se2_se3,False
2025-11-08 03:26:26+00:00,,U_iKy3FZqsMVe7Ppyiyp2w,3,Planned maintenance,SE_4,SE_3,MAW,A03,2024-09-18 09:00:00+02:00,2024-09-19 15:00:00+02:00,PT1M,1,4600,se3_se4,True
2025-11-08 03:27:37+00:00,,8cp6CrebX6GJIpZxdSJHgg,12,Planned maintenance,SE_4,SE_3,MAW,A03,2024-08-15 00:00:00+02:00,2024-09-18 23:59:00+02:00,PT1M,1,4000,se3_se4,True
2025-11-08 03:27:37+00:00,,vhyN_QGieJbj0LLvog5TVQ,12,Planned maintenance,SE_3,FI,MAW,A03,2024-09-01 16:59:00+03:00,2024-09-19 00:59:00+03:00,PT1M,25440,400,fi_se3,True
2025-11-08 03:27:37+00:00,,vhyN_QGieJbj0LLvog5TVQ,12,Planned maintenance,SE_3,FI,MAW,A03,2024-08-15 01:00:00+03:00,2024-09-01 16:59:00+03:00,PT1M,1,100,fi_se3,True
2025-11-08 03:27:37+00:00,,i_0apsLlKAbMH9UyVoBu7A,12,Planned maintenance,SE_3,NO_1,MAW,A03,2024-08-15 00:00:00+02:00,2024-09-18 23:59:00+02:00,PT1M,1,1450,no1_se3,True
2025-11-08 03:27:37+00:00,,v1pLbIVZPzkl_XjHExz6kg,12,Planned maintenance,SE_3,SE_2,MAW,A03,2024-08-15 00:00:00+02:00,2024-09-18 23:59:00+02:00,PT1M,1,5700,se2_se3,True
2025-11-08 03:29:28+00:00,Cancelled,n2nYebky7BOiunv_o-LLXQ,7,Planned maintenance,SE_3,FI,MAW,A03,2024-09-14 07:00:00+03:00,2024-09-28 18:00:00+03:00,PT1M,1,0,fi_se3,False
2025-11-08 03:29:28+00:00,Cancelled,-6Ak74CQXlsvboswWKQoQw,7,Planned maintenance,FI,SE_3,MAW,A03,2024-09-14 06:00:00+02:00,2024-09-28 17:00:00+02:00,PT1M,1,0,se3_fi,False
2025-11-08 03:29:28+00:00,Cancelled,cXcCp1Dc9yM35tpV4YILWA,7,Planned maintenance,SE_3,SE_2,MAW,A03,2024-09-14 06:00:00+02:00,2024-09-28 17:00:00+02:00,PT1M,1,0,se2_se3,False
2025-11-08 03:33:15+00:00,,2wDpWZNUq-SAb2nGMPlOyg,3,Planned maintenance,SE_3,NO_1,MAW,A03,2024-09-16 08:30:00+02:00,2024-09-16 16:55:00+02:00,PT1M,1,1245,no1_se3,True
2025-11-08 03:35:13+00:00,,lC9ypCfiyQEJ6ML8l17vEg,2,Unplanned outage,SE_3,DK_1,MAW,A03,2024-09-17 19:30:00+02:00,2024-09-17 21:05:00+02:00,PT1M,1,345,dk1_se3,True
2025-11-08 03:35:13+00:00,,PamHaQ-9CtJ8HU_y2Kn3oQ,2,Unplanned outage,DK_1,SE_3,MAW,A03,2024-09-17 19:30:00+02:00,2024-09-17 21:05:00+02:00,PT1M,1,345,se3_dk1,True
2025-11-08 03:35:24+00:00,,fcbE2IOCh_ox6AR23U1FKw,2,Planned maintenance,SE_3,DK_1,MAW,A03,2024-10-06 08:00:00+02:00,2024-10-06 18:00:00+02:00,PT1M,1,0,dk1_se3,True
2025-11-08 03:35:24+00:00,,csbPGOMsv9VgwCxUFS9Y4w,2,Planned maintenance,SE_3,DK_1,MAW,A03,2024-10-06 08:00:00+02:00,2024-10-06 18:00:00+02:00,PT1M,1,0,dk1_se3,True
2025-11-08 03:35:24+00:00,,ckakT96y__A0dYWyR_Lo1w,2,Planned maintenance,SE_3,DK_1,MAW,A03,2024-10-06 08:00:00+02:00,2024-10-06 18:00:00+02:00,PT1M,1,0,dk1_se3,True
2025-11-08 03:35:24+00:00,,ZHrqNua68huin8vM3bLJcw,2,Planned maintenance,SE_3,DK_1,MAW,A03,2024-10-06 08:00:00+02:00,2024-10-06 18:00:00+02:00,PT1M,1,0,dk1_se3,True
2025-11-08 03:35:26+00:00,,pF0Ogl4ENB1waCX2aQt0Ew,2,Planned maintenance,DK_1,SE_3,MAW,A03,2024-10-06 08:00:00+02:00,2024-10-06 18:00:00+02:00,PT1M,1,0,se3_dk1,True
2025-11-08 03:35:26+00:00,,UDa8Xh1m6cZ4KqGj3sPrYA,2,Planned maintenance,DK_1,SE_3,MAW,A03,2024-10-06 08:00:00+02:00,2024-10-06 18:00:00+02:00,PT1M,1,0,se3_dk1,True
2025-11-08 03:35:26+00:00,,pXndHA2LppYs4eDua7N2rw,2,Planned maintenance,DK_1,SE_3,MAW,A03,2024-10-06 08:00:00+02:00,2024-10-06 18:00:00+02:00,PT1M,1,0,se3_dk1,True
2025-11-08 03:35:26+00:00,,jXsZ31FzM3z5qsf4UZh8xg,2,Planned maintenance,DK_1,SE_3,MAW,A03,2024-10-06 08:00:00+02:00,2024-10-06 18:00:00+02:00,PT1M,1,0,se3_dk1,True
2025-11-08 03:36:55+00:00,Cancelled,JswxUSIzDdNzl1xGh068gA,2,Planned maintenance,SE_3,FI,MAW,A03,2024-09-23 07:00:00+03:00,2024-09-30 00:00:00+03:00,PT1M,1,0,fi_se3,False
2025-11-08 03:36:55+00:00,,XqNeMRkhiPmbIsMrJR40ZA,2,Planned maintenance,SE_3,SE_2,MAW,A03,2024-09-23 06:00:00+02:00,2024-09-29 23:00:00+02:00,PT1M,1,6900,se2_se3,True
2025-11-08 03:36:55+00:00,,gOQQ5adNqRKjPJEC7CXJ0Q,2,Planned maintenance,SE_4,SE_3,MAW,A03,2024-09-23 06:00:00+02:00,2024-09-29 23:00:00+02:00,PT1M,1,4900,se3_se4,True
2025-11-08 03:37:07+00:00,,-ZAbSMo7gFNqlgi70kq2Dg,2,Unplanned outage,SE_3,FI,MAW,A03,2024-09-19 15:15:00+03:00,2024-09-19 19:13:00+03:00,PT1M,1,0,fi_se3,True
2025-11-08 03:37:07+00:00,,mIq6gjDyqYL6VYDtnofoOw,2,Unplanned outage,FI,SE_3,MAW,A03,2024-09-19 14:15:00+02:00,2024-09-19 18:13:00+02:00,PT1M,1,0,se3_fi,True
2025-11-08 03:37:56+00:00,,oF29Pz-MmHWIak_WQEg-mQ,3,Planned maintenance,SE_4,SE_3,MAW,A03,2024-09-23 08:00:00+02:00,2024-10-03 16:00:00+02:00,PT1M,1,5200,se3_se4,True
2025-11-08 03:38:04+00:00,,EDgOitf9_kNvnOWA1fRg0g,2,Planned maintenance,SE_3,FI,MAW,A03,2024-09-17 23:00:00+03:00,2024-09-20 14:00:00+03:00,PT1M,1,600,fi_se3,True
2025-11-08 03:38:04+00:00,,1x57_umFy26GOdT2kXlKiQ,2,Planned maintenance,SE_4,SE_3,MAW,A03,2024-09-17 22:00:00+02:00,2024-09-20 13:00:00+02:00,PT1M,1,4900,se3_se4,True
2025-11-08 03:38:04+00:00,,hXM9Li9JH9gOtzTgRzGE1Q,2,Planned maintenance,SE_3,SE_2,MAW,A03,2024-09-17 22:00:00+02:00,2024-09-20 13:00:00+02:00,PT1M,1,5800,se2_se3,True
2025-11-08 03:38:22+00:00,,Cv-O0QgWbUr_jdtbV0cbJw,2,Unplanned outage,SE_3,FI,MAW,A03,2024-09-20 15:52:00+03:00,2024-09-20 19:00:00+03:00,PT1M,1,0,fi_se3,True
2025-11-08 03:38:22+00:00,,GuhEPPxvqVhpX_T4xFhq8Q,2,Unplanned outage,FI,SE_3,MAW,A03,2024-09-20 14:52:00+02:00,2024-09-20 18:00:00+02:00,PT1M,1,0,se3_fi,True
2025-11-08 03:44:51+00:00,Cancelled,AjpwKmQG0YJPs9-ebmzBSA,3,Planned maintenance,DK_1,SE_3,MAW,A03,2024-10-04 06:00:00+02:00,2024-10-04 17:00:00+02:00,PT1M,1,600,se3_dk1,False
2025-11-08 03:44:52+00:00,Cancelled,V9VaQgrOYmDSBCVADL_ULA,3,Planned maintenance,DK_1,SE_3,MAW,A03,2024-10-04 06:00:00+02:00,2024-10-04 17:00:00+02:00,PT1M,1,600,se3_dk1,False
2025-11-08 03:44:52+00:00,Cancelled,DcnbVoDJVBXjAxBkDdtU_A,3,Planned maintenance,SE_4,SE_3,MAW,A03,2024-10-21 06:00:00+02:00,2024-10-25 17:00:00+02:00,PT1M,1,4400,se3_se4,False
2025-11-08 03:44:52+00:00,Cancelled,Nes0UC5auP7eKX0jXiku9g,3,Planned maintenance,SE_3,FI,MAW,A03,2024-10-21 07:00:00+03:00,2024-10-25 18:00:00+03:00,PT1M,1,400,fi_se3,False
2025-11-08 03:44:52+00:00,Cancelled,CqpoG7D8p3mPrs3UYvRJkA,3,Planned maintenance,SE_3,SE_2,MAW,A03,2024-10-21 06:00:00+02:00,2024-10-25 17:00:00+02:00,PT1M,1,6300,se2_se3,False
2025-11-08 03:45:17+00:00,,2so5QaXk680quzwY7AMRRA,1,Planned maintenance,SE_3,SE_4,MAW,A03,2024-11-18 06:00:00+01:00,2024-11-21 17:00:00+01:00,PT1M,1,2400,se4_se3,True
2025-11-08 03:45:17+00:00,,ODJB6fYD3fqEHF_-tuQHEg,1,Planned maintenance,SE_4,SE_3,MAW,A03,2024-11-18 06:00:00+01:00,2024-11-21 17:00:00+01:00,PT1M,1,5800,se3_se4,True
2025-11-08 03:46:15+00:00,,Azl6icBLUPhcgksvrN_EmA,6,Planned maintenance,NO_1,SE_3,MAW,A03,2024-09-09 07:00:00+02:00,2024-09-25 23:59:00+02:00,PT1M,1,1395,se3_no1,True
2025-11-08 03:46:15+00:00,,Ha-49ELJ9yLZqFZXVcn1xw,5,Planned maintenance,NO_1,SE_3,MAW,A03,2024-09-09 07:00:00+02:00,2024-09-25 23:59:00+02:00,PT1M,1,1395,se3_no1,True
2025-11-08 03:46:15+00:00,,Ha-49ELJ9yLZqFZXVcn1xw,5,Planned maintenance,NO_1,SE_3,MAW,A03,2024-09-25 23:59:00+02:00,2024-09-27 11:24:00+02:00,PT1M,24060,1795,se3_no1,True
2025-11-08 03:46:15+00:00,,Azl6icBLUPhcgksvrN_EmA,6,Planned maintenance,NO_1,SE_3,MAW,A03,2024-09-25 23:59:00+02:00,2024-09-27 11:24:00+02:00,PT1M,24060,1795,se3_no1,True
2025-11-08 03:47:32+00:00,,1cRt36SeO_7t8Tm-wQJa_A,15,Planned maintenance,FI,SE_3,MAW,A03,2024-09-14 06:00:00+02:00,2024-09-28 18:15:00+02:00,PT1M,1,800,se3_fi,True
2025-11-08 03:47:32+00:00,,qzSeaqSxz-yyXl42xdtotg,11,Planned maintenance,FI,SE_3,MAW,A03,2024-09-14 06:00:00+02:00,2024-09-28 18:15:00+02:00,PT1M,1,800,se3_fi,True
2025-11-08 03:47:33+00:00,,qkOd4on3g_NxiIV6-92rIg,16,Planned maintenance,SE_3,SE_2,MAW,A03,2024-09-14 06:00:00+02:00,2024-09-28 18:15:00+02:00,PT1M,1,7000,se2_se3,True
2025-11-08 03:47:33+00:00,,WxHavlz30dVKX69OE9jpMQ,11,Planned maintenance,SE_3,FI,MAW,A03,2024-09-14 07:00:00+03:00,2024-09-28 19:15:00+03:00,PT1M,1,0,fi_se3,True
2025-11-08 03:47:33+00:00,,30oWyx7xUTBDjPePNQfk6g,4,Planned maintenance,SE_3,FI,MAW,A03,2024-09-14 07:00:00+03:00,2024-09-28 19:15:00+03:00,PT1M,1,0,fi_se3,True
2025-11-08 03:47:33+00:00,,F-ujfVfhmR52rsrsYeLekg,4,Planned maintenance,SE_3,SE_2,MAW,A03,2024-09-14 06:00:00+02:00,2024-09-28 18:15:00+02:00,PT1M,1,7000,se2_se3,True
2025-11-08 03:47:33+00:00,,wz592eCPfo_v7iPpoOwBxQ,15,Planned maintenance,SE_3,FI,MAW,A03,2024-09-14 07:00:00+03:00,2024-09-28 19:15:00+03:00,PT1M,1,0,fi_se3,True
2025-11-08 03:47:33+00:00,,-TTmyvzy4xG7xStE395Tkg,4,Planned maintenance,SE_3,SE_2,MAW,A03,2024-09-14 06:00:00+02:00,2024-09-28 18:15:00+02:00,PT1M,1,7000,se2_se3,True
2025-11-08 03:47:33+00:00,,zN1N1ExL-rOAdlPs-82rNA,4,Planned maintenance,FI,SE_3,MAW,A03,2024-09-14 06:00:00+02:00,2024-09-28 18:15:00+02:00,PT1M,1,800,se3_fi,True
2025-11-08 03:47:33+00:00,,3MfmV3XMn0s_Csagtjf57A,4,Planned maintenance,FI,SE_3,MAW,A03,2024-09-14 06:00:00+02:00,2024-09-28 18:15:00+02:00,PT1M,1,800,se3_fi,True
2025-11-08 03:47:33+00:00,,dSV-f7tAp5zyBPRRD8kMDw,4,Planned maintenance,SE_3,FI,MAW,A03,2024-09-14 07:00:00+03:00,2024-09-28 19:15:00+03:00,PT1M,1,0,fi_se3,True
2025-11-08 03:47:33+00:00,,QAWX__S2R4TKFDLD2cgT4Q,11,Planned maintenance,SE_3,SE_2,MAW,A03,2024-09-14 06:00:00+02:00,2024-09-28 18:15:00+02:00,PT1M,1,7000,se2_se3,True
2025-11-08 03:49:24+00:00,Cancelled,bcdl-9elS4K26lXNpVoXvw,2,Planned maintenance,SE_4,SE_3,MAW,A03,2024-10-08 06:00:00+02:00,2024-10-09 17:00:00+02:00,PT1M,1,4500,se3_se4,False
2025-11-08 03:51:04+00:00,,h7KT8ihtrC2Bdk-qberRpQ,5,Planned maintenance,SE_3,SE_2,MAW,A03,2024-10-03 06:00:00+02:00,2024-10-03 17:00:00+02:00,PT1M,1,5800,se2_se3,True
2025-11-08 03:51:04+00:00,,nl60l94P1uaTo5OEdz2hsA,5,Planned maintenance,SE_3,FI,MAW,A03,2024-10-03 07:00:00+03:00,2024-10-03 18:00:00+03:00,PT1M,1,0,fi_se3,True
2025-11-08 03:51:05+00:00,,xfRvq4rSx84lLYqDkgHmVw,2,Planned maintenance,SE_4,SE_3,MAW,A03,2024-10-03 06:00:00+02:00,2024-10-03 17:00:00+02:00,PT1M,1,4400,se3_se4,True
2025-11-08 03:52:12+00:00,,fY-2qTTSn9iuLtLYkhrbvw,3,Planned maintenance,SE_3,DK_1,MAW,A03,2024-09-30 06:00:00+02:00,2024-10-04 10:45:00+02:00,PT1M,1,700,dk1_se3,True
2025-11-08 03:52:12+00:00,,KzKZyND1_CAmLeSOfGdlgg,3,Planned maintenance,DK_1,SE_3,MAW,A03,2024-09-30 06:00:00+02:00,2024-10-04 10:45:00+02:00,PT1M,1,700,se3_dk1,True
2025-11-08 03:52:15+00:00,,wDkG0jp8VfpqUIZkxhWL4A,2,Planned maintenance,SE_3,DK_1,MAW,A03,2024-09-09 07:00:00+02:00,2024-10-03 13:00:00+02:00,PT1M,1,310,dk1_se3,True
2025-11-08 03:52:15+00:00,,UcMOlrVchBH_TC15Ax6fVA,2,Planned maintenance,DK_1,SE_3,MAW,A03,2024-09-09 07:00:00+02:00,2024-10-03 13:00:00+02:00,PT1M,1,40,se3_dk1,True
2025-11-08 03:52:20+00:00,Cancelled,_nO0Mnn2afcW_ciVrYNckQ,2,Planned maintenance,SE_3,NO_1,MAW,A03,2024-10-08 07:00:00+02:00,2024-10-10 16:00:00+02:00,PT1M,1,0,no1_se3,False
2025-11-08 03:53:15+00:00,,vAGrJrB5juZcl1FilNxZ4A,1,Planned maintenance,SE_3,DK_1,MAW,A03,2024-11-20 06:59:00+01:00,2024-11-20 18:00:00+01:00,PT1M,2880,500,dk1_se3,True
2025-11-08 03:53:15+00:00,,vAGrJrB5juZcl1FilNxZ4A,1,Planned maintenance,SE_3,DK_1,MAW,A03,2024-11-19 17:59:00+01:00,2024-11-20 06:59:00+01:00,PT1M,2100,715,dk1_se3,True
2025-11-08 03:53:15+00:00,,vAGrJrB5juZcl1FilNxZ4A,1,Planned maintenance,SE_3,DK_1,MAW,A03,2024-11-18 17:59:00+01:00,2024-11-19 06:59:00+01:00,PT1M,660,715,dk1_se3,True
2025-11-08 03:53:15+00:00,,vAGrJrB5juZcl1FilNxZ4A,1,Planned maintenance,SE_3,DK_1,MAW,A03,2024-11-19 06:59:00+01:00,2024-11-19 17:59:00+01:00,PT1M,1440,500,dk1_se3,True
2025-11-08 03:53:15+00:00,,vAGrJrB5juZcl1FilNxZ4A,1,Planned maintenance,SE_3,DK_1,MAW,A03,2024-11-18 07:00:00+01:00,2024-11-18 17:59:00+01:00,PT1M,1,500,dk1_se3,True
2025-11-08 03:53:40+00:00,,OM105ds0BPKxxquwcAtBAA,8,Planned maintenance,DK_1,SE_3,MAW,A03,2024-10-04 15:59:00+02:00,2024-10-04 17:00:00+02:00,PT1M,16440,345,se3_dk1,True
2025-11-08 03:53:40+00:00,,iOHosYmzg4Buz4s7e4hvdA,8,Planned maintenance,SE_3,DK_1,MAW,A03,2024-10-04 15:59:00+02:00,2024-10-04 17:00:00+02:00,PT1M,16440,345,dk1_se3,True
2025-11-08 03:53:40+00:00,,iOHosYmzg4Buz4s7e4hvdA,8,Planned maintenance,SE_3,DK_1,MAW,A03,2024-10-04 05:59:00+02:00,2024-10-04 15:59:00+02:00,PT1M,15840,0,dk1_se3,True
2025-11-08 03:53:40+00:00,,wZfr69R1cdH6BvsMD-mW_g,8,Planned maintenance,SE_3,DK_1,MAW,A03,2024-10-04 15:59:00+02:00,2024-10-04 17:00:00+02:00,PT1M,16440,345,dk1_se3,True
2025-11-08 03:53:40+00:00,,OM105ds0BPKxxquwcAtBAA,8,Planned maintenance,DK_1,SE_3,MAW,A03,2024-09-23 06:00:00+02:00,2024-09-28 05:59:00+02:00,PT1M,1,345,se3_dk1,True
2025-11-08 03:53:40+00:00,,wZfr69R1cdH6BvsMD-mW_g,8,Planned maintenance,SE_3,DK_1,MAW,A03,2024-10-04 05:59:00+02:00,2024-10-04 15:59:00+02:00,PT1M,15840,0,dk1_se3,True
2025-11-08 03:53:40+00:00,,iOHosYmzg4Buz4s7e4hvdA,8,Planned maintenance,SE_3,DK_1,MAW,A03,2024-09-28 05:59:00+02:00,2024-09-29 23:58:00+02:00,PT1M,7200,0,dk1_se3,True
2025-11-08 03:53:40+00:00,,B4HA0HZXMDNQ1_n-PmGNGw,8,Planned maintenance,DK_1,SE_3,MAW,A03,2024-09-23 06:00:00+02:00,2024-09-28 05:59:00+02:00,PT1M,1,345,se3_dk1,True
2025-11-08 03:53:40+00:00,,B4HA0HZXMDNQ1_n-PmGNGw,8,Planned maintenance,DK_1,SE_3,MAW,A03,2024-10-04 15:59:00+02:00,2024-10-04 17:00:00+02:00,PT1M,16440,345,se3_dk1,True
2025-11-08 03:53:40+00:00,,OM105ds0BPKxxquwcAtBAA,8,Planned maintenance,DK_1,SE_3,MAW,A03,2024-09-28 05:59:00+02:00,2024-09-29 23:58:00+02:00,PT1M,7200,0,se3_dk1,True
2025-11-08 03:53:40+00:00,,B4HA0HZXMDNQ1_n-PmGNGw,8,Planned maintenance,DK_1,SE_3,MAW,A03,2024-09-29 23:58:00+02:00,2024-10-04 05:59:00+02:00,PT1M,9719,345,se3_dk1,True
2025-11-08 03:53:40+00:00,,B4HA0HZXMDNQ1_n-PmGNGw,8,Planned maintenance,DK_1,SE_3,MAW,A03,2024-10-04 05:59:00+02:00,2024-10-04 15:59:00+02:00,PT1M,15840,0,se3_dk1,True
2025-11-08 03:53:40+00:00,,OM105ds0BPKxxquwcAtBAA,8,Planned maintenance,DK_1,SE_3,MAW,A03,2024-10-04 05:59:00+02:00,2024-10-04 15:59:00+02:00,PT1M,15840,0,se3_dk1,True
2025-11-08 03:53:40+00:00,,wZfr69R1cdH6BvsMD-mW_g,8,Planned maintenance,SE_3,DK_1,MAW,A03,2024-09-23 06:00:00+02:00,2024-09-28 05:59:00+02:00,PT1M,1,345,dk1_se3,True
2025-11-08 03:53:40+00:00,,wZfr69R1cdH6BvsMD-mW_g,8,Planned maintenance,SE_3,DK_1,MAW,A03,2024-09-29 23:58:00+02:00,2024-10-04 05:59:00+02:00,PT1M,9719,345,dk1_se3,True
2025-11-08 03:53:40+00:00,,wZfr69R1cdH6BvsMD-mW_g,8,Planned maintenance,SE_3,DK_1,MAW,A03,2024-09-28 05:59:00+02:00,2024-09-29 23:58:00+02:00,PT1M,7200,0,dk1_se3,True
2025-11-08 03:53:40+00:00,,iOHosYmzg4Buz4s7e4hvdA,8,Planned maintenance,SE_3,DK_1,MAW,A03,2024-09-29 23:58:00+02:00,2024-10-04 05:59:00+02:00,PT1M,9719,345,dk1_se3,True
2025-11-08 03:53:40+00:00,,iOHosYmzg4Buz4s7e4hvdA,8,Planned maintenance,SE_3,DK_1,MAW,A03,2024-09-23 06:00:00+02:00,2024-09-28 05:59:00+02:00,PT1M,1,345,dk1_se3,True
2025-11-08 03:53:40+00:00,,OM105ds0BPKxxquwcAtBAA,8,Planned maintenance,DK_1,SE_3,MAW,A03,2024-09-29 23:58:00+02:00,2024-10-04 05:59:00+02:00,PT1M,9719,345,se3_dk1,True
2025-11-08 03:53:40+00:00,,B4HA0HZXMDNQ1_n-PmGNGw,8,Planned maintenance,DK_1,SE_3,MAW,A03,2024-09-28 05:59:00+02:00,2024-09-29 23:58:00+02:00,PT1M,7200,0,se3_dk1,True
2025-11-08 03:54:22+00:00,,zIfWeTETNBHaoawpQ0Jysw,2,Unplanned outage,DK_1,SE_3,MAW,A03,2024-10-05 02:25:00+02:00,2024-10-05 04:01:00+02:00,PT1M,1,345,se3_dk1,True
2025-11-08 03:54:22+00:00,,6VeBNRnL7WERgFT7SKdJIA,2,Unplanned outage,SE_3,DK_1,MAW,A03,2024-10-05 02:25:00+02:00,2024-10-05 04:01:00+02:00,PT1M,1,345,dk1_se3,True
2025-11-08 03:55:53+00:00,,9fZPWb5J7ZX1VCTtS6zChA,4,Planned maintenance,SE_4,SE_3,MAW,A03,2024-10-17 06:00:00+02:00,2024-10-17 19:00:00+02:00,PT1M,1,5400,se3_se4,True
2025-11-08 03:57:03+00:00,,WHeCodiPuYwv2VNGNN_fiQ,1,Planned maintenance,SE_3,NO_1,MAW,A03,2025-05-05 06:00:00+02:00,2025-05-16 16:00:00+02:00,PT1M,1,895,no1_se3,True
2025-11-08 03:57:03+00:00,,2RBYTMxKrfbXHFOV_iiIgw,1,Planned maintenance,NO_1,SE_3,MAW,A03,2025-05-05 06:00:00+02:00,2025-05-16 16:00:00+02:00,PT1M,1,1195,se3_no1,True
2025-11-08 03:58:06+00:00,,OtuobAfQgDcCrsHExENZdA,2,Planned maintenance,SE_4,SE_3,MAW,A03,2024-11-25 06:00:00+01:00,2024-11-28 17:00:00+01:00,PT1M,1,5800,se3_se4,True
2025-11-08 03:58:06+00:00,,_ENPU-_OvFy0dTe_9odJwQ,2,Planned maintenance,SE_3,SE_4,MAW,A03,2024-11-25 06:00:00+01:00,2024-11-28 17:00:00+01:00,PT1M,1,2400,se4_se3,True
2025-11-08 04:00:14+00:00,,tZhaLt-Mz-7CeUEr6eqcOQ,4,Planned maintenance,SE_3,SE_2,MAW,A03,2024-09-30 05:59:00+02:00,2024-10-11 18:00:00+02:00,PT1M,30240,6200,se2_se3,True
2025-11-08 04:00:14+00:00,,tZhaLt-Mz-7CeUEr6eqcOQ,4,Planned maintenance,SE_3,SE_2,MAW,A03,2024-09-22 23:59:00+02:00,2024-09-30 05:59:00+02:00,PT1M,19800,6900,se2_se3,True
2025-11-08 04:00:14+00:00,,aAH6f0kOZqcK2bdKxrmjNg,4,Planned maintenance,SE_3,FI,MAW,A03,2024-09-30 06:59:00+03:00,2024-10-11 19:00:00+03:00,PT1M,30240,100,fi_se3,True
2025-11-08 04:00:14+00:00,,tZhaLt-Mz-7CeUEr6eqcOQ,4,Planned maintenance,SE_3,SE_2,MAW,A03,2024-09-09 06:00:00+02:00,2024-09-22 23:59:00+02:00,PT1M,1,6400,se2_se3,True
2025-11-08 04:00:14+00:00,,aAH6f0kOZqcK2bdKxrmjNg,4,Planned maintenance,SE_3,FI,MAW,A03,2024-09-14 00:59:00+03:00,2024-09-30 06:59:00+03:00,PT1M,6840,200,fi_se3,True
2025-11-08 04:00:14+00:00,,aAH6f0kOZqcK2bdKxrmjNg,4,Planned maintenance,SE_3,FI,MAW,A03,2024-09-09 07:00:00+03:00,2024-09-14 00:59:00+03:00,PT1M,1,300,fi_se3,True
2025-11-08 04:00:46+00:00,,e8JqwS8FD1_OzMxieETjgw,2,Unplanned outage,FI,SE_3,MAW,A03,2024-10-11 16:05:00+02:00,2024-10-11 21:56:00+02:00,PT1M,1,0,se3_fi,True
2025-11-08 04:00:46+00:00,,BwSJi2Fm6TeU4Hj5p_rlIQ,2,Unplanned outage,SE_3,FI,MAW,A03,2024-10-11 17:05:00+03:00,2024-10-11 22:56:00+03:00,PT1M,1,0,fi_se3,True
2025-11-08 04:00:51+00:00,Cancelled,zPVS11hDMX0jPCh0GwoH1A,5,Planned maintenance,SE_3,SE_2,MAW,A03,2024-10-14 07:00:00+02:00,2024-10-17 17:00:00+02:00,PT1M,1,5700,se2_se3,False
2025-11-08 04:00:51+00:00,Cancelled,osX_UVGqXUFzzgz99DAIpg,2,Planned maintenance,NO_1,SE_3,MAW,A03,2024-10-14 07:00:00+02:00,2024-10-17 17:00:00+02:00,PT1M,1,850,se3_no1,False
2025-11-08 04:00:51+00:00,Cancelled,PDlecJLJAEZZp0I6pvRi2Q,5,Planned maintenance,SE_3,FI,MAW,A03,2024-10-14 08:00:00+03:00,2024-10-17 18:00:00+03:00,PT1M,1,0,fi_se3,False
2025-11-08 04:00:51+00:00,Cancelled,8IGy7qsE6o0i-Bsu5ew7RQ,5,Planned maintenance,SE_4,SE_3,MAW,A03,2024-10-14 07:00:00+02:00,2024-10-17 17:00:00+02:00,PT1M,1,4100,se3_se4,False
2025-11-08 04:02:06+00:00,,YWOmga0dzUJP-2797hQLXQ,16,Planned maintenance,FI,SE_3,MAW,A03,2024-09-28 05:59:00+02:00,2024-09-29 23:59:00+02:00,PT1M,64800,0,se3_fi,True
2025-11-08 04:02:06+00:00,,YWOmga0dzUJP-2797hQLXQ,16,Planned maintenance,FI,SE_3,MAW,A03,2024-08-14 06:00:00+02:00,2024-09-18 12:59:00+02:00,PT1M,1,600,se3_fi,True
2025-11-08 04:02:06+00:00,,YWOmga0dzUJP-2797hQLXQ,16,Planned maintenance,FI,SE_3,MAW,A03,2024-09-29 23:59:00+02:00,2024-10-15 13:00:00+02:00,PT1M,67320,400,se3_fi,True
2025-11-08 04:02:06+00:00,,0DE15sPXdlgfjT-eTVCVrA,16,Planned maintenance,SE_3,FI,MAW,A03,2024-08-14 07:00:00+03:00,2024-09-18 13:59:00+03:00,PT1M,1,600,fi_se3,True
2025-11-08 04:02:06+00:00,,0DE15sPXdlgfjT-eTVCVrA,16,Planned maintenance,SE_3,FI,MAW,A03,2024-09-30 00:59:00+03:00,2024-10-15 14:00:00+03:00,PT1M,67320,400,fi_se3,True
2025-11-08 04:02:06+00:00,,0DE15sPXdlgfjT-eTVCVrA,16,Planned maintenance,SE_3,FI,MAW,A03,2024-09-18 13:59:00+03:00,2024-09-28 06:59:00+03:00,PT1M,50820,400,fi_se3,True
2025-11-08 04:02:06+00:00,,0DE15sPXdlgfjT-eTVCVrA,16,Planned maintenance,SE_3,FI,MAW,A03,2024-09-28 06:59:00+03:00,2024-09-30 00:59:00+03:00,PT1M,64800,0,fi_se3,True
2025-11-08 04:02:06+00:00,,YWOmga0dzUJP-2797hQLXQ,16,Planned maintenance,FI,SE_3,MAW,A03,2024-09-18 12:59:00+02:00,2024-09-28 05:59:00+02:00,PT1M,50820,400,se3_fi,True
2025-11-08 04:02:07+00:00,,OOy14nj904VDkcY2GhmIyw,13,Planned maintenance,SE_3,FI,MAW,A03,2024-09-30 00:59:00+03:00,2024-10-15 00:59:00+03:00,PT1M,67320,400,fi_se3,True
2025-11-08 04:02:07+00:00,,OOy14nj904VDkcY2GhmIyw,13,Planned maintenance,SE_3,FI,MAW,A03,2024-09-28 06:59:00+03:00,2024-09-30 00:59:00+03:00,PT1M,64800,0,fi_se3,True
2025-11-08 04:02:07+00:00,,OOy14nj904VDkcY2GhmIyw,13,Planned maintenance,SE_3,FI,MAW,A03,2024-09-18 13:59:00+03:00,2024-09-28 06:59:00+03:00,PT1M,50820,400,fi_se3,True
2025-11-08 04:02:07+00:00,,OOy14nj904VDkcY2GhmIyw,13,Planned maintenance,SE_3,FI,MAW,A03,2024-08-14 07:00:00+03:00,2024-09-18 13:59:00+03:00,PT1M,1,600,fi_se3,True
2025-11-08 04:02:07+00:00,,2eEblbLf6T3Oc1NQw6kL-w,13,Planned maintenance,FI,SE_3,MAW,A03,2024-09-29 23:59:00+02:00,2024-10-15 13:00:00+02:00,PT1M,67320,400,se3_fi,True
2025-11-08 04:02:07+00:00,,2eEblbLf6T3Oc1NQw6kL-w,13,Planned maintenance,FI,SE_3,MAW,A03,2024-09-18 12:59:00+02:00,2024-09-28 05:59:00+02:00,PT1M,50820,400,se3_fi,True
2025-11-08 04:02:07+00:00,,2eEblbLf6T3Oc1NQw6kL-w,13,Planned maintenance,FI,SE_3,MAW,A03,2024-09-28 05:59:00+02:00,2024-09-29 23:59:00+02:00,PT1M,64800,0,se3_fi,True
2025-11-08 04:02:07+00:00,,2eEblbLf6T3Oc1NQw6kL-w,13,Planned maintenance,FI,SE_3,MAW,A03,2024-08-14 06:00:00+02:00,2024-09-18 12:59:00+02:00,PT1M,1,600,se3_fi,True
2025-11-08 04:02:07+00:00,,OOy14nj904VDkcY2GhmIyw,13,Planned maintenance,SE_3,FI,MAW,A03,2024-10-15 00:59:00+03:00,2024-10-15 14:00:00+03:00,PT1M,88920,200,fi_se3,True
2025-11-08 04:02:31+00:00,,1uHplLgUTlUgiCkEGNbMSg,2,Planned maintenance,SE_3,FI,MAW,A03,2024-10-14 07:00:00+03:00,2024-10-14 20:00:00+03:00,PT1M,1,200,fi_se3,True
2025-11-08 04:02:32+00:00,,n2i90DV7SSsnD40bUKjwAQ,2,Planned maintenance,SE_4,SE_3,MAW,A03,2024-10-16 06:00:00+02:00,2024-10-16 18:00:00+02:00,PT1M,1,4800,se3_se4,True
2025-11-08 04:02:32+00:00,,20zlv3yD65yD0tn8VJ6AqQ,1,Planned maintenance,SE_3,SE_2,MAW,A03,2024-10-16 06:00:00+02:00,2024-10-16 18:00:00+02:00,PT1M,1,6900,se2_se3,True
2025-11-08 04:02:32+00:00,,cou7BULl7Mzs5Ct79f2odg,2,Planned maintenance,SE_4,SE_3,MAW,A03,2024-10-16 06:00:00+02:00,2024-10-16 18:00:00+02:00,PT1M,1,4800,se3_se4,True
2025-11-08 04:02:32+00:00,,mEf8CB2gXNBf8kga1EMoGA,1,Planned maintenance,SE_3,SE_2,MAW,A03,2024-10-16 06:00:00+02:00,2024-10-16 18:00:00+02:00,PT1M,1,6900,se2_se3,True
2025-11-08 04:02:40+00:00,,Zp_nIlR9kQRfD1F7wmK_6A,1,Planned maintenance,SE_3,FI,MAW,A03,2024-10-17 07:00:00+03:00,2024-10-17 19:00:00+03:00,PT1M,1,200,fi_se3,True
2025-11-08 04:03:53+00:00,,KqJ0xGfL6N3I-xkitp-Bkg,2,Planned maintenance,SE_3,SE_4,MAW,A03,2024-11-03 18:00:00+01:00,2024-11-08 19:00:00+01:00,PT1M,1,2400,se4_se3,True
2025-11-08 04:03:53+00:00,,PQW2Q40jNaPL1PBze41vPg,2,Planned maintenance,SE_4,SE_3,MAW,A03,2024-11-03 18:00:00+01:00,2024-11-08 19:00:00+01:00,PT1M,1,5800,se3_se4,True
2025-11-08 04:03:54+00:00,Cancelled,CqRXqZDeIh68huRCNuNPfQ,3,Planned maintenance,FI,SE_3,MAW,A03,2024-10-19 21:00:00+02:00,2024-10-20 07:00:00+02:00,PT1M,1,800,se3_fi,False
2025-11-08 04:03:54+00:00,Cancelled,pe19wfCp-3t7xPe5_bVviA,3,Planned maintenance,SE_3,FI,MAW,A03,2024-10-19 22:00:00+03:00,2024-10-20 08:00:00+03:00,PT1M,1,400,fi_se3,False
2025-11-08 04:03:54+00:00,Cancelled,KhU_gksrBGW67tDiBiILkQ,3,Planned maintenance,SE_3,FI,MAW,A03,2024-10-19 22:00:00+03:00,2024-10-20 08:00:00+03:00,PT1M,1,400,fi_se3,False
2025-11-08 04:03:55+00:00,Cancelled,3Lg3PryTmvKQ2ty-mwdPDw,3,Planned maintenance,SE_3,SE_2,MAW,A03,2024-10-19 21:00:00+02:00,2024-10-20 07:00:00+02:00,PT1M,1,4100,se2_se3,False
2025-11-08 04:03:55+00:00,Cancelled,ngEgJRibRTFu20MpLLAl8Q,3,Planned maintenance,SE_3,SE_2,MAW,A03,2024-10-19 21:00:00+02:00,2024-10-20 07:00:00+02:00,PT1M,1,4100,se2_se3,False
2025-11-08 04:03:55+00:00,Cancelled,4BZQrx4u6Lt5TsMsyr5-7g,3,Planned maintenance,FI,SE_3,MAW,A03,2024-10-19 21:00:00+02:00,2024-10-20 07:00:00+02:00,PT1M,1,800,se3_fi,False
2025-11-08 04:04:57+00:00,,mQPECCB6KEALCawdzBwwdA,2,Planned maintenance,SE_3,FI,MAW,A03,2024-10-17 08:00:00+03:00,2024-10-17 15:00:00+03:00,PT1M,1,200,fi_se3,True
2025-11-08 04:04:57+00:00,,wKOwtEOf1ViA6kylIi9-oA,2,Planned maintenance,SE_3,SE_2,MAW,A03,2024-10-17 07:00:00+02:00,2024-10-17 14:00:00+02:00,PT1M,1,6700,se2_se3,True
2025-11-08 04:04:57+00:00,,JasijgpY0IpXt8hL4GEyqw,2,Planned maintenance,SE_4,SE_3,MAW,A03,2024-10-17 07:00:00+02:00,2024-10-17 14:00:00+02:00,PT1M,1,4800,se3_se4,True
2025-11-08 04:08:47+00:00,,eYwz4IEUtJSNoGAyjuRKUA,2,Planned maintenance,SE_4,SE_3,MAW,A03,2024-10-24 08:59:00+02:00,2024-10-24 16:59:00+02:00,PT1M,60,3700,se3_se4,True
2025-11-08 04:08:47+00:00,,eYwz4IEUtJSNoGAyjuRKUA,2,Planned maintenance,SE_4,SE_3,MAW,A03,2024-10-24 08:00:00+02:00,2024-10-24 08:59:00+02:00,PT1M,1,3800,se3_se4,True
2025-11-08 04:08:47+00:00,,eYwz4IEUtJSNoGAyjuRKUA,2,Planned maintenance,SE_4,SE_3,MAW,A03,2024-10-26 07:59:00+02:00,2024-10-26 11:00:00+02:00,PT1M,2880,3700,se3_se4,True
2025-11-08 04:08:47+00:00,,eYwz4IEUtJSNoGAyjuRKUA,2,Planned maintenance,SE_4,SE_3,MAW,A03,2024-10-24 16:59:00+02:00,2024-10-26 07:59:00+02:00,PT1M,540,3900,se3_se4,True
2025-11-08 04:10:34+00:00,,7BamtIHOlHT_8ZH-zjEmsQ,1,Planned maintenance,SE_3,SE_2,MAW,A03,2025-08-11 06:00:00+02:00,2025-08-13 17:00:00+02:00,PT1M,1,6000,se2_se3,True
2025-11-08 04:10:39+00:00,,BFaTorQrqqPXC3NWaqt5Ng,6,Unplanned outage,SE_4,SE_3,MAW,A03,2024-10-22 15:39:00+02:00,2024-10-27 18:00:00+01:00,PT1M,479,5800,se3_se4,True
2025-11-08 04:10:39+00:00,,BFaTorQrqqPXC3NWaqt5Ng,6,Unplanned outage,SE_4,SE_3,MAW,A03,2024-10-22 10:29:00+02:00,2024-10-22 15:39:00+02:00,PT1M,169,5400,se3_se4,True
2025-11-08 04:10:39+00:00,,BFaTorQrqqPXC3NWaqt5Ng,6,Unplanned outage,SE_4,SE_3,MAW,A03,2024-10-22 07:41:00+02:00,2024-10-22 10:29:00+02:00,PT1M,1,5800,se3_se4,True
2025-11-08 04:10:40+00:00,,iU-U4hsou0L8ZHq6LX84FQ,6,Unplanned outage,SE_3,SE_4,MAW,A03,2024-10-22 15:39:00+02:00,2024-10-27 18:00:00+01:00,PT1M,479,2400,se4_se3,True
2025-11-08 04:10:40+00:00,,iU-U4hsou0L8ZHq6LX84FQ,6,Unplanned outage,SE_3,SE_4,MAW,A03,2024-10-22 07:41:00+02:00,2024-10-22 10:29:00+02:00,PT1M,1,2400,se4_se3,True
2025-11-08 04:10:40+00:00,,iU-U4hsou0L8ZHq6LX84FQ,6,Unplanned outage,SE_3,SE_4,MAW,A03,2024-10-22 10:29:00+02:00,2024-10-22 15:39:00+02:00,PT1M,169,2000,se4_se3,True
2025-11-08 04:12:45+00:00,,-1hmjxIUKyop6bYked9hIw,3,Planned maintenance,SE_3,DK_1,MAW,A03,2024-10-24 06:00:00+02:00,2024-10-27 18:00:00+01:00,PT1M,1,0,dk1_se3,True
2025-11-08 04:12:45+00:00,,g3eqBOeCDalbzXeaUc-WOQ,3,Planned maintenance,DK_1,SE_3,MAW,A03,2024-10-24 06:00:00+02:00,2024-10-27 18:00:00+01:00,PT1M,1,0,se3_dk1,True
2025-11-08 04:12:45+00:00,,fD7BUwCr0r8qVeD_sulwVw,3,Planned maintenance,DK_1,SE_3,MAW,A03,2024-10-24 06:00:00+02:00,2024-10-27 18:00:00+01:00,PT1M,1,0,se3_dk1,True
2025-11-08 04:12:45+00:00,,SrjU7famLle-l7Joa9_8XA,3,Planned maintenance,SE_3,DK_1,MAW,A03,2024-10-24 06:00:00+02:00,2024-10-27 18:00:00+01:00,PT1M,1,0,dk1_se3,True
2025-11-08 04:12:46+00:00,,pE450Sfz0lnjZl5r1bvJKw,7,Planned maintenance,DK_1,SE_3,MAW,A03,2024-10-27 17:59:00+01:00,2024-10-30 17:00:00+01:00,PT1M,9420,200,se3_dk1,True
2025-11-08 04:12:46+00:00,,dkVuolk9p8poj_wu2xkHXw,4,Planned maintenance,NO_1,SE_3,MAW,A03,2024-10-21 06:00:00+02:00,2024-10-24 05:59:00+02:00,PT1M,1,950,se3_no1,True
2025-11-08 04:12:46+00:00,,dkVuolk9p8poj_wu2xkHXw,4,Planned maintenance,NO_1,SE_3,MAW,A03,2024-10-24 05:59:00+02:00,2024-10-27 17:59:00+01:00,PT1M,4320,1350,se3_no1,True
2025-11-08 04:12:46+00:00,,pE450Sfz0lnjZl5r1bvJKw,7,Planned maintenance,DK_1,SE_3,MAW,A03,2024-10-21 06:00:00+02:00,2024-10-24 05:59:00+02:00,PT1M,1,200,se3_dk1,True
2025-11-08 04:12:46+00:00,,ASQyHMqsWM52c7sdSDxW0w,4,Planned maintenance,NO_1,SE_3,MAW,A03,2024-10-21 06:00:00+02:00,2024-10-24 05:59:00+02:00,PT1M,1,950,se3_no1,True
2025-11-08 04:12:46+00:00,,ASQyHMqsWM52c7sdSDxW0w,4,Planned maintenance,NO_1,SE_3,MAW,A03,2024-10-24 05:59:00+02:00,2024-10-27 17:59:00+01:00,PT1M,4320,1350,se3_no1,True
2025-11-08 04:12:46+00:00,,PgEb9ak-ag-SUbx7bV0Nsw,4,Planned maintenance,NO_1,SE_3,MAW,A03,2024-10-27 17:59:00+01:00,2024-10-30 17:00:00+01:00,PT1M,9420,950,se3_no1,True
2025-11-08 04:12:46+00:00,,PgEb9ak-ag-SUbx7bV0Nsw,4,Planned maintenance,NO_1,SE_3,MAW,A03,2024-10-24 05:59:00+02:00,2024-10-27 17:59:00+01:00,PT1M,4320,1350,se3_no1,True
2025-11-08 04:12:46+00:00,,pE450Sfz0lnjZl5r1bvJKw,7,Planned maintenance,DK_1,SE_3,MAW,A03,2024-10-24 05:59:00+02:00,2024-10-27 17:59:00+01:00,PT1M,4320,0,se3_dk1,True
2025-11-08 04:12:46+00:00,,-VIaGK_orUqjJd4cuPBwsg,7,Planned maintenance,DK_1,SE_3,MAW,A03,2024-10-21 06:00:00+02:00,2024-10-24 05:59:00+02:00,PT1M,1,200,se3_dk1,True
2025-11-08 04:12:46+00:00,,dxmNCHxUNd5gyXzJalYXbw,7,Planned maintenance,DK_1,SE_3,MAW,A03,2024-10-21 06:00:00+02:00,2024-10-24 05:59:00+02:00,PT1M,1,200,se3_dk1,True
2025-11-08 04:12:46+00:00,,dxmNCHxUNd5gyXzJalYXbw,7,Planned maintenance,DK_1,SE_3,MAW,A03,2024-10-27 17:59:00+01:00,2024-10-30 17:00:00+01:00,PT1M,9420,200,se3_dk1,True
2025-11-08 04:12:46+00:00,,FvhzUkrrFNxy46A2WQU81w,3,Planned maintenance,SE_3,DK_1,MAW,A03,2024-10-24 05:59:00+02:00,2024-10-27 17:59:00+01:00,PT1M,4320,0,dk1_se3,True
2025-11-08 04:12:46+00:00,,PgEb9ak-ag-SUbx7bV0Nsw,4,Planned maintenance,NO_1,SE_3,MAW,A03,2024-10-21 06:00:00+02:00,2024-10-24 05:59:00+02:00,PT1M,1,950,se3_no1,True
2025-11-08 04:12:46+00:00,,_ZBzx97V6LhygCVpyesy1Q,3,Planned maintenance,SE_3,DK_1,MAW,A03,2024-10-21 06:00:00+02:00,2024-10-24 05:59:00+02:00,PT1M,1,300,dk1_se3,True
2025-11-08 04:12:46+00:00,,Wy2EZdwngI_h79mOwOGsDQ,3,Planned maintenance,SE_3,DK_1,MAW,A03,2024-10-27 17:59:00+01:00,2024-10-30 17:00:00+01:00,PT1M,9420,300,dk1_se3,True
2025-11-08 04:12:46+00:00,,dkVuolk9p8poj_wu2xkHXw,4,Planned maintenance,NO_1,SE_3,MAW,A03,2024-10-27 17:59:00+01:00,2024-10-30 17:00:00+01:00,PT1M,9420,950,se3_no1,True
2025-11-08 04:12:46+00:00,,ASQyHMqsWM52c7sdSDxW0w,4,Planned maintenance,NO_1,SE_3,MAW,A03,2024-10-27 17:59:00+01:00,2024-10-30 17:00:00+01:00,PT1M,9420,950,se3_no1,True
2025-11-08 04:12:46+00:00,,_ZBzx97V6LhygCVpyesy1Q,3,Planned maintenance,SE_3,DK_1,MAW,A03,2024-10-24 05:59:00+02:00,2024-10-27 17:59:00+01:00,PT1M,4320,0,dk1_se3,True
2025-11-08 04:12:46+00:00,,Wy2EZdwngI_h79mOwOGsDQ,3,Planned maintenance,SE_3,DK_1,MAW,A03,2024-10-21 06:00:00+02:00,2024-10-24 05:59:00+02:00,PT1M,1,300,dk1_se3,True
2025-11-08 04:12:46+00:00,,sBAxm_muT2gmfaY4vNj1_A,7,Planned maintenance,SE_3,NO_1,MAW,A03,2024-10-21 23:59:00+02:00,2024-10-24 05:59:00+02:00,PT1M,1080,0,no1_se3,True
2025-11-08 04:12:46+00:00,,sBAxm_muT2gmfaY4vNj1_A,7,Planned maintenance,SE_3,NO_1,MAW,A03,2024-10-27 17:59:00+01:00,2024-10-30 17:00:00+01:00,PT1M,9420,0,no1_se3,True
2025-11-08 04:12:46+00:00,,9YqqXTAOZT2-TDduwYNFmw,7,Planned maintenance,SE_3,NO_1,MAW,A03,2024-10-27 17:59:00+01:00,2024-10-30 17:00:00+01:00,PT1M,9420,0,no1_se3,True
2025-11-08 04:12:46+00:00,,Oij8MZASWUKOMnSFQD_Jtg,7,Planned maintenance,SE_3,NO_1,MAW,A03,2024-10-21 06:00:00+02:00,2024-10-21 23:59:00+02:00,PT1M,1,150,no1_se3,True
2025-11-08 04:12:46+00:00,,-VIaGK_orUqjJd4cuPBwsg,7,Planned maintenance,DK_1,SE_3,MAW,A03,2024-10-24 05:59:00+02:00,2024-10-27 17:59:00+01:00,PT1M,4320,0,se3_dk1,True
2025-11-08 04:12:46+00:00,,-VIaGK_orUqjJd4cuPBwsg,7,Planned maintenance,DK_1,SE_3,MAW,A03,2024-10-27 17:59:00+01:00,2024-10-30 17:00:00+01:00,PT1M,9420,200,se3_dk1,True
2025-11-08 04:12:46+00:00,,dxmNCHxUNd5gyXzJalYXbw,7,Planned maintenance,DK_1,SE_3,MAW,A03,2024-10-24 05:59:00+02:00,2024-10-27 17:59:00+01:00,PT1M,4320,0,se3_dk1,True
2025-11-08 04:12:46+00:00,,sBAxm_muT2gmfaY4vNj1_A,7,Planned maintenance,SE_3,NO_1,MAW,A03,2024-10-24 05:59:00+02:00,2024-10-27 17:59:00+01:00,PT1M,4320,450,no1_se3,True
2025-11-08 04:12:46+00:00,,S5C9rEmwQLF7aPAKnJXatw,3,Planned maintenance,SE_3,SE_4,MAW,A03,2024-10-21 06:00:00+02:00,2024-10-30 17:00:00+01:00,PT1M,1,400,se4_se3,True
2025-11-08 04:12:46+00:00,,Oij8MZASWUKOMnSFQD_Jtg,7,Planned maintenance,SE_3,NO_1,MAW,A03,2024-10-24 05:59:00+02:00,2024-10-27 17:59:00+01:00,PT1M,4320,450,no1_se3,True
2025-11-08 04:12:46+00:00,,Oij8MZASWUKOMnSFQD_Jtg,7,Planned maintenance,SE_3,NO_1,MAW,A03,2024-10-27 17:59:00+01:00,2024-10-30 17:00:00+01:00,PT1M,9420,0,no1_se3,True
2025-11-08 04:12:46+00:00,,9YqqXTAOZT2-TDduwYNFmw,7,Planned maintenance,SE_3,NO_1,MAW,A03,2024-10-24 05:59:00+02:00,2024-10-27 17:59:00+01:00,PT1M,4320,450,no1_se3,True
2025-11-08 04:12:46+00:00,,9YqqXTAOZT2-TDduwYNFmw,7,Planned maintenance,SE_3,NO_1,MAW,A03,2024-10-21 23:59:00+02:00,2024-10-24 05:59:00+02:00,PT1M,1080,0,no1_se3,True
2025-11-08 04:12:46+00:00,,m9_eFQXK7-KHRVfK-Fvx6Q,3,Planned maintenance,SE_3,SE_4,MAW,A03,2024-10-21 06:00:00+02:00,2024-10-30 17:00:00+01:00,PT1M,1,400,se4_se3,True
2025-11-08 04:12:46+00:00,,a_HKmjMe7RHJ1SzYrJKiWQ,3,Planned maintenance,SE_3,SE_4,MAW,A03,2024-10-21 06:00:00+02:00,2024-10-30 17:00:00+01:00,PT1M,1,400,se4_se3,True
2025-11-08 04:12:46+00:00,,FvhzUkrrFNxy46A2WQU81w,3,Planned maintenance,SE_3,DK_1,MAW,A03,2024-10-27 17:59:00+01:00,2024-10-30 17:00:00+01:00,PT1M,9420,300,dk1_se3,True
2025-11-08 04:12:46+00:00,,Oij8MZASWUKOMnSFQD_Jtg,7,Planned maintenance,SE_3,NO_1,MAW,A03,2024-10-21 23:59:00+02:00,2024-10-24 05:59:00+02:00,PT1M,1080,0,no1_se3,True
2025-11-08 04:12:46+00:00,,_ZBzx97V6LhygCVpyesy1Q,3,Planned maintenance,SE_3,DK_1,MAW,A03,2024-10-27 17:59:00+01:00,2024-10-30 17:00:00+01:00,PT1M,9420,300,dk1_se3,True
2025-11-08 04:12:46+00:00,,sBAxm_muT2gmfaY4vNj1_A,7,Planned maintenance,SE_3,NO_1,MAW,A03,2024-10-21 06:00:00+02:00,2024-10-21 23:59:00+02:00,PT1M,1,150,no1_se3,True
2025-11-08 04:12:46+00:00,,9YqqXTAOZT2-TDduwYNFmw,7,Planned maintenance,SE_3,NO_1,MAW,A03,2024-10-21 06:00:00+02:00,2024-10-21 23:59:00+02:00,PT1M,1,150,no1_se3,True
2025-11-08 04:12:46+00:00,,Wy2EZdwngI_h79mOwOGsDQ,3,Planned maintenance,SE_3,DK_1,MAW,A03,2024-10-24 05:59:00+02:00,2024-10-27 17:59:00+01:00,PT1M,4320,0,dk1_se3,True
2025-11-08 04:12:46+00:00,,FvhzUkrrFNxy46A2WQU81w,3,Planned maintenance,SE_3,DK_1,MAW,A03,2024-10-21 06:00:00+02:00,2024-10-24 05:59:00+02:00,PT1M,1,300,dk1_se3,True
2025-11-08 04:12:46+00:00,,v_-ZufBMs4oytSCKW7-U0A,7,Planned maintenance,SE_3,SE_2,MAW,A03,2024-10-21 06:00:00+02:00,2024-10-30 17:00:00+01:00,PT1M,1,5300,se2_se3,True
2025-11-08 04:12:47+00:00,,I_AJFdZQoNgKs8nE0jsYyQ,7,Planned maintenance,SE_4,SE_3,MAW,A03,2024-10-21 06:00:00+02:00,2024-10-30 17:00:00+01:00,PT1M,1,3900,se3_se4,True
2025-11-08 04:12:47+00:00,,zrTLWsuAV-GfPfqiFuTN3w,7,Planned maintenance,SE_4,SE_3,MAW,A03,2024-10-21 06:00:00+02:00,2024-10-30 17:00:00+01:00,PT1M,1,3900,se3_se4,True
2025-11-08 04:12:47+00:00,,vC3UxvTnxzetGUEawXuMTg,7,Planned maintenance,SE_4,SE_3,MAW,A03,2024-10-21 06:00:00+02:00,2024-10-30 17:00:00+01:00,PT1M,1,3900,se3_se4,True
2025-11-08 04:12:47+00:00,,Cp4YdnzoxBpM5V27SExpjQ,7,Planned maintenance,SE_3,SE_2,MAW,A03,2024-10-21 06:00:00+02:00,2024-10-30 17:00:00+01:00,PT1M,1,5300,se2_se3,True
2025-11-08 04:12:47+00:00,,aA8AqeS8KAbeK9zCNTqGGA,7,Planned maintenance,SE_3,SE_2,MAW,A03,2024-10-21 06:00:00+02:00,2024-10-30 17:00:00+01:00,PT1M,1,5300,se2_se3,True
2025-11-08 04:13:59+00:00,,ZhKZsgM1C-eTe9Fnu2rEOw,1,Planned maintenance,SE_3,NO_1,MAW,A03,2024-11-12 08:00:00+01:00,2024-11-12 16:00:00+01:00,PT1M,1,1945,no1_se3,True
2025-11-08 04:14:00+00:00,,pmzuhiEh0KZSpkDGbLkNjg,1,Planned maintenance,NO_1,SE_3,MAW,A03,2024-11-12 08:00:00+01:00,2024-11-12 16:00:00+01:00,PT1M,1,1895,se3_no1,True
2025-11-08 04:14:10+00:00,,yJCQG-BhDu7Fm48IgszDng,5,Planned maintenance,SE_4,SE_3,MAW,A03,2024-10-28 08:00:00+01:00,2024-10-29 16:03:00+01:00,PT1M,1,5000,se3_se4,True
2025-11-08 04:15:41+00:00,,bSckZOcUGtk0pp9xvWDtvA,7,Planned maintenance,SE_4,SE_3,MAW,A03,2024-10-31 18:59:00+01:00,2024-11-01 19:00:00+01:00,PT1M,5820,5800,se3_se4,True
2025-11-08 04:15:41+00:00,,bSckZOcUGtk0pp9xvWDtvA,7,Planned maintenance,SE_4,SE_3,MAW,A03,2024-10-29 07:59:00+01:00,2024-10-31 18:59:00+01:00,PT1M,2280,5400,se3_se4,True
2025-11-08 04:15:41+00:00,,yr2yl3fqM6MnIySa7uxMKA,7,Planned maintenance,SE_3,SE_4,MAW,A03,2024-10-27 18:00:00+01:00,2024-10-29 07:59:00+01:00,PT1M,1,2400,se4_se3,True
2025-11-08 04:15:41+00:00,,bSckZOcUGtk0pp9xvWDtvA,7,Planned maintenance,SE_4,SE_3,MAW,A03,2024-10-27 18:00:00+01:00,2024-10-29 07:59:00+01:00,PT1M,1,5800,se3_se4,True
2025-11-08 04:15:41+00:00,,yr2yl3fqM6MnIySa7uxMKA,7,Planned maintenance,SE_3,SE_4,MAW,A03,2024-10-29 07:59:00+01:00,2024-10-31 18:59:00+01:00,PT1M,2280,2000,se4_se3,True
2025-11-08 04:15:41+00:00,,yr2yl3fqM6MnIySa7uxMKA,7,Planned maintenance,SE_3,SE_4,MAW,A03,2024-10-31 18:59:00+01:00,2024-11-01 19:00:00+01:00,PT1M,5820,2400,se4_se3,True
2025-11-08 04:16:25+00:00,,tbAa-zVTpo3v253lC_onVw,1,Planned maintenance,DK_1,SE_3,MAW,A03,2025-09-22 07:00:00+02:00,2025-09-24 17:00:00+02:00,PT1M,1,700,se3_dk1,True
2025-11-08 04:16:25+00:00,,kYd1LqzZvy5OF0QmB9PPjg,1,Planned maintenance,SE_3,DK_1,MAW,A03,2025-09-24 07:00:00+02:00,2025-09-25 17:00:00+02:00,PT1M,1,700,dk1_se3,True
2025-11-08 04:16:25+00:00,,yQgS0DQQ-YmtmJXLEpHMMA,1,Planned maintenance,SE_3,DK_1,MAW,A03,2025-09-22 07:00:00+02:00,2025-09-24 17:00:00+02:00,PT1M,1,700,dk1_se3,True
2025-11-08 04:16:25+00:00,,EzidDnpRpH9vLlkoJ6SHyg,1,Planned maintenance,DK_1,SE_3,MAW,A03,2025-09-24 07:00:00+02:00,2025-09-25 17:00:00+02:00,PT1M,1,700,se3_dk1,True
2025-11-08 04:16:26+00:00,,OH6Yq4U0jqp78vHjwunn0A,1,Planned maintenance,SE_3,DK_1,MAW,A03,2025-09-26 07:00:00+02:00,2025-09-26 17:00:00+02:00,PT1M,1,700,dk1_se3,True
2025-11-08 04:16:26+00:00,,HLrods2Qukjkz8-k0chp3g,1,Planned maintenance,SE_3,DK_1,MAW,A03,2025-09-25 07:00:00+02:00,2025-09-25 17:00:00+02:00,PT1M,1,265,dk1_se3,True
2025-11-08 04:16:26+00:00,,VwoktUp_KisMgRx3zZSFBQ,1,Planned maintenance,SE_3,DK_1,MAW,A03,2025-10-06 07:00:00+02:00,2025-10-07 17:00:00+02:00,PT1M,1,350,dk1_se3,True
2025-11-08 04:16:26+00:00,,En39yclFAYL4PtCzDWUk2g,1,Planned maintenance,DK_1,SE_3,MAW,A03,2025-09-25 07:00:00+02:00,2025-09-25 17:00:00+02:00,PT1M,1,220,se3_dk1,True
2025-11-08 04:16:26+00:00,,xq-XHpThwAAhg4Uj57Oc5Q,1,Planned maintenance,DK_1,SE_3,MAW,A03,2025-09-26 07:00:00+02:00,2025-09-26 17:00:00+02:00,PT1M,1,700,se3_dk1,True
2025-11-08 04:16:26+00:00,,Qun-ENfluompucQunE4_rQ,1,Planned maintenance,DK_1,SE_3,MAW,A03,2025-10-06 07:00:00+02:00,2025-10-07 17:00:00+02:00,PT1M,1,350,se3_dk1,True
2025-11-08 04:17:49+00:00,,jH4PWmEpY4wNzx8rM-gK-Q,1,Planned maintenance,SE_3,FI,MAW,A03,2024-11-05 01:00:00+02:00,2024-11-06 01:00:00+02:00,PT1M,1,600,fi_se3,True
2025-11-08 04:17:49+00:00,,EIIvPwN8ZDE0LCXxYDoYag,1,Planned maintenance,SE_3,FI,MAW,A03,2024-11-05 01:00:00+02:00,2024-11-06 01:00:00+02:00,PT1M,1,600,fi_se3,True
2025-11-08 04:19:33+00:00,,to-xSk5GPmlwgGmBGRPSHA,4,Planned maintenance,SE_3,SE_2,MAW,A03,2024-11-06 13:59:00+01:00,2024-11-13 17:00:00+01:00,PT1M,3360,6500,se2_se3,True
2025-11-08 04:19:33+00:00,,7kWflmrLiAXXPiYCcbgAAA,4,Planned maintenance,SE_3,SE_2,MAW,A03,2024-11-04 06:00:00+01:00,2024-11-06 13:59:00+01:00,PT1M,1,6100,se2_se3,True
2025-11-08 04:19:33+00:00,,-ZA8jRWNACIifBQF-96PQg,4,Planned maintenance,SE_4,SE_3,MAW,A03,2024-11-04 06:00:00+01:00,2024-11-13 17:00:00+01:00,PT1M,1,4000,se3_se4,True
2025-11-08 04:19:33+00:00,,to-xSk5GPmlwgGmBGRPSHA,4,Planned maintenance,SE_3,SE_2,MAW,A03,2024-11-04 06:00:00+01:00,2024-11-06 13:59:00+01:00,PT1M,1,6100,se2_se3,True
2025-11-08 04:19:33+00:00,,7kWflmrLiAXXPiYCcbgAAA,4,Planned maintenance,SE_3,SE_2,MAW,A03,2024-11-06 13:59:00+01:00,2024-11-13 17:00:00+01:00,PT1M,3360,6500,se2_se3,True
2025-11-08 04:19:33+00:00,,MwChqFjEwU6sXFq2TCNBoA,1,Planned maintenance,SE_3,SE_4,MAW,A03,2024-11-06 14:00:00+01:00,2024-11-13 17:00:00+01:00,PT1M,1,400,se4_se3,True
2025-11-08 04:19:33+00:00,,adclAy35nT14gaNPNIzjKw,4,Planned maintenance,DK_1,SE_3,MAW,A03,2024-11-06 13:59:00+01:00,2024-11-13 17:00:00+01:00,PT1M,3360,600,se3_dk1,True
2025-11-08 04:19:33+00:00,,cXWSCXOUpWBvuPBB1jkg1g,4,Planned maintenance,DK_1,SE_3,MAW,A03,2024-11-04 06:00:00+01:00,2024-11-06 13:59:00+01:00,PT1M,1,300,se3_dk1,True
2025-11-08 04:19:33+00:00,,cXWSCXOUpWBvuPBB1jkg1g,4,Planned maintenance,DK_1,SE_3,MAW,A03,2024-11-06 13:59:00+01:00,2024-11-13 17:00:00+01:00,PT1M,3360,600,se3_dk1,True
2025-11-08 04:19:33+00:00,,dI2okH6fr6NcaDlFzZL5ag,4,Planned maintenance,SE_3,NO_1,MAW,A03,2024-11-04 06:00:00+01:00,2024-11-06 13:59:00+01:00,PT1M,1,350,no1_se3,True
2025-11-08 04:19:33+00:00,,dI2okH6fr6NcaDlFzZL5ag,4,Planned maintenance,SE_3,NO_1,MAW,A03,2024-11-06 13:59:00+01:00,2024-11-13 17:00:00+01:00,PT1M,3360,0,no1_se3,True
2025-11-08 04:19:33+00:00,,adclAy35nT14gaNPNIzjKw,4,Planned maintenance,DK_1,SE_3,MAW,A03,2024-11-04 06:00:00+01:00,2024-11-06 13:59:00+01:00,PT1M,1,300,se3_dk1,True
2025-11-08 04:19:33+00:00,,bTRIpfidB4GOKF1LyIRu0g,4,Planned maintenance,SE_4,SE_3,MAW,A03,2024-11-04 06:00:00+01:00,2024-11-13 17:00:00+01:00,PT1M,1,4000,se3_se4,True
2025-11-08 04:19:33+00:00,,LoSU1hOe0UOa5hGcPHcE5Q,4,Planned maintenance,SE_3,NO_1,MAW,A03,2024-11-06 13:59:00+01:00,2024-11-13 17:00:00+01:00,PT1M,3360,0,no1_se3,True
2025-11-08 04:19:33+00:00,,LoSU1hOe0UOa5hGcPHcE5Q,4,Planned maintenance,SE_3,NO_1,MAW,A03,2024-11-04 06:00:00+01:00,2024-11-06 13:59:00+01:00,PT1M,1,350,no1_se3,True
2025-11-08 04:19:34+00:00,,dfrPX4_tFbLyGHa6XwkANg,1,Planned maintenance,SE_3,SE_4,MAW,A03,2024-11-06 14:00:00+01:00,2024-11-13 17:00:00+01:00,PT1M,1,400,se4_se3,True
2025-11-08 04:20:12+00:00,,mfiqdVXeDiy4XR03e9XswA,4,Planned maintenance,SE_3,NO_1,MAW,A03,2024-11-04 08:00:00+01:00,2024-11-07 15:00:00+01:00,PT1M,1,695,no1_se3,True
2025-11-08 04:20:12+00:00,,zAF4z8VigRrDCEV7Q85DhQ,4,Planned maintenance,NO_1,SE_3,MAW,A03,2024-11-04 08:00:00+01:00,2024-11-07 15:00:00+01:00,PT1M,1,645,se3_no1,True
2025-11-08 04:20:30+00:00,,jKv8-j35osrys-1sV1t9UA,3,Unplanned outage,NO_1,SE_3,MAW,A03,2024-11-04 09:00:00+01:00,2024-11-07 21:00:00+01:00,PT1M,1,1395,se3_no1,True
2025-11-08 04:23:13+00:00,,WkYsk6mAenreSYYevoQV3A,3,Planned maintenance,SE_3,FI,MAW,A03,2024-11-12 07:00:00+02:00,2024-11-12 17:00:00+02:00,PT1M,1,400,fi_se3,True
2025-11-08 04:23:14+00:00,,8QndJSgsp0pdW3-TJQNS3Q,3,Planned maintenance,SE_3,SE_2,MAW,A03,2024-11-12 06:00:00+01:00,2024-11-12 16:00:00+01:00,PT1M,1,5700,se2_se3,True
2025-11-08 04:23:14+00:00,,1-l7cYxSNDZIsvFxm0hYqw,3,Planned maintenance,SE_4,SE_3,MAW,A03,2024-11-12 06:00:00+01:00,2024-11-12 16:00:00+01:00,PT1M,1,4300,se3_se4,True
2025-11-08 04:23:52+00:00,,8z8Cmo6_tGnJJyiSw-qubQ,2,Planned maintenance,NO_1,SE_3,MAW,A03,2024-11-13 08:00:00+01:00,2024-11-13 16:52:00+01:00,PT1M,1,1895,se3_no1,True
2025-11-08 04:24:31+00:00,,LKo9HdRyGwwYq3PzysVmxg,2,Planned maintenance,SE_4,SE_3,MAW,A03,2024-11-18 06:00:00+01:00,2024-11-18 17:00:00+01:00,PT1M,1,5500,se3_se4,True
2025-11-08 04:25:18+00:00,Cancelled,CeSUpiMOPp2DiRW8Qi4wPw,2,Planned maintenance,SE_3,FI,MAW,A03,2024-08-25 07:00:00+03:00,2024-08-26 18:00:00+03:00,PT1M,1,0,fi_se3,False
2025-11-08 04:26:27+00:00,,sutNesFDU5AmUt3ALNtfiA,2,Planned maintenance,SE_3,SE_2,MAW,A03,2024-11-19 07:00:00+01:00,2024-11-20 17:00:00+01:00,PT1M,1,7100,se2_se3,True
2025-11-08 04:27:01+00:00,,qcoamNxKWrkNaSs0_aYaTg,3,Planned maintenance,NO_1,SE_3,MAW,A03,2025-04-22 08:00:00+02:00,2025-04-25 17:00:00+02:00,PT1M,1,1395,se3_no1,True
2025-11-08 04:27:01+00:00,,eNtW6Vm4daOKUdCuCr_hkA,3,Planned maintenance,NO_1,SE_3,MAW,A03,2025-04-22 08:00:00+02:00,2025-04-25 17:00:00+02:00,PT1M,1,1395,se3_no1,True
2025-11-08 04:27:01+00:00,,BhqbCRJYASj9HZW9pys4zQ,3,Planned maintenance,NO_1,SE_3,MAW,A03,2025-04-22 08:00:00+02:00,2025-04-25 17:00:00+02:00,PT1M,1,1395,se3_no1,True
2025-11-08 04:27:01+00:00,,EmkV7zhrS4Z4euh3VrGiSA,3,Planned maintenance,NO_1,SE_3,MAW,A03,2025-04-22 08:00:00+02:00,2025-04-25 17:00:00+02:00,PT1M,1,1395,se3_no1,True
2025-11-08 04:27:05+00:00,,9H1OwAWvCIBtHKPRWscVzw,2,Planned maintenance,SE_3,NO_1,MAW,A03,2025-04-02 07:00:00+02:00,2025-04-02 16:00:00+02:00,PT1M,1,1945,no1_se3,True
2025-11-08 04:27:05+00:00,,RSOM99K1CzmhHaJNm15oCA,2,Planned maintenance,NO_1,SE_3,MAW,A03,2025-04-02 07:00:00+02:00,2025-04-02 16:00:00+02:00,PT1M,1,1895,se3_no1,True
2025-11-08 04:27:38+00:00,,S7ujwxazXUJ9tUR75FtnDg,1,Planned maintenance,SE_3,DK_1,MAW,A03,2024-11-20 07:59:00+01:00,2024-11-20 13:00:00+01:00,PT1M,1200,330,dk1_se3,True
2025-11-08 04:27:38+00:00,,jp_W1JcCwCM9uusEZXjlWg,1,Planned maintenance,DK_1,SE_3,MAW,A03,2024-11-19 16:59:00+01:00,2024-11-20 07:59:00+01:00,PT1M,300,715,se3_dk1,True
2025-11-08 04:27:38+00:00,,jp_W1JcCwCM9uusEZXjlWg,1,Planned maintenance,DK_1,SE_3,MAW,A03,2024-11-19 12:00:00+01:00,2024-11-19 16:59:00+01:00,PT1M,1,0,se3_dk1,True
2025-11-08 04:27:38+00:00,,jp_W1JcCwCM9uusEZXjlWg,1,Planned maintenance,DK_1,SE_3,MAW,A03,2024-11-20 07:59:00+01:00,2024-11-20 13:00:00+01:00,PT1M,1200,0,se3_dk1,True
2025-11-08 04:27:38+00:00,,DCueLe-ynr69heeyiz4bnQ,1,Planned maintenance,DK_1,SE_3,MAW,A03,2024-12-19 08:00:00+01:00,2024-12-19 12:00:00+01:00,PT1M,1,40,se3_dk1,True
2025-11-08 04:27:38+00:00,,S7ujwxazXUJ9tUR75FtnDg,1,Planned maintenance,SE_3,DK_1,MAW,A03,2024-11-19 16:59:00+01:00,2024-11-20 07:59:00+01:00,PT1M,300,715,dk1_se3,True
2025-11-08 04:27:38+00:00,,S7ujwxazXUJ9tUR75FtnDg,1,Planned maintenance,SE_3,DK_1,MAW,A03,2024-11-19 12:00:00+01:00,2024-11-19 16:59:00+01:00,PT1M,1,330,dk1_se3,True
2025-11-08 04:27:38+00:00,,3GNce-zaqPOGI3DXOQrrxQ,1,Planned maintenance,SE_3,DK_1,MAW,A03,2024-12-19 08:00:00+01:00,2024-12-19 12:00:00+01:00,PT1M,1,265,dk1_se3,True
2025-11-08 04:28:17+00:00,,RIRQQK31xaiRIueoAAllzQ,4,Planned maintenance,DK_1,SE_3,MAW,A03,2024-11-23 16:00:00+01:00,2024-11-24 12:00:00+01:00,PT1M,1,320,se3_dk1,True
2025-11-08 04:28:17+00:00,,VhVrL_QovUfX0v9jqXvHjQ,2,Planned maintenance,SE_3,DK_1,MAW,A03,2024-11-23 16:00:00+01:00,2024-11-24 12:00:00+01:00,PT1M,1,465,dk1_se3,True
2025-11-08 04:28:47+00:00,,lUTFGojBVFCdQRJHEDY95w,1,Planned maintenance,SE_3,SE_2,MAW,A03,2024-11-28 10:00:00+01:00,2024-11-28 14:00:00+01:00,PT1M,1,7100,se2_se3,True
2025-11-08 04:28:57+00:00,,XP7og0NGNIvJsPpdPG-ojg,1,Planned maintenance,DK_1,SE_3,MAW,A03,2024-11-27 17:59:00+01:00,2024-11-28 06:59:00+01:00,PT1M,3060,715,se3_dk1,True
2025-11-08 04:28:57+00:00,,XP7og0NGNIvJsPpdPG-ojg,1,Planned maintenance,DK_1,SE_3,MAW,A03,2024-11-26 17:59:00+01:00,2024-11-27 06:59:00+01:00,PT1M,1620,715,se3_dk1,True
2025-11-08 04:28:57+00:00,,XP7og0NGNIvJsPpdPG-ojg,1,Planned maintenance,DK_1,SE_3,MAW,A03,2024-11-26 06:59:00+01:00,2024-11-26 17:59:00+01:00,PT1M,960,475,se3_dk1,True
2025-11-08 04:28:57+00:00,,XP7og0NGNIvJsPpdPG-ojg,1,Planned maintenance,DK_1,SE_3,MAW,A03,2024-11-26 01:59:00+01:00,2024-11-26 06:59:00+01:00,PT1M,660,715,se3_dk1,True
2025-11-08 04:28:57+00:00,,XP7og0NGNIvJsPpdPG-ojg,1,Planned maintenance,DK_1,SE_3,MAW,A03,2024-11-25 15:00:00+01:00,2024-11-26 01:59:00+01:00,PT1M,1,475,se3_dk1,True
2025-11-08 04:28:57+00:00,,GTrrj9SKeQx1ENZvVwfkdw,1,Planned maintenance,SE_3,DK_1,MAW,A03,2024-11-26 17:59:00+01:00,2024-11-27 06:59:00+01:00,PT1M,1620,715,dk1_se3,True
2025-11-08 04:28:57+00:00,,XP7og0NGNIvJsPpdPG-ojg,1,Planned maintenance,DK_1,SE_3,MAW,A03,2024-11-27 06:59:00+01:00,2024-11-27 17:59:00+01:00,PT1M,2400,475,se3_dk1,True
2025-11-08 04:28:57+00:00,,GTrrj9SKeQx1ENZvVwfkdw,1,Planned maintenance,SE_3,DK_1,MAW,A03,2024-11-26 06:59:00+01:00,2024-11-26 17:59:00+01:00,PT1M,960,375,dk1_se3,True
2025-11-08 04:28:57+00:00,,GTrrj9SKeQx1ENZvVwfkdw,1,Planned maintenance,SE_3,DK_1,MAW,A03,2024-11-26 01:59:00+01:00,2024-11-26 06:59:00+01:00,PT1M,660,715,dk1_se3,True
2025-11-08 04:28:57+00:00,,GTrrj9SKeQx1ENZvVwfkdw,1,Planned maintenance,SE_3,DK_1,MAW,A03,2024-11-25 15:00:00+01:00,2024-11-26 01:59:00+01:00,PT1M,1,375,dk1_se3,True
2025-11-08 04:28:57+00:00,,GTrrj9SKeQx1ENZvVwfkdw,1,Planned maintenance,SE_3,DK_1,MAW,A03,2024-11-27 06:59:00+01:00,2024-11-27 17:59:00+01:00,PT1M,2400,375,dk1_se3,True
2025-11-08 04:28:57+00:00,,GTrrj9SKeQx1ENZvVwfkdw,1,Planned maintenance,SE_3,DK_1,MAW,A03,2024-11-28 06:59:00+01:00,2024-11-28 18:00:00+01:00,PT1M,3840,375,dk1_se3,True
2025-11-08 04:28:57+00:00,,XP7og0NGNIvJsPpdPG-ojg,1,Planned maintenance,DK_1,SE_3,MAW,A03,2024-11-28 06:59:00+01:00,2024-11-28 18:00:00+01:00,PT1M,3840,475,se3_dk1,True
2025-11-08 04:28:57+00:00,,GTrrj9SKeQx1ENZvVwfkdw,1,Planned maintenance,SE_3,DK_1,MAW,A03,2024-11-27 17:59:00+01:00,2024-11-28 06:59:00+01:00,PT1M,3060,715,dk1_se3,True
2025-11-08 04:31:50+00:00,,_tn0tgFKoAl1KXcmEO6hxA,3,Planned maintenance,SE_3,DK_1,MAW,A03,2024-11-22 08:00:00+01:00,2024-11-22 15:30:00+01:00,PT1M,1,500,dk1_se3,True
2025-11-08 04:37:38+00:00,,O8rerJglZXS_0XcYljeGXg,1,Planned maintenance,SE_3,FI,MAW,A03,2024-05-12 07:00:00+03:00,2024-05-18 18:00:00+03:00,PT1M,1,100,fi_se3,True
2025-11-08 04:37:38+00:00,,l4uhXemgAjNOz6sJFMkkCQ,1,Planned maintenance,SE_4,SE_3,MAW,A03,2024-05-12 06:00:00+02:00,2024-05-18 17:00:00+02:00,PT1M,1,4100,se3_se4,True
2025-11-08 04:37:38+00:00,,TSbVp_4rBk0rcwCMXQTwCQ,1,Planned maintenance,SE_3,SE_2,MAW,A03,2024-05-12 06:00:00+02:00,2024-05-18 17:00:00+02:00,PT1M,1,5600,se2_se3,True
2025-11-08 04:37:40+00:00,,mZXmUHE63PHVcxTuu_dUtA,8,Planned maintenance,SE_3,FI,MAW,A03,2024-07-09 08:00:00+03:00,2024-07-23 23:30:00+03:00,PT1M,1,200,fi_se3,True
2025-11-08 04:37:40+00:00,,VHfsfFtgKwrR3s9TAV4V7w,8,Planned maintenance,SE_3,SE_2,MAW,A03,2024-07-09 07:00:00+02:00,2024-07-23 22:30:00+02:00,PT1M,1,5600,se2_se3,True
2025-11-08 04:37:40+00:00,,SIhDx8VKHviqzXaUJZP1ZA,8,Planned maintenance,SE_4,SE_3,MAW,A03,2024-07-09 07:00:00+02:00,2024-07-23 22:30:00+02:00,PT1M,1,3900,se3_se4,True
2025-11-08 04:38:19+00:00,Cancelled,909Ou_Xyp5P6L6TO6oh4AQ,4,Planned maintenance,SE_3,SE_4,MAW,A03,2024-12-02 07:00:00+01:00,2024-12-06 19:00:00+01:00,PT1M,1,2400,se4_se3,False
2025-11-08 04:38:19+00:00,Cancelled,-1O394BENiev05utlmsH2g,4,Planned maintenance,SE_4,SE_3,MAW,A03,2024-12-02 07:00:00+01:00,2024-12-06 19:00:00+01:00,PT1M,1,5800,se3_se4,False
2025-11-08 04:38:35+00:00,,abvVYT8-ldDdd6RUSzOwLA,1,Planned maintenance,SE_3,FI,MAW,A03,2025-07-07 07:00:00+03:00,2025-08-10 18:00:00+03:00,PT1M,1,0,fi_se3,True
2025-11-08 04:38:35+00:00,,MIcAwDyJkJ2jqtbxTgq7oQ,1,Planned maintenance,SE_3,SE_2,MAW,A03,2025-07-07 06:00:00+02:00,2025-08-10 17:00:00+02:00,PT1M,1,5000,se2_se3,True
2025-11-08 04:38:35+00:00,,GNuY_tWJ4s20Zv5JPQuGEw,1,Planned maintenance,SE_4,SE_3,MAW,A03,2025-07-07 06:00:00+02:00,2025-08-10 17:00:00+02:00,PT1M,1,3000,se3_se4,True
2025-11-08 04:38:39+00:00,,so8YtIgfRWIn_6_x5gWBdw,1,Planned maintenance,FI,SE_3,MAW,A03,2025-09-27 06:00:00+02:00,2025-10-03 21:00:00+02:00,PT1M,1,400,se3_fi,True
2025-11-08 04:38:40+00:00,,EpDLF9IVc2y2nOvc0CwPYg,1,Planned maintenance,SE_3,FI,MAW,A03,2025-09-27 07:00:00+03:00,2025-10-03 22:00:00+03:00,PT1M,1,400,fi_se3,True
2025-11-08 04:42:27+00:00,,SCVnETwJA03X38knPjQcZw,3,Planned maintenance,SE_3,SE_2,MAW,A03,2024-12-10 06:00:00+01:00,2024-12-10 17:00:00+01:00,PT1M,1,6100,se2_se3,True
2025-11-08 04:42:27+00:00,Cancelled,4FsKhMRdVB98PN-WHTFHIg,3,Planned maintenance,FI,SE_3,MAW,A03,2024-12-10 06:00:00+01:00,2024-12-10 17:00:00+01:00,PT1M,1,0,se3_fi,False
2025-11-08 04:42:27+00:00,,SB7nv8ixQ-YFTSRMfs5Tjg,1,Planned maintenance,SE_3,FI,MAW,A03,2024-12-10 07:00:00+02:00,2024-12-10 18:00:00+02:00,PT1M,1,700,fi_se3,True
2025-11-08 04:42:27+00:00,,uCP_77NEmbImQclbHEn1gQ,3,Planned maintenance,SE_4,SE_3,MAW,A03,2024-12-10 06:00:00+01:00,2024-12-10 17:00:00+01:00,PT1M,1,3700,se3_se4,True
2025-11-08 04:43:18+00:00,,QkrP5tyEitjm93IELpgQzA,3,Planned maintenance,FI,SE_3,MAW,A03,2024-11-28 05:59:00+01:00,2024-11-28 17:59:00+01:00,PT1M,1440,1000,se3_fi,True
2025-11-08 04:43:18+00:00,,tmUAErCr7bQossqhc2jkbw,3,Planned maintenance,FI,SE_3,MAW,A03,2024-11-28 17:59:00+01:00,2024-11-29 05:59:00+01:00,PT1M,2160,1200,se3_fi,True
2025-11-08 04:43:18+00:00,,QkrP5tyEitjm93IELpgQzA,3,Planned maintenance,FI,SE_3,MAW,A03,2024-11-28 17:59:00+01:00,2024-11-29 05:59:00+01:00,PT1M,2160,1200,se3_fi,True
2025-11-08 04:43:18+00:00,,tmUAErCr7bQossqhc2jkbw,3,Planned maintenance,FI,SE_3,MAW,A03,2024-11-28 05:59:00+01:00,2024-11-28 17:59:00+01:00,PT1M,1440,1000,se3_fi,True
2025-11-08 04:43:18+00:00,,tmUAErCr7bQossqhc2jkbw,3,Planned maintenance,FI,SE_3,MAW,A03,2024-11-27 17:59:00+01:00,2024-11-28 05:59:00+01:00,PT1M,720,1200,se3_fi,True
2025-11-08 04:43:18+00:00,,tmUAErCr7bQossqhc2jkbw,3,Planned maintenance,FI,SE_3,MAW,A03,2024-11-29 05:59:00+01:00,2024-11-29 17:00:00+01:00,PT1M,2880,0,se3_fi,True
2025-11-08 04:43:18+00:00,,QkrP5tyEitjm93IELpgQzA,3,Planned maintenance,FI,SE_3,MAW,A03,2024-11-27 17:59:00+01:00,2024-11-28 05:59:00+01:00,PT1M,720,1200,se3_fi,True
2025-11-08 04:43:18+00:00,,QkrP5tyEitjm93IELpgQzA,3,Planned maintenance,FI,SE_3,MAW,A03,2024-11-27 06:00:00+01:00,2024-11-27 17:59:00+01:00,PT1M,1,1000,se3_fi,True
2025-11-08 04:43:18+00:00,,QkrP5tyEitjm93IELpgQzA,3,Planned maintenance,FI,SE_3,MAW,A03,2024-11-29 05:59:00+01:00,2024-11-29 17:00:00+01:00,PT1M,2880,0,se3_fi,True
2025-11-08 04:43:18+00:00,,tmUAErCr7bQossqhc2jkbw,3,Planned maintenance,FI,SE_3,MAW,A03,2024-11-27 06:00:00+01:00,2024-11-27 17:59:00+01:00,PT1M,1,1000,se3_fi,True
2025-11-08 04:43:18+00:00,,M77YAbrCEB3BJd2Go3XKrQ,3,Planned maintenance,SE_3,FI,MAW,A03,2024-11-27 18:59:00+02:00,2024-11-28 06:59:00+02:00,PT1M,720,1200,fi_se3,True
2025-11-08 04:43:18+00:00,,b7iQtSQJWOgpLNBeyFaPvg,3,Planned maintenance,SE_3,FI,MAW,A03,2024-11-27 07:00:00+02:00,2024-11-27 18:59:00+02:00,PT1M,1,1000,fi_se3,True
2025-11-08 04:43:18+00:00,,b7iQtSQJWOgpLNBeyFaPvg,3,Planned maintenance,SE_3,FI,MAW,A03,2024-11-28 06:59:00+02:00,2024-11-28 18:59:00+02:00,PT1M,1440,1000,fi_se3,True
2025-11-08 04:43:18+00:00,,b7iQtSQJWOgpLNBeyFaPvg,3,Planned maintenance,SE_3,FI,MAW,A03,2024-11-29 06:59:00+02:00,2024-11-29 18:00:00+02:00,PT1M,2880,0,fi_se3,True
2025-11-08 04:43:18+00:00,,M77YAbrCEB3BJd2Go3XKrQ,3,Planned maintenance,SE_3,FI,MAW,A03,2024-11-27 07:00:00+02:00,2024-11-27 18:59:00+02:00,PT1M,1,1000,fi_se3,True
2025-11-08 04:43:18+00:00,,M77YAbrCEB3BJd2Go3XKrQ,3,Planned maintenance,SE_3,FI,MAW,A03,2024-11-28 18:59:00+02:00,2024-11-29 06:59:00+02:00,PT1M,2160,1200,fi_se3,True
2025-11-08 04:43:18+00:00,,M77YAbrCEB3BJd2Go3XKrQ,3,Planned maintenance,SE_3,FI,MAW,A03,2024-11-29 06:59:00+02:00,2024-11-29 18:00:00+02:00,PT1M,2880,0,fi_se3,True
2025-11-08 04:43:18+00:00,,M77YAbrCEB3BJd2Go3XKrQ,3,Planned maintenance,SE_3,FI,MAW,A03,2024-11-28 06:59:00+02:00,2024-11-28 18:59:00+02:00,PT1M,1440,1000,fi_se3,True
2025-11-08 04:43:18+00:00,,b7iQtSQJWOgpLNBeyFaPvg,3,Planned maintenance,SE_3,FI,MAW,A03,2024-11-28 18:59:00+02:00,2024-11-29 06:59:00+02:00,PT1M,2160,1200,fi_se3,True
2025-11-08 04:43:18+00:00,,b7iQtSQJWOgpLNBeyFaPvg,3,Planned maintenance,SE_3,FI,MAW,A03,2024-11-27 18:59:00+02:00,2024-11-28 06:59:00+02:00,PT1M,720,1200,fi_se3,True
2025-11-08 04:44:11+00:00,,lM-QoRRZkdlSLj9SFjm-yw,3,Planned maintenance,FI,SE_3,MAW,A03,2024-11-30 06:00:00+01:00,2024-11-30 15:45:00+01:00,PT1M,1,0,se3_fi,True
2025-11-08 04:44:11+00:00,,HSRTEC2NcA02S0c5yDd5vw,3,Planned maintenance,FI,SE_3,MAW,A03,2024-11-30 06:00:00+01:00,2024-11-30 15:45:00+01:00,PT1M,1,0,se3_fi,True
2025-11-08 04:44:11+00:00,,NWmqfvmHuwuIXJNSCt8cDg,3,Planned maintenance,SE_3,FI,MAW,A03,2024-11-30 07:00:00+02:00,2024-11-30 16:45:00+02:00,PT1M,1,0,fi_se3,True
2025-11-08 04:44:11+00:00,,RI-Krmdtyfug84tswZfpNw,3,Planned maintenance,SE_3,FI,MAW,A03,2024-11-30 07:00:00+02:00,2024-11-30 16:45:00+02:00,PT1M,1,0,fi_se3,True
2025-11-08 04:45:08+00:00,Cancelled,f_L-X-fno7rNPriRZAlqhg,2,Planned maintenance,DK_1,SE_3,MAW,A03,2025-05-05 06:00:00+02:00,2025-05-07 17:00:00+02:00,PT1M,1,600,se3_dk1,False
2025-11-08 04:45:10+00:00,,t-VP51drK_Bgr9eyeIMdCQ,3,Planned maintenance,DK_1,SE_3,MAW,A03,2024-12-02 07:00:00+01:00,2024-12-02 12:30:00+01:00,PT1M,1,350,se3_dk1,True
2025-11-08 04:45:10+00:00,,1sBFDx_h3yckm-39e_l_Kw,4,Planned maintenance,SE_3,DK_1,MAW,A03,2024-12-02 07:00:00+01:00,2024-12-02 12:30:00+01:00,PT1M,1,350,dk1_se3,True
2025-11-08 04:47:14+00:00,,KzSEn1S4vTSA96JPvJbx1Q,2,Planned maintenance,FI,SE_3,MAW,A03,2024-12-05 05:59:00+01:00,2024-12-05 18:00:00+01:00,PT1M,1440,1000,se3_fi,True
2025-11-08 04:47:14+00:00,,kVWb1YNDkP0dtDjVg_Q1dQ,2,Planned maintenance,SE_3,FI,MAW,A03,2024-12-05 06:59:00+02:00,2024-12-05 19:00:00+02:00,PT1M,1440,1000,fi_se3,True
2025-11-08 04:47:14+00:00,,72-olB9M9g0JVmYpjklJDg,2,Planned maintenance,SE_3,FI,MAW,A03,2024-12-05 06:59:00+02:00,2024-12-05 19:00:00+02:00,PT1M,1440,1000,fi_se3,True
2025-11-08 04:47:14+00:00,,72-olB9M9g0JVmYpjklJDg,2,Planned maintenance,SE_3,FI,MAW,A03,2024-12-04 18:59:00+02:00,2024-12-05 06:59:00+02:00,PT1M,720,1200,fi_se3,True
2025-11-08 04:47:14+00:00,,72-olB9M9g0JVmYpjklJDg,2,Planned maintenance,SE_3,FI,MAW,A03,2024-12-04 07:00:00+02:00,2024-12-04 18:59:00+02:00,PT1M,1,1000,fi_se3,True
2025-11-08 04:47:14+00:00,,kVWb1YNDkP0dtDjVg_Q1dQ,2,Planned maintenance,SE_3,FI,MAW,A03,2024-12-04 07:00:00+02:00,2024-12-04 18:59:00+02:00,PT1M,1,1000,fi_se3,True
2025-11-08 04:47:14+00:00,,qHxukejl_D1bAq70ZJoYDw,2,Planned maintenance,FI,SE_3,MAW,A03,2024-12-04 06:00:00+01:00,2024-12-04 17:59:00+01:00,PT1M,1,1000,se3_fi,True
2025-11-08 04:47:14+00:00,,qHxukejl_D1bAq70ZJoYDw,2,Planned maintenance,FI,SE_3,MAW,A03,2024-12-04 17:59:00+01:00,2024-12-05 05:59:00+01:00,PT1M,720,1200,se3_fi,True
2025-11-08 04:47:14+00:00,,qHxukejl_D1bAq70ZJoYDw,2,Planned maintenance,FI,SE_3,MAW,A03,2024-12-05 05:59:00+01:00,2024-12-05 18:00:00+01:00,PT1M,1440,1000,se3_fi,True
2025-11-08 04:47:14+00:00,,KzSEn1S4vTSA96JPvJbx1Q,2,Planned maintenance,FI,SE_3,MAW,A03,2024-12-04 06:00:00+01:00,2024-12-04 17:59:00+01:00,PT1M,1,1000,se3_fi,True
2025-11-08 04:47:14+00:00,,kVWb1YNDkP0dtDjVg_Q1dQ,2,Planned maintenance,SE_3,FI,MAW,A03,2024-12-04 18:59:00+02:00,2024-12-05 06:59:00+02:00,PT1M,720,1200,fi_se3,True
2025-11-08 04:47:14+00:00,,KzSEn1S4vTSA96JPvJbx1Q,2,Planned maintenance,FI,SE_3,MAW,A03,2024-12-04 17:59:00+01:00,2024-12-05 05:59:00+01:00,PT1M,720,1200,se3_fi,True
2025-11-08 04:47:22+00:00,,pelN8BQwVqIbDZ_PLyJz4g,4,Planned maintenance,SE_3,DK_1,MAW,A03,2024-12-10 06:59:00+01:00,2024-12-10 17:59:00+01:00,PT1M,1440,450,dk1_se3,True
2025-11-08 04:47:22+00:00,,pelN8BQwVqIbDZ_PLyJz4g,4,Planned maintenance,SE_3,DK_1,MAW,A03,2024-12-09 17:59:00+01:00,2024-12-10 06:59:00+01:00,PT1M,660,715,dk1_se3,True
2025-11-08 04:47:22+00:00,,pelN8BQwVqIbDZ_PLyJz4g,4,Planned maintenance,SE_3,DK_1,MAW,A03,2024-12-12 06:59:00+01:00,2024-12-12 18:00:00+01:00,PT1M,4320,366,dk1_se3,True
2025-11-08 04:47:22+00:00,,pelN8BQwVqIbDZ_PLyJz4g,4,Planned maintenance,SE_3,DK_1,MAW,A03,2024-12-11 06:59:00+01:00,2024-12-11 17:59:00+01:00,PT1M,2880,450,dk1_se3,True
2025-11-08 04:47:22+00:00,,pelN8BQwVqIbDZ_PLyJz4g,4,Planned maintenance,SE_3,DK_1,MAW,A03,2024-12-10 17:59:00+01:00,2024-12-11 06:59:00+01:00,PT1M,2100,715,dk1_se3,True
2025-11-08 04:47:22+00:00,,pelN8BQwVqIbDZ_PLyJz4g,4,Planned maintenance,SE_3,DK_1,MAW,A03,2024-12-11 17:59:00+01:00,2024-12-12 06:59:00+01:00,PT1M,3540,715,dk1_se3,True
2025-11-08 04:47:22+00:00,,pelN8BQwVqIbDZ_PLyJz4g,4,Planned maintenance,SE_3,DK_1,MAW,A03,2024-12-09 07:00:00+01:00,2024-12-09 17:59:00+01:00,PT1M,1,450,dk1_se3,True
2025-11-08 04:49:12+00:00,,RZyM8Waivyw9L0Ed7OXEAw,2,Unplanned outage,SE_3,DK_1,MAW,A03,2024-12-09 00:16:00+01:00,2024-12-09 03:15:00+01:00,PT1M,1,0,dk1_se3,True
2025-11-08 04:49:12+00:00,,NzsbAO83XsHJGG06UWj6_g,2,Unplanned outage,SE_3,DK_1,MAW,A03,2024-12-09 00:16:00+01:00,2024-12-09 03:15:00+01:00,PT1M,1,0,dk1_se3,True
2025-11-08 04:49:12+00:00,,3oI6HuXiUKQU-Y_hm1egLw,2,Unplanned outage,DK_1,SE_3,MAW,A03,2024-12-09 00:16:00+01:00,2024-12-09 03:15:00+01:00,PT1M,1,0,se3_dk1,True
2025-11-08 04:49:12+00:00,,Se6TmCaaqa_B-yooHxahKw,2,Unplanned outage,DK_1,SE_3,MAW,A03,2024-12-09 00:16:00+01:00,2024-12-09 03:15:00+01:00,PT1M,1,0,se3_dk1,True
2025-11-08 04:49:29+00:00,,c12plyqa_6cw14ChmZ5klw,4,Planned maintenance,FI,SE_3,MAW,A03,2024-12-09 09:00:00+01:00,2024-12-09 15:30:00+01:00,PT1M,1,0,se3_fi,True
2025-11-08 04:49:29+00:00,,wJ-qMTA19jbqxBBg3UKEKA,4,Planned maintenance,FI,SE_3,MAW,A03,2024-12-09 09:00:00+01:00,2024-12-09 15:30:00+01:00,PT1M,1,0,se3_fi,True
2025-11-08 04:49:29+00:00,,cjEdG3bswUFMpAcCFk45tg,4,Planned maintenance,SE_3,FI,MAW,A03,2024-12-09 10:00:00+02:00,2024-12-09 16:30:00+02:00,PT1M,1,0,fi_se3,True
2025-11-08 04:49:29+00:00,,VZjqb5EdnAQida_gYQjgVg,4,Planned maintenance,SE_3,FI,MAW,A03,2024-12-09 10:00:00+02:00,2024-12-09 16:30:00+02:00,PT1M,1,0,fi_se3,True
2025-11-08 04:49:48+00:00,,ZD6Xy6ngJqegUQjbtIuBbQ,1,Planned maintenance,DK_1,SE_3,MAW,A03,2024-12-19 16:59:00+01:00,2024-12-20 07:59:00+01:00,PT1M,300,715,se3_dk1,True
2025-11-08 04:49:48+00:00,,LMvdisbxRBRQZXRtTnooog,1,Planned maintenance,SE_3,DK_1,MAW,A03,2024-12-19 12:00:00+01:00,2024-12-19 16:59:00+01:00,PT1M,1,330,dk1_se3,True
2025-11-08 04:49:48+00:00,,LMvdisbxRBRQZXRtTnooog,1,Planned maintenance,SE_3,DK_1,MAW,A03,2024-12-19 16:59:00+01:00,2024-12-20 07:59:00+01:00,PT1M,300,715,dk1_se3,True
2025-11-08 04:49:48+00:00,,LMvdisbxRBRQZXRtTnooog,1,Planned maintenance,SE_3,DK_1,MAW,A03,2024-12-20 07:59:00+01:00,2024-12-20 13:00:00+01:00,PT1M,1200,330,dk1_se3,True
2025-11-08 04:49:48+00:00,,ZD6Xy6ngJqegUQjbtIuBbQ,1,Planned maintenance,DK_1,SE_3,MAW,A03,2024-12-19 12:00:00+01:00,2024-12-19 16:59:00+01:00,PT1M,1,40,se3_dk1,True
2025-11-08 04:49:48+00:00,,ZD6Xy6ngJqegUQjbtIuBbQ,1,Planned maintenance,DK_1,SE_3,MAW,A03,2024-12-20 07:59:00+01:00,2024-12-20 13:00:00+01:00,PT1M,1200,40,se3_dk1,True
2025-11-08 04:50:18+00:00,,XbNzmFRPNOjamw8Y2mfTkw,3,Planned maintenance,SE_3,FI,MAW,A03,2024-08-11 07:00:00+03:00,2024-08-31 18:00:00+03:00,PT1M,1,0,fi_se3,True
2025-11-08 04:50:18+00:00,,p4lZreOkQ7XidOfdfvnDKQ,3,Planned maintenance,SE_3,SE_2,MAW,A03,2024-08-11 06:00:00+02:00,2024-08-31 17:00:00+02:00,PT1M,1,5200,se2_se3,True
2025-11-08 04:50:18+00:00,,6fHsVkQqCvi6BAVmCEm4ig,3,Planned maintenance,SE_4,SE_3,MAW,A03,2024-08-11 06:00:00+02:00,2024-08-31 17:00:00+02:00,PT1M,1,3300,se3_se4,True
2025-11-08 04:50:20+00:00,,wcjhbeEhy5HENkK_GKgRfg,3,Planned maintenance,SE_4,SE_3,MAW,A03,2024-11-02 06:00:00+01:00,2024-11-02 15:00:00+01:00,PT1M,1,4100,se3_se4,True
2025-11-08 04:50:20+00:00,,P90GkQVClFAdEBYHW4WrtQ,3,Planned maintenance,SE_3,SE_2,MAW,A03,2024-11-02 06:00:00+01:00,2024-11-02 15:00:00+01:00,PT1M,1,5900,se2_se3,True
2025-11-08 04:50:20+00:00,,74vYPxoHOxsNAlvgxpIkrA,4,Planned maintenance,SE_3,FI,MAW,A03,2024-09-21 07:00:00+03:00,2024-09-21 11:50:00+03:00,PT1M,1,100,fi_se3,True
2025-11-08 04:50:20+00:00,,R5tAAMWT2xn8tJL6U4jocA,4,Planned maintenance,SE_3,SE_2,MAW,A03,2024-09-21 06:00:00+02:00,2024-09-21 10:50:00+02:00,PT1M,1,5800,se2_se3,True
2025-11-08 04:50:20+00:00,,KlN4d1YFhFGr32SedFLcEg,4,Planned maintenance,SE_4,SE_3,MAW,A03,2024-09-21 06:00:00+02:00,2024-09-21 10:50:00+02:00,PT1M,1,3700,se3_se4,True
2025-11-08 04:50:20+00:00,,EaWRK0N9AS1I5HrylUnh0g,3,Planned maintenance,SE_3,FI,MAW,A03,2024-11-02 07:00:00+02:00,2024-11-02 16:00:00+02:00,PT1M,1,200,fi_se3,True
2025-11-08 04:50:51+00:00,,Kj7gEhGMY5z5iB_b0P-o_Q,2,Planned maintenance,SE_4,SE_3,MAW,A03,2024-12-09 06:00:00+01:00,2024-12-11 16:15:00+01:00,PT1M,1,6000,se3_se4,True
2025-11-08 04:51:12+00:00,,yvVMbf52Rc1x84R5MzFLqQ,2,Planned maintenance,SE_3,DK_1,MAW,A03,2024-12-16 17:59:00+01:00,2024-12-17 06:59:00+01:00,PT1M,660,715,dk1_se3,True
2025-11-08 04:51:12+00:00,,yvVMbf52Rc1x84R5MzFLqQ,2,Planned maintenance,SE_3,DK_1,MAW,A03,2024-12-17 06:59:00+01:00,2024-12-17 17:59:00+01:00,PT1M,1440,350,dk1_se3,True
2025-11-08 04:51:12+00:00,,yvVMbf52Rc1x84R5MzFLqQ,2,Planned maintenance,SE_3,DK_1,MAW,A03,2024-12-18 06:59:00+01:00,2024-12-18 17:59:00+01:00,PT1M,2880,350,dk1_se3,True
2025-11-08 04:51:12+00:00,,yvVMbf52Rc1x84R5MzFLqQ,2,Planned maintenance,SE_3,DK_1,MAW,A03,2024-12-17 17:59:00+01:00,2024-12-18 06:59:00+01:00,PT1M,2100,715,dk1_se3,True
2025-11-08 04:51:12+00:00,,yvVMbf52Rc1x84R5MzFLqQ,2,Planned maintenance,SE_3,DK_1,MAW,A03,2024-12-19 06:59:00+01:00,2024-12-19 18:00:00+01:00,PT1M,4320,350,dk1_se3,True
2025-11-08 04:51:12+00:00,,yvVMbf52Rc1x84R5MzFLqQ,2,Planned maintenance,SE_3,DK_1,MAW,A03,2024-12-18 17:59:00+01:00,2024-12-19 06:59:00+01:00,PT1M,3540,715,dk1_se3,True
2025-11-08 04:51:12+00:00,,yvVMbf52Rc1x84R5MzFLqQ,2,Planned maintenance,SE_3,DK_1,MAW,A03,2024-12-16 07:00:00+01:00,2024-12-16 17:59:00+01:00,PT1M,1,350,dk1_se3,True
2025-11-08 04:51:13+00:00,,9hnr-Q_Bbb64rOby3RjqRQ,2,Planned maintenance,DK_1,SE_3,MAW,A03,2024-12-19 06:59:00+01:00,2024-12-19 18:00:00+01:00,PT1M,4320,600,se3_dk1,True
2025-11-08 04:51:13+00:00,,9hnr-Q_Bbb64rOby3RjqRQ,2,Planned maintenance,DK_1,SE_3,MAW,A03,2024-12-16 17:59:00+01:00,2024-12-17 06:59:00+01:00,PT1M,660,715,se3_dk1,True
2025-11-08 04:51:13+00:00,,9hnr-Q_Bbb64rOby3RjqRQ,2,Planned maintenance,DK_1,SE_3,MAW,A03,2024-12-17 06:59:00+01:00,2024-12-17 17:59:00+01:00,PT1M,1440,600,se3_dk1,True
2025-11-08 04:51:13+00:00,,9hnr-Q_Bbb64rOby3RjqRQ,2,Planned maintenance,DK_1,SE_3,MAW,A03,2024-12-17 17:59:00+01:00,2024-12-18 06:59:00+01:00,PT1M,2100,715,se3_dk1,True
2025-11-08 04:51:13+00:00,,9hnr-Q_Bbb64rOby3RjqRQ,2,Planned maintenance,DK_1,SE_3,MAW,A03,2024-12-18 06:59:00+01:00,2024-12-18 17:59:00+01:00,PT1M,2880,600,se3_dk1,True
2025-11-08 04:51:13+00:00,,9hnr-Q_Bbb64rOby3RjqRQ,2,Planned maintenance,DK_1,SE_3,MAW,A03,2024-12-18 17:59:00+01:00,2024-12-19 06:59:00+01:00,PT1M,3540,715,se3_dk1,True
2025-11-08 04:51:13+00:00,,9hnr-Q_Bbb64rOby3RjqRQ,2,Planned maintenance,DK_1,SE_3,MAW,A03,2024-12-16 07:00:00+01:00,2024-12-16 17:59:00+01:00,PT1M,1,600,se3_dk1,True
2025-11-08 04:51:25+00:00,Cancelled,A0nLjzXcT0i5MyxZsY6ibg,2,Planned maintenance,SE_4,SE_3,MAW,A03,2025-04-08 06:00:00+02:00,2025-04-15 17:00:00+02:00,PT1M,1,4700,se3_se4,False
2025-11-08 04:51:25+00:00,Cancelled,ak4XSMN0GYciQPh6K3HOeQ,2,Planned maintenance,SE_4,SE_3,MAW,A03,2025-04-08 06:00:00+02:00,2025-04-15 17:00:00+02:00,PT1M,1,4700,se3_se4,False
2025-11-08 04:51:46+00:00,,Tmim0_pYmMRM9RiSxkDRtg,6,Planned maintenance,SE_3,NO_1,MAW,A03,2024-10-14 06:00:00+02:00,2024-12-13 09:30:00+01:00,PT1M,1,1945,no1_se3,True
2025-11-08 04:51:46+00:00,,kdYsH3WiX9lvyl6Fiu_ocw,6,Planned maintenance,SE_3,NO_1,MAW,A03,2024-10-14 06:00:00+02:00,2024-12-13 09:30:00+01:00,PT1M,1,1945,no1_se3,True
2025-11-08 04:51:51+00:00,,LFWmS2UiuxmWxL46J7nrOw,3,Planned maintenance,SE_4,SE_3,MAW,A03,2024-12-09 07:00:00+01:00,2024-12-13 16:30:00+01:00,PT1M,1,5800,se3_se4,True
2025-11-08 04:51:51+00:00,,cQzQwLK7ywO2X85UsYGQWA,3,Planned maintenance,SE_3,SE_4,MAW,A03,2024-12-09 07:00:00+01:00,2024-12-13 16:30:00+01:00,PT1M,1,2400,se4_se3,True
2025-11-08 04:52:36+00:00,Cancelled,MuhPi-NMxzZPL5aj3BJG1w,3,Planned maintenance,NO_1,SE_3,MAW,A03,2024-12-17 09:00:00+01:00,2024-12-17 15:00:00+01:00,PT1M,1,1695,se3_no1,False
2025-11-08 04:53:14+00:00,,i0TEqfqmN7cpja-wpdWahQ,17,Planned maintenance,SE_3,FI,MAW,A03,2024-03-18 06:59:00+02:00,2024-03-18 15:59:00+02:00,PT1M,30180,800,fi_se3,True
2025-11-08 04:53:14+00:00,,i0TEqfqmN7cpja-wpdWahQ,17,Planned maintenance,SE_3,FI,MAW,A03,2024-05-23 15:59:00+03:00,2024-06-15 07:59:00+03:00,PT1M,125700,1200,fi_se3,True
2025-11-08 04:53:14+00:00,,i0TEqfqmN7cpja-wpdWahQ,17,Planned maintenance,SE_3,FI,MAW,A03,2024-09-25 15:59:00+03:00,2024-09-30 07:59:00+03:00,PT1M,305700,1200,fi_se3,True
2025-11-08 04:53:14+00:00,,i0TEqfqmN7cpja-wpdWahQ,17,Planned maintenance,SE_3,FI,MAW,A03,2024-07-22 07:59:00+03:00,2024-07-24 15:59:00+03:00,PT1M,211620,800,fi_se3,True
2025-11-08 04:53:14+00:00,,i0TEqfqmN7cpja-wpdWahQ,17,Planned maintenance,SE_3,FI,MAW,A03,2024-09-23 07:59:00+03:00,2024-09-25 15:59:00+03:00,PT1M,302340,800,fi_se3,True
2025-11-08 04:53:14+00:00,,i0TEqfqmN7cpja-wpdWahQ,17,Planned maintenance,SE_3,FI,MAW,A03,2024-09-03 07:59:00+03:00,2024-09-06 17:59:00+03:00,PT1M,273540,800,fi_se3,True
2025-11-08 04:53:14+00:00,,i0TEqfqmN7cpja-wpdWahQ,17,Planned maintenance,SE_3,FI,MAW,A03,2024-09-02 15:59:00+03:00,2024-09-03 07:59:00+03:00,PT1M,272580,1200,fi_se3,True
2025-11-08 04:53:14+00:00,,i0TEqfqmN7cpja-wpdWahQ,17,Planned maintenance,SE_3,FI,MAW,A03,2024-09-02 07:59:00+03:00,2024-09-02 15:59:00+03:00,PT1M,272100,800,fi_se3,True
2025-11-08 04:53:14+00:00,,i0TEqfqmN7cpja-wpdWahQ,17,Planned maintenance,SE_3,FI,MAW,A03,2024-12-11 18:59:00+02:00,2024-12-16 12:59:00+02:00,PT1M,416820,1200,fi_se3,True
2025-11-08 04:53:14+00:00,,i0TEqfqmN7cpja-wpdWahQ,17,Planned maintenance,SE_3,FI,MAW,A03,2024-11-14 15:59:00+02:00,2024-11-19 07:59:00+02:00,PT1M,377760,1200,fi_se3,True
2025-11-08 04:53:14+00:00,,i0TEqfqmN7cpja-wpdWahQ,17,Planned maintenance,SE_3,FI,MAW,A03,2024-05-08 17:59:00+03:00,2024-05-23 07:59:00+03:00,PT1M,104220,1200,fi_se3,True
2025-11-08 04:53:14+00:00,,i0TEqfqmN7cpja-wpdWahQ,17,Planned maintenance,SE_3,FI,MAW,A03,2024-04-08 07:59:00+03:00,2024-04-08 16:59:00+03:00,PT1M,60420,800,fi_se3,True
2025-11-08 04:53:14+00:00,,i0TEqfqmN7cpja-wpdWahQ,17,Planned maintenance,SE_3,FI,MAW,A03,2024-04-08 16:59:00+03:00,2024-04-22 06:59:00+03:00,PT1M,60960,1200,fi_se3,True
2025-11-08 04:53:14+00:00,,i0TEqfqmN7cpja-wpdWahQ,17,Planned maintenance,SE_3,FI,MAW,A03,2024-05-06 07:59:00+03:00,2024-05-08 17:59:00+03:00,PT1M,100740,800,fi_se3,True
2025-11-08 04:53:14+00:00,,i0TEqfqmN7cpja-wpdWahQ,17,Planned maintenance,SE_3,FI,MAW,A03,2024-04-26 16:59:00+03:00,2024-04-29 07:59:00+03:00,PT1M,86880,1200,fi_se3,True
2025-11-08 04:53:14+00:00,,i0TEqfqmN7cpja-wpdWahQ,17,Planned maintenance,SE_3,FI,MAW,A03,2024-04-29 07:59:00+03:00,2024-04-29 16:59:00+03:00,PT1M,90660,800,fi_se3,True
2025-11-08 04:53:14+00:00,,i0TEqfqmN7cpja-wpdWahQ,17,Planned maintenance,SE_3,FI,MAW,A03,2024-04-29 16:59:00+03:00,2024-05-06 07:59:00+03:00,PT1M,91200,1200,fi_se3,True
2025-11-08 04:53:14+00:00,,i0TEqfqmN7cpja-wpdWahQ,17,Planned maintenance,SE_3,FI,MAW,A03,2024-12-16 12:59:00+02:00,2024-12-18 19:00:00+02:00,PT1M,423660,800,fi_se3,True
2025-11-08 04:53:14+00:00,,i0TEqfqmN7cpja-wpdWahQ,17,Planned maintenance,SE_3,FI,MAW,A03,2024-10-09 08:59:00+03:00,2024-10-09 15:59:00+03:00,PT1M,325440,800,fi_se3,True
2025-11-08 04:53:14+00:00,,i0TEqfqmN7cpja-wpdWahQ,17,Planned maintenance,SE_3,FI,MAW,A03,2024-02-29 14:59:00+02:00,2024-03-04 06:59:00+02:00,PT1M,4740,1200,fi_se3,True
2025-11-08 04:53:14+00:00,,i0TEqfqmN7cpja-wpdWahQ,17,Planned maintenance,SE_3,FI,MAW,A03,2024-11-28 15:59:00+02:00,2024-12-02 12:59:00+02:00,PT1M,397920,1200,fi_se3,True
2025-11-08 04:53:14+00:00,,i0TEqfqmN7cpja-wpdWahQ,17,Planned maintenance,SE_3,FI,MAW,A03,2024-03-18 15:59:00+02:00,2024-04-03 07:59:00+03:00,PT1M,30720,1200,fi_se3,True
2025-11-08 04:53:14+00:00,,i0TEqfqmN7cpja-wpdWahQ,17,Planned maintenance,SE_3,FI,MAW,A03,2024-11-21 15:59:00+02:00,2024-11-26 07:59:00+02:00,PT1M,387840,1200,fi_se3,True
2025-11-08 04:53:14+00:00,,i0TEqfqmN7cpja-wpdWahQ,17,Planned maintenance,SE_3,FI,MAW,A03,2024-12-04 18:59:00+02:00,2024-12-09 12:59:00+02:00,PT1M,406740,1200,fi_se3,True
2025-11-08 04:53:14+00:00,,i0TEqfqmN7cpja-wpdWahQ,17,Planned maintenance,SE_3,FI,MAW,A03,2024-12-02 12:59:00+02:00,2024-12-04 18:59:00+02:00,PT1M,403500,800,fi_se3,True
2025-11-08 04:53:14+00:00,,i0TEqfqmN7cpja-wpdWahQ,17,Planned maintenance,SE_3,FI,MAW,A03,2024-04-03 07:59:00+03:00,2024-04-03 15:59:00+03:00,PT1M,53220,800,fi_se3,True
2025-11-08 04:53:14+00:00,,i0TEqfqmN7cpja-wpdWahQ,17,Planned maintenance,SE_3,FI,MAW,A03,2024-04-03 15:59:00+03:00,2024-04-08 07:59:00+03:00,PT1M,53700,1200,fi_se3,True
2025-11-08 04:53:14+00:00,,i0TEqfqmN7cpja-wpdWahQ,17,Planned maintenance,SE_3,FI,MAW,A03,2024-11-19 07:59:00+02:00,2024-11-21 15:59:00+02:00,PT1M,384480,800,fi_se3,True
2025-11-08 04:53:14+00:00,,i0TEqfqmN7cpja-wpdWahQ,17,Planned maintenance,SE_3,FI,MAW,A03,2024-02-26 08:00:00+02:00,2024-02-29 14:59:00+02:00,PT1M,1,800,fi_se3,True
2025-11-08 04:53:14+00:00,,i0TEqfqmN7cpja-wpdWahQ,17,Planned maintenance,SE_3,FI,MAW,A03,2024-11-12 07:59:00+02:00,2024-11-14 15:59:00+02:00,PT1M,374400,800,fi_se3,True
2025-11-08 04:53:14+00:00,,i0TEqfqmN7cpja-wpdWahQ,17,Planned maintenance,SE_3,FI,MAW,A03,2024-10-09 15:59:00+03:00,2024-11-12 07:59:00+02:00,PT1M,325860,1200,fi_se3,True
2025-11-08 04:53:14+00:00,,i0TEqfqmN7cpja-wpdWahQ,17,Planned maintenance,SE_3,FI,MAW,A03,2024-07-24 15:59:00+03:00,2024-09-02 07:59:00+03:00,PT1M,214980,1200,fi_se3,True
2025-11-08 04:53:14+00:00,,i0TEqfqmN7cpja-wpdWahQ,17,Planned maintenance,SE_3,FI,MAW,A03,2024-11-26 07:59:00+02:00,2024-11-28 15:59:00+02:00,PT1M,394560,800,fi_se3,True
2025-11-08 04:53:14+00:00,,i0TEqfqmN7cpja-wpdWahQ,17,Planned maintenance,SE_3,FI,MAW,A03,2024-12-09 12:59:00+02:00,2024-12-11 18:59:00+02:00,PT1M,413580,800,fi_se3,True
2025-11-08 04:53:14+00:00,,i0TEqfqmN7cpja-wpdWahQ,17,Planned maintenance,SE_3,FI,MAW,A03,2024-09-06 17:59:00+03:00,2024-09-23 07:59:00+03:00,PT1M,278460,1200,fi_se3,True
2025-11-08 04:53:14+00:00,,i0TEqfqmN7cpja-wpdWahQ,17,Planned maintenance,SE_3,FI,MAW,A03,2024-09-30 07:59:00+03:00,2024-10-03 15:59:00+03:00,PT1M,312420,800,fi_se3,True
2025-11-08 04:53:14+00:00,,i0TEqfqmN7cpja-wpdWahQ,17,Planned maintenance,SE_3,FI,MAW,A03,2024-06-15 07:59:00+03:00,2024-06-15 15:59:00+03:00,PT1M,158340,800,fi_se3,True
2025-11-08 04:53:14+00:00,,i0TEqfqmN7cpja-wpdWahQ,17,Planned maintenance,SE_3,FI,MAW,A03,2024-07-08 15:59:00+03:00,2024-07-22 07:59:00+03:00,PT1M,191940,1200,fi_se3,True
2025-11-08 04:53:14+00:00,,i0TEqfqmN7cpja-wpdWahQ,17,Planned maintenance,SE_3,FI,MAW,A03,2024-07-03 15:59:00+03:00,2024-07-08 07:59:00+03:00,PT1M,184740,1200,fi_se3,True
2025-11-08 04:53:14+00:00,,i0TEqfqmN7cpja-wpdWahQ,17,Planned maintenance,SE_3,FI,MAW,A03,2024-07-01 08:59:00+03:00,2024-07-03 15:59:00+03:00,PT1M,181440,800,fi_se3,True
2025-11-08 04:53:14+00:00,,i0TEqfqmN7cpja-wpdWahQ,17,Planned maintenance,SE_3,FI,MAW,A03,2024-06-15 15:59:00+03:00,2024-07-01 08:59:00+03:00,PT1M,158820,1200,fi_se3,True
2025-11-08 04:53:14+00:00,,i0TEqfqmN7cpja-wpdWahQ,17,Planned maintenance,SE_3,FI,MAW,A03,2024-04-22 06:59:00+03:00,2024-04-26 16:59:00+03:00,PT1M,80520,800,fi_se3,True
2025-11-08 04:53:14+00:00,,i0TEqfqmN7cpja-wpdWahQ,17,Planned maintenance,SE_3,FI,MAW,A03,2024-05-23 07:59:00+03:00,2024-05-23 15:59:00+03:00,PT1M,125220,800,fi_se3,True
2025-11-08 04:53:14+00:00,,i0TEqfqmN7cpja-wpdWahQ,17,Planned maintenance,SE_3,FI,MAW,A03,2024-10-03 15:59:00+03:00,2024-10-09 08:59:00+03:00,PT1M,317220,1200,fi_se3,True
2025-11-08 04:53:14+00:00,,i0TEqfqmN7cpja-wpdWahQ,17,Planned maintenance,SE_3,FI,MAW,A03,2024-07-08 07:59:00+03:00,2024-07-08 15:59:00+03:00,PT1M,191460,800,fi_se3,True
2025-11-08 04:53:14+00:00,,i0TEqfqmN7cpja-wpdWahQ,17,Planned maintenance,SE_3,FI,MAW,A03,2024-03-07 16:59:00+02:00,2024-03-18 06:59:00+02:00,PT1M,14940,1200,fi_se3,True
2025-11-08 04:53:14+00:00,,i0TEqfqmN7cpja-wpdWahQ,17,Planned maintenance,SE_3,FI,MAW,A03,2024-03-04 06:59:00+02:00,2024-03-07 16:59:00+02:00,PT1M,10020,800,fi_se3,True
2025-11-08 05:33:25+00:00,Cancelled,-bxIC3Ab6xGMU84JLZPP7A,2,Planned maintenance,SE_3,SE_2,MAW,A03,2025-06-23 06:00:00+02:00,2025-06-27 17:00:00+02:00,PT1M,1,6900,se2_se3,False
2025-11-08 05:46:49+00:00,,ueTIHXxSaB-xtx2Vl8A5rA,1,Planned maintenance,DK_1,SE_3,MAW,A03,2025-01-21 07:00:00+01:00,2025-01-21 13:00:00+01:00,PT1M,1,300,se3_dk1,True
2025-11-08 05:46:49+00:00,,8Ufe6qteUBr0Bme6xFw5bw,1,Planned maintenance,SE_3,DK_1,MAW,A03,2025-01-21 07:00:00+01:00,2025-01-21 13:00:00+01:00,PT1M,1,200,dk1_se3,True
2025-11-08 06:02:54+00:00,Cancelled,Qss2wBUzRVkkvwkGRwEPcg,2,Planned maintenance,SE_3,DK_1,MAW,A03,2025-01-25 16:00:00+01:00,2025-01-26 12:00:00+01:00,PT1M,1,465,dk1_se3,False
2025-11-08 06:02:54+00:00,Cancelled,uO_whNCKQOGwZkaP6yVoLg,3,Planned maintenance,DK_1,SE_3,MAW,A03,2025-01-25 16:00:00+01:00,2025-01-26 12:00:00+01:00,PT1M,1,320,se3_dk1,False
2025-11-08 06:02:59+00:00,,OzJmkG4t4ebJ8Wt0xw4hfA,1,Planned maintenance,SE_3,SE_2,MAW,A03,2025-06-16 06:00:00+02:00,2025-06-16 12:59:00+02:00,PT1M,1,5500,se2_se3,True
2025-11-08 06:02:59+00:00,,OzJmkG4t4ebJ8Wt0xw4hfA,1,Planned maintenance,SE_3,SE_2,MAW,A03,2025-06-16 12:59:00+02:00,2025-07-02 09:59:00+02:00,PT1M,420,7300,se2_se3,True
2025-11-08 06:02:59+00:00,,hTxP8yyNvdx_IIORFKtoRg,1,Planned maintenance,SE_3,SE_2,MAW,A03,2025-07-02 09:59:00+02:00,2025-07-02 17:00:00+02:00,PT1M,23280,5500,se2_se3,True
2025-11-08 06:02:59+00:00,,OzJmkG4t4ebJ8Wt0xw4hfA,1,Planned maintenance,SE_3,SE_2,MAW,A03,2025-07-02 09:59:00+02:00,2025-07-02 17:00:00+02:00,PT1M,23280,5500,se2_se3,True
2025-11-08 06:02:59+00:00,,hTxP8yyNvdx_IIORFKtoRg,1,Planned maintenance,SE_3,SE_2,MAW,A03,2025-06-16 12:59:00+02:00,2025-07-02 09:59:00+02:00,PT1M,420,7300,se2_se3,True
2025-11-08 06:02:59+00:00,,hTxP8yyNvdx_IIORFKtoRg,1,Planned maintenance,SE_3,SE_2,MAW,A03,2025-06-16 06:00:00+02:00,2025-06-16 12:59:00+02:00,PT1M,1,5500,se2_se3,True
2025-11-08 06:05:04+00:00,,mweOe6CVZXdRuX_7FkVXtg,4,Planned maintenance,DK_1,SE_3,MAW,A03,2025-01-07 09:00:00+01:00,2025-01-23 14:23:00+01:00,PT1M,1,300,se3_dk1,True
2025-11-08 06:05:04+00:00,,FHeUT7qX-58cwkKiG24Znw,4,Planned maintenance,SE_3,DK_1,MAW,A03,2025-01-07 09:00:00+01:00,2025-01-23 14:23:00+01:00,PT1M,1,200,dk1_se3,True
2025-11-08 06:09:08+00:00,,faPHuSBTQZtqUteOVnYnRQ,15,Unplanned outage,SE_4,SE_3,MAW,A03,2025-01-19 11:04:00+01:00,2025-01-25 12:00:00+01:00,PT1M,5885,5200,se3_se4,True
2025-11-08 06:09:08+00:00,,faPHuSBTQZtqUteOVnYnRQ,15,Unplanned outage,SE_4,SE_3,MAW,A03,2025-01-15 09:00:00+01:00,2025-01-19 11:04:00+01:00,PT1M,1,5800,se3_se4,True
2025-11-08 06:09:09+00:00,,kC2W1G5fgcL3LFT1NblQaA,15,Unplanned outage,SE_3,SE_4,MAW,A03,2025-01-19 11:04:00+01:00,2025-01-25 12:00:00+01:00,PT1M,5885,2000,se4_se3,True
2025-11-08 06:09:09+00:00,,kC2W1G5fgcL3LFT1NblQaA,15,Unplanned outage,SE_3,SE_4,MAW,A03,2025-01-15 09:00:00+01:00,2025-01-19 11:04:00+01:00,PT1M,1,2400,se4_se3,True
2025-11-08 06:09:30+00:00,,fIyvxAhNWiuwKJA97DfOxw,2,Planned maintenance,SE_3,SE_2,MAW,A03,2025-01-27 07:00:00+01:00,2025-01-27 16:00:00+01:00,PT1M,1,6900,se2_se3,True
2025-11-08 06:09:30+00:00,,jvveNuoPmGW_UDJLFY6Xlw,2,Planned maintenance,FI,SE_3,MAW,A03,2025-01-27 07:00:00+01:00,2025-01-27 16:00:00+01:00,PT1M,1,900,se3_fi,True
2025-11-08 06:09:30+00:00,,r72Kh2AB5bbn2ylyn7tAcg,2,Planned maintenance,SE_3,FI,MAW,A03,2025-01-27 08:00:00+02:00,2025-01-27 17:00:00+02:00,PT1M,1,900,fi_se3,True
2025-11-08 06:14:09+00:00,,mo9C2jYzbP4-M6ugKhv5XQ,1,Planned maintenance,NO_1,SE_3,MAW,A03,2025-04-28 09:00:00+02:00,2025-05-23 16:00:00+02:00,PT1M,1,1895,se3_no1,True
2025-11-08 06:14:16+00:00,Cancelled,AwGIQ6cBiaK2qg0MAYv5zg,2,Planned maintenance,FI,SE_3,MAW,A03,2025-11-11 06:00:00+01:00,2025-11-13 17:00:00+01:00,PT1M,1,0,se3_fi,False
2025-11-08 06:16:16+00:00,Cancelled,wyJo4h4FH9wZ6rlYpbn1Ag,3,Planned maintenance,SE_4,SE_3,MAW,A03,2025-03-17 06:00:00+01:00,2025-03-23 17:00:00+01:00,PT1M,1,4000,se3_se4,False
2025-11-08 06:16:16+00:00,Cancelled,3JgwAA3-BMmQzDag0-6Mag,4,Planned maintenance,SE_3,SE_2,MAW,A03,2025-03-17 06:00:00+01:00,2025-03-23 17:00:00+01:00,PT1M,1,6000,se2_se3,False
2025-11-08 06:16:16+00:00,Cancelled,hdNLPzeCtLOyXVqQwIR3Ag,3,Planned maintenance,SE_3,FI,MAW,A03,2025-03-17 07:00:00+02:00,2025-03-23 18:00:00+02:00,PT1M,1,300,fi_se3,False
2025-11-08 06:35:27+00:00,,46BZDAPtyLe6FuLJJaLg_A,2,Planned maintenance,SE_3,SE_2,MAW,A03,2025-04-27 06:00:00+02:00,2025-05-04 17:00:00+02:00,PT1M,1,5600,se2_se3,True
2025-11-08 06:35:27+00:00,,MuDGkY7iu4-Cix_CDFaz3A,2,Planned maintenance,SE_4,SE_3,MAW,A03,2025-04-27 06:00:00+02:00,2025-05-04 17:00:00+02:00,PT1M,1,4100,se3_se4,True
2025-11-08 06:35:27+00:00,,kcaaPhgJThLOyRpypUnOtA,2,Planned maintenance,SE_3,FI,MAW,A03,2025-04-27 07:00:00+03:00,2025-05-04 18:00:00+03:00,PT1M,1,100,fi_se3,True
2025-11-08 06:35:32+00:00,,8YL7MzLFAcZm1ufAfSS1BQ,2,Planned maintenance,SE_3,FI,MAW,A03,2025-03-10 07:00:00+02:00,2025-03-28 18:00:00+02:00,PT1M,1,800,fi_se3,True
2025-11-08 06:35:32+00:00,,qZslRKB-nVrRF5VgI4iBxg,3,Planned maintenance,SE_3,SE_2,MAW,A03,2025-03-10 06:00:00+01:00,2025-03-28 17:00:00+01:00,PT1M,1,6000,se2_se3,True
2025-11-08 06:35:32+00:00,Cancelled,t5TzsilD2HKQ9rHfyalQgQ,2,Planned maintenance,FI,SE_3,MAW,A03,2025-03-10 06:00:00+01:00,2025-03-28 17:00:00+01:00,PT1M,1,0,se3_fi,False
2025-11-08 06:35:34+00:00,Cancelled,hQDsar9qu13ir7u6UVk06Q,2,Planned maintenance,SE_4,SE_3,MAW,A03,2025-04-23 06:00:00+02:00,2025-04-25 17:00:00+02:00,PT1M,1,0,se3_se4,False
2025-11-08 06:35:34+00:00,Cancelled,4tAFrbiv-Ryo8g_6PZM4Sg,2,Planned maintenance,SE_3,FI,MAW,A03,2025-04-23 07:00:00+03:00,2025-04-25 18:00:00+03:00,PT1M,1,0,fi_se3,False
2025-11-08 06:40:05+00:00,,u8oevf6NJ0LBSKIhN14hjw,4,Planned maintenance,SE_3,NO_1,MAW,A03,2025-05-05 09:00:00+02:00,2025-05-16 16:00:00+02:00,PT1M,1,1645,no1_se3,True
2025-11-08 06:40:19+00:00,,kTw25QWJOW9xUp47Er-j8w,3,Planned maintenance,SE_3,DK_1,MAW,A03,2025-01-27 09:00:00+01:00,2025-02-13 23:59:00+01:00,PT1M,1,300,dk1_se3,True
2025-11-08 06:40:19+00:00,,Xzy71jhuxhtEtw8ByPVORA,3,Planned maintenance,DK_1,SE_3,MAW,A03,2025-01-27 09:00:00+01:00,2025-02-13 23:59:00+01:00,PT1M,1,250,se3_dk1,True
2025-11-08 06:53:56+00:00,,FUsmu4iguVQOAzVGUw7bAA,2,Planned maintenance,SE_4,SE_3,MAW,A03,2025-03-29 19:00:00+01:00,2025-04-18 23:00:00+02:00,PT1M,1,4600,se3_se4,True
2025-11-08 06:53:56+00:00,,5hhFf7ff7XEIR0gFjtji-A,2,Planned maintenance,SE_3,FI,MAW,A03,2025-03-29 20:00:00+02:00,2025-04-19 00:00:00+03:00,PT1M,1,400,fi_se3,True
2025-11-08 06:53:56+00:00,,i8vckriULQetlU6WpqQw1A,2,Planned maintenance,SE_3,SE_2,MAW,A03,2025-03-29 19:00:00+01:00,2025-04-18 23:00:00+02:00,PT1M,1,6700,se2_se3,True
2025-11-08 06:56:18+00:00,Cancelled,ZmNhtDpKTc6NAfzvJs8a6w,2,Planned maintenance,SE_3,SE_2,MAW,A03,2025-05-05 06:00:00+02:00,2025-05-08 17:00:00+02:00,PT1M,1,0,se2_se3,False
2025-11-08 06:58:16+00:00,Cancelled,yjYV2_2Dtm_nm-14HNHwTw,2,Planned maintenance,SE_4,SE_3,MAW,A03,2025-03-10 06:00:00+01:00,2025-03-16 17:00:00+01:00,PT1M,1,0,se3_se4,False
2025-11-08 06:58:16+00:00,Cancelled,-Kbv6TwtE6LAwiEPeZUjnQ,2,Planned maintenance,SE_4,SE_3,MAW,A03,2025-03-10 06:00:00+01:00,2025-03-16 17:00:00+01:00,PT1M,1,0,se3_se4,False
2025-11-08 06:58:17+00:00,,CgMse3xJ56YHGoyPaZeaWQ,3,Planned maintenance,SE_3,FI,MAW,A03,2025-03-10 07:00:00+02:00,2025-03-16 18:00:00+02:00,PT1M,1,600,fi_se3,True
2025-11-08 06:58:17+00:00,,EEGOS33fehNv_UcU8GOwvg,3,Planned maintenance,SE_3,FI,MAW,A03,2025-03-10 07:00:00+02:00,2025-03-16 18:00:00+02:00,PT1M,1,600,fi_se3,True
2025-11-08 06:58:18+00:00,,ecqvyOdG8ozBXXbZ-qsS0w,3,Planned maintenance,SE_3,SE_2,MAW,A03,2025-03-12 10:59:00+01:00,2025-03-16 17:00:00+01:00,PT1M,3180,6200,se2_se3,True
2025-11-08 06:58:18+00:00,,EjIPpoPdquSjwEIMsk79QQ,3,Planned maintenance,SE_3,SE_2,MAW,A03,2025-03-12 10:59:00+01:00,2025-03-16 17:00:00+01:00,PT1M,3180,6200,se2_se3,True
2025-11-08 06:58:18+00:00,,EjIPpoPdquSjwEIMsk79QQ,3,Planned maintenance,SE_3,SE_2,MAW,A03,2025-03-11 16:59:00+01:00,2025-03-12 10:59:00+01:00,PT1M,2100,6700,se2_se3,True
2025-11-08 06:58:18+00:00,,EjIPpoPdquSjwEIMsk79QQ,3,Planned maintenance,SE_3,SE_2,MAW,A03,2025-03-10 06:00:00+01:00,2025-03-11 16:59:00+01:00,PT1M,1,6200,se2_se3,True
2025-11-08 06:58:18+00:00,,ecqvyOdG8ozBXXbZ-qsS0w,3,Planned maintenance,SE_3,SE_2,MAW,A03,2025-03-10 06:00:00+01:00,2025-03-11 16:59:00+01:00,PT1M,1,6200,se2_se3,True
2025-11-08 06:58:18+00:00,,ecqvyOdG8ozBXXbZ-qsS0w,3,Planned maintenance,SE_3,SE_2,MAW,A03,2025-03-11 16:59:00+01:00,2025-03-12 10:59:00+01:00,PT1M,2100,6700,se2_se3,True
2025-11-08 07:02:15+00:00,,aaEf-ri0QlFE-iFOdaZkkQ,3,Planned maintenance,SE_4,SE_3,MAW,A03,2025-03-25 06:00:00+01:00,2025-03-27 17:00:00+01:00,PT1M,1,5800,se3_se4,True
2025-11-08 07:04:05+00:00,Cancelled,CyAf9zOXijK_eQNpLYgX7A,2,Planned maintenance,SE_3,FI,MAW,A03,2025-08-18 07:00:00+03:00,2025-08-24 18:00:00+03:00,PT1M,1,0,fi_se3,False
2025-11-08 07:04:05+00:00,Cancelled,4SQwMNwhTzfNsDQea9aCBw,2,Planned maintenance,SE_4,SE_3,MAW,A03,2025-08-19 22:00:00+02:00,2025-08-22 06:00:00+02:00,PT1M,1,0,se3_se4,False
2025-11-08 07:04:05+00:00,Cancelled,F0Kita9Xpf-hvMUu2VLr1A,2,Planned maintenance,SE_3,SE_2,MAW,A03,2025-08-19 22:00:00+02:00,2025-08-22 06:00:00+02:00,PT1M,1,0,se2_se3,False
2025-11-08 07:04:05+00:00,Cancelled,qxMEdBwl3WqZZlbVP8b5KQ,2,Planned maintenance,SE_3,SE_2,MAW,A03,2025-08-19 22:00:00+02:00,2025-08-22 06:00:00+02:00,PT1M,1,0,se2_se3,False
2025-11-08 07:04:05+00:00,Cancelled,XKfVrFuGHMIUvjZN8BmKiw,2,Planned maintenance,SE_4,SE_3,MAW,A03,2025-08-19 22:00:00+02:00,2025-08-22 06:00:00+02:00,PT1M,1,0,se3_se4,False
2025-11-08 07:04:07+00:00,Cancelled,5qV6YPIb8fOyXmO1iiD9SQ,2,Planned maintenance,SE_3,SE_2,MAW,A03,2025-06-30 06:00:00+02:00,2025-07-06 17:00:00+02:00,PT1M,1,5700,se2_se3,False
2025-11-08 07:06:01+00:00,,1CQkdJcD0e2JlbZ8X3SVOA,1,Planned maintenance,SE_4,SE_3,MAW,A03,2025-04-08 06:00:00+02:00,2025-04-11 17:00:00+02:00,PT1M,1,4700,se3_se4,True
2025-11-08 07:06:01+00:00,,ngmAcXlnFwe-ZzV4TFN42g,1,Planned maintenance,SE_4,SE_3,MAW,A03,2025-04-08 06:00:00+02:00,2025-04-11 17:00:00+02:00,PT1M,1,4700,se3_se4,True
2025-11-08 07:08:02+00:00,,tgZl31M4Qy7-nZrRtg9Dcg,2,Planned maintenance,SE_3,NO_1,MAW,A03,2025-08-03 00:00:00+02:00,2025-09-14 00:00:00+02:00,PT1M,1,1600,no1_se3,True
2025-11-08 07:12:32+00:00,,gtMi3JPAkdznYbiyOYmC0g,2,Planned maintenance,SE_3,NO_1,MAW,A03,2025-03-04 07:00:00+01:00,2025-03-04 13:00:00+01:00,PT1M,1,1945,no1_se3,True
2025-11-08 07:12:32+00:00,,-c0rHPIRZEmxhZ1VPET-SA,2,Planned maintenance,NO_1,SE_3,MAW,A03,2025-03-04 07:00:00+01:00,2025-03-04 13:00:00+01:00,PT1M,1,1895,se3_no1,True
2025-11-08 07:19:58+00:00,Cancelled,T4kvwaVdD4cDB-RftyxdFw,2,Planned maintenance,SE_4,SE_3,MAW,A03,2025-04-01 06:00:00+02:00,2025-04-17 17:00:00+02:00,PT1M,1,0,se3_se4,False
2025-11-08 07:19:58+00:00,Cancelled,CfqxmG0leAXks-0bliQ0Sg,2,Planned maintenance,DK_1,SE_3,MAW,A03,2025-04-01 06:00:00+02:00,2025-04-04 17:00:00+02:00,PT1M,1,0,se3_dk1,False
2025-11-08 07:19:58+00:00,Cancelled,RVOx4YxsBq9B4Vwo37WGZg,2,Planned maintenance,SE_3,SE_2,MAW,A03,2025-04-01 06:00:00+02:00,2025-04-04 17:00:00+02:00,PT1M,1,0,se2_se3,False
2025-11-08 07:19:58+00:00,Cancelled,lc2hwcqhh6c9XMfeeTli6Q,2,Planned maintenance,SE_3,NO_1,MAW,A03,2025-04-01 06:00:00+02:00,2025-04-17 17:00:00+02:00,PT1M,1,0,no1_se3,False
2025-11-08 07:23:57+00:00,,5rE_vOH0ZDzuRCqvHngj5w,4,Unplanned outage,SE_4,SE_3,MAW,A03,2025-02-28 16:11:00+01:00,2025-03-31 23:59:00+02:00,PT1M,1,4400,se3_se4,True
2025-11-08 07:23:57+00:00,,5IjfBKN_XHIO-wqx-y5JIQ,2,Unplanned outage,SE_3,FI,MAW,A03,2025-02-28 17:11:00+02:00,2025-04-01 00:59:00+03:00,PT1M,1,200,fi_se3,True
2025-11-08 07:23:58+00:00,,frWVsm6uUCsRyHONnZT5Uw,2,Unplanned outage,SE_3,SE_2,MAW,A03,2025-02-28 16:11:00+01:00,2025-03-31 23:59:00+02:00,PT1M,1,6300,se2_se3,True
2025-11-08 07:23:58+00:00,Cancelled,3eEsp6RIWlqd2-e-0LccVA,3,Planned maintenance,SE_3,FI,MAW,A03,2025-08-18 07:00:00+03:00,2025-08-24 18:00:00+03:00,PT1M,1,200,fi_se3,False
2025-11-08 07:24:00+00:00,,q3MewvEK4Rqzc4VIBwfr2Q,1,Planned maintenance,SE_3,FI,MAW,A03,2025-03-18 07:00:00+02:00,2025-03-18 17:00:00+02:00,PT1M,1,800,fi_se3,True
2025-11-08 07:24:05+00:00,,6OKe79bMTtddx5T3O1o5cA,4,Planned maintenance,SE_3,FI,MAW,A03,2025-03-06 07:00:00+02:00,2025-03-06 18:52:00+02:00,PT1M,1,100,fi_se3,True
2025-11-08 07:24:05+00:00,,1DDTf012RLBc1QtK3wQvYg,4,Planned maintenance,SE_4,SE_3,MAW,A03,2025-03-06 06:00:00+01:00,2025-03-06 17:52:00+01:00,PT1M,1,4200,se3_se4,True
2025-11-08 07:24:05+00:00,,aHg54zyWDRobnBozzZCykA,4,Planned maintenance,SE_3,SE_2,MAW,A03,2025-03-06 06:00:00+01:00,2025-03-06 17:52:00+01:00,PT1M,1,6200,se2_se3,True
2025-11-08 07:25:54+00:00,,4JDtj3V60KFTgwYQBfLlIQ,2,Planned maintenance,SE_3,FI,MAW,A03,2025-03-24 07:00:00+02:00,2025-03-27 19:00:00+02:00,PT1M,1,300,fi_se3,True
2025-11-08 07:25:54+00:00,,qV1fSvyv0VH4KcQQ7Qv2QA,2,Planned maintenance,DK_1,SE_3,MAW,A03,2025-03-24 06:00:00+01:00,2025-03-27 18:00:00+01:00,PT1M,1,150,se3_dk1,True
2025-11-08 07:25:55+00:00,,Iw8wkfpYrL6XyVj5mHPfyA,2,Planned maintenance,SE_4,SE_3,MAW,A03,2025-03-24 06:00:00+01:00,2025-03-27 18:00:00+01:00,PT1M,1,4200,se3_se4,True
2025-11-08 07:25:55+00:00,,FNb04Vyxo2paGD0b0aWIoA,2,Planned maintenance,NO_1,SE_3,MAW,A03,2025-03-24 06:00:00+01:00,2025-03-27 18:00:00+01:00,PT1M,1,500,se3_no1,True
2025-11-08 07:25:55+00:00,,NTOhZPTzkJAj9C-u8G31PA,2,Planned maintenance,SE_3,SE_2,MAW,A03,2025-03-24 06:00:00+01:00,2025-03-27 18:00:00+01:00,PT1M,1,6000,se2_se3,True
2025-11-08 07:25:57+00:00,,wazJtrpAYn4nDo45mvppZQ,3,Planned maintenance,DK_1,SE_3,MAW,A03,2025-03-10 11:00:00+01:00,2025-03-10 14:00:00+01:00,PT1M,1,300,se3_dk1,True
2025-11-08 07:25:57+00:00,,WkITSsCAlrPlszcJCMl-CQ,3,Planned maintenance,SE_3,DK_1,MAW,A03,2025-03-10 11:00:00+01:00,2025-03-10 14:00:00+01:00,PT1M,1,200,dk1_se3,True
2025-11-08 07:26:02+00:00,,9qX0cIluZPDMi9pv3dKfiw,1,Planned maintenance,DK_1,SE_3,MAW,A03,2025-03-13 07:00:00+01:00,2025-03-13 16:00:00+01:00,PT1M,1,350,se3_dk1,True
2025-11-08 07:26:02+00:00,,KlWHN7tCmPhFlAxMlCY6_g,1,Planned maintenance,DK_1,SE_3,MAW,A03,2025-03-13 07:00:00+01:00,2025-03-13 16:00:00+01:00,PT1M,1,350,se3_dk1,True
2025-11-08 07:26:02+00:00,,emHfxCpbm9uq9j_pZ1MyLg,1,Planned maintenance,SE_3,DK_1,MAW,A03,2025-03-13 07:00:00+01:00,2025-03-13 16:00:00+01:00,PT1M,1,250,dk1_se3,True
2025-11-08 07:26:02+00:00,,odBwrGFQ8h0mvKbmqpYjxw,1,Planned maintenance,SE_3,DK_1,MAW,A03,2025-03-13 07:00:00+01:00,2025-03-13 16:00:00+01:00,PT1M,1,250,dk1_se3,True
2025-11-08 07:31:51+00:00,Cancelled,BRSA4Kn4TdeRXbuvWMwS_Q,2,Planned maintenance,SE_3,DK_1,MAW,A03,2025-03-31 06:00:00+02:00,2025-03-31 12:00:00+02:00,PT1M,1,400,dk1_se3,False
2025-11-08 07:31:51+00:00,Cancelled,OJqPy_G4z0Wpuy4-xsIyqQ,2,Planned maintenance,SE_4,SE_3,MAW,A03,2025-03-31 06:00:00+02:00,2025-03-31 12:00:00+02:00,PT1M,1,4000,se3_se4,False
2025-11-08 07:31:52+00:00,Cancelled,AxNVre3FfAQ0co39-J7Jjg,2,Planned maintenance,SE_4,SE_3,MAW,A03,2025-04-16 06:00:00+02:00,2025-04-17 17:00:00+02:00,PT1M,1,3900,se3_se4,False
2025-11-08 07:31:53+00:00,Cancelled,4D8y4fTI4p7XBXsXd1iQaw,2,Planned maintenance,SE_3,NO_1,MAW,A03,2025-04-16 06:00:00+02:00,2025-04-17 17:00:00+02:00,PT1M,1,200,no1_se3,False
2025-11-08 07:31:54+00:00,Cancelled,1c_PWOj1rob-HQysWtOK1g,2,Planned maintenance,SE_3,FI,MAW,A03,2025-03-31 07:00:00+03:00,2025-04-04 18:00:00+03:00,PT1M,1,300,fi_se3,False
2025-11-08 07:31:55+00:00,Cancelled,7-1w78dtaOUIiUM54nP7TQ,2,Planned maintenance,SE_4,SE_3,MAW,A03,2025-03-31 06:00:00+02:00,2025-04-04 17:00:00+02:00,PT1M,1,4500,se3_se4,False
2025-11-08 07:31:55+00:00,Cancelled,vBZCWcfJdhEPoIUfXrEOMw,2,Planned maintenance,SE_3,SE_2,MAW,A03,2025-03-31 06:00:00+02:00,2025-04-04 17:00:00+02:00,PT1M,1,6500,se2_se3,False
2025-11-08 07:35:44+00:00,,bwzP4hJQmMvux4R7huN43g,2,Planned maintenance,SE_4,SE_3,MAW,A03,2025-03-26 08:00:00+01:00,2025-03-26 17:00:00+01:00,PT1M,1,4900,se3_se4,True
2025-11-08 07:35:49+00:00,,3BiU4KFp4YGa581LHrz9Bw,4,Planned maintenance,FI,SE_3,MAW,A03,2025-03-12 09:00:00+01:00,2025-03-12 15:28:00+01:00,PT1M,1,800,se3_fi,True
2025-11-08 07:35:49+00:00,,_1kdLveDkIYhD3_DPoDjHA,4,Planned maintenance,SE_3,FI,MAW,A03,2025-03-12 10:00:00+02:00,2025-03-12 16:28:00+02:00,PT1M,1,800,fi_se3,True
2025-11-08 07:35:51+00:00,,O5_mH8Mbt3_ku4f12aKJqw,4,Planned maintenance,SE_4,SE_3,MAW,A03,2025-03-10 07:00:00+01:00,2025-03-12 16:40:00+01:00,PT1M,1,5100,se3_se4,True
2025-11-08 07:35:52+00:00,Cancelled,l8_DdpOtI93nMoAHMfOFrQ,2,Planned maintenance,SE_4,SE_3,MAW,A03,2025-03-17 07:00:00+01:00,2025-03-20 17:00:00+01:00,PT1M,1,5800,se3_se4,False
2025-11-08 07:35:52+00:00,Cancelled,Ek5eCeaYFe8u_18TzSkiGw,2,Planned maintenance,SE_3,SE_4,MAW,A03,2025-03-17 07:00:00+01:00,2025-03-20 17:00:00+01:00,PT1M,1,2400,se4_se3,False
2025-11-08 07:37:54+00:00,,FoaQHLPj4DDlvhABF_TRwQ,1,Planned maintenance,SE_3,NO_1,MAW,A03,2025-04-12 06:59:00+02:00,2025-04-12 20:00:00+02:00,PT1M,10080,895,no1_se3,True
2025-11-08 07:37:54+00:00,,Rbe-jfRfZQr2zesXWwM-bg,1,Planned maintenance,SE_3,NO_1,MAW,A03,2025-04-05 07:00:00+02:00,2025-04-05 19:59:00+02:00,PT1M,1,895,no1_se3,True
2025-11-08 07:37:54+00:00,,Rbe-jfRfZQr2zesXWwM-bg,1,Planned maintenance,SE_3,NO_1,MAW,A03,2025-04-05 19:59:00+02:00,2025-04-12 06:59:00+02:00,PT1M,780,1845,no1_se3,True
2025-11-08 07:37:54+00:00,,aRkyC_mpuuoaywdXnQMs5g,1,Planned maintenance,SE_3,NO_1,MAW,A03,2025-04-05 07:00:00+02:00,2025-04-05 19:59:00+02:00,PT1M,1,895,no1_se3,True
2025-11-08 07:37:54+00:00,,Rbe-jfRfZQr2zesXWwM-bg,1,Planned maintenance,SE_3,NO_1,MAW,A03,2025-04-12 06:59:00+02:00,2025-04-12 20:00:00+02:00,PT1M,10080,895,no1_se3,True
2025-11-08 07:37:54+00:00,,aRkyC_mpuuoaywdXnQMs5g,1,Planned maintenance,SE_3,NO_1,MAW,A03,2025-04-12 06:59:00+02:00,2025-04-12 20:00:00+02:00,PT1M,10080,895,no1_se3,True
2025-11-08 07:37:54+00:00,,FoaQHLPj4DDlvhABF_TRwQ,1,Planned maintenance,SE_3,NO_1,MAW,A03,2025-04-05 07:00:00+02:00,2025-04-05 19:59:00+02:00,PT1M,1,895,no1_se3,True
2025-11-08 07:37:54+00:00,,4S109XjyMo7pJubXFuXm8Q,1,Planned maintenance,SE_3,NO_1,MAW,A03,2025-04-05 19:59:00+02:00,2025-04-12 06:59:00+02:00,PT1M,780,1845,no1_se3,True
2025-11-08 07:37:54+00:00,,4S109XjyMo7pJubXFuXm8Q,1,Planned maintenance,SE_3,NO_1,MAW,A03,2025-04-12 06:59:00+02:00,2025-04-12 20:00:00+02:00,PT1M,10080,895,no1_se3,True
2025-11-08 07:37:54+00:00,,I0sHxykeqM6Qek8yQ7cjfQ,1,Planned maintenance,NO_1,SE_3,MAW,A03,2025-04-05 19:59:00+02:00,2025-04-12 06:59:00+02:00,PT1M,780,2095,se3_no1,True
2025-11-08 07:37:54+00:00,,Yc3inHc_RwTjwgCIixuMkA,1,Planned maintenance,NO_1,SE_3,MAW,A03,2025-04-05 19:59:00+02:00,2025-04-12 06:59:00+02:00,PT1M,780,2095,se3_no1,True
2025-11-08 07:37:54+00:00,,Yc3inHc_RwTjwgCIixuMkA,1,Planned maintenance,NO_1,SE_3,MAW,A03,2025-04-05 07:00:00+02:00,2025-04-05 19:59:00+02:00,PT1M,1,1195,se3_no1,True
2025-11-08 07:37:54+00:00,,FoaQHLPj4DDlvhABF_TRwQ,1,Planned maintenance,SE_3,NO_1,MAW,A03,2025-04-05 19:59:00+02:00,2025-04-12 06:59:00+02:00,PT1M,780,1845,no1_se3,True
2025-11-08 07:37:54+00:00,,4S109XjyMo7pJubXFuXm8Q,1,Planned maintenance,SE_3,NO_1,MAW,A03,2025-04-05 07:00:00+02:00,2025-04-05 19:59:00+02:00,PT1M,1,895,no1_se3,True
2025-11-08 07:37:54+00:00,,aRkyC_mpuuoaywdXnQMs5g,1,Planned maintenance,SE_3,NO_1,MAW,A03,2025-04-05 19:59:00+02:00,2025-04-12 06:59:00+02:00,PT1M,780,1845,no1_se3,True
2025-11-08 07:37:54+00:00,,I0sHxykeqM6Qek8yQ7cjfQ,1,Planned maintenance,NO_1,SE_3,MAW,A03,2025-04-05 07:00:00+02:00,2025-04-05 19:59:00+02:00,PT1M,1,1195,se3_no1,True
2025-11-08 07:37:54+00:00,,DRyg5cvmmtt_QzNhQ-ArSQ,1,Planned maintenance,NO_1,SE_3,MAW,A03,2025-04-05 19:59:00+02:00,2025-04-12 06:59:00+02:00,PT1M,780,2095,se3_no1,True
2025-11-08 07:37:54+00:00,,NVt0iyYFgC4KFyOr6J0G8g,1,Planned maintenance,NO_1,SE_3,MAW,A03,2025-04-05 19:59:00+02:00,2025-04-12 06:59:00+02:00,PT1M,780,2095,se3_no1,True
2025-11-08 07:37:54+00:00,,I0sHxykeqM6Qek8yQ7cjfQ,1,Planned maintenance,NO_1,SE_3,MAW,A03,2025-04-12 06:59:00+02:00,2025-04-12 20:00:00+02:00,PT1M,10080,1195,se3_no1,True
2025-11-08 07:37:54+00:00,,NVt0iyYFgC4KFyOr6J0G8g,1,Planned maintenance,NO_1,SE_3,MAW,A03,2025-04-12 06:59:00+02:00,2025-04-12 20:00:00+02:00,PT1M,10080,1195,se3_no1,True
2025-11-08 07:37:54+00:00,,DRyg5cvmmtt_QzNhQ-ArSQ,1,Planned maintenance,NO_1,SE_3,MAW,A03,2025-04-05 07:00:00+02:00,2025-04-05 19:59:00+02:00,PT1M,1,1195,se3_no1,True
2025-11-08 07:37:54+00:00,,NVt0iyYFgC4KFyOr6J0G8g,1,Planned maintenance,NO_1,SE_3,MAW,A03,2025-04-05 07:00:00+02:00,2025-04-05 19:59:00+02:00,PT1M,1,1195,se3_no1,True
2025-11-08 07:37:54+00:00,,DRyg5cvmmtt_QzNhQ-ArSQ,1,Planned maintenance,NO_1,SE_3,MAW,A03,2025-04-12 06:59:00+02:00,2025-04-12 20:00:00+02:00,PT1M,10080,1195,se3_no1,True
2025-11-08 07:37:54+00:00,,Yc3inHc_RwTjwgCIixuMkA,1,Planned maintenance,NO_1,SE_3,MAW,A03,2025-04-12 06:59:00+02:00,2025-04-12 20:00:00+02:00,PT1M,10080,1195,se3_no1,True
2025-11-08 07:50:09+00:00,Cancelled,H5uBvjxLtv30bB9NfdU2aA,4,Planned maintenance,SE_4,SE_3,MAW,A03,2025-03-18 06:00:00+01:00,2025-03-21 17:00:00+01:00,PT1M,1,5200,se3_se4,False
2025-11-08 07:50:44+00:00,,y9cqbI9FImcYmd3Hzliaog,3,Planned maintenance,SE_3,SE_2,MAW,A03,2025-03-17 06:00:00+01:00,2025-03-19 15:00:00+01:00,PT1M,1,6300,se2_se3,True
2025-11-08 07:50:44+00:00,,aJZtjpUdnYi5-2yyaGwqgQ,3,Planned maintenance,SE_3,NO_1,MAW,A03,2025-03-17 06:00:00+01:00,2025-03-19 15:00:00+01:00,PT1M,1,1350,no1_se3,True
2025-11-08 07:50:44+00:00,,fEsG27TleZQrZN71N3nKrA,3,Planned maintenance,DK_1,SE_3,MAW,A03,2025-03-17 06:00:00+01:00,2025-03-19 15:00:00+01:00,PT1M,1,600,se3_dk1,True
2025-11-08 07:52:58+00:00,,PjCtR9FVKQaJUHOXUoK9cA,2,Planned maintenance,SE_4,SE_3,MAW,A03,2025-03-19 06:00:00+01:00,2025-03-20 15:00:00+01:00,PT1M,1,5500,se3_se4,True
2025-11-08 07:54:58+00:00,Cancelled,KrvDfAQ2k3wKNMkYO3IN9Q,2,Planned maintenance,SE_4,SE_3,MAW,A03,2025-04-09 06:00:00+02:00,2025-05-30 17:00:00+02:00,PT1M,1,4500,se3_se4,False
2025-11-08 07:54:58+00:00,Cancelled,X0p09sEh89ZUdcUekzrIGg,2,Planned maintenance,SE_3,SE_2,MAW,A03,2025-04-09 06:00:00+02:00,2025-05-30 17:00:00+02:00,PT1M,1,6500,se2_se3,False
2025-11-08 07:54:58+00:00,Cancelled,NJZ6TEtO_EAdURGuUm8How,2,Planned maintenance,SE_3,FI,MAW,A03,2025-04-09 07:00:00+03:00,2025-05-30 18:00:00+03:00,PT1M,1,300,fi_se3,False
2025-11-08 07:55:03+00:00,,WvScmghTy_75cirgCuFp6g,5,Planned maintenance,SE_4,SE_3,MAW,A03,2025-03-20 06:59:00+01:00,2025-03-21 15:00:00+01:00,PT1M,4320,5300,se3_se4,True
2025-11-08 07:55:03+00:00,,81goGn7YtoodQs5_7omqVA,5,Planned maintenance,SE_3,SE_4,MAW,A03,2025-03-17 07:00:00+01:00,2025-03-21 15:00:00+01:00,PT1M,1,2400,se4_se3,True
2025-11-08 07:55:03+00:00,,WvScmghTy_75cirgCuFp6g,5,Planned maintenance,SE_4,SE_3,MAW,A03,2025-03-17 07:00:00+01:00,2025-03-20 06:59:00+01:00,PT1M,1,5800,se3_se4,True
2025-11-08 08:00:47+00:00,,5B7J3-ZLJPFZrqmzEchihQ,3,Planned maintenance,SE_4,SE_3,MAW,A03,2025-03-24 08:00:00+01:00,2025-03-24 19:00:00+01:00,PT1M,1,5200,se3_se4,True
2025-11-08 08:15:04+00:00,,ng8eWI-RESe32ukTzozOnA,2,Planned maintenance,NO_1,SE_3,MAW,A03,2025-03-31 12:00:00+02:00,2025-04-04 17:00:00+02:00,PT1M,1,650,se3_no1,True
2025-11-08 08:15:04+00:00,,VLJ1izMWLQ8bb08FG5oDsA,2,Planned maintenance,DK_1,SE_3,MAW,A03,2025-03-31 12:00:00+02:00,2025-04-04 17:00:00+02:00,PT1M,1,300,se3_dk1,True
2025-11-08 08:15:04+00:00,,pCshCDkIZWJv7LRRg3AoGg,5,Planned maintenance,SE_3,FI,MAW,A03,2025-03-31 13:00:00+03:00,2025-04-04 18:00:00+03:00,PT1M,1,300,fi_se3,True
2025-11-08 08:15:04+00:00,,EvQBCmoVDLmIyS7W0s6hZQ,5,Planned maintenance,SE_3,SE_2,MAW,A03,2025-03-31 12:00:00+02:00,2025-04-04 17:00:00+02:00,PT1M,1,5800,se2_se3,True
2025-11-08 08:15:11+00:00,Cancelled,V2ITc43vUfyjMSP8S3wHiA,2,Planned maintenance,DK_1,SE_3,MAW,A03,2025-03-31 12:00:00+02:00,2025-03-31 17:00:00+02:00,PT1M,1,700,se3_dk1,False
2025-11-08 08:15:11+00:00,Cancelled,ayaHw6r8suKfAmwaZT-9rg,2,Planned maintenance,SE_3,DK_1,MAW,A03,2025-03-31 12:00:00+02:00,2025-03-31 17:00:00+02:00,PT1M,1,700,dk1_se3,False
2025-11-08 08:15:13+00:00,,zGgo7CobwuAZ9IZoO__srg,1,Planned maintenance,FI,SE_3,MAW,A03,2025-04-12 09:00:00+02:00,2025-04-12 17:00:00+02:00,PT1M,1,400,se3_fi,True
2025-11-08 08:15:13+00:00,,-eWWnjB-qDXviEeyLiX1MA,1,Planned maintenance,SE_3,FI,MAW,A03,2025-04-12 10:00:00+03:00,2025-04-12 18:00:00+03:00,PT1M,1,400,fi_se3,True
2025-11-08 08:17:09+00:00,Cancelled,P8mTB-I7yXbuFCp2VD5eEQ,2,Planned maintenance,SE_3,NO_1,MAW,A03,2025-05-26 06:00:00+02:00,2025-06-06 17:00:00+02:00,PT1M,1,950,no1_se3,False
2025-11-08 08:17:09+00:00,Cancelled,hazCTgqfF-fUDLKXWMzUMw,2,Planned maintenance,SE_3,SE_2,MAW,A03,2025-05-26 06:00:00+02:00,2025-06-06 17:00:00+02:00,PT1M,1,6000,se2_se3,False
2025-11-08 08:17:09+00:00,Cancelled,cWdK0xsqke6C7pU_SEeAEw,2,Planned maintenance,DK_1,SE_3,MAW,A03,2025-05-26 06:00:00+02:00,2025-06-06 17:00:00+02:00,PT1M,1,600,se3_dk1,False
2025-11-08 08:20:14+00:00,,tjKKoRM-5VCRm-9sMK-Kow,2,Planned maintenance,SE_4,SE_3,MAW,A03,2025-04-01 06:00:00+02:00,2025-04-02 16:40:00+02:00,PT1M,1,4700,se3_se4,True
2025-11-08 08:20:14+00:00,,DMz77L6h4wnCUGpcOZFYsw,2,Planned maintenance,SE_4,SE_3,MAW,A03,2025-04-01 06:00:00+02:00,2025-04-02 16:40:00+02:00,PT1M,1,4700,se3_se4,True
2025-11-08 08:27:50+00:00,,rhwf-lROxTvdpOHoEmgT2g,1,Planned maintenance,SE_3,FI,MAW,A03,2025-04-07 07:00:00+03:00,2025-04-08 19:00:00+03:00,PT1M,1,1100,fi_se3,True
2025-11-08 08:32:13+00:00,,rY_Q2B3a7njW4GbBwSOkYQ,3,Planned maintenance,DK_1,SE_3,MAW,A03,2025-04-17 16:00:00+02:00,2025-04-18 12:00:00+02:00,PT1M,1,575,se3_dk1,True
2025-11-08 08:32:22+00:00,,sLSBsh6_yUqMB0XQd63QqA,2,Planned maintenance,SE_3,FI,MAW,A03,2025-04-07 07:00:00+03:00,2025-04-07 16:15:00+03:00,PT1M,1,500,fi_se3,True
2025-11-08 08:32:22+00:00,,Nj_4KTs_NyhjVJNJbbwYMw,2,Planned maintenance,SE_3,SE_2,MAW,A03,2025-04-07 06:00:00+02:00,2025-04-07 15:15:00+02:00,PT1M,1,6400,se2_se3,True
2025-11-08 08:32:22+00:00,,NtCfA6VOgh3xOAeBdzBI0Q,2,Planned maintenance,SE_4,SE_3,MAW,A03,2025-04-07 06:00:00+02:00,2025-04-07 15:15:00+02:00,PT1M,1,4100,se3_se4,True
2025-11-08 08:38:24+00:00,,Fwm-eS0shUo4CETDAPfbyg,1,Planned maintenance,SE_3,NO_1,MAW,A03,2025-11-17 07:00:00+01:00,2025-11-28 16:00:00+01:00,PT1M,1,1945,no1_se3,True
2025-11-08 08:38:28+00:00,Cancelled,WIyzbGzvn8UG3VqA8w9_rA,3,Planned maintenance,SE_3,NO_1,MAW,A03,2025-04-24 08:00:00+02:00,2025-04-24 17:00:00+02:00,PT1M,1,1845,no1_se3,False
2025-11-08 08:38:35+00:00,,HXlVUkv7ABdUMcuqXz6v7w,1,Planned maintenance,SE_3,SE_2,MAW,A03,2025-05-26 06:00:00+02:00,2025-05-27 17:00:00+02:00,PT1M,1,7300,se2_se3,True
2025-11-08 08:38:35+00:00,,9aTXhxznk32Iezc6sDBr6w,1,Planned maintenance,SE_3,SE_2,MAW,A03,2025-05-19 06:00:00+02:00,2025-05-20 17:00:00+02:00,PT1M,1,7300,se2_se3,True
2025-11-08 08:41:18+00:00,,88PJhrvHuj-ZZPsXfV5YNg,5,Planned maintenance,NO_1,SE_3,MAW,A03,2025-04-22 08:00:00+02:00,2025-04-25 17:00:00+02:00,PT1M,1,1395,se3_no1,True
2025-11-08 08:41:31+00:00,,QYTfH725p4VUVrDtU2QA7w,3,Planned maintenance,NO_1,SE_3,MAW,A03,2025-04-07 07:00:00+02:00,2025-04-10 15:00:00+02:00,PT1M,1,1395,se3_no1,True
2025-11-08 08:44:22+00:00,,_CPsFf5yJ55KnftKuVGmrQ,2,Planned maintenance,NO_1,SE_3,MAW,A03,2025-11-17 07:00:00+01:00,2025-11-28 16:00:00+01:00,PT1M,1,1895,se3_no1,True
2025-11-08 08:53:02+00:00,,xnIWsvzgQW5hHeA_Ov1acQ,2,Planned maintenance,SE_3,SE_2,MAW,A03,2025-04-14 06:00:00+02:00,2025-04-14 16:00:00+02:00,PT1M,1,5600,se2_se3,True
2025-11-08 08:56:13+00:00,,IWRprJa0Ciymw5c5I3aPag,3,Planned maintenance,NO_1,SE_3,MAW,A03,2025-06-11 08:00:00+02:00,2025-06-12 18:00:00+02:00,PT1M,1,1895,se3_no1,True
2025-11-08 08:56:24+00:00,,jcTW-52E2GaYBVzX8QMBFg,4,Planned maintenance,SE_3,NO_1,MAW,A03,2025-04-14 07:00:00+02:00,2025-04-15 14:51:00+02:00,PT1M,1,1250,no1_se3,True
2025-11-08 09:03:50+00:00,,S8ni7cwb_fu7EgXsKNt5AQ,2,Unplanned outage,DK_1,SE_3,MAW,A03,2025-04-17 16:30:00+02:00,2025-04-17 22:30:00+02:00,PT1M,1,345,se3_dk1,True
2025-11-08 09:06:23+00:00,,zzziz5-HO3Kj8UUjVZdndQ,2,Unplanned outage,SE_3,NO_1,MAW,A03,2025-04-18 23:25:00+02:00,2025-04-19 16:50:00+02:00,PT1M,1,1245,no1_se3,True
2025-11-08 09:08:33+00:00,,x807N2BX5rdplocJqW-Krw,2,Unplanned outage,DK_1,SE_3,MAW,A03,2025-04-20 09:05:00+02:00,2025-04-20 11:17:00+02:00,PT1M,1,345,se3_dk1,True
2025-11-08 09:18:32+00:00,Cancelled,vd4iXxCroLO22JM_qvs-kg,5,Planned maintenance,SE_3,FI,MAW,A03,2025-05-07 07:00:00+03:00,2025-05-08 18:00:00+03:00,PT1M,1,0,fi_se3,False
2025-11-08 09:18:32+00:00,Cancelled,3YsWM7KvYPb0URfGML6F7A,4,Planned maintenance,SE_3,SE_2,MAW,A03,2025-05-07 06:00:00+02:00,2025-05-08 17:00:00+02:00,PT1M,1,5000,se2_se3,False
2025-11-08 09:21:13+00:00,,Kp54OgAwmwCAV_tkKb6CSg,3,Planned maintenance,SE_3,DK_1,MAW,A03,2025-04-21 07:00:00+02:00,2025-04-25 13:00:00+02:00,PT1M,1,345,dk1_se3,True
2025-11-08 09:21:13+00:00,,z7WvP0lZOaTx6V55dKjySw,4,Planned maintenance,FI,SE_3,MAW,A03,2025-04-23 13:59:00+02:00,2025-04-25 12:45:00+02:00,PT1M,3360,400,se3_fi,True
2025-11-08 09:21:13+00:00,,z7WvP0lZOaTx6V55dKjySw,4,Planned maintenance,FI,SE_3,MAW,A03,2025-04-21 06:00:00+02:00,2025-04-23 13:59:00+02:00,PT1M,1,800,se3_fi,True
2025-11-08 09:21:13+00:00,,DD3aBZqz56ZHU5DlyAxzJA,3,Planned maintenance,DK_1,SE_3,MAW,A03,2025-04-22 07:00:00+02:00,2025-04-25 13:00:00+02:00,PT1M,1,700,se3_dk1,True
2025-11-08 09:21:13+00:00,,RB0aRRvrkKULwmEe6MeM_Q,3,Planned maintenance,DK_1,SE_3,MAW,A03,2025-04-21 07:00:00+02:00,2025-04-25 13:00:00+02:00,PT1M,1,345,se3_dk1,True
2025-11-08 09:21:13+00:00,,Ds2kHHE8hsxv_K9Z22UXyA,3,Planned maintenance,SE_3,DK_1,MAW,A03,2025-04-22 07:00:00+02:00,2025-04-25 13:00:00+02:00,PT1M,1,700,dk1_se3,True
2025-11-08 09:21:13+00:00,,DMh3rShLotvLY1cFYigQAA,4,Planned maintenance,SE_3,SE_2,MAW,A03,2025-04-21 06:00:00+02:00,2025-04-25 12:45:00+02:00,PT1M,1,5500,se2_se3,True
2025-11-08 09:21:22+00:00,,RLTx4BSS5Mwfogaimcrp2A,7,Planned maintenance,SE_3,SE_2,MAW,A03,2025-04-23 06:00:00+02:00,2025-04-25 15:40:00+02:00,PT1M,1,6000,se2_se3,True
2025-11-08 09:32:46+00:00,,G2qYObd3I9YwarebvaV6ow,3,Planned maintenance,SE_3,FI,MAW,A03,2025-05-12 07:00:00+03:00,2025-05-15 22:00:00+03:00,PT1M,1,100,fi_se3,True
2025-11-08 09:32:46+00:00,,WAiYKfe3NQiEMOqBAZcwYg,3,Planned maintenance,SE_3,SE_2,MAW,A03,2025-05-12 06:00:00+02:00,2025-05-15 21:00:00+02:00,PT1M,1,5600,se2_se3,True
2025-11-08 09:32:46+00:00,,0qPhA90NI3cJrFG3UZEvHw,3,Planned maintenance,SE_4,SE_3,MAW,A03,2025-05-12 06:00:00+02:00,2025-05-15 21:00:00+02:00,PT1M,1,4100,se3_se4,True
2025-11-08 09:32:53+00:00,,93c6uHHPRN0Ho3tN89vKxg,1,Planned maintenance,SE_3,SE_2,MAW,A03,2025-05-26 06:00:00+02:00,2025-05-28 17:00:00+02:00,PT1M,1,5600,se2_se3,True
2025-11-08 09:32:56+00:00,,cKrIuJ1B2b-ycxAJ3E0Hzg,2,Planned maintenance,NO_1,SE_3,MAW,A03,2025-04-22 12:00:00+02:00,2025-04-30 13:00:00+02:00,PT1M,1,1195,se3_no1,True
2025-11-08 09:32:56+00:00,,BebBP-2WQvnQT6xqEELWng,2,Planned maintenance,SE_3,NO_1,MAW,A03,2025-04-22 12:00:00+02:00,2025-04-30 13:00:00+02:00,PT1M,1,895,no1_se3,True
2025-11-08 09:44:01+00:00,Cancelled,p6R1soFEaJyGuseeVXx3aA,2,Planned maintenance,SE_3,FI,MAW,A03,2025-05-31 07:00:00+03:00,2025-07-06 18:00:00+03:00,PT1M,1,300,fi_se3,False
2025-11-08 09:44:01+00:00,Cancelled,-FoBfrNKV7rbKUBCJqP5Ow,2,Planned maintenance,SE_3,SE_2,MAW,A03,2025-05-31 06:00:00+02:00,2025-07-06 17:00:00+02:00,PT1M,1,6500,se2_se3,False
2025-11-08 09:44:01+00:00,Cancelled,0jBFGfOyYxJdBuW8e5_mMA,2,Planned maintenance,SE_4,SE_3,MAW,A03,2025-05-31 06:00:00+02:00,2025-07-06 17:00:00+02:00,PT1M,1,4500,se3_se4,False
2025-11-08 09:44:16+00:00,Cancelled,smYFgrfxB9Yr73SW9ijNJg,2,Planned maintenance,SE_3,DK_1,MAW,A03,2025-06-10 07:00:00+02:00,2025-06-10 17:00:00+02:00,PT1M,1,265,dk1_se3,False
2025-11-08 09:44:16+00:00,Cancelled,JW4itPow46IuaF3LJ8uPeg,2,Planned maintenance,DK_1,SE_3,MAW,A03,2025-06-10 07:00:00+02:00,2025-06-10 17:00:00+02:00,PT1M,1,220,se3_dk1,False
2025-11-08 09:49:08+00:00,Cancelled,4eZks1IRM_wfm2zDsdIyrg,3,Planned maintenance,SE_3,SE_2,MAW,A03,2025-07-26 06:00:00+02:00,2025-08-02 17:00:00+02:00,PT1M,1,0,se2_se3,False
2025-11-08 09:59:55+00:00,Cancelled,gKJYH2b3xbPMydutld9oxA,3,Planned maintenance,SE_3,FI,MAW,A03,2025-08-02 00:59:00+03:00,2025-09-13 01:00:00+03:00,PT1M,150780,300,fi_se3,False
2025-11-08 09:59:55+00:00,Cancelled,gKJYH2b3xbPMydutld9oxA,3,Planned maintenance,SE_3,FI,MAW,A03,2025-06-15 15:59:00+03:00,2025-08-02 00:59:00+03:00,PT1M,82560,0,fi_se3,False
2025-11-08 09:59:55+00:00,Cancelled,gKJYH2b3xbPMydutld9oxA,3,Planned maintenance,SE_3,FI,MAW,A03,2025-04-19 08:00:00+03:00,2025-06-15 15:59:00+03:00,PT1M,1,400,fi_se3,False
2025-11-08 09:59:56+00:00,Cancelled,5VQaFoixPyo0WEcncD_Urg,3,Planned maintenance,SE_3,SE_2,MAW,A03,2025-04-19 07:00:00+02:00,2025-06-15 14:59:00+02:00,PT1M,1,6700,se2_se3,False
2025-11-08 09:59:56+00:00,Cancelled,4H233EbnPeKC5vIS3sbCdw,3,Planned maintenance,SE_4,SE_3,MAW,A03,2025-04-19 07:00:00+02:00,2025-06-15 14:59:00+02:00,PT1M,1,4600,se3_se4,False
2025-11-08 09:59:56+00:00,Cancelled,4H233EbnPeKC5vIS3sbCdw,3,Planned maintenance,SE_4,SE_3,MAW,A03,2025-08-01 23:59:00+02:00,2025-09-13 00:00:00+02:00,PT1M,150780,3900,se3_se4,False
2025-11-08 09:59:56+00:00,Cancelled,5VQaFoixPyo0WEcncD_Urg,3,Planned maintenance,SE_3,SE_2,MAW,A03,2025-06-15 14:59:00+02:00,2025-08-01 23:59:00+02:00,PT1M,82560,0,se2_se3,False
2025-11-08 09:59:56+00:00,Cancelled,5VQaFoixPyo0WEcncD_Urg,3,Planned maintenance,SE_3,SE_2,MAW,A03,2025-08-01 23:59:00+02:00,2025-09-13 00:00:00+02:00,PT1M,150780,5700,se2_se3,False
2025-11-08 09:59:56+00:00,Cancelled,4H233EbnPeKC5vIS3sbCdw,3,Planned maintenance,SE_4,SE_3,MAW,A03,2025-06-15 14:59:00+02:00,2025-08-01 23:59:00+02:00,PT1M,82560,0,se3_se4,False
2025-11-08 10:00:02+00:00,,snOz-0Ei21LrGgDTyBgEMA,1,Planned maintenance,SE_4,SE_3,MAW,A03,2025-05-16 17:00:00+02:00,2025-07-04 17:00:00+02:00,PT1M,1,4500,se3_se4,True
2025-11-08 10:03:31+00:00,,mc8yUf5wxakff5c_JAC6LQ,1,Planned maintenance,SE_3,DK_1,MAW,A03,2025-08-18 07:00:00+02:00,2025-08-22 16:00:00+02:00,PT1M,1,140,dk1_se3,True
2025-11-08 10:03:31+00:00,,GC2fXs5UxVwGC0Ks8wifcA,1,Planned maintenance,SE_3,DK_1,MAW,A03,2025-08-04 07:00:00+02:00,2025-08-08 16:00:00+02:00,PT1M,1,300,dk1_se3,True
2025-11-08 10:03:31+00:00,,En_3E7eC3zlGRyDUI1SqVw,1,Planned maintenance,SE_3,DK_1,MAW,A03,2025-09-01 07:00:00+02:00,2025-09-07 16:00:00+02:00,PT1M,1,265,dk1_se3,True
2025-11-08 10:03:31+00:00,,6bjnc24u4AOMiRhw5vnpgg,1,Planned maintenance,DK_1,SE_3,MAW,A03,2025-08-04 07:00:00+02:00,2025-08-08 16:00:00+02:00,PT1M,1,200,se3_dk1,True
2025-11-08 10:03:31+00:00,,mFtXTHmzBGmaY3Dz4lrg0Q,1,Planned maintenance,DK_1,SE_3,MAW,A03,2025-08-18 07:00:00+02:00,2025-08-22 16:00:00+02:00,PT1M,1,200,se3_dk1,True
2025-11-08 10:03:31+00:00,,VA0UpCF4bJHnlVkoKEZCRA,1,Planned maintenance,DK_1,SE_3,MAW,A03,2025-09-01 07:00:00+02:00,2025-09-07 16:00:00+02:00,PT1M,1,220,se3_dk1,True
2025-11-08 10:03:41+00:00,,7J3DzqOKKYA-5gMCOW9Yxw,5,Planned maintenance,SE_4,SE_3,MAW,A03,2025-04-12 06:00:00+02:00,2025-05-05 05:59:00+02:00,PT1M,1,5700,se3_se4,True
2025-11-08 10:03:41+00:00,,7J3DzqOKKYA-5gMCOW9Yxw,5,Planned maintenance,SE_4,SE_3,MAW,A03,2025-05-15 20:59:00+02:00,2025-05-16 17:00:00+02:00,PT1M,48420,4500,se3_se4,True
2025-11-08 10:03:41+00:00,,7J3DzqOKKYA-5gMCOW9Yxw,5,Planned maintenance,SE_4,SE_3,MAW,A03,2025-05-05 05:59:00+02:00,2025-05-15 20:59:00+02:00,PT1M,33120,5000,se3_se4,True
2025-11-08 10:05:41+00:00,,jyJ_CKQ5D5AlKqrA_VdQCQ,2,Planned maintenance,SE_3,SE_2,MAW,A03,2025-05-19 06:00:00+02:00,2025-05-25 17:00:00+02:00,PT1M,1,6400,se2_se3,True
2025-11-08 10:10:42+00:00,,U_yaze50_aahjz_0jLGDJA,3,Planned maintenance,SE_3,SE_2,MAW,A03,2025-05-09 06:00:00+02:00,2025-05-16 21:00:00+02:00,PT1M,1,5100,se2_se3,True
2025-11-08 10:10:42+00:00,,5FS6tFIQ5qtj4cwcULqJkw,3,Planned maintenance,SE_3,FI,MAW,A03,2025-05-09 07:00:00+03:00,2025-05-16 22:00:00+03:00,PT1M,1,0,fi_se3,True
2025-11-08 10:12:55+00:00,,fNtQqCwv5b5OLIWNud3gpA,4,Planned maintenance,SE_3,SE_4,MAW,A03,2025-05-04 18:00:00+02:00,2025-05-09 06:59:00+02:00,PT1M,1,2400,se4_se3,True
2025-11-08 10:12:55+00:00,,fNtQqCwv5b5OLIWNud3gpA,4,Planned maintenance,SE_3,SE_4,MAW,A03,2025-05-09 06:59:00+02:00,2025-05-10 18:59:00+02:00,PT1M,6540,2000,se4_se3,True
2025-11-08 10:12:55+00:00,,8hyNza6oFiJZXLLl_2FNQg,4,Planned maintenance,SE_4,SE_3,MAW,A03,2025-05-10 18:59:00+02:00,2025-05-17 15:10:00+02:00,PT1M,8700,5800,se3_se4,True
2025-11-08 10:12:55+00:00,,fNtQqCwv5b5OLIWNud3gpA,4,Planned maintenance,SE_3,SE_4,MAW,A03,2025-05-10 18:59:00+02:00,2025-05-17 15:10:00+02:00,PT1M,8700,2400,se4_se3,True
2025-11-08 10:12:55+00:00,,8hyNza6oFiJZXLLl_2FNQg,4,Planned maintenance,SE_4,SE_3,MAW,A03,2025-05-09 06:59:00+02:00,2025-05-10 18:59:00+02:00,PT1M,6540,5400,se3_se4,True
2025-11-08 10:12:55+00:00,,8hyNza6oFiJZXLLl_2FNQg,4,Planned maintenance,SE_4,SE_3,MAW,A03,2025-05-04 18:00:00+02:00,2025-05-09 06:59:00+02:00,PT1M,1,5800,se3_se4,True
2025-11-08 10:17:06+00:00,Cancelled,ky6dR8k1OBcTBqfwwBGG9A,2,Planned maintenance,SE_4,SE_3,MAW,A03,2025-07-14 06:00:00+02:00,2025-07-29 17:00:00+02:00,PT1M,1,4500,se3_se4,False
2025-11-08 10:17:07+00:00,Cancelled,ZFTuk6YhS-7Q5ZxF1BEqcQ,2,Planned maintenance,SE_4,SE_3,MAW,A03,2025-07-10 06:00:00+02:00,2025-07-11 17:00:00+02:00,PT1M,1,0,se3_se4,False
2025-11-08 10:19:21+00:00,,W4sCreBxkosgDYJAILn2hw,1,Planned maintenance,FI,SE_3,MAW,A03,2025-06-03 08:00:00+02:00,2025-06-05 16:00:00+02:00,PT1M,1,800,se3_fi,True
2025-11-08 10:19:21+00:00,,XRQxfNQipv5rpz5TQZ59Lw,1,Planned maintenance,SE_3,FI,MAW,A03,2025-06-03 09:00:00+03:00,2025-06-05 17:00:00+03:00,PT1M,1,800,fi_se3,True
2025-11-08 10:36:24+00:00,,hQ0uhiPmSi2NJJtFUO2FwA,2,Planned maintenance,NO_1,SE_3,MAW,A03,2025-05-26 08:00:00+02:00,2025-05-28 10:55:00+02:00,PT1M,1,1895,se3_no1,True
2025-11-08 10:36:39+00:00,,ineexd6LSIUQ6BJdd0waKg,3,Planned maintenance,FI,SE_3,MAW,A03,2025-05-26 06:00:00+02:00,2025-05-28 14:34:00+02:00,PT1M,1,800,se3_fi,True
2025-11-08 10:36:39+00:00,,c_plnpPm-iPh-shTt_T1vw,3,Planned maintenance,SE_3,SE_2,MAW,A03,2025-05-26 06:00:00+02:00,2025-05-28 14:34:00+02:00,PT1M,1,6700,se2_se3,True
2025-11-08 10:36:41+00:00,,lzHkcnzwooOavjWLs-jruw,3,Planned maintenance,NO_1,SE_3,MAW,A03,2025-05-30 08:00:00+02:00,2025-05-30 16:00:00+02:00,PT1M,1,1795,se3_no1,True
2025-11-08 10:36:48+00:00,,zydGMc4sQ_Ci4v_xIJHLUg,7,Unplanned outage,SE_4,SE_3,MAW,A03,2025-05-24 20:00:00+02:00,2025-05-28 17:20:00+02:00,PT1M,1,3800,se3_se4,True
2025-11-08 10:47:48+00:00,,LusoiEnLz3swYzDKT76enA,2,Planned maintenance,DK_1,SE_3,MAW,A03,2025-07-14 06:00:00+02:00,2025-07-16 21:00:00+02:00,PT1M,1,400,se3_dk1,True
2025-11-08 10:47:49+00:00,,qr69JLPKP3J3f0A3OqSWpQ,2,Planned maintenance,SE_4,SE_3,MAW,A03,2025-07-14 06:00:00+02:00,2025-07-16 21:00:00+02:00,PT1M,1,4500,se3_se4,True
2025-11-08 10:47:49+00:00,,cWYkRRQRCfFX_YujVYl4DA,2,Planned maintenance,SE_3,NO_1,MAW,A03,2025-07-14 06:00:00+02:00,2025-07-16 21:00:00+02:00,PT1M,1,650,no1_se3,True
2025-11-08 10:47:49+00:00,,zC0FUyPsaYwQYo9fR8ty1A,2,Planned maintenance,SE_3,SE_2,MAW,A03,2025-07-14 06:00:00+02:00,2025-07-16 21:00:00+02:00,PT1M,1,6600,se2_se3,True
2025-11-08 10:47:55+00:00,,YWNhVlRKYebFtbcuk-B-VA,2,Planned maintenance,SE_3,DK_1,MAW,A03,2025-06-18 07:00:00+02:00,2025-06-18 17:00:00+02:00,PT1M,1,345,dk1_se3,True
2025-11-08 10:47:55+00:00,,6sVc9P1nL00ISZ3tonc49g,2,Planned maintenance,DK_1,SE_3,MAW,A03,2025-06-18 07:00:00+02:00,2025-06-18 17:00:00+02:00,PT1M,1,345,se3_dk1,True
2025-11-08 10:50:14+00:00,,l4Vh_-tYCOYULTfSkdsBYw,2,Planned maintenance,SE_3,SE_2,MAW,A03,2025-06-04 06:00:00+02:00,2025-06-06 17:00:00+02:00,PT1M,1,6700,se2_se3,True
2025-11-08 10:50:22+00:00,,KYzXBVE_TTlOU8p9_wxrig,4,Planned maintenance,SE_3,NO_1,MAW,A03,2025-05-21 01:00:00+02:00,2025-06-23 00:00:00+02:00,PT1M,1,1900,no1_se3,True
2025-11-08 10:50:22+00:00,,ZMEUmhfw3sCzO6pwfVDf6A,4,Planned maintenance,SE_3,FI,MAW,A03,2025-05-21 02:00:00+03:00,2025-06-23 01:00:00+03:00,PT1M,1,700,fi_se3,True
2025-11-08 10:50:22+00:00,,ge31nAlKmZmFe3dNG-pAOQ,4,Planned maintenance,SE_4,SE_3,MAW,A03,2025-05-21 01:00:00+02:00,2025-06-23 00:00:00+02:00,PT1M,1,4600,se3_se4,True
2025-11-08 10:50:22+00:00,,GvoF5NLjvPQ_ud62PrpY8w,4,Planned maintenance,SE_3,SE_2,MAW,A03,2025-05-21 01:00:00+02:00,2025-06-23 00:00:00+02:00,PT1M,1,6200,se2_se3,True
2025-11-08 10:52:48+00:00,Cancelled,eFoCQycUIj7-zl4Ap_ykkw,3,Planned maintenance,SE_4,SE_3,MAW,A03,2025-07-08 06:00:00+02:00,2025-07-09 17:00:00+02:00,PT1M,1,4700,se3_se4,False
2025-11-08 10:53:00+00:00,Cancelled,DiUDOsjZ4rsjzVt4pXhFuA,3,Planned maintenance,SE_4,SE_3,MAW,A03,2025-06-23 06:00:00+02:00,2025-07-25 17:00:00+02:00,PT1M,1,3500,se3_se4,False
2025-11-08 10:53:00+00:00,Cancelled,4zRHUFGDy-B7omE09ccJbQ,2,Planned maintenance,SE_3,SE_2,MAW,A03,2025-06-23 06:00:00+02:00,2025-07-25 17:00:00+02:00,PT1M,1,6000,se2_se3,False
2025-11-08 10:53:00+00:00,Cancelled,U4M8vmnok_JzKb-WaV4ZSw,2,Planned maintenance,SE_3,SE_2,MAW,A03,2025-06-23 06:00:00+02:00,2025-07-25 17:00:00+02:00,PT1M,1,6000,se2_se3,False
2025-11-08 10:53:00+00:00,Cancelled,rG1RkRAVl8I6P3OqOj-R3g,2,Planned maintenance,SE_3,FI,MAW,A03,2025-06-23 07:00:00+03:00,2025-07-25 18:00:00+03:00,PT1M,1,0,fi_se3,False
2025-11-08 10:53:00+00:00,Cancelled,UXgybcBYNuBYcTQWxMoHNw,2,Planned maintenance,SE_3,FI,MAW,A03,2025-06-23 07:00:00+03:00,2025-07-25 18:00:00+03:00,PT1M,1,0,fi_se3,False
2025-11-08 10:53:00+00:00,Cancelled,xYj8udcPbu5wkOY9DsnLPw,2,Planned maintenance,SE_4,SE_3,MAW,A03,2025-06-23 06:00:00+02:00,2025-07-25 17:00:00+02:00,PT1M,1,3500,se3_se4,False
2025-11-08 11:02:12+00:00,,iEjRzir79i2c97-3fGk_mg,4,Planned maintenance,SE_3,NO_1,MAW,A03,2025-06-23 07:00:00+02:00,2025-06-27 16:00:00+02:00,PT1M,1,895,no1_se3,True
2025-11-08 11:02:12+00:00,,cgYAHIbejOilNXvagsH3Ng,4,Planned maintenance,SE_3,NO_1,MAW,A03,2025-06-23 07:00:00+02:00,2025-06-27 16:00:00+02:00,PT1M,1,895,no1_se3,True
2025-11-08 11:02:25+00:00,Cancelled,UzFk1_9mSIdRO5gKymJMOQ,2,Planned maintenance,SE_3,SE_2,MAW,A03,2025-09-30 06:00:00+02:00,2025-10-02 06:00:00+02:00,PT1M,1,0,se2_se3,False
2025-11-08 11:06:34+00:00,Cancelled,aJX6zBkGonx_hqSb2q4FAg,4,Planned maintenance,SE_3,SE_2,MAW,A03,2025-07-21 06:00:00+02:00,2025-07-25 17:00:00+02:00,PT1M,1,0,se2_se3,False
2025-11-08 11:06:47+00:00,Cancelled,S2IefanA6GbVj2i6O7aceg,2,Planned maintenance,SE_3,FI,MAW,A03,2025-06-16 07:00:00+03:00,2025-06-30 18:00:00+03:00,PT1M,1,400,fi_se3,False
2025-11-08 11:08:38+00:00,Cancelled,1rnjk5bGNikYNd9clLO9NA,2,Planned maintenance,SE_3,NO_1,MAW,A03,2025-06-24 09:00:00+02:00,2025-06-26 16:00:00+02:00,PT1M,1,1645,no1_se3,False
2025-11-08 11:10:33+00:00,,llhuPV2X__R5i8k5aCzSFw,4,Planned maintenance,NO_1,SE_3,MAW,A03,2025-06-10 09:00:00+02:00,2025-06-14 17:00:00+02:00,PT1M,1,645,se3_no1,True
2025-11-08 11:10:33+00:00,Cancelled,FPTqUnENnL3ZLIBbloXXYg,9,Planned maintenance,NO_1,SE_3,MAW,A03,2025-06-17 08:00:00+02:00,2025-06-17 16:00:00+02:00,PT1M,1,895,se3_no1,False
2025-11-08 11:10:33+00:00,,Z1ZFDJteUufA7iuiofkUJQ,4,Planned maintenance,SE_3,NO_1,MAW,A03,2025-06-10 09:00:00+02:00,2025-06-14 17:00:00+02:00,PT1M,1,695,no1_se3,True
2025-11-08 11:10:33+00:00,Cancelled,Jm_ezOPGgSaNI3GCZwMdeg,9,Planned maintenance,SE_3,NO_1,MAW,A03,2025-06-17 08:00:00+02:00,2025-06-17 16:00:00+02:00,PT1M,1,695,no1_se3,False
2025-11-08 11:10:35+00:00,Cancelled,q3oX_jENA82QHJqSEJKULQ,2,Planned maintenance,NO_1,SE_3,MAW,A03,2025-06-16 00:00:00+02:00,2025-06-20 15:00:00+02:00,PT1M,1,0,se3_no1,False
2025-11-08 11:13:49+00:00,,vwaeaU7oQsofwgg6Ftczdg,5,Planned maintenance,NO_1,SE_3,MAW,A03,2025-06-18 07:00:00+02:00,2025-06-18 16:00:00+02:00,PT1M,1,895,se3_no1,True
2025-11-08 11:13:51+00:00,,3yGMUTTTb7qZS5yEBM5AqA,6,Planned maintenance,NO_1,SE_3,MAW,A03,2025-06-19 07:00:00+02:00,2025-06-19 16:00:00+02:00,PT1M,1,895,se3_no1,True
2025-11-08 11:13:51+00:00,,6Wy-CQLdUHH1ZP_J4owqow,6,Planned maintenance,SE_3,NO_1,MAW,A03,2025-06-19 07:00:00+02:00,2025-06-19 16:00:00+02:00,PT1M,1,695,no1_se3,True
2025-11-08 11:13:51+00:00,,HxhrUOCsy2rmA4fCgK494Q,6,Planned maintenance,SE_3,NO_1,MAW,A03,2025-06-18 07:00:00+02:00,2025-06-18 16:00:00+02:00,PT1M,1,695,no1_se3,True
2025-11-08 11:13:55+00:00,,LTTJV1506we4anAO3t_-3Q,2,Planned maintenance,SE_3,SE_2,MAW,A03,2025-06-29 06:00:00+02:00,2025-07-04 17:00:00+02:00,PT1M,1,5100,se2_se3,True
2025-11-08 11:13:55+00:00,,YVUBotyTgQpTK1LMoCx5Qw,2,Planned maintenance,SE_3,FI,MAW,A03,2025-06-29 07:00:00+03:00,2025-07-04 18:00:00+03:00,PT1M,1,200,fi_se3,True
2025-11-08 11:17:18+00:00,,7RtEyT9xXb5CvhvGQwafJg,2,Planned maintenance,NO_1,SE_3,MAW,A03,2025-06-20 07:00:00+02:00,2025-06-25 18:00:00+02:00,PT1M,1,645,se3_no1,True
2025-11-08 11:17:18+00:00,,10f8O68avgEu-Sz7FAzdVA,2,Planned maintenance,SE_3,NO_1,MAW,A03,2025-06-20 07:00:00+02:00,2025-06-25 18:00:00+02:00,PT1M,1,695,no1_se3,True
2025-11-08 11:17:32+00:00,,2oy99MSXZxO_jPgihRWyzw,4,Planned maintenance,NO_1,SE_3,MAW,A03,2025-06-02 08:00:00+02:00,2025-06-18 14:00:00+02:00,PT1M,1,1395,se3_no1,True
2025-11-08 11:19:10+00:00,,hgM5PwwAAIM9_-sJD3YqwA,1,Planned maintenance,SE_3,NO_1,MAW,A03,2025-07-21 08:00:00+02:00,2025-07-25 14:00:00+02:00,PT1M,1,895,no1_se3,True
2025-11-08 11:19:10+00:00,,2d5_rXROkQZnbDVHPNmBaQ,1,Planned maintenance,SE_3,NO_1,MAW,A03,2025-07-21 08:00:00+02:00,2025-07-25 14:00:00+02:00,PT1M,1,895,no1_se3,True
2025-11-08 11:19:10+00:00,Cancelled,t-oOAuUnetyCr6orEScu3A,3,Planned maintenance,NO_1,SE_3,MAW,A03,2025-06-23 07:00:00+02:00,2025-07-25 14:00:00+02:00,PT1M,1,0,se3_no1,False
2025-11-08 11:19:10+00:00,Cancelled,toU1H9HuPkVo14bXe5FANQ,5,Planned maintenance,NO_1,SE_3,MAW,A03,2025-06-23 07:00:00+02:00,2025-07-25 14:00:00+02:00,PT1M,1,0,se3_no1,False
2025-11-08 11:19:11+00:00,,z5mlts5FKwQkhYKf2xNBXQ,3,Planned maintenance,SE_3,NO_1,MAW,A03,2025-06-23 08:00:00+02:00,2025-06-23 15:00:00+02:00,PT1M,1,695,no1_se3,True
2025-11-08 11:19:11+00:00,,2WZwP_nqfyDgBR1HaQ4NYg,1,Planned maintenance,SE_3,NO_1,MAW,A03,2025-07-21 08:00:00+02:00,2025-07-25 14:00:00+02:00,PT1M,1,895,no1_se3,True
2025-11-08 11:19:11+00:00,Cancelled,7ApxEygJVQNxAj-Y_JHwNA,5,Planned maintenance,NO_1,SE_3,MAW,A03,2025-06-23 07:00:00+02:00,2025-07-25 14:00:00+02:00,PT1M,1,0,se3_no1,False
2025-11-08 11:21:41+00:00,,TRgtRBkyQ0-CMqWEv-c_SQ,4,Planned maintenance,SE_3,NO_1,MAW,A03,2025-06-20 07:00:00+02:00,2025-06-20 18:00:00+02:00,PT1M,1,695,no1_se3,True
2025-11-08 11:21:41+00:00,,R06tkT1ftuUd9t5StsQf2g,5,Planned maintenance,NO_1,SE_3,MAW,A03,2025-06-20 07:00:00+02:00,2025-06-20 18:00:00+02:00,PT1M,1,895,se3_no1,True
2025-11-08 11:30:27+00:00,Cancelled,lfXoI9-GuUaf-8yX5nslfQ,4,Planned maintenance,SE_3,FI,MAW,A03,2025-07-29 07:00:00+03:00,2025-08-28 18:00:00+03:00,PT1M,1,100,fi_se3,False
2025-11-08 11:30:28+00:00,Cancelled,O4CL1bfwFew_wa93U7E7yQ,4,Planned maintenance,SE_3,SE_2,MAW,A03,2025-07-29 06:00:00+02:00,2025-08-28 17:00:00+02:00,PT1M,1,4900,se2_se3,False
2025-11-08 11:30:28+00:00,Cancelled,IGLBW5rFYhL9j0fu-LtBsg,4,Planned maintenance,SE_4,SE_3,MAW,A03,2025-07-29 06:00:00+02:00,2025-08-28 17:00:00+02:00,PT1M,1,3000,se3_se4,False
2025-11-08 11:30:31+00:00,Cancelled,8Iq9BHO0Uj9Q2MyD55A4OQ,2,Planned maintenance,SE_3,SE_2,MAW,A03,2025-08-18 06:00:00+02:00,2025-08-29 17:00:00+02:00,PT1M,1,6700,se2_se3,False
2025-11-08 11:30:32+00:00,Cancelled,cI8I4rAFItK0807asWgDyA,2,Planned maintenance,SE_3,SE_2,MAW,A03,2025-10-24 05:59:00+02:00,2025-10-24 17:00:00+02:00,PT1M,25920,5500,se2_se3,False
2025-11-08 11:30:32+00:00,Cancelled,cI8I4rAFItK0807asWgDyA,2,Planned maintenance,SE_3,SE_2,MAW,A03,2025-10-06 16:59:00+02:00,2025-10-24 05:59:00+02:00,PT1M,660,7300,se2_se3,False
2025-11-08 11:30:32+00:00,Cancelled,cI8I4rAFItK0807asWgDyA,2,Planned maintenance,SE_3,SE_2,MAW,A03,2025-10-06 06:00:00+02:00,2025-10-06 16:59:00+02:00,PT1M,1,5500,se2_se3,False
2025-11-08 11:42:43+00:00,Cancelled,qSKSxe_opIYTl0H9_abVeA,3,Planned maintenance,SE_3,NO_1,MAW,A03,2025-07-14 07:00:00+02:00,2025-07-25 15:00:00+02:00,PT1M,1,1945,no1_se3,False
2025-11-08 11:42:43+00:00,Cancelled,7XevbCvw1sItBXICTBZvvA,3,Planned maintenance,NO_1,SE_3,MAW,A03,2025-07-14 07:00:00+02:00,2025-07-25 15:00:00+02:00,PT1M,1,1895,se3_no1,False
2025-11-08 11:44:42+00:00,Cancelled,_CF6WPj-sL9JgysJRTfh0g,2,Planned maintenance,SE_3,SE_2,MAW,A03,2025-08-11 06:00:00+02:00,2025-08-15 17:00:00+02:00,PT1M,1,0,se2_se3,False
2025-11-08 11:46:51+00:00,,S-3AxVIDTJNF1-f8DPyKWQ,2,Unplanned outage,SE_3,FI,MAW,A03,2025-07-04 10:00:00+03:00,2025-07-04 17:10:00+03:00,PT1M,1,400,fi_se3,True
2025-11-08 11:46:51+00:00,,xYrT_7IZ_k9gpAR9VRD1SQ,2,Unplanned outage,FI,SE_3,MAW,A03,2025-07-04 09:00:00+02:00,2025-07-04 16:10:00+02:00,PT1M,1,400,se3_fi,True
2025-11-08 11:51:32+00:00,Cancelled,l3ORiUNkHH9Wd6gOMGAlMw,2,Planned maintenance,NO_1,SE_3,MAW,A03,2025-07-08 08:00:00+02:00,2025-07-09 16:00:00+02:00,PT1M,1,1895,se3_no1,False
2025-11-08 11:53:19+00:00,,WQuzaU-aBOLkAyCBKmijAA,1,Planned maintenance,SE_3,DK_1,MAW,A03,2025-07-09 12:00:00+02:00,2025-07-09 15:00:00+02:00,PT1M,1,345,dk1_se3,True
2025-11-08 11:53:19+00:00,,E7QKJPq-LgTaJifN6wGogw,1,Planned maintenance,DK_1,SE_3,MAW,A03,2025-07-09 12:00:00+02:00,2025-07-09 15:00:00+02:00,PT1M,1,345,se3_dk1,True
2025-11-08 11:53:22+00:00,Cancelled,CgkViMFKVCzHgPAfjqU1ZA,2,Planned maintenance,SE_3,DK_1,MAW,A03,2025-08-08 07:00:00+02:00,2025-08-08 17:00:00+02:00,PT1M,1,350,dk1_se3,False
2025-11-08 11:56:46+00:00,,h-PqpUKFBooEPS0Acc84Ug,3,Planned maintenance,SE_3,SE_2,MAW,A03,2025-07-26 06:00:00+02:00,2025-07-28 17:00:00+02:00,PT1M,1,5400,se2_se3,True
2025-11-08 11:56:46+00:00,,j1wD6R7DDHZ_ERYjwjNILQ,1,Planned maintenance,SE_4,SE_3,MAW,A03,2025-07-26 06:00:00+02:00,2025-07-28 17:00:00+02:00,PT1M,1,4100,se3_se4,True
2025-11-08 11:56:46+00:00,,MI0tJbDeQujkl3h-Lykl6A,1,Planned maintenance,SE_3,FI,MAW,A03,2025-07-26 07:00:00+03:00,2025-07-28 18:00:00+03:00,PT1M,1,600,fi_se3,True
2025-11-08 11:56:47+00:00,,kiBqSu-VOqmBHoR38ZYX1A,1,Planned maintenance,SE_3,FI,MAW,A03,2025-07-26 07:00:00+03:00,2025-07-27 18:00:00+03:00,PT1M,1,600,fi_se3,True
2025-11-08 11:56:47+00:00,,4kM--7UzVfB8LrOnBTNTug,2,Planned maintenance,SE_3,SE_2,MAW,A03,2025-07-26 06:00:00+02:00,2025-07-27 17:00:00+02:00,PT1M,1,5200,se2_se3,True
2025-11-08 11:56:48+00:00,,dJnTCdaefB3rY5ht3Oka0A,1,Planned maintenance,SE_4,SE_3,MAW,A03,2025-07-26 06:00:00+02:00,2025-07-27 17:00:00+02:00,PT1M,1,4100,se3_se4,True
2025-11-08 12:00:35+00:00,,HOK6YI-vXMlzQeis-98xrQ,5,Planned maintenance,SE_3,SE_2,MAW,A03,2025-07-07 07:00:00+02:00,2025-07-12 12:27:00+02:00,PT1M,1,6000,se2_se3,True
2025-11-08 12:00:35+00:00,,SYO-zCyasDXD2Mnx1eQNnA,3,Planned maintenance,SE_3,FI,MAW,A03,2025-07-07 08:00:00+03:00,2025-07-12 13:27:00+03:00,PT1M,1,800,fi_se3,True
2025-11-08 12:04:09+00:00,,5iWMemPPJC76cI871p8Ntw,1,Unplanned outage,DK_1,SE_3,MAW,A03,2025-07-14 13:50:00+02:00,2025-07-14 19:00:00+02:00,PT1M,1,640,se3_dk1,True
2025-11-08 12:04:09+00:00,,DuLMLl-iSrnfGNMAtZkHMQ,1,Unplanned outage,SE_3,DK_1,MAW,A03,2025-07-14 13:50:00+02:00,2025-07-14 19:00:00+02:00,PT1M,1,640,dk1_se3,True
2025-11-08 12:04:09+00:00,,ldkUVisPi09Au-8da7eyDA,1,Unplanned outage,SE_3,DK_1,MAW,A03,2025-07-14 13:50:00+02:00,2025-07-14 19:00:00+02:00,PT1M,1,640,dk1_se3,True
2025-11-08 12:04:09+00:00,,bI0Dolc_0Z7y5kWWdahQOw,1,Unplanned outage,DK_1,SE_3,MAW,A03,2025-07-14 13:50:00+02:00,2025-07-14 19:00:00+02:00,PT1M,1,640,se3_dk1,True
2025-11-08 12:04:15+00:00,Cancelled,TKubU0JZnDuagatrl3uCrw,4,Planned maintenance,SE_3,FI,MAW,A03,2025-07-21 07:00:00+03:00,2025-07-21 18:00:00+03:00,PT1M,1,0,fi_se3,False
2025-11-08 12:04:15+00:00,Cancelled,LOl-lsU3GsrfZWPM5Kpo6Q,2,Planned maintenance,SE_4,SE_3,MAW,A03,2025-07-21 06:00:00+02:00,2025-07-21 17:00:00+02:00,PT1M,1,0,se3_se4,False
2025-11-08 12:04:15+00:00,Cancelled,KjuNPrgtsGYBYvA4tTF70w,2,Planned maintenance,SE_3,SE_2,MAW,A03,2025-07-21 06:00:00+02:00,2025-07-21 17:00:00+02:00,PT1M,1,0,se2_se3,False
2025-11-08 12:05:50+00:00,Cancelled,6P8WVViYAjdZFS9iJ7KIig,5,Planned maintenance,SE_3,DK_1,MAW,A03,2025-08-02 07:00:00+02:00,2025-08-06 21:00:00+02:00,PT1M,1,0,dk1_se3,False
2025-11-08 12:07:51+00:00,Cancelled,vqbZW4mhucqG1GdZcmFaBw,2,Planned maintenance,SE_4,SE_3,MAW,A03,2025-11-13 06:00:00+01:00,2025-11-14 17:00:00+01:00,PT1M,1,5500,se3_se4,False
2025-11-08 12:07:55+00:00,,z0wdoUUQ4Yl7o973-eLwmg,1,Planned maintenance,SE_3,FI,MAW,A03,2025-09-30 07:00:00+03:00,2025-09-30 18:00:00+03:00,PT1M,1,300,fi_se3,True
2025-11-08 12:07:55+00:00,,IU9ppIlJUaAvkqsCsrJ3IQ,1,Planned maintenance,SE_4,SE_3,MAW,A03,2025-09-30 06:00:00+02:00,2025-09-30 17:00:00+02:00,PT1M,1,3700,se3_se4,True
2025-11-08 12:07:55+00:00,,m_BJVAXFn4vNdibtVeWOiQ,1,Planned maintenance,SE_3,SE_2,MAW,A03,2025-09-30 06:00:00+02:00,2025-09-30 17:00:00+02:00,PT1M,1,6000,se2_se3,True
2025-11-08 12:09:32+00:00,Cancelled,-kGqFlhU3GToXa0skcFqnw,2,Planned maintenance,SE_4,SE_3,MAW,A03,2025-07-17 06:00:00+02:00,2025-07-18 17:00:00+02:00,PT1M,1,4100,se3_se4,False
2025-11-08 12:09:32+00:00,Cancelled,hLLvoeuacZxhTdlHko8WSw,4,Planned maintenance,SE_3,SE_2,MAW,A03,2025-07-17 06:00:00+02:00,2025-07-18 17:00:00+02:00,PT1M,1,5200,se2_se3,False
2025-11-08 12:09:32+00:00,Cancelled,szQ_o6AbQBzvJuRJBUwMpQ,2,Planned maintenance,SE_3,FI,MAW,A03,2025-07-17 07:00:00+03:00,2025-07-18 18:00:00+03:00,PT1M,1,600,fi_se3,False
2025-11-08 12:16:34+00:00,,7VEsfRMyUApBf5vlKGoWjw,4,Planned maintenance,SE_4,SE_3,MAW,A03,2025-07-21 06:00:00+02:00,2025-07-21 14:00:00+02:00,PT1M,1,4300,se3_se4,True
2025-11-08 12:16:34+00:00,,0kAka3DymMLAe_CiUqg1pQ,4,Planned maintenance,SE_3,FI,MAW,A03,2025-07-21 07:00:00+03:00,2025-07-21 15:00:00+03:00,PT1M,1,300,fi_se3,True
2025-11-08 12:16:34+00:00,,7-j8R45pzwEHBat9dYSsPA,4,Planned maintenance,SE_3,SE_2,MAW,A03,2025-07-21 06:00:00+02:00,2025-07-21 14:00:00+02:00,PT1M,1,5900,se2_se3,True
2025-11-08 12:18:05+00:00,,3dtp-cqV6voHOT353d1Fyw,1,Planned maintenance,SE_3,SE_2,MAW,A03,2025-11-03 06:00:00+01:00,2025-11-07 17:00:00+01:00,PT1M,1,6600,se2_se3,True
2025-11-08 12:18:05+00:00,,DKq35ww_hj5gRkIE5MNAhg,1,Planned maintenance,SE_3,FI,MAW,A03,2025-11-03 07:00:00+02:00,2025-11-07 18:00:00+02:00,PT1M,1,300,fi_se3,True
2025-11-08 12:18:05+00:00,,pN967eI_bcNep4wTW2wi-g,1,Planned maintenance,SE_4,SE_3,MAW,A03,2025-11-03 06:00:00+01:00,2025-11-07 17:00:00+01:00,PT1M,1,4500,se3_se4,True
2025-11-08 12:18:11+00:00,,8HljtOUox-NQr-PMebnVSw,4,Planned maintenance,SE_3,SE_2,MAW,A03,2025-07-22 06:00:00+02:00,2025-07-22 15:55:00+02:00,PT1M,1,5900,se2_se3,True
2025-11-08 12:18:11+00:00,,yRvxOs05PGYyZFMOp1RgMA,4,Planned maintenance,SE_4,SE_3,MAW,A03,2025-07-22 06:00:00+02:00,2025-07-22 15:55:00+02:00,PT1M,1,4300,se3_se4,True
2025-11-08 12:18:11+00:00,,wYzcn3HO4oihgeREsf4tgQ,2,Planned maintenance,SE_3,FI,MAW,A03,2025-07-22 07:00:00+03:00,2025-07-22 16:55:00+03:00,PT1M,1,300,fi_se3,True
2025-11-08 12:18:25+00:00,Cancelled,QXRe1lZsp17H_n3bl9i-sw,4,Planned maintenance,SE_3,DK_1,MAW,A03,2025-08-02 16:00:00+02:00,2025-08-03 12:00:00+02:00,PT1M,1,0,dk1_se3,False
2025-11-08 12:18:26+00:00,,Kmg2sdxr6jeyBIsyWeGcsQ,4,Planned maintenance,DK_1,SE_3,MAW,A03,2025-08-02 16:00:00+02:00,2025-08-03 12:00:00+02:00,PT1M,1,575,se3_dk1,True
2025-11-08 12:18:39+00:00,,23Fj5QMsKTInir6ykFWUXg,2,Unplanned outage,NO_1,SE_3,MAW,A03,2025-07-23 19:36:00+02:00,2025-07-24 08:30:00+02:00,PT1M,1,1395,se3_no1,True
2025-11-08 12:18:39+00:00,,G7khhN7nAx5Wk-tEHQZMkw,2,Unplanned outage,NO_1,SE_3,MAW,A03,2025-07-23 19:36:00+02:00,2025-07-24 08:30:00+02:00,PT1M,1,1395,se3_no1,True
2025-11-08 12:18:44+00:00,,8-wOOYkTApaUpgaObE7sBw,3,Unplanned outage,SE_3,DK_1,MAW,A03,2025-07-24 03:23:00+02:00,2025-07-24 08:45:00+02:00,PT1M,1,345,dk1_se3,True
2025-11-08 12:18:44+00:00,,y064jpecgz9Hl05R9zDpNw,3,Unplanned outage,DK_1,SE_3,MAW,A03,2025-07-24 03:23:00+02:00,2025-07-24 08:45:00+02:00,PT1M,1,345,se3_dk1,True
2025-11-08 12:30:32+00:00,,sPB3fyrBNXbbbJN8VL5Icw,4,Planned maintenance,SE_4,SE_3,MAW,A03,2025-07-28 07:00:00+02:00,2025-08-01 20:10:00+02:00,PT1M,1,4500,se3_se4,True
2025-11-08 12:32:48+00:00,,gEUOtywul-VYyuBgK9kPbQ,3,Unplanned outage,SE_3,SE_2,MAW,A03,2025-08-02 07:58:00+02:00,2025-08-03 17:20:00+02:00,PT1M,1,7000,se2_se3,True
2025-11-08 12:33:53+00:00,Cancelled,fIOUThjKBa4J4-QiSb8LsA,4,Planned maintenance,DK_1,SE_3,MAW,A03,2025-08-16 16:00:00+02:00,2025-08-17 12:00:00+02:00,PT1M,1,320,se3_dk1,False
2025-11-08 12:33:53+00:00,Cancelled,xnrS19SzFKApV66DNv4tkQ,4,Planned maintenance,SE_3,DK_1,MAW,A03,2025-08-16 16:00:00+02:00,2025-08-17 12:00:00+02:00,PT1M,1,465,dk1_se3,False
2025-11-08 12:33:55+00:00,Cancelled,J9HpCdUNEmF5XmmGwiXM3Q,4,Planned maintenance,DK_1,SE_3,MAW,A03,2025-08-09 16:00:00+02:00,2025-08-10 12:00:00+02:00,PT1M,1,320,se3_dk1,False
2025-11-08 12:33:55+00:00,Cancelled,PXqJGynGgEK3x3AB1dbSog,4,Planned maintenance,SE_3,DK_1,MAW,A03,2025-08-09 16:00:00+02:00,2025-08-10 12:00:00+02:00,PT1M,1,465,dk1_se3,False
2025-11-08 12:35:12+00:00,,wNuo1sQYextPQsiQTyOCXw,6,Planned maintenance,SE_4,SE_3,MAW,A03,2025-08-02 07:00:00+02:00,2025-08-05 08:00:00+02:00,PT1M,1,3800,se3_se4,True
2025-11-08 12:35:17+00:00,Cancelled,mH81RtJhA-22RSjA84c53w,3,Planned maintenance,SE_3,SE_2,MAW,A03,2025-09-01 06:00:00+02:00,2026-04-01 17:00:00+02:00,PT1M,1,0,se2_se3,False
2025-11-08 12:35:22+00:00,,32Xaj4c8y4qBrVehmSDMng,1,Planned maintenance,SE_3,SE_2,MAW,A03,2026-04-22 06:00:00+02:00,2026-05-01 17:00:00+02:00,PT1M,1,6400,se2_se3,True
2025-11-08 12:36:48+00:00,Cancelled,lftSgtDxz7nFTzVOKG09cw,2,Planned maintenance,SE_3,SE_2,MAW,A03,2025-09-22 06:00:00+02:00,2026-04-05 12:00:00+02:00,PT1M,1,0,se2_se3,False
2025-11-08 12:36:48+00:00,,E6QwvFjHeY_56Vf7fBwCgQ,1,Planned maintenance,SE_3,SE_2,MAW,A03,2026-04-05 06:00:00+02:00,2026-04-05 12:00:00+02:00,PT1M,1,6200,se2_se3,True
2025-11-08 12:36:49+00:00,Cancelled,sDgo3jNw-RBQb9wvUJc-WA,3,Planned maintenance,SE_3,SE_2,MAW,A03,2025-09-22 06:00:00+02:00,2026-04-05 12:00:00+02:00,PT1M,1,0,se2_se3,False
2025-11-08 12:36:51+00:00,,lq40AtnidfqAa0FSdJcHsQ,1,Planned maintenance,SE_3,SE_2,MAW,A03,2026-04-16 12:00:00+02:00,2026-04-16 17:00:00+02:00,PT1M,1,6200,se2_se3,True
2025-11-08 12:36:57+00:00,,tlKA38uQGi54nOvw5OmM3Q,1,Planned maintenance,SE_3,SE_2,MAW,A03,2026-04-05 12:00:00+02:00,2026-04-16 12:00:00+02:00,PT1M,1,6700,se2_se3,True
2025-11-08 12:43:04+00:00,,9e-l0_6KuMCIuy1Gu6OmSA,3,Planned maintenance,SE_4,SE_3,MAW,A03,2025-08-07 06:00:00+02:00,2025-08-10 17:45:00+02:00,PT1M,1,5000,se3_se4,True
2025-11-08 12:49:46+00:00,,FbdjcjQhZo0S69OHC7L6TQ,3,Planned maintenance,NO_1,SE_3,MAW,A03,2025-08-11 08:00:00+02:00,2025-08-14 21:00:00+02:00,PT1M,1,1395,se3_no1,True
2025-11-08 12:55:24+00:00,,EOinLQQM_ep57MdpzP0z4g,4,Planned maintenance,SE_3,NO_1,MAW,A03,2025-08-20 08:00:00+02:00,2025-08-29 16:00:00+02:00,PT1M,1,1945,no1_se3,True
2025-11-08 12:55:24+00:00,,gNrpR-f5Pmnx4XW02k0dtg,4,Planned maintenance,NO_1,SE_3,MAW,A03,2025-08-20 08:00:00+02:00,2025-08-29 16:00:00+02:00,PT1M,1,1895,se3_no1,True
2025-11-08 12:57:03+00:00,,1GVj0nAsmgTpgXQlAjVvZw,2,Planned maintenance,SE_3,SE_4,MAW,A03,2025-08-20 08:00:00+02:00,2025-08-20 13:30:00+02:00,PT1M,1,2400,se4_se3,True
2025-11-08 12:57:03+00:00,,X3QgLWUg3UXSJAvLYxVECQ,2,Planned maintenance,SE_4,SE_3,MAW,A03,2025-08-20 08:00:00+02:00,2025-08-20 13:30:00+02:00,PT1M,1,4900,se3_se4,True
2025-11-08 12:58:06+00:00,,eqFdo_kqMHbUSC3rwNNHwQ,2,Planned maintenance,SE_3,NO_1,MAW,A03,2025-09-08 08:00:00+02:00,2025-09-12 17:00:00+02:00,PT1M,1,2000,no1_se3,True
2025-11-08 12:58:13+00:00,,FfiCUUM4yhYjbjF1j_BlCg,3,Planned maintenance,NO_1,SE_3,MAW,A03,2025-08-19 07:00:00+02:00,2025-08-21 14:47:00+02:00,PT1M,1,1895,se3_no1,True
2025-11-08 13:00:17+00:00,,iC0ZIsYv0FBQoiedPKUcOQ,1,Planned maintenance,SE_4,SE_3,MAW,A03,2025-08-26 07:00:00+02:00,2025-08-26 17:00:00+02:00,PT1M,1,4800,se3_se4,True
2025-11-08 13:01:11+00:00,,ip6C47OB2H0TgGhbHhYBMg,3,Planned maintenance,DK_1,SE_3,MAW,A03,2025-08-26 07:00:00+02:00,2025-08-26 19:00:00+02:00,PT1M,1,200,se3_dk1,True
2025-11-08 13:01:11+00:00,,RMjdkbNWQXctQuuOB5qaDA,3,Planned maintenance,SE_3,DK_1,MAW,A03,2025-08-26 07:00:00+02:00,2025-08-26 19:00:00+02:00,PT1M,1,140,dk1_se3,True
2025-11-08 13:03:16+00:00,Cancelled,N2bIrq-t1aBIWQjQH6jYBw,2,Planned maintenance,SE_3,SE_2,MAW,A03,2025-08-26 06:00:00+02:00,2025-08-29 17:00:00+02:00,PT1M,1,7000,se2_se3,False
2025-11-08 13:03:16+00:00,Cancelled,aSsqQlc96XGiCWsWyMoFPQ,2,Planned maintenance,SE_3,SE_2,MAW,A03,2025-08-26 06:00:00+02:00,2025-08-29 17:00:00+02:00,PT1M,1,7000,se2_se3,False
2025-11-08 13:03:24+00:00,Cancelled,d2P9pKl1akcLuoD1BZV3og,2,Planned maintenance,SE_3,SE_2,MAW,A03,2025-10-15 06:00:00+02:00,2025-10-16 17:00:00+02:00,PT1M,1,5600,se2_se3,False
2025-11-08 13:03:24+00:00,Cancelled,UExnjt4EoLKLAjHNomxQNA,2,Planned maintenance,SE_3,FI,MAW,A03,2025-10-15 07:00:00+03:00,2025-10-16 18:00:00+03:00,PT1M,1,100,fi_se3,False
2025-11-08 13:03:24+00:00,Cancelled,7WXWiHop_Stqez2biNXRvw,2,Planned maintenance,SE_4,SE_3,MAW,A03,2025-10-15 06:00:00+02:00,2025-10-16 17:00:00+02:00,PT1M,1,4100,se3_se4,False
2025-11-08 13:03:32+00:00,,PgIoNxDwKJoakftPF6R89Q,1,Planned maintenance,SE_3,DK_1,MAW,A03,2025-08-28 07:00:00+02:00,2025-08-28 19:00:00+02:00,PT1M,1,265,dk1_se3,True
2025-11-08 13:03:32+00:00,,GR6yolXElZscMpEPh1nB9Q,1,Planned maintenance,DK_1,SE_3,MAW,A03,2025-08-28 07:00:00+02:00,2025-08-28 19:00:00+02:00,PT1M,1,220,se3_dk1,True
2025-11-08 13:03:33+00:00,Cancelled,Yn-cDtqz3VJcVHV0Qpz4QA,2,Planned maintenance,SE_3,DK_1,MAW,A03,2025-08-27 07:00:00+02:00,2025-08-27 19:00:00+02:00,PT1M,1,265,dk1_se3,False
2025-11-08 13:03:33+00:00,Cancelled,Aev80yWZpT_f4ztQHb63ww,2,Planned maintenance,DK_1,SE_3,MAW,A03,2025-08-27 07:00:00+02:00,2025-08-27 19:00:00+02:00,PT1M,1,220,se3_dk1,False
2025-11-08 13:04:41+00:00,,lyS3EofGlSuLNcrhaMXUKw,5,Planned maintenance,SE_3,SE_2,MAW,A03,2025-08-26 06:00:00+02:00,2025-08-26 21:00:00+02:00,PT1M,1,5700,se2_se3,True
2025-11-08 13:04:57+00:00,,FYIXMtqWt0bhulcGT_OYPA,4,Planned maintenance,SE_3,DK_1,MAW,A03,2025-08-27 08:00:00+02:00,2025-08-27 16:10:00+02:00,PT1M,1,0,dk1_se3,True
2025-11-08 13:04:57+00:00,,dEcB3I1xMo5gkpYc472VdQ,4,Planned maintenance,DK_1,SE_3,MAW,A03,2025-08-27 08:00:00+02:00,2025-08-27 16:10:00+02:00,PT1M,1,0,se3_dk1,True
2025-11-08 13:07:27+00:00,,Vx7djSTGYeyrMJp9iU48Qw,3,Planned maintenance,FI,SE_3,MAW,A03,2025-08-11 05:59:00+02:00,2025-08-17 16:59:00+02:00,PT1M,10080,0,se3_fi,True
2025-11-08 13:07:27+00:00,,RkQZaPUokz0u0Z-w0hDbYQ,2,Planned maintenance,FI,SE_3,MAW,A03,2025-08-04 06:00:00+02:00,2025-08-11 05:59:00+02:00,PT1M,1,800,se3_fi,True
2025-11-08 13:07:27+00:00,,RkQZaPUokz0u0Z-w0hDbYQ,2,Planned maintenance,FI,SE_3,MAW,A03,2025-08-17 16:59:00+02:00,2025-09-05 08:00:00+02:00,PT1M,19380,800,se3_fi,True
2025-11-08 13:07:27+00:00,,Vx7djSTGYeyrMJp9iU48Qw,3,Planned maintenance,FI,SE_3,MAW,A03,2025-08-17 16:59:00+02:00,2025-09-05 08:00:00+02:00,PT1M,19380,800,se3_fi,True
2025-11-08 13:07:27+00:00,,RkQZaPUokz0u0Z-w0hDbYQ,2,Planned maintenance,FI,SE_3,MAW,A03,2025-08-11 05:59:00+02:00,2025-08-17 16:59:00+02:00,PT1M,10080,0,se3_fi,True
2025-11-08 13:07:27+00:00,,CoS_0oxXH7namaCgOw9H_A,3,Planned maintenance,SE_3,FI,MAW,A03,2025-08-04 07:00:00+03:00,2025-08-11 06:59:00+03:00,PT1M,1,800,fi_se3,True
2025-11-08 13:07:27+00:00,,4yMYwu7PzDAPeaaxVw3qzQ,2,Planned maintenance,SE_3,FI,MAW,A03,2025-08-04 07:00:00+03:00,2025-08-11 06:59:00+03:00,PT1M,1,800,fi_se3,True
2025-11-08 13:07:27+00:00,,4yMYwu7PzDAPeaaxVw3qzQ,2,Planned maintenance,SE_3,FI,MAW,A03,2025-08-11 06:59:00+03:00,2025-08-17 17:59:00+03:00,PT1M,10080,0,fi_se3,True
2025-11-08 13:07:27+00:00,,CoS_0oxXH7namaCgOw9H_A,3,Planned maintenance,SE_3,FI,MAW,A03,2025-08-17 17:59:00+03:00,2025-09-05 09:00:00+03:00,PT1M,19380,800,fi_se3,True
2025-11-08 13:07:27+00:00,,CoS_0oxXH7namaCgOw9H_A,3,Planned maintenance,SE_3,FI,MAW,A03,2025-08-11 06:59:00+03:00,2025-08-17 17:59:00+03:00,PT1M,10080,0,fi_se3,True
2025-11-08 13:07:27+00:00,,Vx7djSTGYeyrMJp9iU48Qw,3,Planned maintenance,FI,SE_3,MAW,A03,2025-08-04 06:00:00+02:00,2025-08-11 05:59:00+02:00,PT1M,1,800,se3_fi,True
2025-11-08 13:07:27+00:00,,4yMYwu7PzDAPeaaxVw3qzQ,2,Planned maintenance,SE_3,FI,MAW,A03,2025-08-17 17:59:00+03:00,2025-09-05 09:00:00+03:00,PT1M,19380,800,fi_se3,True
2025-11-08 13:15:29+00:00,,R9XYznRSO_HH3EFD1dSzuQ,2,Planned maintenance,SE_4,SE_3,MAW,A03,2025-09-03 07:00:00+02:00,2025-09-04 17:00:00+02:00,PT1M,1,4800,se3_se4,True
2025-11-08 13:18:49+00:00,,iQxLkFXAJxdqcz6muvp36g,4,Planned maintenance,DK_1,SE_3,MAW,A03,2025-09-24 05:59:00+02:00,2025-10-05 18:00:00+02:00,PT1M,2880,0,se3_dk1,True
2025-11-08 13:18:49+00:00,,p-Kg8hAxVScA24CvQybSZA,4,Planned maintenance,DK_1,SE_3,MAW,A03,2025-09-22 06:00:00+02:00,2025-09-24 05:59:00+02:00,PT1M,1,345,se3_dk1,True
2025-11-08 13:18:49+00:00,,iQxLkFXAJxdqcz6muvp36g,4,Planned maintenance,DK_1,SE_3,MAW,A03,2025-09-22 06:00:00+02:00,2025-09-24 05:59:00+02:00,PT1M,1,345,se3_dk1,True
2025-11-08 13:18:49+00:00,,p-Kg8hAxVScA24CvQybSZA,4,Planned maintenance,DK_1,SE_3,MAW,A03,2025-09-24 05:59:00+02:00,2025-10-05 18:00:00+02:00,PT1M,2880,0,se3_dk1,True
2025-11-08 13:18:50+00:00,,IdVOw6Lid1UAVbHmhHAMOg,6,Planned maintenance,SE_3,DK_1,MAW,A03,2025-09-22 06:00:00+02:00,2025-09-24 05:59:00+02:00,PT1M,1,345,dk1_se3,True
2025-11-08 13:18:50+00:00,,IdVOw6Lid1UAVbHmhHAMOg,6,Planned maintenance,SE_3,DK_1,MAW,A03,2025-09-24 05:59:00+02:00,2025-10-05 18:00:00+02:00,PT1M,2880,0,dk1_se3,True
2025-11-08 13:18:50+00:00,,nxZ4siNXQsEYkPTJ8bKqIw,6,Planned maintenance,SE_3,DK_1,MAW,A03,2025-09-24 05:59:00+02:00,2025-10-05 18:00:00+02:00,PT1M,2880,0,dk1_se3,True
2025-11-08 13:18:50+00:00,,nxZ4siNXQsEYkPTJ8bKqIw,6,Planned maintenance,SE_3,DK_1,MAW,A03,2025-09-22 06:00:00+02:00,2025-09-24 05:59:00+02:00,PT1M,1,345,dk1_se3,True
2025-11-08 13:27:33+00:00,,nVbcNFOjdWHuigrgJW7maA,1,Planned maintenance,NO_1,SE_3,MAW,A03,2025-09-23 07:00:00+02:00,2025-09-24 18:00:00+02:00,PT1M,1,600,se3_no1,True
2025-11-08 13:27:33+00:00,,5NMOseBe_ETqlnRswvmuVQ,1,Planned maintenance,DK_1,SE_3,MAW,A03,2025-09-23 07:00:00+02:00,2025-09-24 18:00:00+02:00,PT1M,1,200,se3_dk1,True
2025-11-08 13:27:33+00:00,,agE5sD2IOZmyYiw6uoZrxw,1,Planned maintenance,SE_3,FI,MAW,A03,2025-09-23 08:00:00+03:00,2025-09-24 19:00:00+03:00,PT1M,1,200,fi_se3,True
2025-11-08 13:27:34+00:00,,XWg7dfSWjDBwa6rDVxzJ6w,1,Planned maintenance,SE_3,SE_2,MAW,A03,2025-09-23 07:00:00+02:00,2025-09-24 18:00:00+02:00,PT1M,1,5100,se2_se3,True
2025-11-08 13:27:34+00:00,,QlFgpgFIyj7j0jwvE4LsvQ,1,Planned maintenance,SE_4,SE_3,MAW,A03,2025-09-23 07:00:00+02:00,2025-09-24 18:00:00+02:00,PT1M,1,3600,se3_se4,True
2025-11-08 13:29:20+00:00,,jteSeLZTa6gPPk83pVtmhg,6,Planned maintenance,SE_4,SE_3,MAW,A03,2025-09-02 06:00:00+02:00,2025-09-04 20:00:00+02:00,PT1M,1,4300,se3_se4,True
2025-11-08 13:29:20+00:00,,v1VowhwmPLYtq96uO0wWkw,6,Planned maintenance,SE_3,SE_2,MAW,A03,2025-09-02 06:00:00+02:00,2025-09-04 20:00:00+02:00,PT1M,1,6000,se2_se3,True
2025-11-08 13:29:20+00:00,,wP4KN3xA5hePg9XZjXasQQ,6,Planned maintenance,SE_3,FI,MAW,A03,2025-09-02 07:00:00+03:00,2025-09-04 21:00:00+03:00,PT1M,1,0,fi_se3,True
2025-11-08 13:32:31+00:00,,iz5DqUq8nvH9J_A-y9f2aQ,3,Planned maintenance,FI,SE_3,MAW,A03,2025-09-05 08:00:00+02:00,2025-09-05 11:00:00+02:00,PT1M,1,800,se3_fi,True
2025-11-08 13:32:31+00:00,,CAF1dYnlHtFS1nxfte_njw,3,Planned maintenance,SE_3,FI,MAW,A03,2025-09-05 09:00:00+03:00,2025-09-05 12:00:00+03:00,PT1M,1,800,fi_se3,True
2025-11-08 13:47:21+00:00,,JOB6dajkyqW2kqMJZH2IjQ,2,Unplanned outage,FI,SE_3,MAW,A03,2025-09-08 11:57:00+02:00,2025-09-08 14:30:00+02:00,PT1M,1,400,se3_fi,True
2025-11-08 13:47:21+00:00,,QXuy_K9SBtTrrJRsUeWtHQ,2,Unplanned outage,SE_3,FI,MAW,A03,2025-09-08 12:57:00+03:00,2025-09-08 15:30:00+03:00,PT1M,1,400,fi_se3,True
2025-11-08 14:03:25+00:00,,knX7T-9tQLlmvRBeqcXBCA,1,Planned maintenance,SE_3,DK_1,MAW,A03,2025-10-01 07:00:00+02:00,2025-10-01 14:00:00+02:00,PT1M,1,265,dk1_se3,True
2025-11-08 14:03:25+00:00,,54DH8oEd2xmOXupNhJHZZg,1,Planned maintenance,DK_1,SE_3,MAW,A03,2025-10-29 06:59:00+01:00,2025-10-29 16:00:00+01:00,PT1M,1440,220,se3_dk1,True
2025-11-08 14:03:25+00:00,,54DH8oEd2xmOXupNhJHZZg,1,Planned maintenance,DK_1,SE_3,MAW,A03,2025-10-28 07:00:00+01:00,2025-10-28 15:59:00+01:00,PT1M,1,220,se3_dk1,True
2025-11-08 14:03:25+00:00,,5xnnL688hwMcdOAUHmy46A,1,Planned maintenance,SE_3,DK_1,MAW,A03,2025-10-28 07:00:00+01:00,2025-10-28 15:59:00+01:00,PT1M,1,265,dk1_se3,True
2025-11-08 14:03:25+00:00,,5xnnL688hwMcdOAUHmy46A,1,Planned maintenance,SE_3,DK_1,MAW,A03,2025-10-29 06:59:00+01:00,2025-10-29 16:00:00+01:00,PT1M,1440,265,dk1_se3,True
2025-11-08 14:03:25+00:00,,54DH8oEd2xmOXupNhJHZZg,1,Planned maintenance,DK_1,SE_3,MAW,A03,2025-10-28 15:59:00+01:00,2025-10-29 06:59:00+01:00,PT1M,540,715,se3_dk1,True
2025-11-08 14:03:25+00:00,,sBM_UMuWrFavDhfboO8XVw,1,Planned maintenance,DK_1,SE_3,MAW,A03,2025-10-01 07:00:00+02:00,2025-10-01 14:00:00+02:00,PT1M,1,220,se3_dk1,True
2025-11-08 14:03:25+00:00,,5xnnL688hwMcdOAUHmy46A,1,Planned maintenance,SE_3,DK_1,MAW,A03,2025-10-28 15:59:00+01:00,2025-10-29 06:59:00+01:00,PT1M,540,715,dk1_se3,True
2025-11-08 14:09:18+00:00,,Ze12kAAa1FzsA9ROzD3bXw,1,Planned maintenance,SE_3,FI,MAW,A03,2025-09-16 11:00:00+03:00,2025-09-16 13:00:00+03:00,PT1M,1,800,fi_se3,True
2025-11-08 14:09:18+00:00,,lP19yPjCdIrI_hiUZPgwGA,1,Planned maintenance,FI,SE_3,MAW,A03,2025-09-16 10:00:00+02:00,2025-09-16 12:00:00+02:00,PT1M,1,800,se3_fi,True
2025-11-08 14:18:45+00:00,,sz6pqgWmHQnppq-tSp0SWQ,6,Planned maintenance,SE_3,FI,MAW,A03,2025-08-03 00:59:00+03:00,2025-09-14 00:59:00+03:00,PT1M,152220,300,fi_se3,True
2025-11-08 14:18:45+00:00,,sz6pqgWmHQnppq-tSp0SWQ,6,Planned maintenance,SE_3,FI,MAW,A03,2025-09-14 00:59:00+03:00,2025-09-14 08:59:00+03:00,PT1M,212700,400,fi_se3,True
2025-11-08 14:18:45+00:00,,sz6pqgWmHQnppq-tSp0SWQ,6,Planned maintenance,SE_3,FI,MAW,A03,2025-09-14 08:59:00+03:00,2025-09-18 01:00:00+03:00,PT1M,213180,300,fi_se3,True
2025-11-08 14:18:45+00:00,,b9CXfUc6MpBKQseiKfocPQ,2,Planned maintenance,SE_3,NO_1,MAW,A03,2025-09-14 08:00:00+02:00,2025-09-18 00:00:00+02:00,PT1M,1,1600,no1_se3,True
2025-11-08 14:18:45+00:00,,_6YRraSBtSkMMEeCKlXenA,6,Planned maintenance,SE_3,SE_2,MAW,A03,2025-09-14 07:59:00+02:00,2025-09-18 00:00:00+02:00,PT1M,213180,5700,se2_se3,True
2025-11-08 14:18:45+00:00,,_6YRraSBtSkMMEeCKlXenA,6,Planned maintenance,SE_3,SE_2,MAW,A03,2025-04-19 07:00:00+02:00,2025-08-02 23:59:00+02:00,PT1M,1,6700,se2_se3,True
2025-11-08 14:18:45+00:00,,sz6pqgWmHQnppq-tSp0SWQ,6,Planned maintenance,SE_3,FI,MAW,A03,2025-04-19 08:00:00+03:00,2025-08-03 00:59:00+03:00,PT1M,1,400,fi_se3,True
2025-11-08 14:18:45+00:00,,_6YRraSBtSkMMEeCKlXenA,6,Planned maintenance,SE_3,SE_2,MAW,A03,2025-08-02 23:59:00+02:00,2025-09-13 23:59:00+02:00,PT1M,152220,5700,se2_se3,True
2025-11-08 14:18:45+00:00,,_6YRraSBtSkMMEeCKlXenA,6,Planned maintenance,SE_3,SE_2,MAW,A03,2025-09-13 23:59:00+02:00,2025-09-14 07:59:00+02:00,PT1M,212700,6700,se2_se3,True
2025-11-08 14:18:46+00:00,,W6iz8q1YHSbgBfsOTOmEtg,6,Planned maintenance,SE_4,SE_3,MAW,A03,2025-09-14 07:59:00+02:00,2025-09-18 00:00:00+02:00,PT1M,213180,3900,se3_se4,True
2025-11-08 14:18:46+00:00,,W6iz8q1YHSbgBfsOTOmEtg,6,Planned maintenance,SE_4,SE_3,MAW,A03,2025-04-19 07:00:00+02:00,2025-08-02 23:59:00+02:00,PT1M,1,4600,se3_se4,True
2025-11-08 14:18:46+00:00,,W6iz8q1YHSbgBfsOTOmEtg,6,Planned maintenance,SE_4,SE_3,MAW,A03,2025-09-13 23:59:00+02:00,2025-09-14 07:59:00+02:00,PT1M,212700,4600,se3_se4,True
2025-11-08 14:18:46+00:00,,W6iz8q1YHSbgBfsOTOmEtg,6,Planned maintenance,SE_4,SE_3,MAW,A03,2025-08-02 23:59:00+02:00,2025-09-13 23:59:00+02:00,PT1M,152220,3900,se3_se4,True
2025-11-08 14:26:38+00:00,Cancelled,fIs1pjujRwg5ywauQaTwVw,3,Planned maintenance,SE_4,SE_3,MAW,A03,2025-09-20 06:00:00+02:00,2025-09-28 17:00:00+02:00,PT1M,1,3500,se3_se4,False
2025-11-08 14:26:38+00:00,Cancelled,rZsovUVjsl06MDTiqK7d_A,3,Planned maintenance,SE_3,FI,MAW,A03,2025-09-20 07:00:00+03:00,2025-09-28 18:00:00+03:00,PT1M,1,100,fi_se3,False
2025-11-08 14:26:38+00:00,Cancelled,8wPX1fN4v53d3R9zaAVV4w,3,Planned maintenance,SE_3,SE_2,MAW,A03,2025-09-20 06:00:00+02:00,2025-09-28 17:00:00+02:00,PT1M,1,5300,se2_se3,False
2025-11-08 14:37:06+00:00,,gAJs3l3y59PSmweydWTq1g,1,Unplanned outage,SE_3,NO_1,MAW,A03,2025-09-17 13:30:00+02:00,2025-09-17 18:00:00+02:00,PT1M,1,500,no1_se3,True
2025-11-08 14:44:23+00:00,,a2jcIFQwg4UvJiQ3KqGZZQ,2,Planned maintenance,SE_3,NO_1,MAW,A03,2025-09-08 08:00:00+02:00,2025-09-18 13:35:00+02:00,PT1M,1,1945,no1_se3,True
2025-11-08 14:45:19+00:00,,0Lr68Z7Ba6t4JsSfewNM6Q,1,Planned maintenance,SE_4,SE_3,MAW,A03,2025-10-02 06:00:00+02:00,2025-10-03 17:00:00+02:00,PT1M,1,4100,se3_se4,True
2025-11-08 14:52:01+00:00,,yg1YRUC55TpHlfIGHqO8lQ,2,Planned maintenance,SE_3,SE_2,MAW,A03,2025-09-18 06:00:00+02:00,2025-09-19 16:21:00+02:00,PT1M,1,6400,se2_se3,True
2025-11-08 15:18:55+00:00,,JMZ3JesqgRoYoiHZ4MJ_JQ,7,Planned maintenance,SE_3,NO_1,MAW,A03,2025-03-04 10:00:00+01:00,2025-09-26 00:00:00+02:00,PT1M,1,1845,no1_se3,True
2025-11-08 15:20:48+00:00,,p6et-LqzGp8FBw01WvP6Rw,4,Unplanned outage,SE_3,SE_4,MAW,A03,2025-09-21 13:19:00+02:00,2025-09-24 15:10:00+02:00,PT1M,1,2400,se4_se3,True
2025-11-08 15:20:48+00:00,,J5VNQlODLb-d1wt8kEzxIw,4,Unplanned outage,SE_4,SE_3,MAW,A03,2025-09-21 13:19:00+02:00,2025-09-24 15:10:00+02:00,PT1M,1,5800,se3_se4,True
2025-11-08 15:26:47+00:00,,tV2iQzl1mkDxd0-4h9bdVg,2,Planned maintenance,NO_1,SE_3,MAW,A03,2025-11-12 09:00:00+01:00,2025-11-12 16:00:00+01:00,PT1M,1,1895,se3_no1,True
2025-11-08 15:27:01+00:00,,OwiMiwdF-x2wi8ybm8cNXg,2,Planned maintenance,SE_3,SE_2,MAW,A03,2025-10-20 06:00:00+02:00,2025-10-29 17:00:00+01:00,PT1M,1,6900,se2_se3,True
2025-11-08 15:30:29+00:00,,zalS6ZJUmsiMN9aYZIo7UQ,9,Planned maintenance,NO_1,SE_3,MAW,A03,2025-08-25 08:00:00+02:00,2025-10-02 15:00:00+02:00,PT1M,1,1395,se3_no1,True
2025-11-08 15:30:29+00:00,,KAjTXdnyduYK5iVNpwCFYQ,9,Planned maintenance,NO_1,SE_3,MAW,A03,2025-08-25 08:00:00+02:00,2025-10-02 15:00:00+02:00,PT1M,1,1395,se3_no1,True
2025-11-08 15:30:30+00:00,,ilAFAILmjueMKycQRZD_Xg,9,Planned maintenance,NO_1,SE_3,MAW,A03,2025-08-25 08:00:00+02:00,2025-10-02 15:00:00+02:00,PT1M,1,1395,se3_no1,True
2025-11-08 15:32:09+00:00,,eshOqQpKjQ89DjW140teeA,1,Planned maintenance,NO_1,SE_3,MAW,A03,2025-11-11 09:00:00+01:00,2025-11-11 16:00:00+01:00,PT1M,1,1895,se3_no1,True
2025-11-08 15:33:50+00:00,,abowJ9fvWES-KT6fGvBmSA,5,Planned maintenance,SE_3,SE_2,MAW,A03,2025-09-11 06:00:00+02:00,2025-09-26 15:38:00+02:00,PT1M,1,6000,se2_se3,True
2025-11-08 15:48:04+00:00,Cancelled,mA4Pw5Ra4Zc4KO0cxGWDaA,2,Planned maintenance,NO_1,SE_3,MAW,A03,2025-09-30 08:00:00+02:00,2025-10-03 21:00:00+02:00,PT1M,1,1895,se3_no1,False
2025-11-08 15:48:37+00:00,,SnWdKKBLLKLtTwirr936Cg,7,Planned maintenance,SE_3,SE_2,MAW,A03,2025-10-25 06:00:00+02:00,2025-11-25 18:00:00+01:00,PT1M,1,6200,se2_se3,True
2025-11-08 15:48:37+00:00,,9STsmnMFrYumXVCoYUknTA,2,Planned maintenance,FI,SE_3,MAW,A03,2025-10-25 06:00:00+02:00,2025-11-25 18:00:00+01:00,PT1M,1,1100,se3_fi,True
2025-11-08 16:16:07+00:00,,8MewrYxqw0p5PXrzCmatvw,2,Unplanned outage,NO_1,SE_3,MAW,A03,2025-10-04 06:24:00+02:00,2025-10-04 10:10:00+02:00,PT1M,1,1395,se3_no1,True
2025-11-08 16:23:27+00:00,,Z7wAKBQLfXACbFkqaDi3CQ,6,Planned maintenance,FI,SE_3,MAW,A03,2025-09-17 06:00:00+02:00,2025-10-05 16:20:00+02:00,PT1M,1,800,se3_fi,True
2025-11-08 16:34:28+00:00,,_lXGYhhi0SWLo4vlksoSlg,2,Planned maintenance,SE_3,FI,MAW,A03,2025-09-15 07:00:00+03:00,2025-10-11 18:00:00+03:00,PT1M,1,100,fi_se3,True
2025-11-08 16:34:28+00:00,,EZ1d1DF9k3H2r0WjHIw_Jg,2,Planned maintenance,SE_4,SE_3,MAW,A03,2025-09-15 06:00:00+02:00,2025-10-11 17:00:00+02:00,PT1M,1,4100,se3_se4,True
2025-11-08 16:34:28+00:00,,-O_wHhfP70Z4Lam1NlZFaw,2,Planned maintenance,SE_3,SE_2,MAW,A03,2025-09-15 06:00:00+02:00,2025-10-11 17:00:00+02:00,PT1M,1,5600,se2_se3,True
2025-11-08 16:39:43+00:00,,-wwnJfbz3A689Z3WeN1xyg,1,Planned maintenance,NO_1,SE_3,MAW,A03,2025-12-10 08:00:00+01:00,2025-12-10 16:00:00+01:00,PT1M,1,1895,se3_no1,True
2025-11-08 16:40:14+00:00,Cancelled,xjqkMTTGsGnaF1PIbABR1g,3,Planned maintenance,SE_3,FI,MAW,A03,2025-10-13 07:00:00+03:00,2025-10-30 18:00:00+02:00,PT1M,1,1100,fi_se3,False
2025-11-08 16:42:02+00:00,,5Tl7ZDuUaLsTyq4_45ZWHg,6,Planned maintenance,SE_3,FI,MAW,A03,2025-09-27 06:59:00+03:00,2025-10-03 21:59:00+03:00,PT1M,28800,0,fi_se3,True
2025-11-08 16:42:02+00:00,,5Tl7ZDuUaLsTyq4_45ZWHg,6,Planned maintenance,SE_3,FI,MAW,A03,2025-09-07 07:00:00+03:00,2025-09-27 06:59:00+03:00,PT1M,1,800,fi_se3,True
2025-11-08 16:42:02+00:00,,5Tl7ZDuUaLsTyq4_45ZWHg,6,Planned maintenance,SE_3,FI,MAW,A03,2025-10-03 21:59:00+03:00,2025-10-12 16:00:00+03:00,PT1M,38340,800,fi_se3,True
2025-11-08 16:42:02+00:00,,OF9hp9HUntVeKY-HAib3QQ,6,Planned maintenance,SE_3,SE_2,MAW,A03,2025-09-07 06:00:00+02:00,2025-10-12 15:00:00+02:00,PT1M,1,5700,se2_se3,True
2025-11-08 16:43:01+00:00,,KdXcPu-B22S0aFbAwg8uAg,5,Unplanned outage,SE_3,DK_1,MAW,A03,2025-07-24 08:51:00+02:00,2025-07-25 08:39:00+02:00,PT1M,1,345,dk1_se3,True
2025-11-08 16:43:01+00:00,,OtC-Hn3USh-QUz7XwK4-1g,8,Unplanned outage,SE_3,DK_1,MAW,A03,2025-07-24 08:51:00+02:00,2025-10-14 06:59:00+02:00,PT1M,1,345,dk1_se3,True
2025-11-08 16:43:01+00:00,Cancelled,_x8k65UkHOFp226pUJPH4A,2,Planned maintenance,SE_3,FI,MAW,A03,2025-10-23 07:00:00+03:00,2025-10-23 18:00:00+03:00,PT1M,1,300,fi_se3,False
2025-11-08 16:43:01+00:00,,KdXcPu-B22S0aFbAwg8uAg,5,Unplanned outage,SE_3,DK_1,MAW,A03,2025-07-25 14:29:00+02:00,2025-10-14 06:59:00+02:00,PT1M,1779,345,dk1_se3,True
2025-11-08 16:43:01+00:00,,37m50WxguB5_rpu6kbI3AA,8,Unplanned outage,DK_1,SE_3,MAW,A03,2025-10-14 06:59:00+02:00,2025-10-15 20:00:00+02:00,PT1M,117969,0,se3_dk1,True
2025-11-08 16:43:01+00:00,,OtC-Hn3USh-QUz7XwK4-1g,8,Unplanned outage,SE_3,DK_1,MAW,A03,2025-10-14 06:59:00+02:00,2025-10-15 20:00:00+02:00,PT1M,117969,0,dk1_se3,True
2025-11-08 16:43:01+00:00,,KdXcPu-B22S0aFbAwg8uAg,5,Unplanned outage,SE_3,DK_1,MAW,A03,2025-07-25 08:39:00+02:00,2025-07-25 14:29:00+02:00,PT1M,1429,0,dk1_se3,True
2025-11-08 16:43:01+00:00,,L3doWdFutUUqeAPdCcqQxg,5,Unplanned outage,DK_1,SE_3,MAW,A03,2025-07-24 08:51:00+02:00,2025-07-25 08:39:00+02:00,PT1M,1,345,se3_dk1,True
2025-11-08 16:43:01+00:00,,37m50WxguB5_rpu6kbI3AA,8,Unplanned outage,DK_1,SE_3,MAW,A03,2025-07-24 08:51:00+02:00,2025-10-14 06:59:00+02:00,PT1M,1,345,se3_dk1,True
2025-11-08 16:43:01+00:00,,L3doWdFutUUqeAPdCcqQxg,5,Unplanned outage,DK_1,SE_3,MAW,A03,2025-10-14 06:59:00+02:00,2025-10-15 20:00:00+02:00,PT1M,117969,0,se3_dk1,True
2025-11-08 16:43:01+00:00,Cancelled,gg4krq_rOSneIoQnvPcaCg,2,Planned maintenance,SE_3,SE_2,MAW,A03,2025-10-23 06:00:00+02:00,2025-10-23 17:00:00+02:00,PT1M,1,6000,se2_se3,False
2025-11-08 16:43:01+00:00,,L3doWdFutUUqeAPdCcqQxg,5,Unplanned outage,DK_1,SE_3,MAW,A03,2025-07-25 14:29:00+02:00,2025-10-14 06:59:00+02:00,PT1M,1779,345,se3_dk1,True
2025-11-08 16:43:01+00:00,,L3doWdFutUUqeAPdCcqQxg,5,Unplanned outage,DK_1,SE_3,MAW,A03,2025-07-25 08:39:00+02:00,2025-07-25 14:29:00+02:00,PT1M,1429,0,se3_dk1,True
2025-11-08 16:43:01+00:00,,KdXcPu-B22S0aFbAwg8uAg,5,Unplanned outage,SE_3,DK_1,MAW,A03,2025-10-14 06:59:00+02:00,2025-10-15 20:00:00+02:00,PT1M,117969,0,dk1_se3,True
2025-11-08 16:43:01+00:00,Cancelled,NLdkYoTENqJPtJpdQqtgDQ,2,Planned maintenance,SE_4,SE_3,MAW,A03,2025-10-23 06:00:00+02:00,2025-10-23 17:00:00+02:00,PT1M,1,3700,se3_se4,False
2025-11-08 16:45:13+00:00,Cancelled,TzpvE85SOxtTAsXP0oj2pw,3,Planned maintenance,SE_3,FI,MAW,A03,2025-10-13 08:00:00+03:00,2025-10-19 18:00:00+03:00,PT1M,1,0,fi_se3,False
2025-11-08 16:45:14+00:00,Cancelled,3oxhHmMzg7IPaqVsCLmQEg,3,Planned maintenance,SE_3,SE_2,MAW,A03,2025-10-13 07:00:00+02:00,2025-10-19 17:00:00+02:00,PT1M,1,5200,se2_se3,False
2025-11-08 16:45:14+00:00,Cancelled,MkqEM_kseWDV4vWYidKFXg,3,Planned maintenance,SE_4,SE_3,MAW,A03,2025-10-13 07:00:00+02:00,2025-10-19 17:00:00+02:00,PT1M,1,3300,se3_se4,False
2025-11-08 16:46:29+00:00,,Rih0bOB3LBXweuLhkZNKQQ,2,Planned maintenance,NO_1,SE_3,MAW,A03,2025-10-14 08:00:00+02:00,2025-10-14 14:00:00+02:00,PT1M,1,645,se3_no1,True
2025-11-08 16:46:29+00:00,,MaC4DHeUQSwWJe_obZ-v8g,2,Planned maintenance,SE_3,NO_1,MAW,A03,2025-10-14 08:00:00+02:00,2025-10-14 14:00:00+02:00,PT1M,1,695,no1_se3,True
2025-11-08 16:48:26+00:00,,86cZ2HY1rAgqn1-KPA8bTw,4,Planned maintenance,SE_4,SE_3,MAW,A03,2025-10-13 06:00:00+02:00,2025-10-16 12:00:00+02:00,PT1M,1,3500,se3_se4,True
2025-11-08 16:53:59+00:00,,jvOFbVmfZFx8yu0IMZ8l-w,1,Planned maintenance,FI,SE_3,MAW,A03,2026-03-21 21:00:00+01:00,2026-03-22 06:00:00+01:00,PT1M,1,400,se3_fi,True
2025-11-08 16:53:59+00:00,,_GbRHpaYDpRD2mJnR5JtZQ,1,Planned maintenance,SE_3,FI,MAW,A03,2026-03-21 22:00:00+02:00,2026-03-22 07:00:00+02:00,PT1M,1,400,fi_se3,True
2025-11-08 16:54:00+00:00,,PWoRZXdhBF5YMZRka-btew,4,Planned maintenance,SE_3,SE_2,MAW,A03,2026-03-21 21:00:00+01:00,2026-03-22 06:00:00+01:00,PT1M,1,5200,se2_se3,True
2025-11-08 16:54:12+00:00,,N4LRaDUWkinkpAcMKYs50A,1,Planned maintenance,SE_3,SE_2,MAW,A03,2025-12-08 06:00:00+01:00,2025-12-11 17:00:00+01:00,PT1M,1,5100,se2_se3,True
2025-11-08 16:54:12+00:00,,LTp1iFG4yOykDgNb7-PDWw,1,Planned maintenance,NO_1,SE_3,MAW,A03,2025-12-08 06:00:00+01:00,2025-12-11 17:00:00+01:00,PT1M,1,450,se3_no1,True
2025-11-08 16:54:12+00:00,,xXTJ4LcZdSLRzpui1jDrvQ,1,Planned maintenance,SE_4,SE_3,MAW,A03,2025-12-08 06:00:00+01:00,2025-12-11 17:00:00+01:00,PT1M,1,3600,se3_se4,True
2025-11-08 16:54:12+00:00,,x3POzPVf7_v2FYmNgeDgTQ,1,Planned maintenance,DK_1,SE_3,MAW,A03,2025-12-08 06:00:00+01:00,2025-12-11 17:00:00+01:00,PT1M,1,300,se3_dk1,True
2025-11-08 16:54:12+00:00,,0XZG_vnmhci6pr1Xmhttyg,1,Planned maintenance,SE_3,FI,MAW,A03,2025-12-08 07:00:00+02:00,2025-12-11 18:00:00+02:00,PT1M,1,600,fi_se3,True
2025-11-08 16:55:07+00:00,,AdonVL7trxeuAAaUM9v-tQ,1,Planned maintenance,NO_1,SE_3,MAW,A03,2026-08-18 08:00:00+02:00,2026-09-01 17:00:00+02:00,PT1M,1,1395,se3_no1,True
2025-11-08 16:55:07+00:00,,E1sw0ww6AbUzqEvbZotAAg,1,Planned maintenance,NO_1,SE_3,MAW,A03,2026-08-18 08:00:00+02:00,2026-09-01 17:00:00+02:00,PT1M,1,1395,se3_no1,True
2025-11-08 16:55:45+00:00,,kJbY_rW-GjgRmnxrzvkMeQ,9,Planned maintenance,SE_3,SE_2,MAW,A03,2025-10-11 16:59:00+02:00,2025-10-23 20:00:00+02:00,PT1M,15060,6000,se2_se3,True
2025-11-08 16:55:45+00:00,,kJbY_rW-GjgRmnxrzvkMeQ,9,Planned maintenance,SE_3,SE_2,MAW,A03,2025-10-10 14:59:00+02:00,2025-10-11 16:59:00+02:00,PT1M,13500,5400,se2_se3,True
2025-11-08 16:55:45+00:00,,kJbY_rW-GjgRmnxrzvkMeQ,9,Planned maintenance,SE_3,SE_2,MAW,A03,2025-10-01 06:00:00+02:00,2025-10-10 14:59:00+02:00,PT1M,1,5000,se2_se3,True
2025-11-08 16:55:45+00:00,,IZ-qA4nYocK9N8x-9BYL3A,2,Planned maintenance,FI,SE_3,MAW,A03,2025-10-11 17:00:00+02:00,2025-10-23 20:00:00+02:00,PT1M,1,1000,se3_fi,True
2025-11-08 16:55:45+00:00,,T96CW4JuSgfghNoGSL_TLA,8,Planned maintenance,SE_3,FI,MAW,A03,2025-10-11 17:59:00+03:00,2025-10-23 21:00:00+03:00,PT1M,15060,400,fi_se3,True
2025-11-08 16:55:45+00:00,,T96CW4JuSgfghNoGSL_TLA,8,Planned maintenance,SE_3,FI,MAW,A03,2025-10-01 07:00:00+03:00,2025-10-11 17:59:00+03:00,PT1M,1,100,fi_se3,True
2025-11-08 16:58:08+00:00,,KSpA_Ve_-I1vWQCl4I7hPg,1,Planned maintenance,SE_3,SE_2,MAW,A03,2025-11-17 06:00:00+01:00,2025-11-21 17:00:00+01:00,PT1M,1,6600,se2_se3,True
2025-11-08 16:58:08+00:00,,0UmMbUJ1W46YkhetUOWK3g,1,Planned maintenance,SE_4,SE_3,MAW,A03,2025-11-17 06:00:00+01:00,2025-11-21 17:00:00+01:00,PT1M,1,4500,se3_se4,True
2025-11-08 16:58:08+00:00,,HlrlwfYfX0I4AONsl6F14A,1,Planned maintenance,SE_3,FI,MAW,A03,2025-11-17 07:00:00+02:00,2025-11-21 18:00:00+02:00,PT1M,1,300,fi_se3,True
2025-11-08 16:59:53+00:00,,va1Bg3IuvN636kc5LJOxmg,1,Planned maintenance,SE_3,NO_1,MAW,A03,2026-04-14 07:00:00+02:00,2026-04-24 16:00:00+02:00,PT1M,1,1845,no1_se3,True
2025-11-08 16:59:56+00:00,,GHbSscwZfqy_c8bfASsO_A,1,Planned maintenance,SE_3,NO_1,MAW,A03,2026-05-05 07:00:00+02:00,2026-05-15 16:00:00+02:00,PT1M,1,1845,no1_se3,True
2025-11-08 17:01:36+00:00,,0e35tOzPDPaP_Pothn1YFg,1,Planned maintenance,SE_3,NO_1,MAW,A03,2026-06-11 07:00:00+02:00,2026-06-12 16:00:00+02:00,PT1M,1,795,no1_se3,True
2025-11-08 17:01:36+00:00,,C-UjWAGZ-UF6Wn9UAurxgw,1,Planned maintenance,NO_1,SE_3,MAW,A03,2026-06-11 07:00:00+02:00,2026-06-12 16:00:00+02:00,PT1M,1,645,se3_no1,True
2025-11-08 17:01:39+00:00,,1gN4UAMYnkA50Kxb6BiU7g,3,Planned maintenance,SE_3,SE_2,MAW,A03,2025-08-25 06:00:00+02:00,2025-10-31 10:45:00+01:00,PT1M,1,5700,se2_se3,True
2025-11-08 17:01:39+00:00,,X8vLaalGS1zsQTxlRcd2Xw,3,Planned maintenance,DK_1,SE_3,MAW,A03,2025-08-25 06:00:00+02:00,2025-10-31 10:45:00+01:00,PT1M,1,100,se3_dk1,True
2025-11-08 17:01:39+00:00,,nqOCmnRWGKOOf8mESsxPxg,3,Planned maintenance,SE_3,NO_1,MAW,A03,2025-08-25 06:00:00+02:00,2025-10-31 10:45:00+01:00,PT1M,1,100,no1_se3,True
2025-11-08 17:01:40+00:00,,wdy_HCfZvFtQSWlNEXIrRw,3,Planned maintenance,SE_4,SE_3,MAW,A03,2025-08-25 06:00:00+02:00,2025-10-31 10:45:00+01:00,PT1M,1,3500,se3_se4,True
2025-11-08 17:02:52+00:00,,bKlFEonRYgZRtb-XWcCVBw,4,Planned maintenance,SE_3,FI,MAW,A03,2025-09-18 07:00:00+03:00,2025-11-02 09:16:00+02:00,PT1M,1,400,fi_se3,True
2025-11-08 17:02:52+00:00,,GAJ7eQGFvLH7H7Ycoa7fLg,4,Planned maintenance,SE_3,SE_2,MAW,A03,2025-09-18 06:00:00+02:00,2025-11-02 08:16:00+01:00,PT1M,1,6700,se2_se3,True
2025-11-08 17:02:52+00:00,,X0hFz0_OcjJJndbTtuNn2Q,4,Planned maintenance,SE_4,SE_3,MAW,A03,2025-09-18 06:00:00+02:00,2025-11-02 08:16:00+01:00,PT1M,1,4600,se3_se4,True
2025-11-08 17:03:26+00:00,,3pax-_aGwiPixU5bvADbVw,1,Planned maintenance,NO_1,SE_3,MAW,A03,2026-09-07 07:00:00+02:00,2026-09-18 16:00:00+02:00,PT1M,1,1195,se3_no1,True
2025-11-08 17:03:26+00:00,,eTKRI8GiRrNUNshf9xYYMg,1,Planned maintenance,NO_1,SE_3,MAW,A03,2026-09-07 07:00:00+02:00,2026-09-18 16:00:00+02:00,PT1M,1,1195,se3_no1,True
2025-11-08 17:03:26+00:00,,XWJsauAAYWv4smzf3mT2aA,1,Planned maintenance,SE_3,NO_1,MAW,A03,2026-09-07 07:00:00+02:00,2026-09-18 16:00:00+02:00,PT1M,1,895,no1_se3,True
2025-11-08 17:03:26+00:00,,bDMKensVA-iGPKdeGkAHZQ,1,Planned maintenance,SE_3,NO_1,MAW,A03,2026-09-07 07:00:00+02:00,2026-09-18 16:00:00+02:00,PT1M,1,895,no1_se3,True
2025-11-08 17:03:34+00:00,,XOj7aiAHD2ZfBhc4i9bNYw,5,Planned maintenance,SE_4,SE_3,MAW,A03,2025-08-11 06:00:00+02:00,2025-11-03 10:10:00+01:00,PT1M,1,5500,se3_se4,True
2025-11-08 17:03:34+00:00,,bAn9D5V9UbYGGZbzXdEWAw,5,Planned maintenance,SE_3,DK_1,MAW,A03,2025-08-11 06:00:00+02:00,2025-11-03 10:10:00+01:00,PT1M,1,400,dk1_se3,True
2025-11-08 17:03:34+00:00,,P3VAc26Gvy0UVkg7gGNfAA,3,Planned maintenance,SE_3,NO_1,MAW,A03,2025-08-11 06:00:00+02:00,2025-11-03 10:10:00+01:00,PT1M,1,800,no1_se3,True
2025-11-08 17:03:39+00:00,,Z3kb9tP5pbsAcBQurxLt_g,1,Planned maintenance,NO_1,SE_3,MAW,A03,2026-05-12 09:00:00+02:00,2026-05-13 16:00:00+02:00,PT1M,1,1895,se3_no1,True
2025-11-08 17:03:40+00:00,,-HjOBNEgC_7lVuC9l_fpqw,1,Planned maintenance,NO_1,SE_3,MAW,A03,2026-03-23 09:00:00+01:00,2026-03-27 16:00:00+01:00,PT1M,1,1895,se3_no1,True
2025-11-08 17:04:38+00:00,,GED9cSnHqaTL_Aru0khMCg,3,Planned maintenance,SE_3,SE_2,MAW,A03,2025-11-02 06:00:00+01:00,2025-11-04 16:26:00+01:00,PT1M,1,6000,se2_se3,True
2025-11-08 17:04:39+00:00,,ghxFyXMQ2fJbCfbSFRZyoQ,2,Planned maintenance,SE_3,NO_1,MAW,A03,2025-11-04 08:00:00+01:00,2025-11-04 17:25:00+01:00,PT1M,1,1645,no1_se3,True
2025-11-14 13:50:15+00:00,Cancelled,0Wiw5U3hLdB54-SqNf5doA,2,Planned maintenance,DK_1,SE_3,MAW,A03,2025-11-11 07:00:00+01:00,2025-11-11 15:59:00+01:00,PT1M,1,220,se3_dk1,False
2025-11-14 13:50:15+00:00,Cancelled,0Wiw5U3hLdB54-SqNf5doA,2,Planned maintenance,DK_1,SE_3,MAW,A03,2025-11-11 15:59:00+01:00,2025-11-12 06:59:00+01:00,PT1M,540,715,se3_dk1,False
2025-11-14 13:50:15+00:00,Cancelled,81PdXVf-wF94QgOkpibE9Q,2,Planned maintenance,SE_3,DK_1,MAW,A03,2025-11-11 15:59:00+01:00,2025-11-12 06:59:00+01:00,PT1M,540,715,dk1_se3,False
2025-11-14 13:50:15+00:00,Cancelled,81PdXVf-wF94QgOkpibE9Q,2,Planned maintenance,SE_3,DK_1,MAW,A03,2025-11-11 07:00:00+01:00,2025-11-11 15:59:00+01:00,PT1M,1,265,dk1_se3,False
2025-11-14 13:50:15+00:00,Cancelled,81PdXVf-wF94QgOkpibE9Q,2,Planned maintenance,SE_3,DK_1,MAW,A03,2025-11-12 06:59:00+01:00,2025-11-12 16:00:00+01:00,PT1M,1440,265,dk1_se3,False
2025-11-14 13:50:15+00:00,Cancelled,0Wiw5U3hLdB54-SqNf5doA,2,Planned maintenance,DK_1,SE_3,MAW,A03,2025-11-12 06:59:00+01:00,2025-11-12 16:00:00+01:00,PT1M,1440,220,se3_dk1,False
2025-11-14 13:50:19+00:00,,-uYx48uVlDM95LOtlyGkiA,2,Planned maintenance,SE_3,FI,MAW,A03,2025-11-05 08:00:00+02:00,2025-11-05 13:00:00+02:00,PT1M,1,800,fi_se3,True
2025-11-14 13:51:02+00:00,,uML-q8a5PRthW0oR71HKig,2,Planned maintenance,NO_1,SE_3,MAW,A03,2026-04-08 08:00:00+02:00,2026-04-12 17:00:00+02:00,PT1M,1,1395,se3_no1,True
2025-11-14 13:51:50+00:00,,oqDYICYYdmlHWG_M22Zryg,4,Planned maintenance,SE_3,DK_1,MAW,A03,2025-12-09 08:00:00+01:00,2025-12-09 17:00:00+01:00,PT1M,1,500,dk1_se3,True
2025-11-14 13:54:12+00:00,,qMbNIq-DiQXNcclM4oResQ,3,Planned maintenance,NO_1,SE_3,MAW,A03,2025-11-17 08:00:00+01:00,2025-11-21 15:00:00+01:00,PT1M,1,1895,se3_no1,True
2025-11-14 13:54:33+00:00,,Qi1nNu1483RDLenOTZTSpQ,1,Planned maintenance,SE_4,SE_3,MAW,A03,2025-12-05 07:00:00+01:00,2025-12-06 07:59:00+01:00,PT1M,1,5800,se3_se4,True
2025-11-14 13:54:33+00:00,,Qi1nNu1483RDLenOTZTSpQ,1,Planned maintenance,SE_4,SE_3,MAW,A03,2025-12-06 07:59:00+01:00,2025-12-07 17:00:00+01:00,PT1M,1500,5400,se3_se4,True
2025-11-14 13:54:34+00:00,,TT3xVX6c7wTcs2Ok-eCurw,1,Planned maintenance,SE_3,SE_4,MAW,A03,2025-12-05 07:00:00+01:00,2025-12-06 07:59:00+01:00,PT1M,1,2400,se4_se3,True
2025-11-14 13:54:34+00:00,,TT3xVX6c7wTcs2Ok-eCurw,1,Planned maintenance,SE_3,SE_4,MAW,A03,2025-12-06 07:59:00+01:00,2025-12-07 17:00:00+01:00,PT1M,1500,2000,se4_se3,True
2025-11-14 13:55:03+00:00,,My5XcknG3W82DwD8lKpojg,1,Planned maintenance,SE_3,FI,MAW,A03,2025-11-24 09:00:00+02:00,2025-11-28 17:00:00+02:00,PT1M,1,300,fi_se3,True
2025-11-14 13:55:03+00:00,,HDmv-UCzmKLvnCjxePebrA,1,Planned maintenance,SE_4,SE_3,MAW,A03,2025-11-24 08:00:00+01:00,2025-11-28 16:00:00+01:00,PT1M,1,4500,se3_se4,True
2025-11-14 13:55:03+00:00,,_SN3hDWFRhhM_KBflMejFQ,1,Planned maintenance,SE_3,SE_2,MAW,A03,2025-11-24 08:00:00+01:00,2025-11-28 16:00:00+01:00,PT1M,1,6600,se2_se3,True
2025-11-14 13:55:23+00:00,,b6E9PjrFvjWsZWZdItto1w,3,Planned maintenance,SE_4,SE_3,MAW,A03,2025-11-23 08:00:00+01:00,2025-11-26 17:00:00+01:00,PT1M,1,5700,se3_se4,True
2025-11-14 13:55:23+00:00,,A8mnKBld6Xo_y4YhKv9hjA,2,Planned maintenance,SE_4,SE_3,MAW,A03,2026-08-03 06:00:00+02:00,2026-11-08 17:00:00+01:00,PT1M,1,4200,se3_se4,True
2025-11-14 13:55:23+00:00,,MtTNPgVy-KCMK_V-_kYM-w,2,Planned maintenance,DK_1,SE_3,MAW,A03,2026-08-03 06:00:00+02:00,2026-11-08 17:00:00+01:00,PT1M,1,200,se3_dk1,True
2025-11-14 13:55:23+00:00,,dCZsq9rGumYQR-Ck7DxIDg,2,Planned maintenance,SE_3,NO_1,MAW,A03,2026-08-03 06:00:00+02:00,2026-11-08 17:00:00+01:00,PT1M,1,450,no1_se3,True
2025-11-14 13:55:23+00:00,,wE2OxbwxBsUVA-dZYGwDSg,2,Planned maintenance,SE_3,SE_2,MAW,A03,2026-08-03 06:00:00+02:00,2026-11-08 17:00:00+01:00,PT1M,1,6000,se2_se3,True
2025-11-14 13:56:00+00:00,,XYm00oNC3s1fEaYHGZspcw,2,Planned maintenance,SE_3,NO_1,MAW,A03,2026-08-03 08:00:00+02:00,2026-09-04 16:00:00+02:00,PT1M,1,501,no1_se3,True
2025-11-14 13:56:44+00:00,,3D0fgl1TR52ftyTSI3jZDA,5,Planned maintenance,SE_3,SE_2,MAW,A03,2025-11-11 06:00:00+01:00,2025-11-13 09:15:00+01:00,PT1M,1,6300,se2_se3,True
2025-11-14 13:56:57+00:00,,IBmIK40OfPlty9ea7BIZvQ,1,Planned maintenance,SE_3,NO_1,MAW,A03,2025-05-18 09:00:00+02:00,2025-05-29 16:00:00+02:00,PT1M,1,1945,no1_se3,True
2025-11-14 13:56:57+00:00,,B6ldbQfyhO8BTU75ez1DUQ,1,Planned maintenance,NO_1,SE_3,MAW,A03,2025-05-18 09:00:00+02:00,2025-05-29 16:00:00+02:00,PT1M,1,1895,se3_no1,True
2025-11-14 13:56:59+00:00,,aA2TF7NpI1S_tERzVsebgQ,7,Planned maintenance,NO_1,SE_3,MAW,A03,2025-08-11 08:00:00+02:00,2025-08-20 16:00:00+02:00,PT1M,1,1895,se3_no1,True
2025-11-14 13:56:59+00:00,,XOS0p0U6U43JDP2HLEECWw,2,Planned maintenance,NO_1,SE_3,MAW,A03,2026-05-04 09:00:00+02:00,2026-05-08 16:00:00+02:00,PT1M,1,1895,se3_no1,True
2025-11-14 13:56:59+00:00,,VQBJ6H-5ba42FAo1cnGS3A,1,Planned maintenance,NO_1,SE_3,MAW,A03,2026-05-18 09:00:00+02:00,2026-05-29 16:00:00+02:00,PT1M,1,1895,se3_no1,True
2025-11-14 13:56:59+00:00,,yQus436uq4Jl9p_TILsffg,2,Planned maintenance,SE_3,NO_1,MAW,A03,2026-05-04 09:00:00+02:00,2026-05-08 16:00:00+02:00,PT1M,1,1945,no1_se3,True
2025-11-14 13:56:59+00:00,,1OO4PsmeiVMMs0vegFrWBA,7,Planned maintenance,SE_3,NO_1,MAW,A03,2025-08-11 08:00:00+02:00,2025-08-20 16:00:00+02:00,PT1M,1,1945,no1_se3,True
2025-11-14 13:56:59+00:00,,hS2qFM92fQ9fmlzDMFSMpw,1,Planned maintenance,SE_3,NO_1,MAW,A03,2026-05-18 09:00:00+02:00,2026-05-29 16:00:00+02:00,PT1M,1,1945,no1_se3,True
2025-11-14 13:57:16+00:00,,ucDwlmOlmmdCfxbt74pKhQ,1,Planned maintenance,NO_1,SE_3,MAW,A03,2026-04-13 08:00:00+02:00,2026-04-29 16:00:00+02:00,PT1M,1,1895,se3_no1,True
2025-11-20 14:12:28+00:00,,_4dMbHNfYPT2TjFSKayLIw,2,Planned maintenance,SE_3,NO_1,MAW,A03,2025-11-13 07:30:00+01:00,2025-11-14 12:13:00+01:00,PT1M,1,1945,no1_se3,True
2025-11-20 14:12:28+00:00,,DdPanSiUNsfjaRhjRFdzWw,2,Planned maintenance,NO_1,SE_3,MAW,A03,2025-11-13 07:30:00+01:00,2025-11-14 12:13:00+01:00,PT1M,1,1895,se3_no1,True
2025-11-20 14:12:40+00:00,,kesq3K19frsG3pwU2idB0g,3,Planned maintenance,SE_4,SE_3,MAW,A03,2025-11-16 20:00:00+01:00,2025-11-25 20:00:00+01:00,PT1M,1,5400,se3_se4,True
2025-11-20 14:12:40+00:00,,jyRCxUf_V7i7DVFQrtyXQQ,3,Planned maintenance,SE_3,SE_4,MAW,A03,2025-11-16 20:00:00+01:00,2025-11-25 20:00:00+01:00,PT1M,1,2400,se4_se3,True
2025-11-20 14:12:41+00:00,,Gr6rHVXmSKhCJYcT94HJvg,2,Planned maintenance,SE_4,SE_3,MAW,A03,2025-11-15 23:59:00+01:00,2025-11-16 20:00:00+01:00,PT1M,11160,5400,se3_se4,True
2025-11-20 14:12:41+00:00,,ET_5x00XVbI9bXkfyPUplw,2,Planned maintenance,SE_3,SE_4,MAW,A03,2025-11-08 06:00:00+01:00,2025-11-16 20:00:00+01:00,PT1M,1,2400,se4_se3,True
2025-11-20 14:12:41+00:00,,Gr6rHVXmSKhCJYcT94HJvg,2,Planned maintenance,SE_4,SE_3,MAW,A03,2025-11-08 06:00:00+01:00,2025-11-15 23:59:00+01:00,PT1M,1,5800,se3_se4,True
2025-11-20 14:15:17+00:00,,eBNkwa74dBhi337Sw7b7zg,1,Planned maintenance,FI,SE_3,MAW,A03,2026-03-17 06:00:00+01:00,2026-03-19 17:00:00+01:00,PT1M,1,1100,se3_fi,True
2025-11-20 14:15:17+00:00,,QyBZjagWyyQTshRFEUkPeA,1,Planned maintenance,DK_1,SE_3,MAW,A03,2026-03-17 06:00:00+01:00,2026-03-19 17:00:00+01:00,PT1M,1,300,se3_dk1,True
2025-11-20 14:15:17+00:00,,swKPijk2EX1ZRaJ2zJ-_ew,1,Planned maintenance,SE_3,NO_1,MAW,A03,2026-03-17 06:00:00+01:00,2026-03-19 17:00:00+01:00,PT1M,1,550,no1_se3,True
2025-11-20 14:15:18+00:00,,zItkO76Bhs8TpEy110WuOg,1,Planned maintenance,NO_1,SE_3,MAW,A03,2026-03-17 06:00:00+01:00,2026-03-19 17:00:00+01:00,PT1M,1,600,se3_no1,True
2025-11-20 14:15:18+00:00,,AjqWBm8lt7TBufMma8Ah8A,1,Planned maintenance,SE_3,SE_2,MAW,A03,2026-03-17 06:00:00+01:00,2026-03-19 17:00:00+01:00,PT1M,1,6500,se2_se3,True
2025-11-20 14:15:22+00:00,,8g9U865rTrtrMhhtysyfBQ,2,Planned maintenance,NO_1,SE_3,MAW,A03,2026-09-07 07:00:00+02:00,2026-09-18 16:00:00+02:00,PT1M,1,895,se3_no1,True
2025-11-20 14:15:22+00:00,,E5iLLeXTThdRH2G_KFFSvA,2,Planned maintenance,SE_3,NO_1,MAW,A03,2026-09-07 07:00:00+02:00,2026-09-18 16:00:00+02:00,PT1M,1,695,no1_se3,True
2025-11-20 14:15:58+00:00,,wVoXbp9Ha1M9dHiOvL-ACg,1,Planned maintenance,DK_1,SE_3,MAW,A03,2026-03-16 06:00:00+01:00,2026-03-22 17:00:00+01:00,PT1M,1,600,se3_dk1,True
2025-11-20 14:15:58+00:00,,lNEQxyBE5M70m-CAByPwtg,1,Planned maintenance,SE_3,SE_2,MAW,A03,2026-03-16 06:00:00+01:00,2026-03-22 17:00:00+01:00,PT1M,1,6500,se2_se3,True
2025-11-20 14:15:58+00:00,,1n4zart3FGRv6aJx-dyiww,1,Planned maintenance,SE_3,NO_1,MAW,A03,2026-03-16 06:00:00+01:00,2026-03-22 17:00:00+01:00,PT1M,1,950,no1_se3,True
2025-11-20 14:15:58+00:00,,6Hm1dym6JUqo7iF8FmFZeQ,1,Planned maintenance,SE_4,SE_3,MAW,A03,2026-03-16 06:00:00+01:00,2026-03-22 17:00:00+01:00,PT1M,1,4500,se3_se4,True
2025-11-20 14:15:59+00:00,,WwrPmYNq5cgPdQT7LWReeQ,1,Planned maintenance,SE_4,SE_3,MAW,A03,2026-03-23 06:00:00+01:00,2026-03-29 17:00:00+02:00,PT1M,1,4500,se3_se4,True
2025-11-20 14:15:59+00:00,,8kxwQkHLYBbXEph6TT-tow,1,Planned maintenance,DK_1,SE_3,MAW,A03,2026-03-23 06:00:00+01:00,2026-03-29 17:00:00+02:00,PT1M,1,600,se3_dk1,True
2025-11-20 14:15:59+00:00,,xWzbvde2aAglhUyiU-vhSQ,1,Planned maintenance,SE_3,SE_2,MAW,A03,2026-03-23 06:00:00+01:00,2026-03-29 17:00:00+02:00,PT1M,1,6500,se2_se3,True
2025-11-20 14:15:59+00:00,,lvHWX4PcXzLgj-AnpaT25Q,1,Planned maintenance,SE_3,NO_1,MAW,A03,2026-03-23 06:00:00+01:00,2026-03-29 17:00:00+02:00,PT1M,1,950,no1_se3,True
2025-11-20 14:16:02+00:00,,MZYyKOFgTylzEIO1vc0JuA,1,Planned maintenance,SE_3,FI,MAW,A03,2026-04-08 07:00:00+03:00,2026-04-09 18:00:00+03:00,PT1M,1,500,fi_se3,True
2025-11-20 14:16:02+00:00,,CIHLej8K4UEbhlDo85c6rg,1,Planned maintenance,NO_1,SE_3,MAW,A03,2026-04-08 06:00:00+02:00,2026-04-09 17:00:00+02:00,PT1M,1,600,se3_no1,True
2025-11-20 14:16:02+00:00,,U7CgBvbgSVQk8xlTR6OEXg,1,Planned maintenance,SE_4,SE_3,MAW,A03,2026-04-08 06:00:00+02:00,2026-04-09 17:00:00+02:00,PT1M,1,4500,se3_se4,True
2025-11-20 14:16:02+00:00,,81MkXl--3msvTTj5hsaxfw,1,Planned maintenance,SE_3,SE_2,MAW,A03,2026-04-08 06:00:00+02:00,2026-04-09 17:00:00+02:00,PT1M,1,6500,se2_se3,True
2025-11-20 14:16:02+00:00,,lTlHU2c2RsOhVxzJk8ikNw,1,Planned maintenance,DK_1,SE_3,MAW,A03,2026-04-08 06:00:00+02:00,2026-04-09 17:00:00+02:00,PT1M,1,400,se3_dk1,True
2025-11-20 14:16:06+00:00,,l91e84IYZWDEmIoaq5wfbQ,1,Planned maintenance,SE_4,SE_3,MAW,A03,2026-07-22 06:00:00+02:00,2026-07-31 17:00:00+02:00,PT1M,1,5500,se3_se4,True
2025-11-20 14:16:13+00:00,,u4K_3yeOShK-IcC-zGfq4Q,1,Planned maintenance,SE_3,FI,MAW,A03,2026-06-20 07:00:00+03:00,2026-06-20 18:00:00+03:00,PT1M,1,400,fi_se3,True
2025-11-20 14:16:13+00:00,,BAjZlKSovuRsyfZPvnjbDQ,1,Planned maintenance,SE_3,FI,MAW,A03,2026-05-27 13:00:00+03:00,2026-06-02 18:00:00+03:00,PT1M,1,400,fi_se3,True
2025-11-26 14:57:29+00:00,,qvNqK0Srw1oykMyvVT1E_Q,1,Planned maintenance,SE_3,FI,MAW,A03,2026-08-10 07:00:00+03:00,2026-08-23 22:00:00+03:00,PT1M,1,800,fi_se3,True
2025-11-26 14:57:29+00:00,,JvnRRCNZL8u2AVZRihdZ_g,1,Planned maintenance,FI,SE_3,MAW,A03,2026-08-10 06:00:00+02:00,2026-08-23 21:00:00+02:00,PT1M,1,800,se3_fi,True
2025-12-30 09:03:22+00:00,,gB8neu4riW2DRZZTnX1VHg,1,Unplanned outage,SE_3,FI,MAW,A03,2025-12-31 01:00:00+02:00,2026-01-01 01:00:00+02:00,PT1M,1,800,fi_se3,True
2026-03-01 07:08:06+00:00,,w5ViRB5HEhIxPy1uxUFa7A,2,Planned maintenance,FI,SE_3,MAW,A03,2026-03-01 08:00:00+01:00,2026-03-01 17:00:00+01:00,PT1M,1,400,se3_fi,True
2026-03-01 07:08:06+00:00,,S22U0w-2nKKW09cZ_eEtMQ,2,Planned maintenance,FI,SE_3,MAW,A03,2026-03-01 08:00:00+01:00,2026-03-01 17:00:00+01:00,PT1M,1,400,se3_fi,True
2026-03-01 07:08:06+00:00,,RxeIjCegyT_jI1ixbSDI3Q,2,Planned maintenance,SE_3,FI,MAW,A03,2026-02-28 08:00:00+02:00,2026-03-01 18:00:00+02:00,PT1M,1,0,fi_se3,True
2026-03-01 07:08:06+00:00,,wrpdQLae6VK9_j_qNj-eqg,2,Planned maintenance,SE_3,FI,MAW,A03,2026-02-28 08:00:00+02:00,2026-03-01 18:00:00+02:00,PT1M,1,0,fi_se3,True
2026-03-03 13:06:48+00:00,,VmFYgzuv1HvYlfA6n08brg,3,Planned maintenance,FI,SE_3,MAW,A03,2026-03-10 06:00:00+01:00,2026-03-10 17:00:00+01:00,PT1M,1,800,se3_fi,True
2026-03-03 13:06:48+00:00,,Jj9-OP9GNTlxg7buosWP8Q,3,Planned maintenance,SE_3,FI,MAW,A03,2026-03-10 07:00:00+02:00,2026-03-10 18:00:00+02:00,PT1M,1,800,fi_se3,True
2026-03-10 08:50:41+00:00,,gUOCozc6mcohnzHenCXCzg,2,Unplanned outage,SE_3,FI,MAW,A03,2026-03-10 07:13:00+02:00,2026-03-10 11:30:00+02:00,PT1M,1,0,fi_se3,True
2026-03-10 08:50:42+00:00,,yhGnpa5EISNIESavSn2uuQ,2,Unplanned outage,FI,SE_3,MAW,A03,2026-03-10 06:13:00+01:00,2026-03-10 10:30:00+01:00,PT1M,1,0,se3_fi,True
2026-05-15 11:59:56+00:00,,i_T0zNScOYCppxqz8NQiDg,1,Planned maintenance,FI,SE_3,MAW,A03,2026-05-17 08:00:00+02:00,2026-05-17 17:00:00+02:00,PT1M,1,0,se3_fi,True
2026-05-15 11:59:56+00:00,,gfFq-n7Cvx5U9n_iIkwUrw,1,Planned maintenance,SE_3,FI,MAW,A03,2026-05-17 09:00:00+03:00,2026-05-17 18:00:00+03:00,PT1M,1,0,fi_se3,True
2026-05-20 15:58:53+00:00,,8q5MGTefheuHYjHiokzxPw,9,Planned maintenance,FI,SE_3,MAW,A03,2026-05-05 06:00:00+02:00,2026-05-20 17:30:00+02:00,PT1M,1,800,se3_fi,True
2026-05-20 15:58:53+00:00,,yoWBPkjQ6S8Xj_69eacOHQ,9,Planned maintenance,SE_3,FI,MAW,A03,2026-05-05 07:00:00+03:00,2026-05-20 18:30:00+03:00,PT1M,1,800,fi_se3,True
2026-06-01 10:31:35+00:00,,NXSi-cqsyScA3HddJRkZew,2,Planned maintenance,SE_3,FI,MAW,A03,2026-06-22 07:00:00+03:00,2026-06-24 22:00:00+03:00,PT1M,1,0,fi_se3,True
2026-06-01 10:31:35+00:00,,4U3nAHyVDzeJS0pUM_E09Q,2,Planned maintenance,FI,SE_3,MAW,A03,2026-06-22 06:00:00+02:00,2026-06-24 21:00:00+02:00,PT1M,1,0,se3_fi,True
2026-06-04 12:31:46+00:00,,_IlO4sXNkAhhAJ1sdqzGGA,1,Planned maintenance,SE_3,NO_1,MAW,A03,2026-06-08 07:00:00+02:00,2026-06-09 16:00:00+02:00,PT1M,1,795,no1_se3,True
2026-06-04 12:31:46+00:00,,RYa_8O1Oxqvg-x3g7-tI4g,1,Planned maintenance,NO_1,SE_3,MAW,A03,2026-06-08 07:00:00+02:00,2026-06-09 16:00:00+02:00,PT1M,1,645,se3_no1,True
2026-06-04 12:38:29+00:00,,1iAiS_NJw973AAoeLDlMdw,2,Planned maintenance,SE_3,NO_1,MAW,A03,2026-06-22 08:00:00+02:00,2026-06-24 16:00:00+02:00,PT1M,1,795,no1_se3,True
2026-06-04 12:38:29+00:00,,RT0xNUInvMPA_ziYx4YKfA,2,Planned maintenance,NO_1,SE_3,MAW,A03,2026-06-22 08:00:00+02:00,2026-06-24 16:00:00+02:00,PT1M,1,645,se3_no1,True
2026-06-05 14:37:37+00:00,,0bRGPzGWPb4gktDjDSTSkA,1,Planned maintenance,SE_3,SE_2,MAW,A03,2026-06-23 06:00:00+02:00,2026-06-23 18:00:00+02:00,PT1M,1,6200,se2_se3,True
2026-06-05 16:06:04+00:00,,SvcJVd1vOf-0i6_ZEG4sag,2,Planned maintenance,NO_1,SE_3,MAW,A03,2026-06-05 08:00:00+02:00,2026-06-05 17:30:00+02:00,PT1M,1,1300,se3_no1,True
2026-06-08 11:14:11+00:00,Cancelled,tPETUcVQAReU38YFgP5dcg,3,Planned maintenance,SE_3,NO_1,MAW,A03,2026-08-17 07:00:00+02:00,2026-08-17 20:00:00+02:00,PT1M,1,1945,no1_se3,False
2026-06-08 11:14:12+00:00,Cancelled,SJEtakLQ8l7YXv2xLrG8iQ,2,Planned maintenance,NO_1,SE_3,MAW,A03,2026-08-17 07:00:00+02:00,2026-08-17 20:00:00+02:00,PT1M,1,1895,se3_no1,False
2026-06-08 11:14:12+00:00,Cancelled,abWhM0rJivZc0iZxlp0NJw,2,Planned maintenance,SE_3,NO_1,MAW,A03,2026-08-17 07:00:00+02:00,2026-08-17 20:00:00+02:00,PT1M,1,1945,no1_se3,False
2026-06-08 11:14:12+00:00,Cancelled,mYbuqCy5-ryZl7LeJvMPuQ,3,Planned maintenance,NO_1,SE_3,MAW,A03,2026-08-17 07:00:00+02:00,2026-08-17 20:00:00+02:00,PT1M,1,1895,se3_no1,False
2026-06-08 13:35:59+00:00,Cancelled,dkvv3-Vfib6k9bcJ1z9JAQ,1,Planned maintenance,NO_1,SE_3,MAW,A03,2026-06-28 08:00:00+02:00,2026-07-03 17:00:00+02:00,PT1M,1,1795,se3_no1,False
2026-06-08 17:25:57+00:00,,PNo7pM0UJJpjSe9k5RgjYw,3,Planned maintenance,SE_3,NO_1,MAW,A03,2026-05-26 12:00:00+02:00,2026-06-08 19:00:00+02:00,PT1M,1,1845,no1_se3,True
2026-06-10 09:10:07+00:00,Cancelled,Dzz9l2NA-bhR8FmgnOYFLA,1,Planned maintenance,SE_3,FI,MAW,A03,2026-08-05 07:00:00+03:00,2026-08-28 18:00:00+03:00,PT1M,1,300,fi_se3,False
2026-06-10 09:10:07+00:00,Cancelled,X94btwFgmEAGfx8DKo22Bg,1,Planned maintenance,SE_3,SE_2,MAW,A03,2026-08-05 06:00:00+02:00,2026-08-28 17:00:00+02:00,PT1M,1,6800,se2_se3,False
2026-06-10 09:10:08+00:00,Cancelled,3lNLqT13riM1Oq9rJkr9qQ,1,Planned maintenance,SE_4,SE_3,MAW,A03,2026-08-05 06:00:00+02:00,2026-08-28 17:00:00+02:00,PT1M,1,4500,se3_se4,False
2026-06-10 14:14:13+00:00,Cancelled,1qBdDOMPTikvL-I3wHB9Zw,1,Planned maintenance,SE_3,FI,MAW,A03,2026-06-23 07:00:00+03:00,2026-06-23 23:00:00+03:00,PT1M,1,500,fi_se3,False
2026-06-10 14:15:41+00:00,Cancelled,O6y_hbscEjP1XLl3XUqy6w,1,Planned maintenance,SE_3,SE_2,MAW,A03,2026-06-25 06:00:00+02:00,2026-06-26 17:00:00+02:00,PT1M,1,5700,se2_se3,False
2026-06-10 14:15:41+00:00,Cancelled,4Vx7DgWygjLjMV_bZbjfTA,1,Planned maintenance,SE_3,FI,MAW,A03,2026-06-25 07:00:00+03:00,2026-06-26 18:00:00+03:00,PT1M,1,0,fi_se3,False
2026-06-12 08:21:36+00:00,Cancelled,HYJOsoho9jQ3iqclhKkUrg,2,Planned maintenance,SE_3,NO_1,MAW,A03,2026-06-16 08:00:00+02:00,2026-06-18 16:00:00+02:00,PT1M,1,895,no1_se3,False
2026-06-12 08:21:36+00:00,,YAtGGjtLNDIZCa1E4uDg3Q,3,Planned maintenance,SE_3,NO_1,MAW,A03,2026-06-08 09:00:00+02:00,2026-06-24 16:00:00+02:00,PT1M,1,895,no1_se3,True
2026-06-12 08:21:37+00:00,,TYnqwuIWIJvXWm1mOpK52A,2,Planned maintenance,NO_1,SE_3,MAW,A03,2026-06-15 15:00:00+02:00,2026-06-18 16:00:00+02:00,PT1M,1,1195,se3_no1,True
2026-06-12 08:21:37+00:00,,FEE7swhBQO7g3n33qa2eFw,3,Planned maintenance,NO_1,SE_3,MAW,A03,2026-06-08 09:00:00+02:00,2026-06-24 16:00:00+02:00,PT1M,1,1195,se3_no1,True
2026-06-12 08:21:43+00:00,,6n6WplbExhEnFWM7u_8czw,1,Planned maintenance,SE_3,NO_1,MAW,A03,2026-06-12 08:00:00+02:00,2026-06-15 15:00:00+02:00,PT1M,1,1945,no1_se3,True
2026-06-12 08:21:43+00:00,,6n6WplbExhEnFWM7u_8czw,1,Planned maintenance,SE_3,NO_1,MAW,A03,2026-06-15 15:00:00+02:00,2026-06-18 16:00:00+02:00,PT1M,4741,895,no1_se3,True
2026-06-16 15:09:35+00:00,,UoMS-EkP6AXS6fUpZsVNAw,1,Planned maintenance,SE_3,SE_2,MAW,A03,2026-06-15 06:00:00+02:00,2026-06-16 16:30:00+02:00,PT1M,1,7200,se2_se3,True
2026-06-16 15:09:35+00:00,,JVvsysvqJMIiGgBX0dCXIg,1,Planned maintenance,SE_3,FI,MAW,A03,2026-06-15 07:00:00+03:00,2026-06-16 17:30:00+03:00,PT1M,1,1000,fi_se3,True
2026-06-16 15:09:35+00:00,,PuTl7VaekBgWIGqAcLZKaA,1,Planned maintenance,SE_4,SE_3,MAW,A03,2026-06-15 06:00:00+02:00,2026-06-16 16:30:00+02:00,PT1M,1,4200,se3_se4,True
2026-06-17 14:37:32+00:00,,W4gaFNEwueedPQi5XuIqfg,1,Planned maintenance,SE_3,SE_2,MAW,A03,2026-05-02 06:00:00+02:00,2026-06-17 21:00:00+02:00,PT1M,1,5900,se2_se3,True
2026-06-20 14:03:26+00:00,,x0-7k6gDIblS9oDuho2myA,1,Planned maintenance,NO_1,SE_3,MAW,A03,2026-06-22 06:00:00+02:00,2026-06-25 17:00:00+02:00,PT1M,1,300,se3_no1,True
2026-06-20 14:03:26+00:00,,bkV81VR7ZNC5JzRUDdjnvQ,1,Planned maintenance,SE_3,FI,MAW,A03,2026-06-22 07:00:00+03:00,2026-06-25 18:00:00+03:00,PT1M,1,0,fi_se3,True
2026-06-20 14:03:28+00:00,,Ow_3rPjrpNHjFwfwgRc0LA,1,Planned maintenance,SE_3,SE_2,MAW,A03,2026-06-22 06:00:00+02:00,2026-06-25 17:00:00+02:00,PT1M,1,6400,se2_se3,True
2026-06-23 08:09:03+00:00,Cancelled,Q2fI6KSq7B8498QHK7Bw2Q,1,Planned maintenance,SE_3,SE_2,MAW,A03,2026-07-27 06:00:00+02:00,2026-07-31 17:00:00+02:00,PT1M,1,6300,se2_se3,False
2026-06-23 08:09:03+00:00,Cancelled,XI0Me-Pk7tJtSQQEE3DbBA,1,Planned maintenance,SE_4,SE_3,MAW,A03,2026-07-27 06:00:00+02:00,2026-07-31 17:00:00+02:00,PT1M,1,4200,se3_se4,False
2026-06-25 06:49:00+00:00,,CHBgyM6-cYx0KIEIrbDm-A,1,Planned maintenance,NO_1,SE_3,MAW,A03,2026-08-11 08:00:00+02:00,2026-08-11 16:00:00+02:00,PT1M,1,1895,se3_no1,True
2026-06-25 13:31:30+00:00,,dTaLPSgv7k3vO8XxgAEXGA,4,Planned maintenance,SE_3,NO_1,MAW,A03,2026-06-18 07:00:00+02:00,2026-06-25 18:00:00+02:00,PT1M,1,1845,no1_se3,True
2026-06-25 18:38:31+00:00,,R_ztzzVg4FF-RqNiD67a5Q,6,Planned maintenance,SE_3,NO_1,MAW,A03,2026-06-18 07:00:00+02:00,2026-06-25 22:00:00+02:00,PT1M,1,1245,no1_se3,True
2026-06-25 18:38:32+00:00,,XTbJgq3fggc0Csaxk-COuA,6,Planned maintenance,SE_3,NO_1,MAW,A03,2026-06-18 07:00:00+02:00,2026-06-25 22:00:00+02:00,PT1M,1,1245,no1_se3,True
2026-06-25 18:38:32+00:00,,8A2eMuvrjb3ZtHruRFYowg,6,Planned maintenance,SE_3,NO_1,MAW,A03,2026-06-18 07:00:00+02:00,2026-06-25 22:00:00+02:00,PT1M,1,1245,no1_se3,True
2026-06-25 18:38:32+00:00,,NZs7LrHpxpK1Cw1n-uiMkA,6,Planned maintenance,SE_3,NO_1,MAW,A03,2026-06-18 07:00:00+02:00,2026-06-25 22:00:00+02:00,PT1M,1,1245,no1_se3,True
2026-06-30 22:27:14+00:00,,dyaSpls9esBKWOaptVVEIQ,3,Planned maintenance,FI,SE_3,MAW,A03,2026-06-29 06:00:00+02:00,2026-07-01 00:30:00+02:00,PT1M,1,0,se3_fi,True
2026-06-30 22:27:14+00:00,,UPBUtobi-G2bDJJ7d6KoEA,3,Planned maintenance,SE_3,FI,MAW,A03,2026-06-29 07:00:00+03:00,2026-07-01 01:30:00+03:00,PT1M,1,0,fi_se3,True
2026-07-01 10:00:31+00:00,,Js0C78G3BJcNPCeDyq2wHg,4,Unplanned outage,SE_3,FI,MAW,A03,2026-07-02 01:00:00+03:00,2026-09-02 01:00:00+03:00,PT1M,54721,200,fi_se3,True
2026-07-01 10:00:31+00:00,,Js0C78G3BJcNPCeDyq2wHg,4,Unplanned outage,SE_3,FI,MAW,A03,2026-05-25 01:00:00+03:00,2026-07-02 01:00:00+03:00,PT1M,1,300,fi_se3,True
2026-07-01 10:00:31+00:00,,YgE9vUIFglhWgJyXXK7jUQ,4,Unplanned outage,SE_3,SE_2,MAW,A03,2026-07-02 00:00:00+02:00,2026-09-02 00:00:00+02:00,PT1M,54721,5300,se2_se3,True
2026-07-01 10:00:31+00:00,,YgE9vUIFglhWgJyXXK7jUQ,4,Unplanned outage,SE_3,SE_2,MAW,A03,2026-05-25 00:00:00+02:00,2026-07-02 00:00:00+02:00,PT1M,1,5600,se2_se3,True
2026-07-01 10:00:31+00:00,,BihjAbbWh5QLIfwbk74WWg,4,Unplanned outage,SE_4,SE_3,MAW,A03,2026-05-25 00:00:00+02:00,2026-09-02 00:00:00+02:00,PT1M,1,3600,se3_se4,True
2026-07-01 10:46:37+00:00,Cancelled,xRBnjOOsBSWy_sJZURUM5w,1,Planned maintenance,SE_3,SE_2,MAW,A03,2026-08-03 06:00:00+02:00,2026-08-03 17:00:00+02:00,PT1M,1,6200,se2_se3,False
2026-07-01 10:46:37+00:00,Cancelled,6vlRBA5XGOCZd66EcOqCEA,1,Planned maintenance,SE_3,FI,MAW,A03,2026-08-03 07:00:00+03:00,2026-08-03 18:00:00+03:00,PT1M,1,300,fi_se3,False
2026-07-01 10:46:38+00:00,Cancelled,yytH4EFWjYr99CfvdCLa4Q,1,Planned maintenance,SE_4,SE_3,MAW,A03,2026-08-03 06:00:00+02:00,2026-08-03 17:00:00+02:00,PT1M,1,4000,se3_se4,False
2026-07-02 08:45:14+00:00,,U1dZJSMK23FAQ88Rb_Dktw,2,Planned maintenance,DK_1,SE_3,MAW,A03,2026-08-13 06:00:00+02:00,2026-08-18 21:00:00+02:00,PT1M,1,700,se3_dk1,True
2026-07-02 08:45:14+00:00,,j8_CEhb7iMT2epCarJ-EiQ,2,Planned maintenance,SE_3,DK_1,MAW,A03,2026-08-13 06:00:00+02:00,2026-08-18 21:00:00+02:00,PT1M,1,700,dk1_se3,True
2026-07-02 08:45:14+00:00,,ANWOEwls_9cku2yBYIlYCg,1,Planned maintenance,SE_3,NO_1,MAW,A03,2026-08-13 06:00:00+02:00,2026-08-18 21:00:00+02:00,PT1M,1,1500,no1_se3,True
2026-07-02 11:28:47+00:00,,tOHHXMK46Pf1xd4VD5qYOQ,1,Planned maintenance,SE_4,SE_3,MAW,A03,2026-08-22 06:00:00+02:00,2026-09-07 17:00:00+02:00,PT1M,1,4000,se3_se4,True
2026-07-02 11:28:47+00:00,,XxebhsI8oJoM2h8Iy47_cg,1,Planned maintenance,SE_3,SE_2,MAW,A03,2026-08-22 06:00:00+02:00,2026-09-07 17:00:00+02:00,PT1M,1,6200,se2_se3,True
2026-07-02 11:28:47+00:00,,6dwnSp7OFx2jrr2DIBlI-w,1,Planned maintenance,SE_3,FI,MAW,A03,2026-08-22 07:00:00+03:00,2026-09-07 18:00:00+03:00,PT1M,1,300,fi_se3,True
2026-07-02 13:20:07+00:00,,waY7CG67GDvCqcQ4aSPyzg,1,Planned maintenance,SE_3,FI,MAW,A03,2026-06-29 07:00:00+03:00,2026-07-02 16:15:00+03:00,PT1M,1,800,fi_se3,True
2026-07-02 13:20:07+00:00,,bC1oOjPX-PHx2OmymHqUPw,1,Planned maintenance,SE_3,FI,MAW,A03,2026-06-29 07:00:00+03:00,2026-07-02 16:15:00+03:00,PT1M,1,800,fi_se3,True
2026-07-02 13:20:07+00:00,,a4gkNhsEOZS2P3ImTb9a6w,1,Planned maintenance,SE_3,SE_2,MAW,A03,2026-06-29 06:00:00+02:00,2026-07-02 15:15:00+02:00,PT1M,1,5700,se2_se3,True
2026-07-02 13:20:07+00:00,,UoTgTNW5uVb8vDk4izraYQ,1,Planned maintenance,SE_3,SE_2,MAW,A03,2026-06-29 06:00:00+02:00,2026-07-02 15:15:00+02:00,PT1M,1,5700,se2_se3,True
2026-07-02 14:54:02+00:00,,Oa7lRclIr6EIX-pjA-X66A,2,Planned maintenance,SE_3,NO_1,MAW,A03,2026-06-29 11:00:00+02:00,2026-07-02 16:35:00+02:00,PT1M,1,2145,no1_se3,True
2026-07-02 14:54:02+00:00,,t_oc3R_EhnCA1B9_qRBOBw,4,Planned maintenance,SE_3,NO_1,MAW,A03,2026-06-29 11:00:00+02:00,2026-07-02 16:35:00+02:00,PT1M,1,2145,no1_se3,True
2026-07-02 14:54:02+00:00,,Ns5yc3MclYK5EqsCRGKYtA,2,Planned maintenance,SE_3,NO_1,MAW,A03,2026-06-29 11:00:00+02:00,2026-07-02 16:35:00+02:00,PT1M,1,2145,no1_se3,True
2026-07-02 14:54:02+00:00,,mW5a_JEgOeLC1Aj4l9_13g,2,Planned maintenance,SE_3,NO_1,MAW,A03,2026-06-29 11:00:00+02:00,2026-07-02 16:35:00+02:00,PT1M,1,2145,no1_se3,True
2026-07-02 14:54:02+00:00,,mXI4grXaFTBFpNV-7TRiwQ,2,Planned maintenance,SE_3,NO_1,MAW,A03,2026-06-29 11:00:00+02:00,2026-07-02 16:35:00+02:00,PT1M,1,2145,no1_se3,True
2026-07-02 19:05:14+00:00,,aYuEUlU49L-b7KsnZFeRmw,6,Planned maintenance,FI,SE_3,MAW,A03,2026-07-02 07:00:00+02:00,2026-07-02 22:00:00+02:00,PT1M,1,800,se3_fi,True
2026-07-02 19:05:33+00:00,,ZUYfDD0cwCvNep6DJQrO5A,6,Planned maintenance,SE_3,FI,MAW,A03,2026-07-02 08:00:00+03:00,2026-07-02 23:00:00+03:00,PT1M,1,800,fi_se3,True
2026-07-03 12:02:48+00:00,,LmR9XDI7iWFSz4BHKcrXKA,3,Planned maintenance,SE_3,SE_2,MAW,A03,2026-06-24 05:00:00+02:00,2026-07-03 13:00:00+02:00,PT1M,1,5000,se2_se3,True
2026-07-03 12:02:48+00:00,,4T6067B6sjwP7nArcJu0-g,3,Planned maintenance,SE_4,SE_3,MAW,A03,2026-06-24 05:00:00+02:00,2026-07-03 13:00:00+02:00,PT1M,1,2800,se3_se4,True
2026-07-03 12:02:48+00:00,,SfIMc7BEQVeE3Fhrs5xyJA,3,Planned maintenance,SE_3,FI,MAW,A03,2026-06-24 06:00:00+03:00,2026-07-03 14:00:00+03:00,PT1M,1,0,fi_se3,True
2026-07-04 11:34:18+00:00,Cancelled,aqOzqaWJAAFhDeB9PPYFew,1,Planned maintenance,SE_3,SE_2,MAW,A03,2026-08-24 06:00:00+02:00,2026-09-07 17:00:00+02:00,PT1M,1,5700,se2_se3,False
2026-07-04 11:34:18+00:00,Cancelled,HXAWLVk5IdS5lq2AG60_Xw,1,Planned maintenance,SE_4,SE_3,MAW,A03,2026-08-24 06:00:00+02:00,2026-09-07 17:00:00+02:00,PT1M,1,3500,se3_se4,False
2026-07-04 11:34:18+00:00,Cancelled,FsZhWgwwJZGR-gv9sVaZcw,1,Planned maintenance,SE_3,FI,MAW,A03,2026-08-24 07:00:00+03:00,2026-09-07 18:00:00+03:00,PT1M,1,100,fi_se3,False
2026-07-07 13:00:02+00:00,,oisVOIgnehybewphYldneQ,2,Planned maintenance,SE_3,SE_2,MAW,A03,2026-07-06 06:00:00+02:00,2026-07-07 14:55:00+02:00,PT1M,1,5700,se2_se3,True
2026-07-07 13:05:05+00:00,,khSEKUlVeF2VXbG9kEVYCg,1,Planned maintenance,SE_3,NO_1,MAW,A03,2026-09-02 08:00:00+02:00,2026-09-04 16:00:00+02:00,PT1M,1,1845,no1_se3,True
2026-07-07 13:05:05+00:00,,7FSUTOY7T8Kp1EVBdenwRg,1,Planned maintenance,SE_3,NO_1,MAW,A03,2026-09-02 08:00:00+02:00,2026-09-04 16:00:00+02:00,PT1M,1,1845,no1_se3,True
2026-07-07 13:05:06+00:00,,WNsiML0iFiBBpw-Rq0nMhw,1,Planned maintenance,NO_1,SE_3,MAW,A03,2026-09-02 08:00:00+02:00,2026-09-04 16:00:00+02:00,PT1M,1,1495,se3_no1,True
2026-07-07 13:06:56+00:00,Cancelled,WgPe93hxKMwOdnOvW94fPQ,1,Planned maintenance,SE_3,NO_1,MAW,A03,2026-07-09 08:00:00+02:00,2026-07-11 16:00:00+02:00,PT1M,1,1845,no1_se3,False
2026-07-07 13:06:56+00:00,Cancelled,s2aa7qKtrG3HZGP3BiS7pg,1,Planned maintenance,SE_3,NO_1,MAW,A03,2026-07-09 08:00:00+02:00,2026-07-11 16:00:00+02:00,PT1M,1,1845,no1_se3,False
2026-07-07 13:06:57+00:00,,jh-L9UPXI514-gU7Tys48g,2,Planned maintenance,NO_1,SE_3,MAW,A03,2026-09-02 08:00:00+02:00,2026-09-04 16:00:00+02:00,PT1M,1,0,se3_no1,True
2026-07-09 07:36:29+00:00,,rqM16t2yasAy6Ec0ewEN8w,1,Planned maintenance,NO_1,SE_3,MAW,A03,2026-07-16 07:00:00+02:00,2026-07-29 16:00:00+02:00,PT1M,1,1395,se3_no1,True
2026-07-09 07:36:29+00:00,,-RchBO69F1dYRw8z05-fbg,3,Planned maintenance,NO_1,SE_3,MAW,A03,2026-07-16 07:00:00+02:00,2026-07-29 16:00:00+02:00,PT1M,1,1395,se3_no1,True
2026-07-09 09:06:09+00:00,,oj3PY5DnYa9DyTdaBMA_IQ,5,Planned maintenance,SE_3,SE_2,MAW,A03,2026-07-07 16:10:00+02:00,2026-07-09 11:00:00+02:00,PT1M,1,5700,se2_se3,True
2026-07-09 14:49:11+00:00,,GFfr7Hb_Fh_dpnzEMj7nnA,1,Planned maintenance,SE_3,FI,MAW,A03,2026-08-05 01:00:00+03:00,2026-08-05 05:00:00+03:00,PT1M,1,400,fi_se3,True
2026-07-09 14:49:11+00:00,,vykwUYzsxlgv2UI7nn2SVw,1,Planned maintenance,SE_4,SE_3,MAW,A03,2026-08-05 00:00:00+02:00,2026-08-05 04:00:00+02:00,PT1M,1,3100,se3_se4,True
2026-07-10 09:11:08+00:00,,a-VLtNPWbGdrnz2Orkcx0A,6,Unplanned outage,SE_3,SE_4,MAW,A03,2026-07-07 16:00:00+02:00,2026-08-02 17:00:00+02:00,PT1M,1,2100,se4_se3,True
2026-07-10 09:11:08+00:00,,OUBBZ-3gOfI4z9jur6YVJw,6,Unplanned outage,SE_4,SE_3,MAW,A03,2026-07-07 16:00:00+02:00,2026-08-02 17:00:00+02:00,PT1M,1,5500,se3_se4,True
2026-07-15 06:38:16+00:00,,pHSvaIIy1fvR9cgCGnt0sA,1,Planned maintenance,DK_1,SE_3,MAW,A03,2026-07-19 10:00:00+02:00,2026-07-19 15:00:00+02:00,PT1M,1,600,se3_dk1,True
2026-07-15 06:38:16+00:00,,gpKX478d7Z42EDPYP9XeKw,1,Planned maintenance,SE_3,NO_1,MAW,A03,2026-07-19 10:00:00+02:00,2026-07-19 15:00:00+02:00,PT1M,1,1150,no1_se3,True
2026-07-15 06:38:17+00:00,,qii1CcnFF299iF9qz3HLUQ,1,Planned maintenance,NO_1,SE_3,MAW,A03,2026-07-19 10:00:00+02:00,2026-07-19 15:00:00+02:00,PT1M,1,950,se3_no1,True
2026-07-16 11:37:42+00:00,,8n8jJnv6LengNOSUVSLZRw,3,Planned maintenance,SE_3,FI,MAW,A03,2026-07-06 07:00:00+03:00,2026-07-28 20:00:00+03:00,PT1M,1,0,fi_se3,True
2026-07-16 11:37:43+00:00,,DWrDrC84f1FYdJjqPRB7rQ,3,Planned maintenance,SE_3,SE_2,MAW,A03,2026-07-06 06:00:00+02:00,2026-07-28 19:00:00+02:00,PT1M,1,5300,se2_se3,True
2026-07-16 11:37:43+00:00,,6w-GIiXzEUWJwh05yHRSmw,3,Planned maintenance,SE_3,SE_2,MAW,A03,2026-07-06 06:00:00+02:00,2026-07-28 19:00:00+02:00,PT1M,1,5300,se2_se3,True
2026-07-16 11:37:43+00:00,,tFUb0b2jxw8x1PZARvQj7w,3,Planned maintenance,SE_3,FI,MAW,A03,2026-07-06 07:00:00+03:00,2026-07-28 20:00:00+03:00,PT1M,1,0,fi_se3,True
2026-07-16 11:37:43+00:00,,UODjDvYXcQtCFsZZyXjeKA,3,Planned maintenance,SE_4,SE_3,MAW,A03,2026-07-06 06:00:00+02:00,2026-07-28 19:00:00+02:00,PT1M,1,2500,se3_se4,True
2026-07-16 11:37:44+00:00,,3QMKOMD9i7G8llxRhZu-3A,3,Planned maintenance,SE_4,SE_3,MAW,A03,2026-07-06 06:00:00+02:00,2026-07-28 19:00:00+02:00,PT1M,1,2500,se3_se4,True
2026-07-19 13:28:09+00:00,,44kh1H8-u0JZos2o-JocWQ,1,Planned maintenance,SE_3,SE_2,MAW,A03,2026-07-21 07:00:00+02:00,2026-07-21 21:00:00+02:00,PT1M,1,4000,se2_se3,True
2026-07-20 09:28:17+00:00,,Y12OEbP4isz6Qqi5VcpdFA,1,Unplanned outage,FI,SE_3,MAW,A03,2026-07-23 09:00:00+02:00,2026-07-23 11:00:00+02:00,PT1M,1,800,se3_fi,True
2026-07-20 09:28:17+00:00,,fmrtgopaCw4F-QnlELidTA,1,Unplanned outage,SE_3,FI,MAW,A03,2026-07-23 10:00:00+03:00,2026-07-23 12:00:00+03:00,PT1M,1,800,fi_se3,True
2026-07-21 12:20:53+00:00,Cancelled,FJvXNOZ_QNRjA3MmtYJ2lA,2,Planned maintenance,SE_4,SE_3,MAW,A03,2026-08-04 06:00:00+02:00,2026-08-04 17:00:00+02:00,PT1M,1,5500,se3_se4,False
2026-07-21 12:55:06+00:00,,d_w1FsEM5YxZeK-wZ8qWVg,3,Planned maintenance,SE_3,SE_2,MAW,A03,2026-07-29 06:00:00+02:00,2026-07-30 17:00:00+02:00,PT1M,1,5000,se2_se3,True
2026-07-21 12:55:06+00:00,,6-iE0peqFl_AiURsKAg9Xw,3,Planned maintenance,SE_4,SE_3,MAW,A03,2026-07-29 06:00:00+02:00,2026-07-30 17:00:00+02:00,PT1M,1,2300,se3_se4,True
2026-07-22 07:59:41+00:00,Cancelled,FuqN0WqZ6l3z-MmhJwDvTw,2,Planned maintenance,SE_3,FI,MAW,A03,2026-07-28 20:00:00+03:00,2026-07-31 18:00:00+03:00,PT1M,1,200,fi_se3,False
2026-07-22 07:59:41+00:00,Cancelled,qpItHi2pSLjde-uswXewUA,2,Planned maintenance,SE_3,SE_2,MAW,A03,2026-07-28 19:00:00+02:00,2026-07-31 17:00:00+02:00,PT1M,1,5300,se2_se3,False
2026-07-22 07:59:42+00:00,Cancelled,o1sKd7WBSm_El_DPPEoToA,2,Planned maintenance,SE_4,SE_3,MAW,A03,2026-07-28 19:00:00+02:00,2026-07-31 17:00:00+02:00,PT1M,1,3500,se3_se4,False
2026-07-22 10:31:05+00:00,,fXRAdNhSM_mx4j3VG1TvXg,1,Planned maintenance,FI,SE_3,MAW,A03,2026-07-29 07:00:00+02:00,2026-07-29 15:00:00+02:00,PT1M,1,400,se3_fi,True
2026-07-22 10:31:05+00:00,,M6Qehx7FrQBJ56YUM7fhQw,1,Planned maintenance,SE_3,FI,MAW,A03,2026-07-29 08:00:00+03:00,2026-07-29 16:00:00+03:00,PT1M,1,400,fi_se3,True
2026-07-23 12:03:05+00:00,,wmFU2EluxhX5HplujPmbFQ,1,Planned maintenance,SE_3,FI,MAW,A03,2026-08-31 07:00:00+03:00,2026-09-07 18:00:00+03:00,PT1M,1,500,fi_se3,True
2026-07-24 17:29:54+00:00,,DVHGERnjDzy_m1fzK0sXmQ,3,Unplanned outage,DK_1,SE_3,MAW,A03,2026-07-24 17:00:00+02:00,2026-07-24 19:45:00+02:00,PT1M,1,345,se3_dk1,True
2026-07-24 17:29:54+00:00,,swTD5uE9V33-n3AKvixfhQ,3,Unplanned outage,SE_3,DK_1,MAW,A03,2026-07-24 17:00:00+02:00,2026-07-24 19:45:00+02:00,PT1M,1,345,dk1_se3,True
2026-07-29 17:52:47+00:00,,7OsvkDF5AMCwwgdLtcaaxA,2,Unplanned outage,SE_3,SE_2,MAW,A03,2026-07-28 21:27:00+02:00,2026-07-29 19:28:00+02:00,PT1M,1,5200,se2_se3,True
2026-07-30 05:21:08+00:00,Cancelled,24wDw2dfZWN3ZwT_NPmWWQ,1,Planned maintenance,SE_3,SE_2,MAW,A03,2026-02-25 00:00:00+01:00,2026-08-30 23:59:00+02:00,PT1M,1,5700,se2_se3,False
2026-07-30 05:21:08+00:00,Cancelled,3yjhN-I8o5ot1ItP-lPpLA,1,Planned maintenance,SE_3,FI,MAW,A03,2026-05-16 01:00:00+03:00,2026-08-31 00:59:00+03:00,PT1M,115141,400,fi_se3,False
2026-07-30 05:21:08+00:00,Cancelled,3yjhN-I8o5ot1ItP-lPpLA,1,Planned maintenance,SE_3,FI,MAW,A03,2026-02-25 01:00:00+02:00,2026-05-16 01:00:00+03:00,PT1M,1,200,fi_se3,False
2026-07-30 05:21:09+00:00,Cancelled,BlYEmQSBHutnSkhY7qDrEQ,1,Planned maintenance,SE_4,SE_3,MAW,A03,2026-02-25 00:00:00+01:00,2026-08-30 23:59:00+02:00,PT1M,1,3700,se3_se4,False
2026-08-02 13:04:31+00:00,,fva8l0dkmPbUmbU8q6176g,5,Planned maintenance,SE_3,SE_4,MAW,A03,2026-07-20 06:00:00+02:00,2026-08-02 16:00:00+02:00,PT1M,39241,2000,se4_se3,True
2026-08-02 13:04:31+00:00,,Mn9nKmw94gmb99VG50gUwg,5,Planned maintenance,SE_4,SE_3,MAW,A03,2026-06-23 00:00:00+02:00,2026-07-20 06:00:00+02:00,PT1M,1,5900,se3_se4,True
2026-08-02 13:04:31+00:00,,Mn9nKmw94gmb99VG50gUwg,5,Planned maintenance,SE_4,SE_3,MAW,A03,2026-07-20 06:00:00+02:00,2026-08-02 16:00:00+02:00,PT1M,39241,5400,se3_se4,True
2026-08-02 13:04:31+00:00,,Mn9nKmw94gmb99VG50gUwg,5,Planned maintenance,SE_4,SE_3,MAW,A03,2026-08-02 16:00:00+02:00,2026-08-02 17:00:00+02:00,PT1M,58561,5900,se3_se4,True
2026-08-02 13:04:31+00:00,,fva8l0dkmPbUmbU8q6176g,5,Planned maintenance,SE_3,SE_4,MAW,A03,2026-08-02 16:00:00+02:00,2026-08-02 17:00:00+02:00,PT1M,58561,2500,se4_se3,True
2026-08-02 13:04:31+00:00,,fva8l0dkmPbUmbU8q6176g,5,Planned maintenance,SE_3,SE_4,MAW,A03,2026-06-23 00:00:00+02:00,2026-07-20 06:00:00+02:00,PT1M,1,2500,se4_se3,True
2026-08-04 14:05:36+00:00,,clzssP6GKa3RZq7Q6RHjpA,2,Planned maintenance,SE_3,SE_2,MAW,A03,2026-08-04 05:00:00+02:00,2026-08-04 15:10:00+02:00,PT1M,1,6200,se2_se3,True
2026-08-04 14:05:36+00:00,,7rk9Eb69JiHtGNCQt1Rfxg,2,Planned maintenance,SE_3,FI,MAW,A03,2026-08-04 06:00:00+03:00,2026-08-04 16:10:00+03:00,PT1M,1,300,fi_se3,True
2026-08-04 14:05:36+00:00,,2WjpefV6pID8O7E_cWjMTg,2,Planned maintenance,SE_4,SE_3,MAW,A03,2026-08-04 05:00:00+02:00,2026-08-04 15:10:00+02:00,PT1M,1,4000,se3_se4,True
2026-08-12 10:28:19+00:00,,eTYmkyIScoTprRh-_o22Og,2,Planned maintenance,SE_3,DK_1,MAW,A03,2026-08-03 07:00:00+02:00,2026-08-12 20:00:00+02:00,PT1M,1,400,dk1_se3,True
2026-08-12 10:28:20+00:00,,pF-IPgiXy4AmHu2GT9jf6A,2,Planned maintenance,SE_4,SE_3,MAW,A03,2026-08-03 07:00:00+02:00,2026-08-12 20:00:00+02:00,PT1M,1,3800,se3_se4,True
2026-08-14 09:25:08+00:00,Cancelled,s84A2Yju-iN935aDRYqthg,3,Planned maintenance,SE_3,DK_1,MAW,A03,2026-08-17 06:00:00+02:00,2026-11-08 17:00:00+01:00,PT1M,1,0,dk1_se3,False
2026-08-14 13:51:49+00:00,,59X4SKmNBjTd5dHBS3lFfA,1,Planned maintenance,SE_3,SE_2,MAW,A03,2026-08-31 06:00:00+02:00,2026-08-31 17:00:00+02:00,PT1M,1,6800,se2_se3,True
2026-08-18 08:04:46+00:00,,wKEcgQL22TXZpHJWbNJHwg,1,Planned maintenance,SE_3,FI,MAW,A03,2026-08-21 07:00:00+03:00,2026-08-21 18:00:00+03:00,PT1M,1,200,fi_se3,True
2026-08-18 08:04:47+00:00,,2N8nyaTIfMeDfpC6ZdAisw,1,Planned maintenance,NO_1,SE_3,MAW,A03,2026-08-21 06:00:00+02:00,2026-08-21 17:00:00+02:00,PT1M,1,250,se3_no1,True
2026-08-18 08:04:47+00:00,,TVwlu87GW4iyK_-o0u2jdg,1,Planned maintenance,SE_3,SE_2,MAW,A03,2026-08-21 06:00:00+02:00,2026-08-21 17:00:00+02:00,PT1M,1,5300,se2_se3,True
2026-08-18 10:48:25+00:00,,ADwJAVJiNb8znT1NvSrUtA,1,Planned maintenance,SE_3,FI,MAW,A03,2026-09-06 13:00:00+03:00,2026-10-08 18:00:00+03:00,PT1M,1,700,fi_se3,True
2026-08-18 10:48:25+00:00,,zD_xpp_FsJVYlpzm-bH6dQ,1,Planned maintenance,SE_3,FI,MAW,A03,2026-09-06 13:00:00+03:00,2026-10-08 18:00:00+03:00,PT1M,1,700,fi_se3,True
2026-08-18 10:48:25+00:00,,PAaT7wQwv1VQigwi9mm5Dw,1,Planned maintenance,SE_3,SE_2,MAW,A03,2026-09-06 12:00:00+02:00,2026-10-08 17:00:00+02:00,PT1M,1,5700,se2_se3,True
2026-08-18 10:48:26+00:00,,iyrKJnO-KyNFQ8sBGzdzwg,1,Planned maintenance,SE_3,SE_2,MAW,A03,2026-09-06 12:00:00+02:00,2026-10-08 17:00:00+02:00,PT1M,1,5700,se2_se3,True
2026-08-18 13:12:41+00:00,,NzrCW1CzraoN-GDPER4gzQ,3,Planned maintenance,SE_3,NO_1,MAW,A03,2026-09-07 07:00:00+02:00,2026-09-08 16:00:00+02:00,PT1M,1,795,no1_se3,True
2026-08-18 13:12:42+00:00,,Huw8Waceqgvi0rXRxaRY9A,3,Planned maintenance,NO_1,SE_3,MAW,A03,2026-09-07 07:00:00+02:00,2026-09-08 16:00:00+02:00,PT1M,1,645,se3_no1,True
2026-08-20 15:09:36+00:00,,aQi_GEfr7QEXix09fMOvFg,3,Planned maintenance,SE_3,FI,MAW,A03,2026-08-05 08:00:00+03:00,2026-08-20 18:00:00+03:00,PT1M,1,400,fi_se3,True
2026-08-20 15:09:36+00:00,,iYy5nXj4cb51wBFlicwPOw,3,Planned maintenance,SE_3,SE_2,MAW,A03,2026-08-05 07:00:00+02:00,2026-08-20 17:00:00+02:00,PT1M,1,5800,se2_se3,True
2026-08-21 15:55:09+00:00,,wX2j5HsFpZehYfE0it-KVg,1,Planned maintenance,SE_4,SE_3,MAW,A03,2026-08-24 09:00:00+02:00,2026-08-24 14:00:00+02:00,PT1M,1,5800,se3_se4,True
2026-08-21 15:55:09+00:00,,K-X5qfhLGCeNkYdCOfbZcQ,1,Planned maintenance,SE_3,SE_4,MAW,A03,2026-08-24 09:00:00+02:00,2026-08-24 14:00:00+02:00,PT1M,1,2400,se4_se3,True
2026-08-26 11:33:24+00:00,,TaMGcA-8sUNlxnWx7YwuQw,3,Planned maintenance,SE_3,SE_2,MAW,A03,2026-08-25 06:00:00+02:00,2026-08-26 13:30:00+02:00,PT1M,1,5500,se2_se3,True
2026-08-28 08:40:06+00:00,,07ZpBy131AtxMFeNXGopOA,4,Planned maintenance,NO_1,SE_3,MAW,A03,2026-09-30 16:00:00+02:00,2026-10-31 16:00:00+01:00,PT1M,220801,1500,se3_no1,True
2026-08-28 08:40:06+00:00,,07ZpBy131AtxMFeNXGopOA,4,Planned maintenance,NO_1,SE_3,MAW,A03,2026-04-30 08:00:00+02:00,2026-09-28 08:00:00+02:00,PT1M,1,1500,se3_no1,True
2026-08-28 08:40:06+00:00,,07ZpBy131AtxMFeNXGopOA,4,Planned maintenance,NO_1,SE_3,MAW,A03,2026-09-28 08:00:00+02:00,2026-09-30 16:00:00+02:00,PT1M,217441,1495,se3_no1,True
2026-08-29 12:09:10+00:00,,eu2cjtj_XLt3w5drrpXonQ,2,Planned maintenance,SE_4,SE_3,MAW,A03,2026-08-25 07:00:00+02:00,2026-08-29 14:00:00+02:00,PT1M,1,3900,se3_se4,True
2026-08-30 11:39:52+00:00,,Q4458vJIACNuOAWnFSBL1g,4,Planned maintenance,SE_3,SE_2,MAW,A03,2026-09-01 06:00:00+02:00,2026-09-28 17:00:00+02:00,PT1M,1,5400,se2_se3,True
2026-08-31 10:26:23+00:00,,xoeMuuPBNL7A_ZsWEPzy2Q,1,Planned maintenance,SE_4,SE_3,MAW,A03,2026-09-07 08:00:00+02:00,2026-09-08 18:00:00+02:00,PT1M,1,3700,se3_se4,True
2026-09-04 07:44:43+00:00,,EoIj2jx94kQ1i6mGxBYcvA,5,Planned maintenance,SE_4,SE_3,MAW,A03,2026-08-17 06:00:00+02:00,2026-11-08 17:00:00+01:00,PT1M,1,5200,se3_se4,True
2026-09-04 07:54:13+00:00,,4ulmp_Wgat2Y7ebkMwMxmA,2,Planned maintenance,DK_1,SE_3,MAW,A03,2026-09-09 06:00:00+02:00,2026-10-09 17:00:00+02:00,PT1M,1,200,se3_dk1,True
2026-09-04 07:54:14+00:00,,EIXe_EEJ3ebbYU3wx3u8tw,2,Planned maintenance,SE_3,FI,MAW,A03,2026-09-09 07:00:00+03:00,2026-10-09 18:00:00+03:00,PT1M,1,200,fi_se3,True
2026-09-04 07:54:14+00:00,,8RUQq7N7Yd6si4x45SGulw,2,Planned maintenance,SE_3,SE_2,MAW,A03,2026-09-09 06:00:00+02:00,2026-10-09 17:00:00+02:00,PT1M,1,5200,se2_se3,True
2026-09-04 07:54:14+00:00,,dzsdwv3GbbjScj8luTAc5g,2,Planned maintenance,SE_4,SE_3,MAW,A03,2026-09-09 06:00:00+02:00,2026-10-09 17:00:00+02:00,PT1M,1,3300,se3_se4,True
2026-09-04 07:54:14+00:00,,hIRu-98oYI5J3F5X_cwYLg,2,Planned maintenance,NO_1,SE_3,MAW,A03,2026-09-09 06:00:00+02:00,2026-10-09 17:00:00+02:00,PT1M,1,850,se3_no1,True
2026-09-04 11:09:58+00:00,,r5CP6w9-dZAV-bb3dPpqgQ,1,Planned maintenance,SE_3,NO_1,MAW,A03,2026-08-24 08:00:00+02:00,2026-09-04 13:05:00+02:00,PT1M,1,501,no1_se3,True
2026-09-04 11:23:09+00:00,,vMu9zROXIXGlEzGIJ3TSkA,6,Planned maintenance,SE_3,FI,MAW,A03,2026-05-16 01:00:00+03:00,2026-09-02 01:00:00+03:00,PT1M,115141,400,fi_se3,True
2026-09-04 11:23:09+00:00,,vMu9zROXIXGlEzGIJ3TSkA,6,Planned maintenance,SE_3,FI,MAW,A03,2026-10-16 00:59:00+03:00,2026-11-01 00:59:00+02:00,PT1M,335460,400,fi_se3,True
2026-09-04 11:23:09+00:00,,vMu9zROXIXGlEzGIJ3TSkA,6,Planned maintenance,SE_3,FI,MAW,A03,2026-02-25 01:00:00+02:00,2026-05-16 01:00:00+03:00,PT1M,1,200,fi_se3,True
2026-09-04 11:23:09+00:00,,vMu9zROXIXGlEzGIJ3TSkA,6,Planned maintenance,SE_3,FI,MAW,A03,2026-09-02 01:00:00+03:00,2026-10-16 00:59:00+03:00,PT1M,272101,200,fi_se3,True
2026-09-04 11:23:10+00:00,,JCqjUjRktZ4s0xQyq0_WWw,6,Planned maintenance,SE_3,SE_2,MAW,A03,2026-02-25 00:00:00+01:00,2026-09-04 14:00:00+02:00,PT1M,1,5700,se2_se3,True
2026-09-04 11:23:10+00:00,,JCqjUjRktZ4s0xQyq0_WWw,6,Planned maintenance,SE_3,SE_2,MAW,A03,2026-09-04 14:00:00+02:00,2026-10-15 23:59:00+02:00,PT1M,275821,5300,se2_se3,True
2026-09-04 11:23:10+00:00,,1dpJESRcOIGbvC3hNYftwQ,6,Planned maintenance,SE_4,SE_3,MAW,A03,2026-02-25 00:00:00+01:00,2026-09-04 14:00:00+02:00,PT1M,1,3700,se3_se4,True
2026-09-04 11:23:10+00:00,,1dpJESRcOIGbvC3hNYftwQ,6,Planned maintenance,SE_4,SE_3,MAW,A03,2026-10-15 23:59:00+02:00,2026-10-31 23:59:00+01:00,PT1M,335460,3700,se3_se4,True
2026-09-04 11:23:10+00:00,,1dpJESRcOIGbvC3hNYftwQ,6,Planned maintenance,SE_4,SE_3,MAW,A03,2026-09-04 14:00:00+02:00,2026-10-15 23:59:00+02:00,PT1M,275821,3600,se3_se4,True
2026-09-04 11:23:10+00:00,,JCqjUjRktZ4s0xQyq0_WWw,6,Planned maintenance,SE_3,SE_2,MAW,A03,2026-10-15 23:59:00+02:00,2026-10-31 23:59:00+01:00,PT1M,335460,5700,se2_se3,True
2026-09-06 19:55:48+00:00,,HvZJfSJg3j0BeQUSNC_GtA,2,Unplanned outage,FI,SE_3,MAW,A03,2026-09-06 10:24:00+02:00,2026-09-06 22:00:00+02:00,PT1M,1,800,se3_fi,True
2026-09-06 19:55:48+00:00,,ksNQ1JrjRz2SXiUni-hrVA,2,Unplanned outage,SE_3,FI,MAW,A03,2026-09-06 11:24:00+03:00,2026-09-06 23:00:00+03:00,PT1M,1,700,fi_se3,True
2026-09-11 05:46:22+00:00,,UyfI_Gbh7dcsmhyar46Clw,5,Planned maintenance,SE_3,NO_1,MAW,A03,2026-09-07 08:00:00+02:00,2026-09-25 16:00:00+02:00,PT1M,1,1645,no1_se3,True
