event_id,day,hour,kind,driver,affected_by_realised_event,baseline_driver_persistence,oracle_driver_realised,matched_normal_driver,operational_anomaly_vs_normal_mw,operational_anomaly_vs_persistence_mw,reduction_mw,n_control_days
G018,2022-01-06,0,generation,avail_gen_mw,False,9486.0,9486.0,10121.0,635.0,-0.0,1063.0,4
G018,2022-01-06,1,generation,avail_gen_mw,False,9486.0,9486.0,10121.0,635.0,-0.0,1063.0,4
G018,2022-01-06,2,generation,avail_gen_mw,False,9486.0,9486.0,10121.0,635.0,-0.0,1063.0,4
G018,2022-01-06,3,generation,avail_gen_mw,False,9486.0,9486.0,10121.0,635.0,-0.0,1063.0,4
G018,2022-01-06,4,generation,avail_gen_mw,False,9486.0,9486.0,10121.0,635.0,-0.0,1063.0,4
G018,2022-01-06,5,generation,avail_gen_mw,False,9486.0,9486.0,10121.0,635.0,-0.0,1063.0,4
G018,2022-01-06,6,generation,avail_gen_mw,False,9486.0,9486.0,10121.0,635.0,-0.0,1063.0,4
G018,2022-01-06,7,generation,avail_gen_mw,False,9486.0,9486.0,10121.0,635.0,-0.0,1063.0,4
G018,2022-01-06,8,generation,avail_gen_mw,False,9486.0,8716.0,10121.0,1405.0,770.0,1063.0,4
G018,2022-01-06,9,generation,avail_gen_mw,False,9486.0,8716.0,10121.0,1405.0,770.0,1063.0,4
G018,2022-01-06,10,generation,avail_gen_mw,False,9486.0,8716.0,10121.0,1405.0,770.0,1063.0,4
G018,2022-01-06,11,generation,avail_gen_mw,False,9486.0,8716.0,10121.0,1405.0,770.0,1063.0,4
G018,2022-01-06,12,generation,avail_gen_mw,False,9486.0,8716.0,10121.0,1405.0,770.0,1063.0,4
G018,2022-01-06,13,generation,avail_gen_mw,False,9486.0,8716.0,10121.0,1405.0,770.0,1063.0,4
G018,2022-01-06,14,generation,avail_gen_mw,False,9486.0,8716.0,10121.0,1405.0,770.0,1063.0,4
G018,2022-01-06,15,generation,avail_gen_mw,False,9486.0,8716.0,10121.0,1405.0,770.0,1063.0,4
G018,2022-01-06,16,generation,avail_gen_mw,False,9486.0,9486.0,10251.0,765.0,-0.0,1063.0,4
G018,2022-01-06,17,generation,avail_gen_mw,False,9486.0,9486.0,10251.0,765.0,-0.0,1063.0,4
G018,2022-01-06,18,generation,avail_gen_mw,False,9486.0,9486.0,10251.0,765.0,-0.0,1063.0,4
G018,2022-01-06,19,generation,avail_gen_mw,False,9486.0,9486.0,10251.0,765.0,-0.0,1063.0,4
G018,2022-01-06,20,generation,avail_gen_mw,False,9486.0,9486.0,10251.0,765.0,-0.0,1063.0,4
G018,2022-01-06,21,generation,avail_gen_mw,True,9486.0,9486.0,10251.0,765.0,-0.0,1063.0,4
G018,2022-01-06,22,generation,avail_gen_mw,True,9486.0,8423.0,10251.0,1828.0,1063.0,1063.0,4
G018,2022-01-06,23,generation,avail_gen_mw,True,9486.0,8423.0,10251.0,1828.0,1063.0,1063.0,4
G018,2022-01-07,0,generation,avail_gen_mw,True,8716.0,8423.0,10251.0,1828.0,293.0,1063.0,4
G018,2022-01-07,1,generation,avail_gen_mw,True,8716.0,8423.0,10251.0,1828.0,293.0,1063.0,4
G018,2022-01-07,2,generation,avail_gen_mw,True,8716.0,8423.0,10251.0,1828.0,293.0,1063.0,4
G018,2022-01-07,3,generation,avail_gen_mw,True,8716.0,8423.0,10251.0,1828.0,293.0,1063.0,4
G018,2022-01-07,4,generation,avail_gen_mw,True,8716.0,8423.0,10251.0,1828.0,293.0,1063.0,4
G018,2022-01-07,5,generation,avail_gen_mw,True,8716.0,8423.0,10251.0,1828.0,293.0,1063.0,4
G018,2022-01-07,6,generation,avail_gen_mw,True,8716.0,8423.0,10251.0,1828.0,293.0,1063.0,4
G018,2022-01-07,7,generation,avail_gen_mw,True,8716.0,8423.0,10251.0,1828.0,293.0,1063.0,4
G018,2022-01-07,8,generation,avail_gen_mw,True,8716.0,8423.0,10251.0,1828.0,293.0,1063.0,4
G018,2022-01-07,9,generation,avail_gen_mw,True,8716.0,8423.0,10251.0,1828.0,293.0,1063.0,4
G018,2022-01-07,10,generation,avail_gen_mw,True,8716.0,8423.0,10251.0,1828.0,293.0,1063.0,4
G018,2022-01-07,11,generation,avail_gen_mw,True,8716.0,8423.0,10251.0,1828.0,293.0,1063.0,4
G018,2022-01-07,12,generation,avail_gen_mw,True,8716.0,8423.0,10251.0,1828.0,293.0,1063.0,4
G018,2022-01-07,13,generation,avail_gen_mw,True,8716.0,8423.0,10251.0,1828.0,293.0,1063.0,4
G018,2022-01-07,14,generation,avail_gen_mw,True,8716.0,8423.0,10251.0,1828.0,293.0,1063.0,4
G018,2022-01-07,15,generation,avail_gen_mw,True,8716.0,8423.0,9719.5,1296.5,293.0,1063.0,4
G018,2022-01-07,16,generation,avail_gen_mw,True,8716.0,8423.0,9719.5,1296.5,293.0,1063.0,4
G018,2022-01-07,17,generation,avail_gen_mw,True,8716.0,8423.0,9719.5,1296.5,293.0,1063.0,4
G018,2022-01-07,18,generation,avail_gen_mw,True,8716.0,8423.0,9719.5,1296.5,293.0,1063.0,4
G018,2022-01-07,19,generation,avail_gen_mw,True,8716.0,8423.0,9719.5,1296.5,293.0,1063.0,4
G018,2022-01-07,20,generation,avail_gen_mw,True,8716.0,8423.0,9719.5,1296.5,293.0,1063.0,4
G018,2022-01-07,21,generation,avail_gen_mw,True,8716.0,8423.0,9719.5,1296.5,293.0,1063.0,4
G018,2022-01-07,22,generation,avail_gen_mw,True,8716.0,8423.0,9719.5,1296.5,293.0,1063.0,4
G018,2022-01-07,23,generation,avail_gen_mw,True,8716.0,8423.0,9719.5,1296.5,293.0,1063.0,4
G053,2023-10-19,0,generation,avail_gen_mw,False,8468.0,8468.0,7968.0,-500.0,-0.0,1063.0,4
G053,2023-10-19,1,generation,avail_gen_mw,False,8468.0,8468.0,7968.0,-500.0,-0.0,1063.0,4
G053,2023-10-19,2,generation,avail_gen_mw,False,8468.0,8468.0,7968.0,-500.0,-0.0,1063.0,4
G053,2023-10-19,3,generation,avail_gen_mw,False,8468.0,8468.0,7968.0,-500.0,-0.0,1063.0,4
G053,2023-10-19,4,generation,avail_gen_mw,False,8468.0,8468.0,7968.0,-500.0,-0.0,1063.0,4
G053,2023-10-19,5,generation,avail_gen_mw,False,8468.0,8468.0,7968.0,-500.0,-0.0,1063.0,4
G053,2023-10-19,6,generation,avail_gen_mw,False,8468.0,8468.0,7968.0,-500.0,-0.0,1063.0,4
G053,2023-10-19,7,generation,avail_gen_mw,False,8468.0,8468.0,7968.0,-500.0,-0.0,1063.0,4
G053,2023-10-19,8,generation,avail_gen_mw,False,8468.0,8468.0,7840.5,-627.5,-0.0,1063.0,4
G053,2023-10-19,9,generation,avail_gen_mw,False,8468.0,8468.0,7840.5,-627.5,-0.0,1063.0,4
G053,2023-10-19,10,generation,avail_gen_mw,False,8468.0,8468.0,7840.5,-627.5,-0.0,1063.0,4
G053,2023-10-19,11,generation,avail_gen_mw,False,8468.0,8468.0,7840.5,-627.5,-0.0,1063.0,4
G053,2023-10-19,12,generation,avail_gen_mw,False,8468.0,8468.0,7780.5,-687.5,-0.0,1063.0,4
G053,2023-10-19,13,generation,avail_gen_mw,False,8468.0,8468.0,7780.5,-687.5,-0.0,1063.0,4
G053,2023-10-19,14,generation,avail_gen_mw,True,8468.0,8468.0,7780.5,-687.5,-0.0,1063.0,4
G053,2023-10-19,15,generation,avail_gen_mw,True,8468.0,7405.0,7623.5,218.5,1063.0,1063.0,4
G053,2023-10-19,16,generation,avail_gen_mw,True,8468.0,7405.0,7691.0,286.0,1063.0,1063.0,4
G053,2023-10-19,17,generation,avail_gen_mw,True,8468.0,7405.0,7691.0,286.0,1063.0,1063.0,4
G053,2023-10-19,18,generation,avail_gen_mw,True,8468.0,7405.0,7691.0,286.0,1063.0,1063.0,4
G053,2023-10-19,19,generation,avail_gen_mw,True,8468.0,7405.0,7691.0,286.0,1063.0,1063.0,4
G053,2023-10-19,20,generation,avail_gen_mw,True,8468.0,7405.0,7691.0,286.0,1063.0,1063.0,4
G053,2023-10-19,21,generation,avail_gen_mw,True,8468.0,7405.0,7691.0,286.0,1063.0,1063.0,4
G053,2023-10-19,22,generation,avail_gen_mw,True,8468.0,7405.0,7691.0,286.0,1063.0,1063.0,4
G053,2023-10-19,23,generation,avail_gen_mw,True,8468.0,7405.0,7691.0,286.0,1063.0,1063.0,4
G053,2023-10-20,0,generation,avail_gen_mw,True,8468.0,7405.0,7691.0,286.0,1063.0,1063.0,4
G053,2023-10-20,1,generation,avail_gen_mw,True,8468.0,7405.0,7691.0,286.0,1063.0,1063.0,4
G053,2023-10-20,2,generation,avail_gen_mw,True,8468.0,7405.0,7691.0,286.0,1063.0,1063.0,4
G053,2023-10-20,3,generation,avail_gen_mw,True,8468.0,7405.0,7691.0,286.0,1063.0,1063.0,4
G053,2023-10-20,4,generation,avail_gen_mw,True,8468.0,7405.0,7691.0,286.0,1063.0,1063.0,4
G053,2023-10-20,5,generation,avail_gen_mw,True,8468.0,7405.0,7691.0,286.0,1063.0,1063.0,4
G053,2023-10-20,6,generation,avail_gen_mw,True,8468.0,7405.0,7691.0,286.0,1063.0,1063.0,4
G053,2023-10-20,7,generation,avail_gen_mw,True,8468.0,7405.0,7691.0,286.0,1063.0,1063.0,4
G053,2023-10-20,8,generation,avail_gen_mw,True,8468.0,7405.0,7691.0,286.0,1063.0,1063.0,4
G053,2023-10-20,9,generation,avail_gen_mw,True,8468.0,7405.0,7691.0,286.0,1063.0,1063.0,4
G053,2023-10-20,10,generation,avail_gen_mw,True,8468.0,7405.0,7691.0,286.0,1063.0,1063.0,4
G053,2023-10-20,11,generation,avail_gen_mw,True,8468.0,7405.0,7691.0,286.0,1063.0,1063.0,4
G053,2023-10-20,12,generation,avail_gen_mw,True,8468.0,7405.0,7691.0,286.0,1063.0,1063.0,4
G053,2023-10-20,13,generation,avail_gen_mw,True,8468.0,7405.0,7691.0,286.0,1063.0,1063.0,4
G053,2023-10-20,14,generation,avail_gen_mw,True,8468.0,7405.0,7691.0,286.0,1063.0,1063.0,4
G053,2023-10-20,15,generation,avail_gen_mw,True,8468.0,7665.0,7691.0,26.0,803.0,1063.0,4
G053,2023-10-20,16,generation,avail_gen_mw,True,8468.0,7665.0,7691.0,26.0,803.0,1063.0,4
G053,2023-10-20,17,generation,avail_gen_mw,True,8468.0,7545.0,7691.0,146.0,923.0,1063.0,4
G053,2023-10-20,18,generation,avail_gen_mw,True,8468.0,7545.0,7691.0,146.0,923.0,1063.0,4
G053,2023-10-20,19,generation,avail_gen_mw,True,8468.0,7545.0,7691.0,146.0,923.0,1063.0,4
G053,2023-10-20,20,generation,avail_gen_mw,True,8468.0,7545.0,7691.0,146.0,923.0,1063.0,4
G053,2023-10-20,21,generation,avail_gen_mw,True,8468.0,7545.0,7691.0,146.0,923.0,1063.0,4
G053,2023-10-20,22,generation,avail_gen_mw,True,8468.0,7545.0,7691.0,146.0,923.0,1063.0,4
G053,2023-10-20,23,generation,avail_gen_mw,True,8468.0,7545.0,7691.0,146.0,923.0,1063.0,4
G053,2023-10-21,0,generation,avail_gen_mw,True,7405.0,7545.0,7691.0,146.0,-140.0,1063.0,4
G053,2023-10-21,1,generation,avail_gen_mw,True,7405.0,7545.0,7691.0,146.0,-140.0,1063.0,4
G053,2023-10-21,2,generation,avail_gen_mw,True,7405.0,7545.0,7691.0,146.0,-140.0,1063.0,4
G053,2023-10-21,3,generation,avail_gen_mw,True,7405.0,7545.0,7691.0,146.0,-140.0,1063.0,4
G053,2023-10-21,4,generation,avail_gen_mw,True,7405.0,7545.0,7691.0,146.0,-140.0,1063.0,4
G053,2023-10-21,5,generation,avail_gen_mw,True,7405.0,7545.0,7691.0,146.0,-140.0,1063.0,4
G053,2023-10-21,6,generation,avail_gen_mw,True,7405.0,7545.0,7691.0,146.0,-140.0,1063.0,4
G053,2023-10-21,7,generation,avail_gen_mw,True,7405.0,7545.0,7691.0,146.0,-140.0,1063.0,4
G053,2023-10-21,8,generation,avail_gen_mw,False,7405.0,8608.0,7691.0,-917.0,-1203.0,1063.0,4
G053,2023-10-21,9,generation,avail_gen_mw,False,7405.0,8608.0,7691.0,-917.0,-1203.0,1063.0,4
G053,2023-10-21,10,generation,avail_gen_mw,False,7405.0,8608.0,7691.0,-917.0,-1203.0,1063.0,4
G053,2023-10-21,11,generation,avail_gen_mw,False,7405.0,8608.0,7691.0,-917.0,-1203.0,1063.0,4
G053,2023-10-21,12,generation,avail_gen_mw,False,7405.0,8608.0,7691.0,-917.0,-1203.0,1063.0,4
G053,2023-10-21,13,generation,avail_gen_mw,False,7405.0,8608.0,7691.0,-917.0,-1203.0,1063.0,4
G053,2023-10-21,14,generation,avail_gen_mw,False,7405.0,8608.0,7691.0,-917.0,-1203.0,1063.0,4
G053,2023-10-21,15,generation,avail_gen_mw,False,7405.0,8045.0,7691.0,-354.0,-640.0,1063.0,4
G053,2023-10-21,16,generation,avail_gen_mw,False,7405.0,8045.0,7691.0,-354.0,-640.0,1063.0,4
G053,2023-10-21,17,generation,avail_gen_mw,False,7405.0,8045.0,7691.0,-354.0,-640.0,1063.0,4
G053,2023-10-21,18,generation,avail_gen_mw,False,7405.0,8045.0,7691.0,-354.0,-640.0,1063.0,4
G053,2023-10-21,19,generation,avail_gen_mw,False,7405.0,8045.0,7691.0,-354.0,-640.0,1063.0,4
G053,2023-10-21,20,generation,avail_gen_mw,False,7405.0,8045.0,7691.0,-354.0,-640.0,1063.0,4
G053,2023-10-21,21,generation,avail_gen_mw,False,7405.0,8045.0,7691.0,-354.0,-640.0,1063.0,4
G053,2023-10-21,22,generation,avail_gen_mw,False,7405.0,8045.0,7691.0,-354.0,-640.0,1063.0,4
G053,2023-10-21,23,generation,avail_gen_mw,False,7405.0,8045.0,7691.0,-354.0,-640.0,1063.0,4
G055,2023-11-29,0,generation,avail_gen_mw,False,9437.0,9606.0,9226.0,-380.0,-169.0,1134.0,4
G055,2023-11-29,1,generation,avail_gen_mw,True,9437.0,9606.0,9226.0,-380.0,-169.0,1134.0,4
G055,2023-11-29,2,generation,avail_gen_mw,True,9437.0,8472.0,9226.0,754.0,965.0,1134.0,4
G055,2023-11-29,3,generation,avail_gen_mw,True,9437.0,8472.0,9226.0,754.0,965.0,1134.0,4
G055,2023-11-29,4,generation,avail_gen_mw,True,9437.0,8472.0,9226.0,754.0,965.0,1134.0,4
G055,2023-11-29,5,generation,avail_gen_mw,True,9437.0,8472.0,9226.0,754.0,965.0,1134.0,4
G055,2023-11-29,6,generation,avail_gen_mw,True,9437.0,8472.0,9226.0,754.0,965.0,1134.0,4
G055,2023-11-29,7,generation,avail_gen_mw,True,9437.0,8472.0,9176.0,704.0,965.0,1134.0,4
G055,2023-11-29,8,generation,avail_gen_mw,True,9437.0,8472.0,9226.0,754.0,965.0,1134.0,4
G055,2023-11-29,9,generation,avail_gen_mw,True,9437.0,8472.0,9226.0,754.0,965.0,1134.0,4
G055,2023-11-29,10,generation,avail_gen_mw,True,9437.0,8472.0,9226.0,754.0,965.0,1134.0,4
G055,2023-11-29,11,generation,avail_gen_mw,True,9437.0,8472.0,9226.0,754.0,965.0,1134.0,4
G055,2023-11-29,12,generation,avail_gen_mw,True,9437.0,8472.0,9226.0,754.0,965.0,1134.0,4
G055,2023-11-29,13,generation,avail_gen_mw,True,9437.0,8472.0,9226.0,754.0,965.0,1134.0,4
G055,2023-11-29,14,generation,avail_gen_mw,True,9437.0,8472.0,9226.0,754.0,965.0,1134.0,4
G055,2023-11-29,15,generation,avail_gen_mw,True,9437.0,8472.0,9226.0,754.0,965.0,1134.0,4
G055,2023-11-29,16,generation,avail_gen_mw,True,9437.0,8472.0,9226.0,754.0,965.0,1134.0,4
G055,2023-11-29,17,generation,avail_gen_mw,True,9437.0,8472.0,9226.0,754.0,965.0,1134.0,4
G055,2023-11-29,18,generation,avail_gen_mw,True,9437.0,8472.0,9226.0,754.0,965.0,1134.0,4
G055,2023-11-29,19,generation,avail_gen_mw,True,9437.0,8472.0,9226.0,754.0,965.0,1134.0,4
G055,2023-11-29,20,generation,avail_gen_mw,True,9437.0,8472.0,9226.0,754.0,965.0,1134.0,4
G055,2023-11-29,21,generation,avail_gen_mw,True,9437.0,8472.0,9226.0,754.0,965.0,1134.0,4
G055,2023-11-29,22,generation,avail_gen_mw,True,9437.0,8472.0,9226.0,754.0,965.0,1134.0,4
G055,2023-11-29,23,generation,avail_gen_mw,True,9437.0,8472.0,9226.0,754.0,965.0,1134.0,4
G055,2023-11-30,0,generation,avail_gen_mw,True,8472.0,8472.0,9226.0,754.0,-0.0,1134.0,4
G055,2023-11-30,1,generation,avail_gen_mw,True,8472.0,8472.0,9226.0,754.0,-0.0,1134.0,4
G055,2023-11-30,2,generation,avail_gen_mw,True,8472.0,8472.0,9226.0,754.0,-0.0,1134.0,4
G055,2023-11-30,3,generation,avail_gen_mw,True,8472.0,8472.0,9226.0,754.0,-0.0,1134.0,4
G055,2023-11-30,4,generation,avail_gen_mw,True,8472.0,8472.0,9226.0,754.0,-0.0,1134.0,4
G055,2023-11-30,5,generation,avail_gen_mw,True,8472.0,8472.0,9226.0,754.0,-0.0,1134.0,4
G055,2023-11-30,6,generation,avail_gen_mw,True,8472.0,8472.0,9226.0,754.0,-0.0,1134.0,4
G055,2023-11-30,7,generation,avail_gen_mw,True,8472.0,8472.0,9136.0,664.0,-0.0,1134.0,4
G055,2023-11-30,8,generation,avail_gen_mw,True,8472.0,8472.0,9136.0,664.0,-0.0,1134.0,4
G055,2023-11-30,9,generation,avail_gen_mw,True,8472.0,8472.0,9136.0,664.0,-0.0,1134.0,4
G055,2023-11-30,10,generation,avail_gen_mw,True,8472.0,8472.0,9136.0,664.0,-0.0,1134.0,4
G055,2023-11-30,11,generation,avail_gen_mw,True,8472.0,8472.0,9136.0,664.0,-0.0,1134.0,4
G055,2023-11-30,12,generation,avail_gen_mw,True,8472.0,8472.0,9226.0,754.0,-0.0,1134.0,4
G055,2023-11-30,13,generation,avail_gen_mw,True,8472.0,8472.0,9226.0,754.0,-0.0,1134.0,4
G055,2023-11-30,14,generation,avail_gen_mw,True,8472.0,8472.0,9226.0,754.0,-0.0,1134.0,4
G055,2023-11-30,15,generation,avail_gen_mw,True,8472.0,8472.0,9226.0,754.0,-0.0,1134.0,4
G055,2023-11-30,16,generation,avail_gen_mw,True,8472.0,8472.0,9226.0,754.0,-0.0,1134.0,4
G055,2023-11-30,17,generation,avail_gen_mw,True,8472.0,8472.0,9226.0,754.0,-0.0,1134.0,4
G055,2023-11-30,18,generation,avail_gen_mw,True,8472.0,8472.0,9226.0,754.0,-0.0,1134.0,4
G055,2023-11-30,19,generation,avail_gen_mw,True,8472.0,8472.0,9226.0,754.0,-0.0,1134.0,4
G055,2023-11-30,20,generation,avail_gen_mw,True,8472.0,8472.0,9226.0,754.0,-0.0,1134.0,4
G055,2023-11-30,21,generation,avail_gen_mw,True,8472.0,8472.0,9226.0,754.0,-0.0,1134.0,4
G055,2023-11-30,22,generation,avail_gen_mw,True,8472.0,8472.0,9226.0,754.0,-0.0,1134.0,4
G055,2023-11-30,23,generation,avail_gen_mw,True,8472.0,8472.0,9226.0,754.0,-0.0,1134.0,4
G055,2023-12-01,0,generation,avail_gen_mw,True,8472.0,8472.0,9226.0,754.0,-0.0,1134.0,4
G055,2023-12-01,1,generation,avail_gen_mw,True,8472.0,8472.0,9226.0,754.0,-0.0,1134.0,4
G055,2023-12-01,2,generation,avail_gen_mw,True,8472.0,8472.0,9226.0,754.0,-0.0,1134.0,4
G055,2023-12-01,3,generation,avail_gen_mw,True,8472.0,8472.0,9226.0,754.0,-0.0,1134.0,4
G055,2023-12-01,4,generation,avail_gen_mw,True,8472.0,8472.0,9226.0,754.0,-0.0,1134.0,4
G055,2023-12-01,5,generation,avail_gen_mw,True,8472.0,8472.0,9226.0,754.0,-0.0,1134.0,4
G055,2023-12-01,6,generation,avail_gen_mw,True,8472.0,8472.0,9226.0,754.0,-0.0,1134.0,4
G055,2023-12-01,7,generation,avail_gen_mw,True,8472.0,8472.0,9226.0,754.0,-0.0,1134.0,4
G055,2023-12-01,8,generation,avail_gen_mw,True,8472.0,8472.0,9226.0,754.0,-0.0,1134.0,4
G055,2023-12-01,9,generation,avail_gen_mw,True,8472.0,8472.0,9226.0,754.0,-0.0,1134.0,4
G055,2023-12-01,10,generation,avail_gen_mw,True,8472.0,8372.0,9226.0,854.0,100.0,1134.0,4
G055,2023-12-01,11,generation,avail_gen_mw,True,8472.0,8372.0,9226.0,854.0,100.0,1134.0,4
G055,2023-12-01,12,generation,avail_gen_mw,True,8472.0,8472.0,9226.0,754.0,-0.0,1134.0,4
G055,2023-12-01,13,generation,avail_gen_mw,True,8472.0,8472.0,9226.0,754.0,-0.0,1134.0,4
G055,2023-12-01,14,generation,avail_gen_mw,True,8472.0,8472.0,9236.0,764.0,-0.0,1134.0,4
G055,2023-12-01,15,generation,avail_gen_mw,True,8472.0,8372.0,9241.0,869.0,100.0,1134.0,4
G055,2023-12-01,16,generation,avail_gen_mw,True,8472.0,8372.0,9286.0,914.0,100.0,1134.0,4
G055,2023-12-01,17,generation,avail_gen_mw,True,8472.0,8372.0,9286.0,914.0,100.0,1134.0,4
G055,2023-12-01,18,generation,avail_gen_mw,True,8472.0,8372.0,9286.0,914.0,100.0,1134.0,4
G055,2023-12-01,19,generation,avail_gen_mw,True,8472.0,8372.0,9286.0,914.0,100.0,1134.0,4
G055,2023-12-01,20,generation,avail_gen_mw,True,8472.0,8372.0,9286.0,914.0,100.0,1134.0,4
G055,2023-12-01,21,generation,avail_gen_mw,True,8472.0,8372.0,9286.0,914.0,100.0,1134.0,4
G055,2023-12-01,22,generation,avail_gen_mw,True,8472.0,8372.0,9286.0,914.0,100.0,1134.0,4
G055,2023-12-01,23,generation,avail_gen_mw,True,8472.0,8372.0,9286.0,914.0,100.0,1134.0,4
G055,2023-12-02,0,generation,avail_gen_mw,True,8472.0,8372.0,9286.0,914.0,100.0,1134.0,4
G055,2023-12-02,1,generation,avail_gen_mw,True,8472.0,8372.0,9286.0,914.0,100.0,1134.0,4
G055,2023-12-02,2,generation,avail_gen_mw,True,8472.0,8372.0,9136.0,764.0,100.0,1134.0,4
G055,2023-12-02,3,generation,avail_gen_mw,True,8472.0,8372.0,9086.0,714.0,100.0,1134.0,4
G055,2023-12-02,4,generation,avail_gen_mw,True,8472.0,8372.0,9086.0,714.0,100.0,1134.0,4
G055,2023-12-02,5,generation,avail_gen_mw,True,8472.0,8372.0,9136.0,764.0,100.0,1134.0,4
G055,2023-12-02,6,generation,avail_gen_mw,True,8472.0,8372.0,9136.0,764.0,100.0,1134.0,4
G055,2023-12-02,7,generation,avail_gen_mw,True,8472.0,8268.0,9136.0,868.0,204.0,1134.0,4
G055,2023-12-02,8,generation,avail_gen_mw,True,8472.0,8268.0,8774.5,506.5,204.0,1134.0,4
G055,2023-12-02,9,generation,avail_gen_mw,True,8472.0,8268.0,8774.5,506.5,204.0,1134.0,4
G055,2023-12-02,10,generation,avail_gen_mw,True,8472.0,8268.0,8640.0,372.0,204.0,1134.0,4
G055,2023-12-02,11,generation,avail_gen_mw,True,8472.0,8268.0,8640.0,372.0,204.0,1134.0,4
G055,2023-12-02,12,generation,avail_gen_mw,True,8472.0,8268.0,8774.5,506.5,204.0,1134.0,4
G055,2023-12-02,13,generation,avail_gen_mw,True,8472.0,8268.0,8774.5,506.5,204.0,1134.0,4
G055,2023-12-02,14,generation,avail_gen_mw,True,8472.0,8268.0,8821.0,553.0,204.0,1134.0,4
G055,2023-12-02,15,generation,avail_gen_mw,True,8472.0,8268.0,8821.0,553.0,204.0,1134.0,4
G055,2023-12-02,16,generation,avail_gen_mw,True,8472.0,8268.0,8821.0,553.0,204.0,1134.0,4
G055,2023-12-02,17,generation,avail_gen_mw,True,8472.0,8268.0,8821.0,553.0,204.0,1134.0,4
G055,2023-12-02,18,generation,avail_gen_mw,True,8472.0,8268.0,8821.0,553.0,204.0,1134.0,4
G055,2023-12-02,19,generation,avail_gen_mw,True,8472.0,8268.0,9136.0,868.0,204.0,1134.0,4
G055,2023-12-02,20,generation,avail_gen_mw,True,8472.0,8268.0,9136.0,868.0,204.0,1134.0,4
G055,2023-12-02,21,generation,avail_gen_mw,True,8472.0,8268.0,9136.0,868.0,204.0,1134.0,4
G055,2023-12-02,22,generation,avail_gen_mw,True,8472.0,8268.0,9136.0,868.0,204.0,1134.0,4
G055,2023-12-02,23,generation,avail_gen_mw,True,8472.0,8268.0,9136.0,868.0,204.0,1134.0,4
G055,2023-12-03,0,generation,avail_gen_mw,True,8268.0,8268.0,9136.0,868.0,-0.0,1134.0,4
G055,2023-12-03,1,generation,avail_gen_mw,True,8268.0,8268.0,9136.0,868.0,-0.0,1134.0,4
G055,2023-12-03,2,generation,avail_gen_mw,True,8268.0,8268.0,9136.0,868.0,-0.0,1134.0,4
G055,2023-12-03,3,generation,avail_gen_mw,True,8268.0,8268.0,9136.0,868.0,-0.0,1134.0,4
G055,2023-12-03,4,generation,avail_gen_mw,True,8268.0,8268.0,9136.0,868.0,-0.0,1134.0,4
G055,2023-12-03,5,generation,avail_gen_mw,True,8268.0,8268.0,9136.0,868.0,-0.0,1134.0,4
G055,2023-12-03,6,generation,avail_gen_mw,True,8268.0,8268.0,9136.0,868.0,-0.0,1134.0,4
G055,2023-12-03,7,generation,avail_gen_mw,True,8268.0,8268.0,9136.0,868.0,-0.0,1134.0,4
G055,2023-12-03,8,generation,avail_gen_mw,True,8268.0,8268.0,9136.0,868.0,-0.0,1134.0,4
G055,2023-12-03,9,generation,avail_gen_mw,True,8268.0,8268.0,9136.0,868.0,-0.0,1134.0,4
G055,2023-12-03,10,generation,avail_gen_mw,True,8268.0,8268.0,9136.0,868.0,-0.0,1134.0,4
G055,2023-12-03,11,generation,avail_gen_mw,True,8268.0,8268.0,9136.0,868.0,-0.0,1134.0,4
G055,2023-12-03,12,generation,avail_gen_mw,True,8268.0,8268.0,9136.0,868.0,-0.0,1134.0,4
G055,2023-12-03,13,generation,avail_gen_mw,True,8268.0,8268.0,9136.0,868.0,-0.0,1134.0,4
G055,2023-12-03,14,generation,avail_gen_mw,True,8268.0,8268.0,9136.0,868.0,-0.0,1134.0,4
G055,2023-12-03,15,generation,avail_gen_mw,True,8268.0,8268.0,9136.0,868.0,-0.0,1134.0,4
G055,2023-12-03,16,generation,avail_gen_mw,True,8268.0,8268.0,9136.0,868.0,-0.0,1134.0,4
G055,2023-12-03,17,generation,avail_gen_mw,True,8268.0,8268.0,9136.0,868.0,-0.0,1134.0,4
G055,2023-12-03,18,generation,avail_gen_mw,True,8268.0,8268.0,9136.0,868.0,-0.0,1134.0,4
G055,2023-12-03,19,generation,avail_gen_mw,True,8268.0,8268.0,9136.0,868.0,-0.0,1134.0,4
G055,2023-12-03,20,generation,avail_gen_mw,True,8268.0,8268.0,9136.0,868.0,-0.0,1134.0,4
G055,2023-12-03,21,generation,avail_gen_mw,True,8268.0,8268.0,9136.0,868.0,-0.0,1134.0,4
G055,2023-12-03,22,generation,avail_gen_mw,True,8268.0,8268.0,9136.0,868.0,-0.0,1134.0,4
G055,2023-12-03,23,generation,avail_gen_mw,True,8268.0,8268.0,9136.0,868.0,-0.0,1134.0,4
G055,2023-12-04,0,generation,avail_gen_mw,True,8268.0,8268.0,9136.0,868.0,-0.0,1134.0,4
G055,2023-12-04,1,generation,avail_gen_mw,True,8268.0,8268.0,9136.0,868.0,-0.0,1134.0,4
G055,2023-12-04,2,generation,avail_gen_mw,True,8268.0,8268.0,9136.0,868.0,-0.0,1134.0,4
G055,2023-12-04,3,generation,avail_gen_mw,False,8268.0,9402.0,9136.0,-266.0,-1134.0,1134.0,4
G055,2023-12-04,4,generation,avail_gen_mw,False,8268.0,9402.0,9136.0,-266.0,-1134.0,1134.0,4
G055,2023-12-04,5,generation,avail_gen_mw,False,8268.0,9402.0,9136.0,-266.0,-1134.0,1134.0,4
G055,2023-12-04,6,generation,avail_gen_mw,False,8268.0,9402.0,9136.0,-266.0,-1134.0,1134.0,4
G055,2023-12-04,7,generation,avail_gen_mw,False,8268.0,9402.0,9136.0,-266.0,-1134.0,1134.0,4
G055,2023-12-04,8,generation,avail_gen_mw,False,8268.0,9402.0,9136.0,-266.0,-1134.0,1134.0,4
G055,2023-12-04,9,generation,avail_gen_mw,False,8268.0,9402.0,9136.0,-266.0,-1134.0,1134.0,4
G055,2023-12-04,10,generation,avail_gen_mw,False,8268.0,9402.0,9136.0,-266.0,-1134.0,1134.0,4
G055,2023-12-04,11,generation,avail_gen_mw,False,8268.0,9402.0,9136.0,-266.0,-1134.0,1134.0,4
G055,2023-12-04,12,generation,avail_gen_mw,False,8268.0,9402.0,9136.0,-266.0,-1134.0,1134.0,4
G055,2023-12-04,13,generation,avail_gen_mw,False,8268.0,9402.0,9136.0,-266.0,-1134.0,1134.0,4
G055,2023-12-04,14,generation,avail_gen_mw,False,8268.0,9402.0,9136.0,-266.0,-1134.0,1134.0,4
G055,2023-12-04,15,generation,avail_gen_mw,False,8268.0,9506.0,9286.0,-220.0,-1238.0,1134.0,4
G055,2023-12-04,16,generation,avail_gen_mw,False,8268.0,9506.0,9286.0,-220.0,-1238.0,1134.0,4
G055,2023-12-04,17,generation,avail_gen_mw,False,8268.0,8912.0,9286.0,374.0,-644.0,1134.0,4
G055,2023-12-04,18,generation,avail_gen_mw,False,8268.0,8912.0,9286.0,374.0,-644.0,1134.0,4
G055,2023-12-04,19,generation,avail_gen_mw,False,8268.0,8912.0,9286.0,374.0,-644.0,1134.0,4
G055,2023-12-04,20,generation,avail_gen_mw,False,8268.0,8912.0,9286.0,374.0,-644.0,1134.0,4
G055,2023-12-04,21,generation,avail_gen_mw,False,8268.0,8912.0,9286.0,374.0,-644.0,1134.0,4
G055,2023-12-04,22,generation,avail_gen_mw,False,8268.0,8912.0,9286.0,374.0,-644.0,1134.0,4
G055,2023-12-04,23,generation,avail_gen_mw,False,8268.0,8912.0,9286.0,374.0,-644.0,1134.0,4
G060,2024-03-16,0,generation,avail_gen_mw,False,9010.0,9010.0,9075.0,65.0,-0.0,1172.0,4
G060,2024-03-16,1,generation,avail_gen_mw,False,9010.0,9010.0,9075.0,65.0,-0.0,1172.0,4
G060,2024-03-16,2,generation,avail_gen_mw,False,9010.0,9010.0,9075.0,65.0,-0.0,1172.0,4
G060,2024-03-16,3,generation,avail_gen_mw,False,9010.0,9010.0,9075.0,65.0,-0.0,1172.0,4
G060,2024-03-16,4,generation,avail_gen_mw,False,9010.0,9010.0,9075.0,65.0,-0.0,1172.0,4
G060,2024-03-16,5,generation,avail_gen_mw,False,9010.0,9010.0,9075.0,65.0,-0.0,1172.0,4
G060,2024-03-16,6,generation,avail_gen_mw,False,9010.0,9010.0,9075.0,65.0,-0.0,1172.0,4
G060,2024-03-16,7,generation,avail_gen_mw,False,9010.0,9010.0,9075.0,65.0,-0.0,1172.0,4
G060,2024-03-16,8,generation,avail_gen_mw,False,9010.0,9010.0,9075.0,65.0,-0.0,1172.0,4
G060,2024-03-16,9,generation,avail_gen_mw,False,9010.0,9010.0,9075.0,65.0,-0.0,1172.0,4
G060,2024-03-16,10,generation,avail_gen_mw,False,9010.0,9010.0,9075.0,65.0,-0.0,1172.0,4
G060,2024-03-16,11,generation,avail_gen_mw,False,9010.0,9010.0,8889.0,-121.0,-0.0,1172.0,4
G060,2024-03-16,12,generation,avail_gen_mw,False,9010.0,9010.0,8889.0,-121.0,-0.0,1172.0,4
G060,2024-03-16,13,generation,avail_gen_mw,False,9010.0,9010.0,9075.0,65.0,-0.0,1172.0,4
G060,2024-03-16,14,generation,avail_gen_mw,False,9010.0,9010.0,9075.0,65.0,-0.0,1172.0,4
G060,2024-03-16,15,generation,avail_gen_mw,False,9010.0,9010.0,9075.0,65.0,-0.0,1172.0,4
G060,2024-03-16,16,generation,avail_gen_mw,False,9010.0,9010.0,9075.0,65.0,-0.0,1172.0,4
G060,2024-03-16,17,generation,avail_gen_mw,True,9010.0,7838.0,9075.0,1237.0,1172.0,1172.0,4
G060,2024-03-16,18,generation,avail_gen_mw,True,9010.0,7838.0,9075.0,1237.0,1172.0,1172.0,4
G060,2024-03-16,19,generation,avail_gen_mw,True,9010.0,7838.0,9075.0,1237.0,1172.0,1172.0,4
G060,2024-03-16,20,generation,avail_gen_mw,True,9010.0,7838.0,9075.0,1237.0,1172.0,1172.0,4
G060,2024-03-16,21,generation,avail_gen_mw,True,9010.0,7838.0,9075.0,1237.0,1172.0,1172.0,4
G060,2024-03-16,22,generation,avail_gen_mw,True,9010.0,7838.0,9075.0,1237.0,1172.0,1172.0,4
G060,2024-03-16,23,generation,avail_gen_mw,True,9010.0,7838.0,9075.0,1237.0,1172.0,1172.0,4
G060,2024-03-17,0,generation,avail_gen_mw,True,9010.0,7838.0,9075.0,1237.0,1172.0,1172.0,4
G060,2024-03-17,1,generation,avail_gen_mw,True,9010.0,7838.0,9075.0,1237.0,1172.0,1172.0,4
G060,2024-03-17,2,generation,avail_gen_mw,True,9010.0,7838.0,9075.0,1237.0,1172.0,1172.0,4
G060,2024-03-17,3,generation,avail_gen_mw,True,9010.0,7838.0,9075.0,1237.0,1172.0,1172.0,4
G060,2024-03-17,4,generation,avail_gen_mw,True,9010.0,7838.0,9075.0,1237.0,1172.0,1172.0,4
G060,2024-03-17,5,generation,avail_gen_mw,True,9010.0,7838.0,9075.0,1237.0,1172.0,1172.0,4
G060,2024-03-17,6,generation,avail_gen_mw,True,9010.0,7838.0,9075.0,1237.0,1172.0,1172.0,4
G060,2024-03-17,7,generation,avail_gen_mw,True,9010.0,7838.0,9075.0,1237.0,1172.0,1172.0,4
G060,2024-03-17,8,generation,avail_gen_mw,True,9010.0,7838.0,9075.0,1237.0,1172.0,1172.0,4
G060,2024-03-17,9,generation,avail_gen_mw,True,9010.0,7838.0,9075.0,1237.0,1172.0,1172.0,4
G060,2024-03-17,10,generation,avail_gen_mw,True,9010.0,7838.0,9075.0,1237.0,1172.0,1172.0,4
G060,2024-03-17,11,generation,avail_gen_mw,True,9010.0,7838.0,9075.0,1237.0,1172.0,1172.0,4
G060,2024-03-17,12,generation,avail_gen_mw,True,9010.0,7838.0,9075.0,1237.0,1172.0,1172.0,4
G060,2024-03-17,13,generation,avail_gen_mw,True,9010.0,7838.0,9075.0,1237.0,1172.0,1172.0,4
G060,2024-03-17,14,generation,avail_gen_mw,True,9010.0,7838.0,9075.0,1237.0,1172.0,1172.0,4
G060,2024-03-17,15,generation,avail_gen_mw,True,9010.0,7838.0,9075.0,1237.0,1172.0,1172.0,4
G060,2024-03-17,16,generation,avail_gen_mw,True,9010.0,7838.0,9075.0,1237.0,1172.0,1172.0,4
G060,2024-03-17,17,generation,avail_gen_mw,True,9010.0,7838.0,9075.0,1237.0,1172.0,1172.0,4
G060,2024-03-17,18,generation,avail_gen_mw,True,9010.0,7838.0,9075.0,1237.0,1172.0,1172.0,4
G060,2024-03-17,19,generation,avail_gen_mw,True,9010.0,7838.0,9075.0,1237.0,1172.0,1172.0,4
G060,2024-03-17,20,generation,avail_gen_mw,True,9010.0,7838.0,9075.0,1237.0,1172.0,1172.0,4
G060,2024-03-17,21,generation,avail_gen_mw,True,9010.0,7838.0,9075.0,1237.0,1172.0,1172.0,4
G060,2024-03-17,22,generation,avail_gen_mw,True,9010.0,7838.0,9075.0,1237.0,1172.0,1172.0,4
G060,2024-03-17,23,generation,avail_gen_mw,True,9010.0,7838.0,9075.0,1237.0,1172.0,1172.0,4
G060,2024-03-18,0,generation,avail_gen_mw,True,7838.0,7838.0,9075.0,1237.0,-0.0,1172.0,4
G060,2024-03-18,1,generation,avail_gen_mw,True,7838.0,7838.0,9075.0,1237.0,-0.0,1172.0,4
G060,2024-03-18,2,generation,avail_gen_mw,True,7838.0,7838.0,9075.0,1237.0,-0.0,1172.0,4
G060,2024-03-18,3,generation,avail_gen_mw,True,7838.0,7838.0,9075.0,1237.0,-0.0,1172.0,4
G060,2024-03-18,4,generation,avail_gen_mw,True,7838.0,7838.0,9075.0,1237.0,-0.0,1172.0,4
G060,2024-03-18,5,generation,avail_gen_mw,True,7838.0,7838.0,9075.0,1237.0,-0.0,1172.0,4
G060,2024-03-18,6,generation,avail_gen_mw,True,7838.0,7838.0,9075.0,1237.0,-0.0,1172.0,4
G060,2024-03-18,7,generation,avail_gen_mw,True,7838.0,7838.0,9075.0,1237.0,-0.0,1172.0,4
G060,2024-03-18,8,generation,avail_gen_mw,True,7838.0,7838.0,9075.0,1237.0,-0.0,1172.0,4
G060,2024-03-18,9,generation,avail_gen_mw,True,7838.0,7838.0,9075.0,1237.0,-0.0,1172.0,4
G060,2024-03-18,10,generation,avail_gen_mw,True,7838.0,7838.0,9075.0,1237.0,-0.0,1172.0,4
G060,2024-03-18,11,generation,avail_gen_mw,True,7838.0,7838.0,9075.0,1237.0,-0.0,1172.0,4
G060,2024-03-18,12,generation,avail_gen_mw,True,7838.0,7838.0,9075.0,1237.0,-0.0,1172.0,4
G060,2024-03-18,13,generation,avail_gen_mw,True,7838.0,7838.0,9075.0,1237.0,-0.0,1172.0,4
G060,2024-03-18,14,generation,avail_gen_mw,True,7838.0,7838.0,9075.0,1237.0,-0.0,1172.0,4
G060,2024-03-18,15,generation,avail_gen_mw,True,7838.0,7838.0,9075.0,1237.0,-0.0,1172.0,4
G060,2024-03-18,16,generation,avail_gen_mw,True,7838.0,7838.0,9075.0,1237.0,-0.0,1172.0,4
G060,2024-03-18,17,generation,avail_gen_mw,True,7838.0,7838.0,9075.0,1237.0,-0.0,1172.0,4
G060,2024-03-18,18,generation,avail_gen_mw,True,7838.0,7838.0,9075.0,1237.0,-0.0,1172.0,4
G060,2024-03-18,19,generation,avail_gen_mw,True,7838.0,7838.0,9075.0,1237.0,-0.0,1172.0,4
G060,2024-03-18,20,generation,avail_gen_mw,True,7838.0,7838.0,9075.0,1237.0,-0.0,1172.0,4
G060,2024-03-18,21,generation,avail_gen_mw,True,7838.0,7838.0,9075.0,1237.0,-0.0,1172.0,4
G060,2024-03-18,22,generation,avail_gen_mw,True,7838.0,7838.0,9075.0,1237.0,-0.0,1172.0,4
G060,2024-03-18,23,generation,avail_gen_mw,True,7838.0,7838.0,9075.0,1237.0,-0.0,1172.0,4
G060,2024-03-19,0,generation,avail_gen_mw,True,7838.0,7838.0,9075.0,1237.0,-0.0,1172.0,4
G060,2024-03-19,1,generation,avail_gen_mw,True,7838.0,7838.0,9075.0,1237.0,-0.0,1172.0,4
G060,2024-03-19,2,generation,avail_gen_mw,True,7838.0,7838.0,9075.0,1237.0,-0.0,1172.0,4
G060,2024-03-19,3,generation,avail_gen_mw,True,7838.0,7838.0,9075.0,1237.0,-0.0,1172.0,4
G060,2024-03-19,4,generation,avail_gen_mw,True,7838.0,7838.0,9075.0,1237.0,-0.0,1172.0,4
G060,2024-03-19,5,generation,avail_gen_mw,True,7838.0,7838.0,9075.0,1237.0,-0.0,1172.0,4
G060,2024-03-19,6,generation,avail_gen_mw,True,7838.0,7838.0,9075.0,1237.0,-0.0,1172.0,4
G060,2024-03-19,7,generation,avail_gen_mw,True,7838.0,7838.0,9075.0,1237.0,-0.0,1172.0,4
G060,2024-03-19,8,generation,avail_gen_mw,True,7838.0,7838.0,9075.0,1237.0,-0.0,1172.0,4
G060,2024-03-19,9,generation,avail_gen_mw,True,7838.0,7838.0,9075.0,1237.0,-0.0,1172.0,4
G060,2024-03-19,10,generation,avail_gen_mw,True,7838.0,7838.0,9075.0,1237.0,-0.0,1172.0,4
G060,2024-03-19,11,generation,avail_gen_mw,True,7838.0,7838.0,9075.0,1237.0,-0.0,1172.0,4
G060,2024-03-19,12,generation,avail_gen_mw,True,7838.0,7838.0,9075.0,1237.0,-0.0,1172.0,4
G060,2024-03-19,13,generation,avail_gen_mw,True,7838.0,7838.0,9075.0,1237.0,-0.0,1172.0,4
G060,2024-03-19,14,generation,avail_gen_mw,True,7838.0,7838.0,9075.0,1237.0,-0.0,1172.0,4
G060,2024-03-19,15,generation,avail_gen_mw,True,7838.0,7838.0,9075.0,1237.0,-0.0,1172.0,4
G060,2024-03-19,16,generation,avail_gen_mw,True,7838.0,7838.0,9075.0,1237.0,-0.0,1172.0,4
G060,2024-03-19,17,generation,avail_gen_mw,True,7838.0,7838.0,9075.0,1237.0,-0.0,1172.0,4
G060,2024-03-19,18,generation,avail_gen_mw,True,7838.0,7838.0,9075.0,1237.0,-0.0,1172.0,4
G060,2024-03-19,19,generation,avail_gen_mw,True,7838.0,7838.0,9075.0,1237.0,-0.0,1172.0,4
G060,2024-03-19,20,generation,avail_gen_mw,True,7838.0,7838.0,9075.0,1237.0,-0.0,1172.0,4
G060,2024-03-19,21,generation,avail_gen_mw,True,7838.0,7838.0,9075.0,1237.0,-0.0,1172.0,4
G060,2024-03-19,22,generation,avail_gen_mw,True,7838.0,7838.0,9075.0,1237.0,-0.0,1172.0,4
G060,2024-03-19,23,generation,avail_gen_mw,True,7838.0,7838.0,9075.0,1237.0,-0.0,1172.0,4
G060,2024-03-20,0,generation,avail_gen_mw,True,7838.0,7838.0,9075.0,1237.0,-0.0,1172.0,4
G060,2024-03-20,1,generation,avail_gen_mw,True,7838.0,7838.0,9075.0,1237.0,-0.0,1172.0,4
G060,2024-03-20,2,generation,avail_gen_mw,True,7838.0,7838.0,9075.0,1237.0,-0.0,1172.0,4
G060,2024-03-20,3,generation,avail_gen_mw,True,7838.0,7838.0,9075.0,1237.0,-0.0,1172.0,4
G060,2024-03-20,4,generation,avail_gen_mw,True,7838.0,7838.0,9075.0,1237.0,-0.0,1172.0,4
G060,2024-03-20,5,generation,avail_gen_mw,True,7838.0,7838.0,9075.0,1237.0,-0.0,1172.0,4
G060,2024-03-20,6,generation,avail_gen_mw,True,7838.0,7838.0,9075.0,1237.0,-0.0,1172.0,4
G060,2024-03-20,7,generation,avail_gen_mw,True,7838.0,7838.0,9075.0,1237.0,-0.0,1172.0,4
G060,2024-03-20,8,generation,avail_gen_mw,True,7838.0,7838.0,9075.0,1237.0,-0.0,1172.0,4
G060,2024-03-20,9,generation,avail_gen_mw,True,7838.0,7838.0,9075.0,1237.0,-0.0,1172.0,4
G060,2024-03-20,10,generation,avail_gen_mw,True,7838.0,7838.0,9075.0,1237.0,-0.0,1172.0,4
G060,2024-03-20,11,generation,avail_gen_mw,True,7838.0,7838.0,9075.0,1237.0,-0.0,1172.0,4
G060,2024-03-20,12,generation,avail_gen_mw,True,7838.0,7838.0,9075.0,1237.0,-0.0,1172.0,4
G060,2024-03-20,13,generation,avail_gen_mw,True,7838.0,7838.0,9075.0,1237.0,-0.0,1172.0,4
G060,2024-03-20,14,generation,avail_gen_mw,True,7838.0,7838.0,9075.0,1237.0,-0.0,1172.0,4
G060,2024-03-20,15,generation,avail_gen_mw,True,7838.0,7838.0,9075.0,1237.0,-0.0,1172.0,4
G060,2024-03-20,16,generation,avail_gen_mw,True,7838.0,7838.0,9075.0,1237.0,-0.0,1172.0,4
G060,2024-03-20,17,generation,avail_gen_mw,True,7838.0,7838.0,9075.0,1237.0,-0.0,1172.0,4
G060,2024-03-20,18,generation,avail_gen_mw,True,7838.0,7838.0,9075.0,1237.0,-0.0,1172.0,4
G060,2024-03-20,19,generation,avail_gen_mw,True,7838.0,7838.0,9075.0,1237.0,-0.0,1172.0,4
G060,2024-03-20,20,generation,avail_gen_mw,True,7838.0,7838.0,9075.0,1237.0,-0.0,1172.0,4
G060,2024-03-20,21,generation,avail_gen_mw,True,7838.0,7838.0,9075.0,1237.0,-0.0,1172.0,4
G060,2024-03-20,22,generation,avail_gen_mw,True,7838.0,7838.0,9075.0,1237.0,-0.0,1172.0,4
G060,2024-03-20,23,generation,avail_gen_mw,True,7838.0,7838.0,9075.0,1237.0,-0.0,1172.0,4
G060,2024-03-21,0,generation,avail_gen_mw,True,7838.0,7838.0,9075.0,1237.0,-0.0,1172.0,4
G060,2024-03-21,1,generation,avail_gen_mw,True,7838.0,7838.0,9075.0,1237.0,-0.0,1172.0,4
G060,2024-03-21,2,generation,avail_gen_mw,True,7838.0,7838.0,9075.0,1237.0,-0.0,1172.0,4
G060,2024-03-21,3,generation,avail_gen_mw,True,7838.0,7838.0,9075.0,1237.0,-0.0,1172.0,4
G060,2024-03-21,4,generation,avail_gen_mw,True,7838.0,7838.0,9075.0,1237.0,-0.0,1172.0,4
G060,2024-03-21,5,generation,avail_gen_mw,True,7838.0,7838.0,9075.0,1237.0,-0.0,1172.0,4
G060,2024-03-21,6,generation,avail_gen_mw,True,7838.0,7838.0,9075.0,1237.0,-0.0,1172.0,4
G060,2024-03-21,7,generation,avail_gen_mw,True,7838.0,7838.0,9075.0,1237.0,-0.0,1172.0,4
G060,2024-03-21,8,generation,avail_gen_mw,True,7838.0,7838.0,9075.0,1237.0,-0.0,1172.0,4
G060,2024-03-21,9,generation,avail_gen_mw,True,7838.0,7838.0,9075.0,1237.0,-0.0,1172.0,4
G060,2024-03-21,10,generation,avail_gen_mw,True,7838.0,7838.0,9075.0,1237.0,-0.0,1172.0,4
G060,2024-03-21,11,generation,avail_gen_mw,True,7838.0,7838.0,9075.0,1237.0,-0.0,1172.0,4
G060,2024-03-21,12,generation,avail_gen_mw,True,7838.0,7838.0,9075.0,1237.0,-0.0,1172.0,4
G060,2024-03-21,13,generation,avail_gen_mw,True,7838.0,7838.0,9075.0,1237.0,-0.0,1172.0,4
G060,2024-03-21,14,generation,avail_gen_mw,True,7838.0,7838.0,9075.0,1237.0,-0.0,1172.0,4
G060,2024-03-21,15,generation,avail_gen_mw,True,7838.0,7838.0,9075.0,1237.0,-0.0,1172.0,4
G060,2024-03-21,16,generation,avail_gen_mw,True,7838.0,7838.0,9075.0,1237.0,-0.0,1172.0,4
G060,2024-03-21,17,generation,avail_gen_mw,True,7838.0,7838.0,9075.0,1237.0,-0.0,1172.0,4
G060,2024-03-21,18,generation,avail_gen_mw,True,7838.0,7838.0,9075.0,1237.0,-0.0,1172.0,4
G060,2024-03-21,19,generation,avail_gen_mw,True,7838.0,7838.0,9075.0,1237.0,-0.0,1172.0,4
G060,2024-03-21,20,generation,avail_gen_mw,True,7838.0,7838.0,9075.0,1237.0,-0.0,1172.0,4
G060,2024-03-21,21,generation,avail_gen_mw,True,7838.0,7838.0,9075.0,1237.0,-0.0,1172.0,4
G060,2024-03-21,22,generation,avail_gen_mw,True,7838.0,7838.0,9075.0,1237.0,-0.0,1172.0,4
G060,2024-03-21,23,generation,avail_gen_mw,True,7838.0,7838.0,9075.0,1237.0,-0.0,1172.0,4
G060,2024-03-22,0,generation,avail_gen_mw,True,7838.0,7838.0,9010.0,1172.0,-0.0,1172.0,4
G060,2024-03-22,1,generation,avail_gen_mw,True,7838.0,7838.0,9010.0,1172.0,-0.0,1172.0,4
G060,2024-03-22,2,generation,avail_gen_mw,False,7838.0,9010.0,9010.0,-0.0,-1172.0,1172.0,4
G060,2024-03-22,3,generation,avail_gen_mw,False,7838.0,9010.0,9010.0,-0.0,-1172.0,1172.0,4
G060,2024-03-22,4,generation,avail_gen_mw,False,7838.0,9010.0,9010.0,-0.0,-1172.0,1172.0,4
G060,2024-03-22,5,generation,avail_gen_mw,False,7838.0,9010.0,9010.0,-0.0,-1172.0,1172.0,4
G060,2024-03-22,6,generation,avail_gen_mw,False,7838.0,9010.0,9010.0,-0.0,-1172.0,1172.0,4
G060,2024-03-22,7,generation,avail_gen_mw,False,7838.0,9010.0,9010.0,-0.0,-1172.0,1172.0,4
G060,2024-03-22,8,generation,avail_gen_mw,False,7838.0,9010.0,9010.0,-0.0,-1172.0,1172.0,4
G060,2024-03-22,9,generation,avail_gen_mw,False,7838.0,9010.0,9010.0,-0.0,-1172.0,1172.0,4
G060,2024-03-22,10,generation,avail_gen_mw,False,7838.0,9010.0,9010.0,-0.0,-1172.0,1172.0,4
G060,2024-03-22,11,generation,avail_gen_mw,False,7838.0,9010.0,9010.0,-0.0,-1172.0,1172.0,4
G060,2024-03-22,12,generation,avail_gen_mw,False,7838.0,9010.0,9010.0,-0.0,-1172.0,1172.0,4
G060,2024-03-22,13,generation,avail_gen_mw,False,7838.0,9010.0,9010.0,-0.0,-1172.0,1172.0,4
G060,2024-03-22,14,generation,avail_gen_mw,False,7838.0,9010.0,9010.0,-0.0,-1172.0,1172.0,4
G060,2024-03-22,15,generation,avail_gen_mw,False,7838.0,9010.0,9010.0,-0.0,-1172.0,1172.0,4
G060,2024-03-22,16,generation,avail_gen_mw,False,7838.0,9010.0,9010.0,-0.0,-1172.0,1172.0,4
G060,2024-03-22,17,generation,avail_gen_mw,False,7838.0,9010.0,9010.0,-0.0,-1172.0,1172.0,4
G060,2024-03-22,18,generation,avail_gen_mw,False,7838.0,9010.0,9010.0,-0.0,-1172.0,1172.0,4
G060,2024-03-22,19,generation,avail_gen_mw,False,7838.0,9010.0,9010.0,-0.0,-1172.0,1172.0,4
G060,2024-03-22,20,generation,avail_gen_mw,False,7838.0,9010.0,9010.0,-0.0,-1172.0,1172.0,4
G060,2024-03-22,21,generation,avail_gen_mw,False,7838.0,9010.0,9010.0,-0.0,-1172.0,1172.0,4
G060,2024-03-22,22,generation,avail_gen_mw,False,7838.0,9010.0,9010.0,-0.0,-1172.0,1172.0,4
G060,2024-03-22,23,generation,avail_gen_mw,False,7838.0,9010.0,9010.0,-0.0,-1172.0,1172.0,4
G074,2025-02-05,0,generation,avail_gen_mw,False,8819.0,8819.0,8119.0,-700.0,-0.0,1172.0,4
G074,2025-02-05,1,generation,avail_gen_mw,False,8819.0,8819.0,8119.0,-700.0,-0.0,1172.0,4
G074,2025-02-05,2,generation,avail_gen_mw,False,8819.0,8819.0,8119.0,-700.0,-0.0,1172.0,4
G074,2025-02-05,3,generation,avail_gen_mw,False,8819.0,8819.0,8119.0,-700.0,-0.0,1172.0,4
G074,2025-02-05,4,generation,avail_gen_mw,False,8819.0,8819.0,8119.0,-700.0,-0.0,1172.0,4
G074,2025-02-05,5,generation,avail_gen_mw,False,8819.0,8819.0,8119.0,-700.0,-0.0,1172.0,4
G074,2025-02-05,6,generation,avail_gen_mw,False,8819.0,8819.0,8119.0,-700.0,-0.0,1172.0,4
G074,2025-02-05,7,generation,avail_gen_mw,False,8819.0,8819.0,8119.0,-700.0,-0.0,1172.0,4
G074,2025-02-05,8,generation,avail_gen_mw,False,8819.0,8819.0,8119.0,-700.0,-0.0,1172.0,4
G074,2025-02-05,9,generation,avail_gen_mw,False,8819.0,8819.0,8119.0,-700.0,-0.0,1172.0,4
G074,2025-02-05,10,generation,avail_gen_mw,False,8819.0,9291.0,8119.0,-1172.0,-472.0,1172.0,4
G074,2025-02-05,11,generation,avail_gen_mw,False,8819.0,8819.0,8119.0,-700.0,-0.0,1172.0,4
G074,2025-02-05,12,generation,avail_gen_mw,False,8819.0,8819.0,8119.0,-700.0,-0.0,1172.0,4
G074,2025-02-05,13,generation,avail_gen_mw,False,8819.0,8819.0,8119.0,-700.0,-0.0,1172.0,4
G074,2025-02-05,14,generation,avail_gen_mw,False,8819.0,8819.0,8119.0,-700.0,-0.0,1172.0,4
G074,2025-02-05,15,generation,avail_gen_mw,False,8819.0,8819.0,8119.0,-700.0,-0.0,1172.0,4
G074,2025-02-05,16,generation,avail_gen_mw,False,8819.0,8819.0,8119.0,-700.0,-0.0,1172.0,4
G074,2025-02-05,17,generation,avail_gen_mw,False,8819.0,8819.0,8119.0,-700.0,-0.0,1172.0,4
G074,2025-02-05,18,generation,avail_gen_mw,True,8819.0,8119.0,8119.0,-0.0,700.0,1172.0,4
G074,2025-02-05,19,generation,avail_gen_mw,True,8819.0,8119.0,8119.0,-0.0,700.0,1172.0,4
G074,2025-02-05,20,generation,avail_gen_mw,True,8819.0,8119.0,8119.0,-0.0,700.0,1172.0,4
G074,2025-02-05,21,generation,avail_gen_mw,True,8819.0,8119.0,8119.0,-0.0,700.0,1172.0,4
G074,2025-02-05,22,generation,avail_gen_mw,True,8819.0,8119.0,8119.0,-0.0,700.0,1172.0,4
G074,2025-02-05,23,generation,avail_gen_mw,True,8819.0,8119.0,8119.0,-0.0,700.0,1172.0,4
G074,2025-02-06,0,generation,avail_gen_mw,True,8819.0,8119.0,8119.0,-0.0,700.0,1172.0,4
G074,2025-02-06,1,generation,avail_gen_mw,True,8819.0,8119.0,8119.0,-0.0,700.0,1172.0,4
G074,2025-02-06,2,generation,avail_gen_mw,True,8819.0,8119.0,8119.0,-0.0,700.0,1172.0,4
G074,2025-02-06,3,generation,avail_gen_mw,True,8819.0,8119.0,8119.0,-0.0,700.0,1172.0,4
G074,2025-02-06,4,generation,avail_gen_mw,True,8819.0,8119.0,8119.0,-0.0,700.0,1172.0,4
G074,2025-02-06,5,generation,avail_gen_mw,True,8819.0,8119.0,8069.0,-50.0,700.0,1172.0,4
G074,2025-02-06,6,generation,avail_gen_mw,True,8819.0,8119.0,8119.0,-0.0,700.0,1172.0,4
G074,2025-02-06,7,generation,avail_gen_mw,True,8819.0,8119.0,8069.0,-50.0,700.0,1172.0,4
G074,2025-02-06,8,generation,avail_gen_mw,True,8819.0,8119.0,8069.0,-50.0,700.0,1172.0,4
G074,2025-02-06,9,generation,avail_gen_mw,True,8819.0,8119.0,8069.0,-50.0,700.0,1172.0,4
G074,2025-02-06,10,generation,avail_gen_mw,True,8819.0,8119.0,8069.0,-50.0,700.0,1172.0,4
G074,2025-02-06,11,generation,avail_gen_mw,True,8819.0,8119.0,8069.0,-50.0,700.0,1172.0,4
G074,2025-02-06,12,generation,avail_gen_mw,True,8819.0,8119.0,7989.0,-130.0,700.0,1172.0,4
G074,2025-02-06,13,generation,avail_gen_mw,True,8819.0,8119.0,7989.0,-130.0,700.0,1172.0,4
G074,2025-02-06,14,generation,avail_gen_mw,True,8819.0,8119.0,8119.0,-0.0,700.0,1172.0,4
G074,2025-02-06,15,generation,avail_gen_mw,True,8819.0,8119.0,8069.0,-50.0,700.0,1172.0,4
G074,2025-02-06,16,generation,avail_gen_mw,True,8819.0,8119.0,8119.0,-0.0,700.0,1172.0,4
G074,2025-02-06,17,generation,avail_gen_mw,True,8819.0,8119.0,8119.0,-0.0,700.0,1172.0,4
G074,2025-02-06,18,generation,avail_gen_mw,True,8819.0,8119.0,8119.0,-0.0,700.0,1172.0,4
G074,2025-02-06,19,generation,avail_gen_mw,True,8819.0,8119.0,8119.0,-0.0,700.0,1172.0,4
G074,2025-02-06,20,generation,avail_gen_mw,True,8819.0,8119.0,8119.0,-0.0,700.0,1172.0,4
G074,2025-02-06,21,generation,avail_gen_mw,True,8819.0,8119.0,8119.0,-0.0,700.0,1172.0,4
G074,2025-02-06,22,generation,avail_gen_mw,True,8819.0,8119.0,8119.0,-0.0,700.0,1172.0,4
G074,2025-02-06,23,generation,avail_gen_mw,True,8819.0,8119.0,8119.0,-0.0,700.0,1172.0,4
G074,2025-02-07,0,generation,avail_gen_mw,True,8119.0,8119.0,8119.0,-0.0,-0.0,1172.0,4
G074,2025-02-07,1,generation,avail_gen_mw,True,8119.0,8119.0,8119.0,-0.0,-0.0,1172.0,4
G074,2025-02-07,2,generation,avail_gen_mw,True,8119.0,8119.0,8069.0,-50.0,-0.0,1172.0,4
G074,2025-02-07,3,generation,avail_gen_mw,True,8119.0,8119.0,8069.0,-50.0,-0.0,1172.0,4
G074,2025-02-07,4,generation,avail_gen_mw,True,8119.0,8119.0,8119.0,-0.0,-0.0,1172.0,4
G074,2025-02-07,5,generation,avail_gen_mw,True,8119.0,8119.0,8119.0,-0.0,-0.0,1172.0,4
G074,2025-02-07,6,generation,avail_gen_mw,True,8119.0,8119.0,8119.0,-0.0,-0.0,1172.0,4
G074,2025-02-07,7,generation,avail_gen_mw,True,8119.0,8119.0,8119.0,-0.0,-0.0,1172.0,4
G074,2025-02-07,8,generation,avail_gen_mw,True,8119.0,8119.0,8119.0,-0.0,-0.0,1172.0,4
G074,2025-02-07,9,generation,avail_gen_mw,True,8119.0,8119.0,8119.0,-0.0,-0.0,1172.0,4
G074,2025-02-07,10,generation,avail_gen_mw,True,8119.0,8119.0,8119.0,-0.0,-0.0,1172.0,4
G074,2025-02-07,11,generation,avail_gen_mw,True,8119.0,8119.0,8119.0,-0.0,-0.0,1172.0,4
G074,2025-02-07,12,generation,avail_gen_mw,True,8119.0,8119.0,8119.0,-0.0,-0.0,1172.0,4
G074,2025-02-07,13,generation,avail_gen_mw,True,8119.0,8119.0,8119.0,-0.0,-0.0,1172.0,4
G074,2025-02-07,14,generation,avail_gen_mw,True,8119.0,8119.0,8119.0,-0.0,-0.0,1172.0,4
G074,2025-02-07,15,generation,avail_gen_mw,True,8119.0,8119.0,8119.0,-0.0,-0.0,1172.0,4
G074,2025-02-07,16,generation,avail_gen_mw,True,8119.0,8119.0,8119.0,-0.0,-0.0,1172.0,4
G074,2025-02-07,17,generation,avail_gen_mw,True,8119.0,8119.0,8119.0,-0.0,-0.0,1172.0,4
G074,2025-02-07,18,generation,avail_gen_mw,True,8119.0,8119.0,8119.0,-0.0,-0.0,1172.0,4
G074,2025-02-07,19,generation,avail_gen_mw,True,8119.0,8119.0,8119.0,-0.0,-0.0,1172.0,4
G074,2025-02-07,20,generation,avail_gen_mw,True,8119.0,8119.0,8119.0,-0.0,-0.0,1172.0,4
G074,2025-02-07,21,generation,avail_gen_mw,True,8119.0,8119.0,8119.0,-0.0,-0.0,1172.0,4
G074,2025-02-07,22,generation,avail_gen_mw,True,8119.0,8119.0,8119.0,-0.0,-0.0,1172.0,4
G074,2025-02-07,23,generation,avail_gen_mw,True,8119.0,8119.0,8119.0,-0.0,-0.0,1172.0,4
G074,2025-02-08,0,generation,avail_gen_mw,True,8119.0,8119.0,8119.0,-0.0,-0.0,1172.0,4
G074,2025-02-08,1,generation,avail_gen_mw,True,8119.0,8119.0,8119.0,-0.0,-0.0,1172.0,4
G074,2025-02-08,2,generation,avail_gen_mw,True,8119.0,8119.0,8119.0,-0.0,-0.0,1172.0,4
G074,2025-02-08,3,generation,avail_gen_mw,True,8119.0,8119.0,8119.0,-0.0,-0.0,1172.0,4
G074,2025-02-08,4,generation,avail_gen_mw,False,8119.0,9291.0,8119.0,-1172.0,-1172.0,1172.0,4
G074,2025-02-08,5,generation,avail_gen_mw,False,8119.0,9291.0,8119.0,-1172.0,-1172.0,1172.0,4
G074,2025-02-08,6,generation,avail_gen_mw,False,8119.0,9291.0,8119.0,-1172.0,-1172.0,1172.0,4
G074,2025-02-08,7,generation,avail_gen_mw,False,8119.0,9291.0,8119.0,-1172.0,-1172.0,1172.0,4
G074,2025-02-08,8,generation,avail_gen_mw,False,8119.0,9291.0,8069.0,-1222.0,-1172.0,1172.0,4
G074,2025-02-08,9,generation,avail_gen_mw,False,8119.0,9177.0,8069.0,-1108.0,-1058.0,1172.0,4
G074,2025-02-08,10,generation,avail_gen_mw,False,8119.0,9177.0,8069.0,-1108.0,-1058.0,1172.0,4
G074,2025-02-08,11,generation,avail_gen_mw,False,8119.0,9177.0,8069.0,-1108.0,-1058.0,1172.0,4
G074,2025-02-08,12,generation,avail_gen_mw,False,8119.0,9177.0,8069.0,-1108.0,-1058.0,1172.0,4
G074,2025-02-08,13,generation,avail_gen_mw,False,8119.0,9177.0,8069.0,-1108.0,-1058.0,1172.0,4
G074,2025-02-08,14,generation,avail_gen_mw,False,8119.0,9177.0,8069.0,-1108.0,-1058.0,1172.0,4
G074,2025-02-08,15,generation,avail_gen_mw,False,8119.0,9291.0,8069.0,-1222.0,-1172.0,1172.0,4
G074,2025-02-08,16,generation,avail_gen_mw,False,8119.0,9291.0,8069.0,-1222.0,-1172.0,1172.0,4
G074,2025-02-08,17,generation,avail_gen_mw,False,8119.0,9291.0,8069.0,-1222.0,-1172.0,1172.0,4
G074,2025-02-08,18,generation,avail_gen_mw,False,8119.0,9291.0,8069.0,-1222.0,-1172.0,1172.0,4
G074,2025-02-08,19,generation,avail_gen_mw,False,8119.0,9291.0,8069.0,-1222.0,-1172.0,1172.0,4
G074,2025-02-08,20,generation,avail_gen_mw,False,8119.0,9291.0,8069.0,-1222.0,-1172.0,1172.0,4
G074,2025-02-08,21,generation,avail_gen_mw,False,8119.0,9291.0,8069.0,-1222.0,-1172.0,1172.0,4
G074,2025-02-08,22,generation,avail_gen_mw,False,8119.0,9291.0,8069.0,-1222.0,-1172.0,1172.0,4
G074,2025-02-08,23,generation,avail_gen_mw,False,8119.0,9291.0,8069.0,-1222.0,-1172.0,1172.0,4
G079,2025-05-09,0,generation,avail_gen_mw,False,6741.0,7064.0,7761.0,697.0,-323.0,1040.0,4
G079,2025-05-09,1,generation,avail_gen_mw,False,6741.0,7064.0,7761.0,697.0,-323.0,1040.0,4
G079,2025-05-09,2,generation,avail_gen_mw,False,6741.0,7064.0,7761.0,697.0,-323.0,1040.0,4
G079,2025-05-09,3,generation,avail_gen_mw,False,6741.0,7064.0,7761.0,697.0,-323.0,1040.0,4
G079,2025-05-09,4,generation,avail_gen_mw,False,6741.0,7064.0,7761.0,697.0,-323.0,1040.0,4
G079,2025-05-09,5,generation,avail_gen_mw,False,6741.0,6741.0,7761.0,1020.0,-0.0,1040.0,4
G079,2025-05-09,6,generation,avail_gen_mw,False,6741.0,6741.0,7711.0,970.0,-0.0,1040.0,4
G079,2025-05-09,7,generation,avail_gen_mw,False,6741.0,6741.0,7753.5,1012.5,-0.0,1040.0,4
G079,2025-05-09,8,generation,avail_gen_mw,False,6741.0,6641.0,7753.5,1112.5,100.0,1040.0,4
G079,2025-05-09,9,generation,avail_gen_mw,False,6741.0,6641.0,7753.5,1112.5,100.0,1040.0,4
G079,2025-05-09,10,generation,avail_gen_mw,False,6741.0,6641.0,7753.5,1112.5,100.0,1040.0,4
G079,2025-05-09,11,generation,avail_gen_mw,False,6741.0,6641.0,7753.5,1112.5,100.0,1040.0,4
G079,2025-05-09,12,generation,avail_gen_mw,False,6741.0,6641.0,7753.5,1112.5,100.0,1040.0,4
G079,2025-05-09,13,generation,avail_gen_mw,False,6741.0,6641.0,7753.5,1112.5,100.0,1040.0,4
G079,2025-05-09,14,generation,avail_gen_mw,False,6741.0,6641.0,7753.5,1112.5,100.0,1040.0,4
G079,2025-05-09,15,generation,avail_gen_mw,False,6741.0,6641.0,7753.5,1112.5,100.0,1040.0,4
G079,2025-05-09,16,generation,avail_gen_mw,False,6741.0,6641.0,7753.5,1112.5,100.0,1040.0,4
G079,2025-05-09,17,generation,avail_gen_mw,False,6741.0,6641.0,7753.5,1112.5,100.0,1040.0,4
G079,2025-05-09,18,generation,avail_gen_mw,True,6741.0,6361.0,7753.5,1392.5,380.0,1040.0,4
G079,2025-05-09,19,generation,avail_gen_mw,True,6741.0,6361.0,7753.5,1392.5,380.0,1040.0,4
G079,2025-05-09,20,generation,avail_gen_mw,True,6741.0,6361.0,7753.5,1392.5,380.0,1040.0,4
G079,2025-05-09,21,generation,avail_gen_mw,True,6741.0,6461.0,7753.5,1292.5,280.0,1040.0,4
G079,2025-05-09,22,generation,avail_gen_mw,True,6741.0,6461.0,7753.5,1292.5,280.0,1040.0,4
G079,2025-05-09,23,generation,avail_gen_mw,True,6741.0,6461.0,7753.5,1292.5,280.0,1040.0,4
G079,2025-05-10,0,generation,avail_gen_mw,True,6641.0,6461.0,7753.5,1292.5,180.0,1040.0,4
G079,2025-05-10,1,generation,avail_gen_mw,True,6641.0,6461.0,7753.5,1292.5,180.0,1040.0,4
G079,2025-05-10,2,generation,avail_gen_mw,True,6641.0,6461.0,7753.5,1292.5,180.0,1040.0,4
G079,2025-05-10,3,generation,avail_gen_mw,True,6641.0,6461.0,7753.5,1292.5,180.0,1040.0,4
G079,2025-05-10,4,generation,avail_gen_mw,True,6641.0,6461.0,7753.5,1292.5,180.0,1040.0,4
G079,2025-05-10,5,generation,avail_gen_mw,True,6641.0,6461.0,7753.5,1292.5,180.0,1040.0,4
G079,2025-05-10,6,generation,avail_gen_mw,True,6641.0,6461.0,7753.5,1292.5,180.0,1040.0,4
G079,2025-05-10,7,generation,avail_gen_mw,True,6641.0,6461.0,7623.5,1162.5,180.0,1040.0,4
G079,2025-05-10,8,generation,avail_gen_mw,True,6641.0,6461.0,7435.5,974.5,180.0,1040.0,4
G079,2025-05-10,9,generation,avail_gen_mw,True,6641.0,6461.0,7435.5,974.5,180.0,1040.0,4
G079,2025-05-10,10,generation,avail_gen_mw,True,6641.0,6461.0,7435.5,974.5,180.0,1040.0,4
G079,2025-05-10,11,generation,avail_gen_mw,True,6641.0,6461.0,7435.5,974.5,180.0,1040.0,4
G079,2025-05-10,12,generation,avail_gen_mw,True,6641.0,6461.0,7435.5,974.5,180.0,1040.0,4
G079,2025-05-10,13,generation,avail_gen_mw,True,6641.0,6461.0,7435.5,974.5,180.0,1040.0,4
G079,2025-05-10,14,generation,avail_gen_mw,True,6641.0,6461.0,7623.5,1162.5,180.0,1040.0,4
G079,2025-05-10,15,generation,avail_gen_mw,True,6641.0,6461.0,7623.5,1162.5,180.0,1040.0,4
G079,2025-05-10,16,generation,avail_gen_mw,True,6641.0,6461.0,7623.5,1162.5,180.0,1040.0,4
G079,2025-05-10,17,generation,avail_gen_mw,True,6641.0,6461.0,7623.5,1162.5,180.0,1040.0,4
G079,2025-05-10,18,generation,avail_gen_mw,True,6641.0,6461.0,7623.5,1162.5,180.0,1040.0,4
G079,2025-05-10,19,generation,avail_gen_mw,True,6641.0,6461.0,7623.5,1162.5,180.0,1040.0,4
G079,2025-05-10,20,generation,avail_gen_mw,True,6641.0,6461.0,7623.5,1162.5,180.0,1040.0,4
G079,2025-05-10,21,generation,avail_gen_mw,True,6641.0,6461.0,7623.5,1162.5,180.0,1040.0,4
G079,2025-05-10,22,generation,avail_gen_mw,True,6641.0,6461.0,7623.5,1162.5,180.0,1040.0,4
G079,2025-05-10,23,generation,avail_gen_mw,True,6641.0,6461.0,7623.5,1162.5,180.0,1040.0,4
G079,2025-05-11,0,generation,avail_gen_mw,True,6461.0,6461.0,7623.5,1162.5,-0.0,1040.0,4
G079,2025-05-11,1,generation,avail_gen_mw,True,6461.0,6461.0,7623.5,1162.5,-0.0,1040.0,4
G079,2025-05-11,2,generation,avail_gen_mw,True,6461.0,6461.0,7623.5,1162.5,-0.0,1040.0,4
G079,2025-05-11,3,generation,avail_gen_mw,True,6461.0,6461.0,7623.5,1162.5,-0.0,1040.0,4
G079,2025-05-11,4,generation,avail_gen_mw,True,6461.0,6461.0,7623.5,1162.5,-0.0,1040.0,4
G079,2025-05-11,5,generation,avail_gen_mw,True,6461.0,6461.0,7623.5,1162.5,-0.0,1040.0,4
G079,2025-05-11,6,generation,avail_gen_mw,True,6461.0,6461.0,7623.5,1162.5,-0.0,1040.0,4
G079,2025-05-11,7,generation,avail_gen_mw,True,6461.0,6461.0,7623.5,1162.5,-0.0,1040.0,4
G079,2025-05-11,8,generation,avail_gen_mw,True,6461.0,6461.0,7623.5,1162.5,-0.0,1040.0,4
G079,2025-05-11,9,generation,avail_gen_mw,True,6461.0,6461.0,7623.5,1162.5,-0.0,1040.0,4
G079,2025-05-11,10,generation,avail_gen_mw,True,6461.0,6461.0,7623.5,1162.5,-0.0,1040.0,4
G079,2025-05-11,11,generation,avail_gen_mw,True,6461.0,6461.0,7623.5,1162.5,-0.0,1040.0,4
G079,2025-05-11,12,generation,avail_gen_mw,True,6461.0,6461.0,7623.5,1162.5,-0.0,1040.0,4
G079,2025-05-11,13,generation,avail_gen_mw,True,6461.0,6461.0,7623.5,1162.5,-0.0,1040.0,4
G079,2025-05-11,14,generation,avail_gen_mw,True,6461.0,6461.0,7623.5,1162.5,-0.0,1040.0,4
G079,2025-05-11,15,generation,avail_gen_mw,True,6461.0,6461.0,7623.5,1162.5,-0.0,1040.0,4
G079,2025-05-11,16,generation,avail_gen_mw,True,6461.0,6461.0,7623.5,1162.5,-0.0,1040.0,4
G079,2025-05-11,17,generation,avail_gen_mw,True,6461.0,6461.0,7623.5,1162.5,-0.0,1040.0,4
G079,2025-05-11,18,generation,avail_gen_mw,True,6461.0,6461.0,7623.5,1162.5,-0.0,1040.0,4
G079,2025-05-11,19,generation,avail_gen_mw,True,6461.0,6461.0,7623.5,1162.5,-0.0,1040.0,4
G079,2025-05-11,20,generation,avail_gen_mw,True,6461.0,6461.0,7581.0,1120.0,-0.0,1040.0,4
G079,2025-05-11,21,generation,avail_gen_mw,True,6461.0,6461.0,7631.0,1170.0,-0.0,1040.0,4
G079,2025-05-11,22,generation,avail_gen_mw,True,6461.0,6461.0,7045.0,584.0,-0.0,1040.0,4
G079,2025-05-11,23,generation,avail_gen_mw,True,6461.0,6461.0,7045.0,584.0,-0.0,1040.0,4
G079,2025-05-12,0,generation,avail_gen_mw,True,6461.0,6461.0,7045.0,584.0,-0.0,1040.0,4
G079,2025-05-12,1,generation,avail_gen_mw,True,6461.0,6461.0,7045.0,584.0,-0.0,1040.0,4
G079,2025-05-12,2,generation,avail_gen_mw,True,6461.0,6461.0,7045.0,584.0,-0.0,1040.0,4
G079,2025-05-12,3,generation,avail_gen_mw,True,6461.0,6461.0,7045.0,584.0,-0.0,1040.0,4
G079,2025-05-12,4,generation,avail_gen_mw,True,6461.0,6461.0,7045.0,584.0,-0.0,1040.0,4
G079,2025-05-12,5,generation,avail_gen_mw,True,6461.0,6461.0,7045.0,584.0,-0.0,1040.0,4
G079,2025-05-12,6,generation,avail_gen_mw,True,6461.0,6461.0,7045.0,584.0,-0.0,1040.0,4
G079,2025-05-12,7,generation,avail_gen_mw,True,6461.0,6461.0,7045.0,584.0,-0.0,1040.0,4
G079,2025-05-12,8,generation,avail_gen_mw,True,6461.0,6461.0,7045.0,584.0,-0.0,1040.0,4
G079,2025-05-12,9,generation,avail_gen_mw,True,6461.0,6461.0,7045.0,584.0,-0.0,1040.0,4
G079,2025-05-12,10,generation,avail_gen_mw,True,6461.0,6461.0,7045.0,584.0,-0.0,1040.0,4
G079,2025-05-12,11,generation,avail_gen_mw,True,6461.0,6461.0,7045.0,584.0,-0.0,1040.0,4
G079,2025-05-12,12,generation,avail_gen_mw,True,6461.0,6461.0,7045.0,584.0,-0.0,1040.0,4
G079,2025-05-12,13,generation,avail_gen_mw,True,6461.0,6461.0,7045.0,584.0,-0.0,1040.0,4
G079,2025-05-12,14,generation,avail_gen_mw,True,6461.0,6461.0,7045.0,584.0,-0.0,1040.0,4
G079,2025-05-12,15,generation,avail_gen_mw,True,6461.0,6461.0,7045.0,584.0,-0.0,1040.0,4
G079,2025-05-12,16,generation,avail_gen_mw,True,6461.0,6461.0,7045.0,584.0,-0.0,1040.0,4
G079,2025-05-12,17,generation,avail_gen_mw,True,6461.0,6461.0,7045.0,584.0,-0.0,1040.0,4
G079,2025-05-12,18,generation,avail_gen_mw,True,6461.0,6461.0,7045.0,584.0,-0.0,1040.0,4
G079,2025-05-12,19,generation,avail_gen_mw,True,6461.0,6461.0,7045.0,584.0,-0.0,1040.0,4
G079,2025-05-12,20,generation,avail_gen_mw,True,6461.0,6461.0,7045.0,584.0,-0.0,1040.0,4
G079,2025-05-12,21,generation,avail_gen_mw,True,6461.0,6461.0,7045.0,584.0,-0.0,1040.0,4
G079,2025-05-12,22,generation,avail_gen_mw,True,6461.0,6461.0,7045.0,584.0,-0.0,1040.0,4
G079,2025-05-12,23,generation,avail_gen_mw,True,6461.0,6461.0,7045.0,584.0,-0.0,1040.0,4
G079,2025-05-13,0,generation,avail_gen_mw,True,6461.0,6461.0,7045.0,584.0,-0.0,1040.0,4
G079,2025-05-13,1,generation,avail_gen_mw,True,6461.0,6461.0,7045.0,584.0,-0.0,1040.0,4
G079,2025-05-13,2,generation,avail_gen_mw,True,6461.0,6461.0,7045.0,584.0,-0.0,1040.0,4
G079,2025-05-13,3,generation,avail_gen_mw,True,6461.0,6461.0,7045.0,584.0,-0.0,1040.0,4
G079,2025-05-13,4,generation,avail_gen_mw,True,6461.0,6461.0,7045.0,584.0,-0.0,1040.0,4
G079,2025-05-13,5,generation,avail_gen_mw,True,6461.0,6461.0,7045.0,584.0,-0.0,1040.0,4
G079,2025-05-13,6,generation,avail_gen_mw,True,6461.0,6461.0,7045.0,584.0,-0.0,1040.0,4
G079,2025-05-13,7,generation,avail_gen_mw,True,6461.0,6461.0,7045.0,584.0,-0.0,1040.0,4
G079,2025-05-13,8,generation,avail_gen_mw,True,6461.0,6461.0,7045.0,584.0,-0.0,1040.0,4
G079,2025-05-13,9,generation,avail_gen_mw,True,6461.0,6461.0,7045.0,584.0,-0.0,1040.0,4
G079,2025-05-13,10,generation,avail_gen_mw,True,6461.0,6461.0,7045.0,584.0,-0.0,1040.0,4
G079,2025-05-13,11,generation,avail_gen_mw,True,6461.0,6461.0,7045.0,584.0,-0.0,1040.0,4
G079,2025-05-13,12,generation,avail_gen_mw,True,6461.0,6461.0,7045.0,584.0,-0.0,1040.0,4
G079,2025-05-13,13,generation,avail_gen_mw,True,6461.0,6461.0,7045.0,584.0,-0.0,1040.0,4
G079,2025-05-13,14,generation,avail_gen_mw,True,6461.0,6461.0,7045.0,584.0,-0.0,1040.0,4
G079,2025-05-13,15,generation,avail_gen_mw,True,6461.0,6461.0,7045.0,584.0,-0.0,1040.0,4
G079,2025-05-13,16,generation,avail_gen_mw,True,6461.0,6461.0,7045.0,584.0,-0.0,1040.0,4
G079,2025-05-13,17,generation,avail_gen_mw,True,6461.0,6461.0,7045.0,584.0,-0.0,1040.0,4
G079,2025-05-13,18,generation,avail_gen_mw,True,6461.0,6461.0,7045.0,584.0,-0.0,1040.0,4
G079,2025-05-13,19,generation,avail_gen_mw,True,6461.0,6461.0,7045.0,584.0,-0.0,1040.0,4
G079,2025-05-13,20,generation,avail_gen_mw,True,6461.0,6461.0,7045.0,584.0,-0.0,1040.0,4
G079,2025-05-13,21,generation,avail_gen_mw,True,6461.0,6461.0,7045.0,584.0,-0.0,1040.0,4
G079,2025-05-13,22,generation,avail_gen_mw,True,6461.0,6461.0,7045.0,584.0,-0.0,1040.0,4
G079,2025-05-13,23,generation,avail_gen_mw,True,6461.0,6461.0,7045.0,584.0,-0.0,1040.0,4
G079,2025-05-14,0,generation,avail_gen_mw,True,6461.0,6461.0,7045.0,584.0,-0.0,1040.0,4
G079,2025-05-14,1,generation,avail_gen_mw,True,6461.0,6461.0,7045.0,584.0,-0.0,1040.0,4
G079,2025-05-14,2,generation,avail_gen_mw,True,6461.0,6461.0,7045.0,584.0,-0.0,1040.0,4
G079,2025-05-14,3,generation,avail_gen_mw,True,6461.0,6461.0,7045.0,584.0,-0.0,1040.0,4
G079,2025-05-14,4,generation,avail_gen_mw,True,6461.0,6461.0,7045.0,584.0,-0.0,1040.0,4
G079,2025-05-14,5,generation,avail_gen_mw,True,6461.0,6461.0,7045.0,584.0,-0.0,1040.0,4
G079,2025-05-14,6,generation,avail_gen_mw,True,6461.0,6461.0,7045.0,584.0,-0.0,1040.0,4
G079,2025-05-14,7,generation,avail_gen_mw,True,6461.0,6461.0,7045.0,584.0,-0.0,1040.0,4
G079,2025-05-14,8,generation,avail_gen_mw,True,6461.0,6461.0,7045.0,584.0,-0.0,1040.0,4
G079,2025-05-14,9,generation,avail_gen_mw,True,6461.0,6461.0,7045.0,584.0,-0.0,1040.0,4
G079,2025-05-14,10,generation,avail_gen_mw,True,6461.0,6461.0,7045.0,584.0,-0.0,1040.0,4
G079,2025-05-14,11,generation,avail_gen_mw,True,6461.0,6461.0,7045.0,584.0,-0.0,1040.0,4
G079,2025-05-14,12,generation,avail_gen_mw,True,6461.0,6461.0,7045.0,584.0,-0.0,1040.0,4
G079,2025-05-14,13,generation,avail_gen_mw,True,6461.0,6461.0,7045.0,584.0,-0.0,1040.0,4
G079,2025-05-14,14,generation,avail_gen_mw,True,6461.0,6461.0,7045.0,584.0,-0.0,1040.0,4
G079,2025-05-14,15,generation,avail_gen_mw,True,6461.0,6461.0,7631.0,1170.0,-0.0,1040.0,4
G079,2025-05-14,16,generation,avail_gen_mw,True,6461.0,6721.0,7631.0,910.0,-260.0,1040.0,4
G079,2025-05-14,17,generation,avail_gen_mw,True,6461.0,6721.0,7412.5,691.5,-260.0,1040.0,4
G079,2025-05-14,18,generation,avail_gen_mw,True,6461.0,6721.0,7412.5,691.5,-260.0,1040.0,4
G079,2025-05-14,19,generation,avail_gen_mw,True,6461.0,6721.0,7412.5,691.5,-260.0,1040.0,4
G079,2025-05-14,20,generation,avail_gen_mw,True,6461.0,6721.0,7412.5,691.5,-260.0,1040.0,4
G079,2025-05-14,21,generation,avail_gen_mw,True,6461.0,6721.0,7412.5,691.5,-260.0,1040.0,4
G079,2025-05-14,22,generation,avail_gen_mw,True,6461.0,6721.0,7412.5,691.5,-260.0,1040.0,4
G079,2025-05-14,23,generation,avail_gen_mw,True,6461.0,6721.0,7412.5,691.5,-260.0,1040.0,4
G079,2025-05-15,0,generation,avail_gen_mw,True,6461.0,6721.0,7412.5,691.5,-260.0,1040.0,4
G079,2025-05-15,1,generation,avail_gen_mw,True,6461.0,6721.0,7412.5,691.5,-260.0,1040.0,4
G079,2025-05-15,2,generation,avail_gen_mw,True,6461.0,6721.0,7412.5,691.5,-260.0,1040.0,4
G079,2025-05-15,3,generation,avail_gen_mw,True,6461.0,6721.0,7412.5,691.5,-260.0,1040.0,4
G079,2025-05-15,4,generation,avail_gen_mw,True,6461.0,6721.0,7412.5,691.5,-260.0,1040.0,4
G079,2025-05-15,5,generation,avail_gen_mw,True,6461.0,6721.0,7412.5,691.5,-260.0,1040.0,4
G079,2025-05-15,6,generation,avail_gen_mw,True,6461.0,6721.0,7412.5,691.5,-260.0,1040.0,4
G079,2025-05-15,7,generation,avail_gen_mw,True,6461.0,6630.0,7412.5,782.5,-169.0,1040.0,4
G079,2025-05-15,8,generation,avail_gen_mw,True,6461.0,6630.0,7412.5,782.5,-169.0,1040.0,4
G079,2025-05-15,9,generation,avail_gen_mw,True,6461.0,6630.0,7312.5,682.5,-169.0,1040.0,4
G079,2025-05-15,10,generation,avail_gen_mw,True,6461.0,6630.0,7251.0,621.0,-169.0,1040.0,4
G079,2025-05-15,11,generation,avail_gen_mw,True,6461.0,6630.0,7251.0,621.0,-169.0,1040.0,4
G079,2025-05-15,12,generation,avail_gen_mw,True,6461.0,6527.0,7251.0,724.0,-66.0,1040.0,4
G079,2025-05-15,13,generation,avail_gen_mw,True,6461.0,6527.0,7251.0,724.0,-66.0,1040.0,4
G079,2025-05-15,14,generation,avail_gen_mw,True,6461.0,6527.0,7251.0,724.0,-66.0,1040.0,4
G079,2025-05-15,15,generation,avail_gen_mw,True,6461.0,6527.0,7251.0,724.0,-66.0,1040.0,4
G079,2025-05-15,16,generation,avail_gen_mw,True,6461.0,6527.0,7251.0,724.0,-66.0,1040.0,4
G079,2025-05-15,17,generation,avail_gen_mw,True,6461.0,6527.0,7351.0,824.0,-66.0,1040.0,4
G079,2025-05-15,18,generation,avail_gen_mw,True,6461.0,6527.0,7412.5,885.5,-66.0,1040.0,4
G079,2025-05-15,19,generation,avail_gen_mw,True,6461.0,6527.0,7412.5,885.5,-66.0,1040.0,4
G079,2025-05-15,20,generation,avail_gen_mw,True,6461.0,6527.0,7412.5,885.5,-66.0,1040.0,4
G079,2025-05-15,21,generation,avail_gen_mw,True,6461.0,6527.0,7412.5,885.5,-66.0,1040.0,4
G079,2025-05-15,22,generation,avail_gen_mw,True,6461.0,6527.0,7412.5,885.5,-66.0,1040.0,4
G079,2025-05-15,23,generation,avail_gen_mw,True,6461.0,6527.0,7412.5,885.5,-66.0,1040.0,4
G079,2025-05-16,0,generation,avail_gen_mw,True,6527.0,6527.0,7761.0,1234.0,-0.0,1040.0,3
G079,2025-05-16,1,generation,avail_gen_mw,True,6527.0,6527.0,7761.0,1234.0,-0.0,1040.0,3
G079,2025-05-16,2,generation,avail_gen_mw,True,6527.0,6527.0,7761.0,1234.0,-0.0,1040.0,3
G079,2025-05-16,3,generation,avail_gen_mw,True,6527.0,6527.0,7761.0,1234.0,-0.0,1040.0,3
G079,2025-05-16,4,generation,avail_gen_mw,True,6527.0,6527.0,7761.0,1234.0,-0.0,1040.0,3
G079,2025-05-16,5,generation,avail_gen_mw,True,6527.0,6527.0,7761.0,1234.0,-0.0,1040.0,3
G079,2025-05-16,6,generation,avail_gen_mw,True,6527.0,6527.0,7761.0,1234.0,-0.0,1040.0,3
G079,2025-05-16,7,generation,avail_gen_mw,True,6527.0,6527.0,7761.0,1234.0,-0.0,1040.0,3
G079,2025-05-16,8,generation,avail_gen_mw,True,6527.0,6527.0,7761.0,1234.0,-0.0,1040.0,3
G079,2025-05-16,9,generation,avail_gen_mw,True,6527.0,6527.0,7761.0,1234.0,-0.0,1040.0,3
G079,2025-05-16,10,generation,avail_gen_mw,True,6527.0,6527.0,7761.0,1234.0,-0.0,1040.0,3
G079,2025-05-16,11,generation,avail_gen_mw,True,6527.0,6527.0,7761.0,1234.0,-0.0,1040.0,3
G079,2025-05-16,12,generation,avail_gen_mw,True,6527.0,6527.0,7761.0,1234.0,-0.0,1040.0,3
G079,2025-05-16,13,generation,avail_gen_mw,True,6527.0,6527.0,7761.0,1234.0,-0.0,1040.0,3
G079,2025-05-16,14,generation,avail_gen_mw,True,6527.0,6527.0,7761.0,1234.0,-0.0,1040.0,3
G079,2025-05-16,15,generation,avail_gen_mw,True,6527.0,6527.0,7761.0,1234.0,-0.0,1040.0,3
G079,2025-05-16,16,generation,avail_gen_mw,True,6527.0,6527.0,7761.0,1234.0,-0.0,1040.0,3
G079,2025-05-16,17,generation,avail_gen_mw,True,6527.0,6527.0,7761.0,1234.0,-0.0,1040.0,3
G079,2025-05-16,18,generation,avail_gen_mw,True,6527.0,6527.0,7761.0,1234.0,-0.0,1040.0,3
G079,2025-05-16,19,generation,avail_gen_mw,True,6527.0,6527.0,7761.0,1234.0,-0.0,1040.0,3
G079,2025-05-16,20,generation,avail_gen_mw,True,6527.0,6527.0,7761.0,1234.0,-0.0,1040.0,3
G079,2025-05-16,21,generation,avail_gen_mw,True,6527.0,6527.0,7761.0,1234.0,-0.0,1040.0,3
G079,2025-05-16,22,generation,avail_gen_mw,True,6527.0,6527.0,7761.0,1234.0,-0.0,1040.0,3
G079,2025-05-16,23,generation,avail_gen_mw,True,6527.0,6527.0,7761.0,1234.0,-0.0,1040.0,3
G079,2025-05-17,0,generation,avail_gen_mw,True,6527.0,6527.0,7761.0,1234.0,-0.0,1040.0,3
G079,2025-05-17,1,generation,avail_gen_mw,True,6527.0,6527.0,7761.0,1234.0,-0.0,1040.0,3
G079,2025-05-17,2,generation,avail_gen_mw,True,6527.0,6527.0,7761.0,1234.0,-0.0,1040.0,3
G079,2025-05-17,3,generation,avail_gen_mw,True,6527.0,6527.0,7761.0,1234.0,-0.0,1040.0,3
G079,2025-05-17,4,generation,avail_gen_mw,True,6527.0,6527.0,7761.0,1234.0,-0.0,1040.0,3
G079,2025-05-17,5,generation,avail_gen_mw,True,6527.0,6527.0,7761.0,1234.0,-0.0,1040.0,3
G079,2025-05-17,6,generation,avail_gen_mw,False,6527.0,7567.0,7761.0,194.0,-1040.0,1040.0,3
G079,2025-05-17,7,generation,avail_gen_mw,False,6527.0,7567.0,7501.0,-66.0,-1040.0,1040.0,3
G079,2025-05-17,8,generation,avail_gen_mw,False,6527.0,7567.0,7501.0,-66.0,-1040.0,1040.0,3
G079,2025-05-17,9,generation,avail_gen_mw,False,6527.0,7567.0,7501.0,-66.0,-1040.0,1040.0,3
G079,2025-05-17,10,generation,avail_gen_mw,False,6527.0,7567.0,7501.0,-66.0,-1040.0,1040.0,3
G079,2025-05-17,11,generation,avail_gen_mw,False,6527.0,7567.0,7501.0,-66.0,-1040.0,1040.0,3
G079,2025-05-17,12,generation,avail_gen_mw,False,6527.0,7567.0,7501.0,-66.0,-1040.0,1040.0,3
G079,2025-05-17,13,generation,avail_gen_mw,False,6527.0,7567.0,7501.0,-66.0,-1040.0,1040.0,3
G079,2025-05-17,14,generation,avail_gen_mw,False,6527.0,7567.0,7501.0,-66.0,-1040.0,1040.0,3
G079,2025-05-17,15,generation,avail_gen_mw,False,6527.0,7437.0,7501.0,64.0,-910.0,1040.0,3
G079,2025-05-17,16,generation,avail_gen_mw,False,6527.0,7437.0,7501.0,64.0,-910.0,1040.0,3
G079,2025-05-17,17,generation,avail_gen_mw,False,6527.0,7437.0,7501.0,64.0,-910.0,1040.0,3
G079,2025-05-17,18,generation,avail_gen_mw,False,6527.0,7437.0,7501.0,64.0,-910.0,1040.0,3
G079,2025-05-17,19,generation,avail_gen_mw,False,6527.0,7437.0,7501.0,64.0,-910.0,1040.0,3
G079,2025-05-17,20,generation,avail_gen_mw,False,6527.0,7437.0,7501.0,64.0,-910.0,1040.0,3
G079,2025-05-17,21,generation,avail_gen_mw,False,6527.0,7437.0,7501.0,64.0,-910.0,1040.0,3
G079,2025-05-17,22,generation,avail_gen_mw,False,6527.0,7437.0,7501.0,64.0,-910.0,1040.0,3
G079,2025-05-17,23,generation,avail_gen_mw,False,6527.0,7437.0,7501.0,64.0,-910.0,1040.0,3
G085,2025-08-14,0,generation,avail_gen_mw,False,6497.0,6497.0,6510.0,13.0,-0.0,1121.0,4
G085,2025-08-14,1,generation,avail_gen_mw,False,6497.0,6497.0,6510.0,13.0,-0.0,1121.0,4
G085,2025-08-14,2,generation,avail_gen_mw,False,6497.0,6497.0,6510.0,13.0,-0.0,1121.0,4
G085,2025-08-14,3,generation,avail_gen_mw,True,6497.0,5376.0,6510.0,1134.0,1121.0,1121.0,4
G085,2025-08-14,4,generation,avail_gen_mw,True,6497.0,5376.0,6510.0,1134.0,1121.0,1121.0,4
G085,2025-08-14,5,generation,avail_gen_mw,True,6497.0,5376.0,6510.0,1134.0,1121.0,1121.0,4
G085,2025-08-14,6,generation,avail_gen_mw,True,6497.0,5376.0,6510.0,1134.0,1121.0,1121.0,4
G085,2025-08-14,7,generation,avail_gen_mw,True,6497.0,5376.0,6510.0,1134.0,1121.0,1121.0,4
G085,2025-08-14,8,generation,avail_gen_mw,True,6497.0,5376.0,6510.0,1134.0,1121.0,1121.0,4
G085,2025-08-14,9,generation,avail_gen_mw,True,6497.0,5376.0,6510.0,1134.0,1121.0,1121.0,4
G085,2025-08-14,10,generation,avail_gen_mw,True,6497.0,5376.0,6510.0,1134.0,1121.0,1121.0,4
G085,2025-08-14,11,generation,avail_gen_mw,True,6497.0,5376.0,7070.5,1694.5,1121.0,1121.0,4
G085,2025-08-14,12,generation,avail_gen_mw,True,6497.0,5376.0,7070.5,1694.5,1121.0,1121.0,4
G085,2025-08-14,13,generation,avail_gen_mw,True,6497.0,5376.0,7070.5,1694.5,1121.0,1121.0,4
G085,2025-08-14,14,generation,avail_gen_mw,True,6497.0,5376.0,7070.5,1694.5,1121.0,1121.0,4
G085,2025-08-14,15,generation,avail_gen_mw,True,6497.0,5376.0,7070.5,1694.5,1121.0,1121.0,4
G085,2025-08-14,16,generation,avail_gen_mw,True,6497.0,5376.0,7070.5,1694.5,1121.0,1121.0,4
G085,2025-08-14,17,generation,avail_gen_mw,True,6497.0,5376.0,7070.5,1694.5,1121.0,1121.0,4
G085,2025-08-14,18,generation,avail_gen_mw,True,6497.0,5376.0,7070.5,1694.5,1121.0,1121.0,4
G085,2025-08-14,19,generation,avail_gen_mw,True,6497.0,5376.0,7070.5,1694.5,1121.0,1121.0,4
G085,2025-08-14,20,generation,avail_gen_mw,True,6497.0,5376.0,7070.5,1694.5,1121.0,1121.0,4
G085,2025-08-14,21,generation,avail_gen_mw,True,6497.0,5376.0,7070.5,1694.5,1121.0,1121.0,4
G085,2025-08-14,22,generation,avail_gen_mw,True,6497.0,5376.0,7070.5,1694.5,1121.0,1121.0,4
G085,2025-08-14,23,generation,avail_gen_mw,True,6497.0,5376.0,7070.5,1694.5,1121.0,1121.0,4
G085,2025-08-15,0,generation,avail_gen_mw,True,5376.0,5506.0,6715.0,1209.0,-130.0,1121.0,4
G085,2025-08-15,1,generation,avail_gen_mw,True,5376.0,5506.0,6715.0,1209.0,-130.0,1121.0,4
G085,2025-08-15,2,generation,avail_gen_mw,True,5376.0,5506.0,6715.0,1209.0,-130.0,1121.0,4
G085,2025-08-15,3,generation,avail_gen_mw,True,5376.0,5506.0,6715.0,1209.0,-130.0,1121.0,4
G085,2025-08-15,4,generation,avail_gen_mw,True,5376.0,5506.0,6715.0,1209.0,-130.0,1121.0,4
G085,2025-08-15,5,generation,avail_gen_mw,True,5376.0,5506.0,6715.0,1209.0,-130.0,1121.0,4
G085,2025-08-15,6,generation,avail_gen_mw,True,5376.0,5506.0,6715.0,1209.0,-130.0,1121.0,4
G085,2025-08-15,7,generation,avail_gen_mw,True,5376.0,5506.0,6715.0,1209.0,-130.0,1121.0,4
G085,2025-08-15,8,generation,avail_gen_mw,True,5376.0,5506.0,6715.0,1209.0,-130.0,1121.0,4
G085,2025-08-15,9,generation,avail_gen_mw,True,5376.0,5506.0,6715.0,1209.0,-130.0,1121.0,4
G085,2025-08-15,10,generation,avail_gen_mw,True,5376.0,5506.0,6715.0,1209.0,-130.0,1121.0,4
G085,2025-08-15,11,generation,avail_gen_mw,True,5376.0,5506.0,6715.0,1209.0,-130.0,1121.0,4
G085,2025-08-15,12,generation,avail_gen_mw,True,5376.0,5506.0,6715.0,1209.0,-130.0,1121.0,4
G085,2025-08-15,13,generation,avail_gen_mw,True,5376.0,5506.0,6715.0,1209.0,-130.0,1121.0,4
G085,2025-08-15,14,generation,avail_gen_mw,True,5376.0,5506.0,6715.0,1209.0,-130.0,1121.0,4
G085,2025-08-15,15,generation,avail_gen_mw,True,5376.0,5506.0,6715.0,1209.0,-130.0,1121.0,4
G085,2025-08-15,16,generation,avail_gen_mw,True,5376.0,5506.0,6715.0,1209.0,-130.0,1121.0,4
G085,2025-08-15,17,generation,avail_gen_mw,True,5376.0,5506.0,6715.0,1209.0,-130.0,1121.0,4
G085,2025-08-15,18,generation,avail_gen_mw,True,5376.0,5506.0,6715.0,1209.0,-130.0,1121.0,4
G085,2025-08-15,19,generation,avail_gen_mw,True,5376.0,5506.0,6715.0,1209.0,-130.0,1121.0,4
G085,2025-08-15,20,generation,avail_gen_mw,True,5376.0,5506.0,6715.0,1209.0,-130.0,1121.0,4
G085,2025-08-15,21,generation,avail_gen_mw,True,5376.0,5506.0,6715.0,1209.0,-130.0,1121.0,4
G085,2025-08-15,22,generation,avail_gen_mw,True,5376.0,5506.0,6715.0,1209.0,-130.0,1121.0,4
G085,2025-08-15,23,generation,avail_gen_mw,True,5376.0,5506.0,6715.0,1209.0,-130.0,1121.0,4
G085,2025-08-16,0,generation,avail_gen_mw,True,5506.0,5506.0,7070.5,1564.5,-0.0,1121.0,4
G085,2025-08-16,1,generation,avail_gen_mw,True,5506.0,5506.0,7070.5,1564.5,-0.0,1121.0,4
G085,2025-08-16,2,generation,avail_gen_mw,True,5506.0,5506.0,7070.5,1564.5,-0.0,1121.0,4
G085,2025-08-16,3,generation,avail_gen_mw,True,5506.0,5506.0,7070.5,1564.5,-0.0,1121.0,4
G085,2025-08-16,4,generation,avail_gen_mw,True,5506.0,5506.0,7070.5,1564.5,-0.0,1121.0,4
G085,2025-08-16,5,generation,avail_gen_mw,True,5506.0,5506.0,7070.5,1564.5,-0.0,1121.0,4
G085,2025-08-16,6,generation,avail_gen_mw,True,5506.0,5506.0,7070.5,1564.5,-0.0,1121.0,4
G085,2025-08-16,7,generation,avail_gen_mw,True,5506.0,5506.0,7070.5,1564.5,-0.0,1121.0,4
G085,2025-08-16,8,generation,avail_gen_mw,True,5506.0,5506.0,7070.5,1564.5,-0.0,1121.0,4
G085,2025-08-16,9,generation,avail_gen_mw,True,5506.0,5506.0,7070.5,1564.5,-0.0,1121.0,4
G085,2025-08-16,10,generation,avail_gen_mw,True,5506.0,5506.0,7070.5,1564.5,-0.0,1121.0,4
G085,2025-08-16,11,generation,avail_gen_mw,True,5506.0,5506.0,7070.5,1564.5,-0.0,1121.0,4
G085,2025-08-16,12,generation,avail_gen_mw,True,5506.0,5506.0,7070.5,1564.5,-0.0,1121.0,4
G085,2025-08-16,13,generation,avail_gen_mw,True,5506.0,5506.0,7070.5,1564.5,-0.0,1121.0,4
G085,2025-08-16,14,generation,avail_gen_mw,False,5506.0,6627.0,7070.5,443.5,-1121.0,1121.0,4
G085,2025-08-16,15,generation,avail_gen_mw,False,5506.0,6627.0,7070.5,443.5,-1121.0,1121.0,4
G085,2025-08-16,16,generation,avail_gen_mw,False,5506.0,6627.0,7070.5,443.5,-1121.0,1121.0,4
G085,2025-08-16,17,generation,avail_gen_mw,False,5506.0,6627.0,7070.5,443.5,-1121.0,1121.0,4
G085,2025-08-16,18,generation,avail_gen_mw,False,5506.0,6627.0,7070.5,443.5,-1121.0,1121.0,4
G085,2025-08-16,19,generation,avail_gen_mw,False,5506.0,6627.0,7070.5,443.5,-1121.0,1121.0,4
G085,2025-08-16,20,generation,avail_gen_mw,False,5506.0,6627.0,7070.5,443.5,-1121.0,1121.0,4
G085,2025-08-16,21,generation,avail_gen_mw,False,5506.0,6627.0,7070.5,443.5,-1121.0,1121.0,4
G085,2025-08-16,22,generation,avail_gen_mw,False,5506.0,6627.0,7070.5,443.5,-1121.0,1121.0,4
G085,2025-08-16,23,generation,avail_gen_mw,False,5506.0,6627.0,7070.5,443.5,-1121.0,1121.0,4
G090,2025-12-22,0,generation,avail_gen_mw,False,9161.0,9161.0,8071.0,-1090.0,-0.0,1040.0,4
G090,2025-12-22,1,generation,avail_gen_mw,False,9161.0,9161.0,8071.0,-1090.0,-0.0,1040.0,4
G090,2025-12-22,2,generation,avail_gen_mw,False,9161.0,9161.0,8071.0,-1090.0,-0.0,1040.0,4
G090,2025-12-22,3,generation,avail_gen_mw,False,9161.0,9161.0,8071.0,-1090.0,-0.0,1040.0,4
G090,2025-12-22,4,generation,avail_gen_mw,False,9161.0,9161.0,8071.0,-1090.0,-0.0,1040.0,4
G090,2025-12-22,5,generation,avail_gen_mw,False,9161.0,9161.0,8071.0,-1090.0,-0.0,1040.0,4
G090,2025-12-22,6,generation,avail_gen_mw,False,9161.0,9161.0,8071.0,-1090.0,-0.0,1040.0,4
G090,2025-12-22,7,generation,avail_gen_mw,False,9161.0,9161.0,8071.0,-1090.0,-0.0,1040.0,4
G090,2025-12-22,8,generation,avail_gen_mw,False,9161.0,9161.0,8071.0,-1090.0,-0.0,1040.0,4
G090,2025-12-22,9,generation,avail_gen_mw,False,9161.0,9161.0,8071.0,-1090.0,-0.0,1040.0,4
G090,2025-12-22,10,generation,avail_gen_mw,False,9161.0,9161.0,8071.0,-1090.0,-0.0,1040.0,4
G090,2025-12-22,11,generation,avail_gen_mw,False,9161.0,9161.0,8071.0,-1090.0,-0.0,1040.0,4
G090,2025-12-22,12,generation,avail_gen_mw,False,9161.0,9161.0,8121.0,-1040.0,-0.0,1040.0,4
G090,2025-12-22,13,generation,avail_gen_mw,False,9161.0,9161.0,8121.0,-1040.0,-0.0,1040.0,4
G090,2025-12-22,14,generation,avail_gen_mw,False,9161.0,9161.0,8121.0,-1040.0,-0.0,1040.0,4
G090,2025-12-22,15,generation,avail_gen_mw,False,9161.0,9161.0,8121.0,-1040.0,-0.0,1040.0,4
G090,2025-12-22,16,generation,avail_gen_mw,False,9161.0,9161.0,8121.0,-1040.0,-0.0,1040.0,4
G090,2025-12-22,17,generation,avail_gen_mw,False,9161.0,9161.0,8121.0,-1040.0,-0.0,1040.0,4
G090,2025-12-22,18,generation,avail_gen_mw,False,9161.0,9161.0,8121.0,-1040.0,-0.0,1040.0,4
G090,2025-12-22,19,generation,avail_gen_mw,False,9161.0,9161.0,8121.0,-1040.0,-0.0,1040.0,4
G090,2025-12-22,20,generation,avail_gen_mw,True,9161.0,9161.0,8121.0,-1040.0,-0.0,1040.0,4
G090,2025-12-22,21,generation,avail_gen_mw,True,9161.0,8121.0,8121.0,-0.0,1040.0,1040.0,4
G090,2025-12-22,22,generation,avail_gen_mw,True,9161.0,8121.0,8121.0,-0.0,1040.0,1040.0,4
G090,2025-12-22,23,generation,avail_gen_mw,True,9161.0,8121.0,8121.0,-0.0,1040.0,1040.0,4
G090,2025-12-23,0,generation,avail_gen_mw,True,9161.0,8121.0,8121.0,-0.0,1040.0,1040.0,4
G090,2025-12-23,1,generation,avail_gen_mw,True,9161.0,8121.0,8121.0,-0.0,1040.0,1040.0,4
G090,2025-12-23,2,generation,avail_gen_mw,True,9161.0,8121.0,8121.0,-0.0,1040.0,1040.0,4
G090,2025-12-23,3,generation,avail_gen_mw,True,9161.0,8121.0,8121.0,-0.0,1040.0,1040.0,4
G090,2025-12-23,4,generation,avail_gen_mw,True,9161.0,8121.0,8121.0,-0.0,1040.0,1040.0,4
G090,2025-12-23,5,generation,avail_gen_mw,True,9161.0,8121.0,8121.0,-0.0,1040.0,1040.0,4
G090,2025-12-23,6,generation,avail_gen_mw,True,9161.0,8121.0,8121.0,-0.0,1040.0,1040.0,4
G090,2025-12-23,7,generation,avail_gen_mw,True,9161.0,8121.0,8121.0,-0.0,1040.0,1040.0,4
G090,2025-12-23,8,generation,avail_gen_mw,True,9161.0,8121.0,8121.0,-0.0,1040.0,1040.0,4
G090,2025-12-23,9,generation,avail_gen_mw,True,9161.0,8121.0,8121.0,-0.0,1040.0,1040.0,4
G090,2025-12-23,10,generation,avail_gen_mw,True,9161.0,8121.0,8121.0,-0.0,1040.0,1040.0,4
G090,2025-12-23,11,generation,avail_gen_mw,True,9161.0,8121.0,8121.0,-0.0,1040.0,1040.0,4
G090,2025-12-23,12,generation,avail_gen_mw,True,9161.0,8121.0,8121.0,-0.0,1040.0,1040.0,4
G090,2025-12-23,13,generation,avail_gen_mw,True,9161.0,8121.0,8121.0,-0.0,1040.0,1040.0,4
G090,2025-12-23,14,generation,avail_gen_mw,True,9161.0,8121.0,8121.0,-0.0,1040.0,1040.0,4
G090,2025-12-23,15,generation,avail_gen_mw,True,9161.0,8121.0,8121.0,-0.0,1040.0,1040.0,4
G090,2025-12-23,16,generation,avail_gen_mw,True,9161.0,8121.0,8121.0,-0.0,1040.0,1040.0,4
G090,2025-12-23,17,generation,avail_gen_mw,True,9161.0,8121.0,8121.0,-0.0,1040.0,1040.0,4
G090,2025-12-23,18,generation,avail_gen_mw,True,9161.0,8121.0,8121.0,-0.0,1040.0,1040.0,4
G090,2025-12-23,19,generation,avail_gen_mw,True,9161.0,8121.0,8121.0,-0.0,1040.0,1040.0,4
G090,2025-12-23,20,generation,avail_gen_mw,True,9161.0,8121.0,8121.0,-0.0,1040.0,1040.0,4
G090,2025-12-23,21,generation,avail_gen_mw,True,9161.0,8121.0,8121.0,-0.0,1040.0,1040.0,4
G090,2025-12-23,22,generation,avail_gen_mw,True,9161.0,8121.0,8121.0,-0.0,1040.0,1040.0,4
G090,2025-12-23,23,generation,avail_gen_mw,True,9161.0,8121.0,8121.0,-0.0,1040.0,1040.0,4
G090,2025-12-24,0,generation,avail_gen_mw,True,8121.0,8121.0,8121.0,-0.0,-0.0,1040.0,4
G090,2025-12-24,1,generation,avail_gen_mw,True,8121.0,8121.0,8121.0,-0.0,-0.0,1040.0,4
G090,2025-12-24,2,generation,avail_gen_mw,True,8121.0,8121.0,8121.0,-0.0,-0.0,1040.0,4
G090,2025-12-24,3,generation,avail_gen_mw,True,8121.0,8121.0,8121.0,-0.0,-0.0,1040.0,4
G090,2025-12-24,4,generation,avail_gen_mw,True,8121.0,8121.0,8121.0,-0.0,-0.0,1040.0,4
G090,2025-12-24,5,generation,avail_gen_mw,True,8121.0,8121.0,8121.0,-0.0,-0.0,1040.0,4
G090,2025-12-24,6,generation,avail_gen_mw,True,8121.0,8121.0,8121.0,-0.0,-0.0,1040.0,4
G090,2025-12-24,7,generation,avail_gen_mw,True,8121.0,8121.0,8121.0,-0.0,-0.0,1040.0,4
G090,2025-12-24,8,generation,avail_gen_mw,True,8121.0,8121.0,8121.0,-0.0,-0.0,1040.0,4
G090,2025-12-24,9,generation,avail_gen_mw,True,8121.0,8121.0,8121.0,-0.0,-0.0,1040.0,4
G090,2025-12-24,10,generation,avail_gen_mw,True,8121.0,8121.0,8121.0,-0.0,-0.0,1040.0,4
G090,2025-12-24,11,generation,avail_gen_mw,False,8121.0,9051.0,8121.0,-930.0,-930.0,1040.0,4
G090,2025-12-24,12,generation,avail_gen_mw,False,8121.0,9051.0,8121.0,-930.0,-930.0,1040.0,4
G090,2025-12-24,13,generation,avail_gen_mw,False,8121.0,9051.0,8121.0,-930.0,-930.0,1040.0,4
G090,2025-12-24,14,generation,avail_gen_mw,False,8121.0,9051.0,8121.0,-930.0,-930.0,1040.0,4
G090,2025-12-24,15,generation,avail_gen_mw,False,8121.0,9051.0,8121.0,-930.0,-930.0,1040.0,4
G090,2025-12-24,16,generation,avail_gen_mw,False,8121.0,9051.0,8121.0,-930.0,-930.0,1040.0,4
G090,2025-12-24,17,generation,avail_gen_mw,False,8121.0,9051.0,8121.0,-930.0,-930.0,1040.0,4
G090,2025-12-24,18,generation,avail_gen_mw,False,8121.0,9051.0,8121.0,-930.0,-930.0,1040.0,4
G090,2025-12-24,19,generation,avail_gen_mw,False,8121.0,9051.0,8121.0,-930.0,-930.0,1040.0,4
G090,2025-12-24,20,generation,avail_gen_mw,False,8121.0,9051.0,8121.0,-930.0,-930.0,1040.0,4
G090,2025-12-24,21,generation,avail_gen_mw,False,8121.0,9051.0,8121.0,-930.0,-930.0,1040.0,4
G090,2025-12-24,22,generation,avail_gen_mw,False,8121.0,9051.0,8121.0,-930.0,-930.0,1040.0,4
G090,2025-12-24,23,generation,avail_gen_mw,False,8121.0,9051.0,8121.0,-930.0,-930.0,1040.0,4
G097,2026-04-09,0,generation,avail_gen_mw,False,7377.0,7377.0,7171.5,-205.5,-0.0,1172.0,4
G097,2026-04-09,1,generation,avail_gen_mw,False,7377.0,7377.0,7171.5,-205.5,-0.0,1172.0,4
G097,2026-04-09,2,generation,avail_gen_mw,False,7377.0,7377.0,7171.5,-205.5,-0.0,1172.0,4
G097,2026-04-09,3,generation,avail_gen_mw,True,7377.0,7217.0,7171.5,-45.5,160.0,1172.0,4
G097,2026-04-09,4,generation,avail_gen_mw,True,7377.0,7217.0,7171.5,-45.5,160.0,1172.0,4
G097,2026-04-09,5,generation,avail_gen_mw,True,7377.0,7217.0,7171.5,-45.5,160.0,1172.0,4
G097,2026-04-09,6,generation,avail_gen_mw,True,7377.0,7217.0,7171.5,-45.5,160.0,1172.0,4
G097,2026-04-09,7,generation,avail_gen_mw,True,7377.0,7217.0,7171.5,-45.5,160.0,1172.0,4
G097,2026-04-09,8,generation,avail_gen_mw,True,7377.0,7217.0,7127.0,-90.0,160.0,1172.0,4
G097,2026-04-09,9,generation,avail_gen_mw,True,7377.0,7217.0,7127.0,-90.0,160.0,1172.0,4
G097,2026-04-09,10,generation,avail_gen_mw,True,7377.0,7217.0,7127.0,-90.0,160.0,1172.0,4
G097,2026-04-09,11,generation,avail_gen_mw,True,7377.0,7217.0,7127.0,-90.0,160.0,1172.0,4
G097,2026-04-09,12,generation,avail_gen_mw,True,7377.0,7217.0,7127.0,-90.0,160.0,1172.0,4
G097,2026-04-09,13,generation,avail_gen_mw,True,7377.0,7217.0,7127.0,-90.0,160.0,1172.0,4
G097,2026-04-09,14,generation,avail_gen_mw,True,7377.0,7217.0,7127.0,-90.0,160.0,1172.0,4
G097,2026-04-09,15,generation,avail_gen_mw,True,7377.0,7217.0,7171.5,-45.5,160.0,1172.0,4
G097,2026-04-09,16,generation,avail_gen_mw,True,7377.0,7217.0,7171.5,-45.5,160.0,1172.0,4
G097,2026-04-09,17,generation,avail_gen_mw,True,7377.0,7217.0,7171.5,-45.5,160.0,1172.0,4
G097,2026-04-09,18,generation,avail_gen_mw,True,7377.0,7217.0,7171.5,-45.5,160.0,1172.0,4
G097,2026-04-09,19,generation,avail_gen_mw,True,7377.0,7217.0,7171.5,-45.5,160.0,1172.0,4
G097,2026-04-09,20,generation,avail_gen_mw,True,7377.0,7217.0,7171.5,-45.5,160.0,1172.0,4
G097,2026-04-09,21,generation,avail_gen_mw,True,7377.0,7217.0,7171.5,-45.5,160.0,1172.0,4
G097,2026-04-09,22,generation,avail_gen_mw,True,7377.0,7217.0,7171.5,-45.5,160.0,1172.0,4
G097,2026-04-09,23,generation,avail_gen_mw,True,7377.0,7217.0,7171.5,-45.5,160.0,1172.0,4
G097,2026-04-10,0,generation,avail_gen_mw,True,7217.0,7217.0,7171.5,-45.5,-0.0,1172.0,4
G097,2026-04-10,1,generation,avail_gen_mw,True,7217.0,7217.0,7171.5,-45.5,-0.0,1172.0,4
G097,2026-04-10,2,generation,avail_gen_mw,True,7217.0,7217.0,7171.5,-45.5,-0.0,1172.0,4
G097,2026-04-10,3,generation,avail_gen_mw,True,7217.0,7217.0,7171.5,-45.5,-0.0,1172.0,4
G097,2026-04-10,4,generation,avail_gen_mw,True,7217.0,7217.0,7171.5,-45.5,-0.0,1172.0,4
G097,2026-04-10,5,generation,avail_gen_mw,True,7217.0,7217.0,7171.5,-45.5,-0.0,1172.0,4
G097,2026-04-10,6,generation,avail_gen_mw,True,7217.0,7217.0,7171.5,-45.5,-0.0,1172.0,4
G097,2026-04-10,7,generation,avail_gen_mw,True,7217.0,7217.0,7171.5,-45.5,-0.0,1172.0,4
G097,2026-04-10,8,generation,avail_gen_mw,True,7217.0,7217.0,7127.0,-90.0,-0.0,1172.0,4
G097,2026-04-10,9,generation,avail_gen_mw,True,7217.0,7217.0,7127.0,-90.0,-0.0,1172.0,4
G097,2026-04-10,10,generation,avail_gen_mw,True,7217.0,7217.0,7127.0,-90.0,-0.0,1172.0,4
G097,2026-04-10,11,generation,avail_gen_mw,True,7217.0,7217.0,7127.0,-90.0,-0.0,1172.0,4
G097,2026-04-10,12,generation,avail_gen_mw,True,7217.0,7217.0,7127.0,-90.0,-0.0,1172.0,4
G097,2026-04-10,13,generation,avail_gen_mw,True,7217.0,7217.0,7127.0,-90.0,-0.0,1172.0,4
G097,2026-04-10,14,generation,avail_gen_mw,True,7217.0,7217.0,7127.0,-90.0,-0.0,1172.0,4
G097,2026-04-10,15,generation,avail_gen_mw,True,7217.0,7217.0,7127.0,-90.0,-0.0,1172.0,4
G097,2026-04-10,16,generation,avail_gen_mw,True,7217.0,7217.0,7127.0,-90.0,-0.0,1172.0,4
G097,2026-04-10,17,generation,avail_gen_mw,True,7217.0,7217.0,7127.0,-90.0,-0.0,1172.0,4
G097,2026-04-10,18,generation,avail_gen_mw,True,7217.0,7217.0,7127.0,-90.0,-0.0,1172.0,4
G097,2026-04-10,19,generation,avail_gen_mw,True,7217.0,7217.0,7127.0,-90.0,-0.0,1172.0,4
G097,2026-04-10,20,generation,avail_gen_mw,True,7217.0,7217.0,7127.0,-90.0,-0.0,1172.0,4
G097,2026-04-10,21,generation,avail_gen_mw,True,7217.0,7217.0,7127.0,-90.0,-0.0,1172.0,4
G097,2026-04-10,22,generation,avail_gen_mw,True,7217.0,7217.0,7127.0,-90.0,-0.0,1172.0,4
G097,2026-04-10,23,generation,avail_gen_mw,True,7217.0,7217.0,7127.0,-90.0,-0.0,1172.0,4
G097,2026-04-11,0,generation,avail_gen_mw,True,7217.0,7217.0,7127.0,-90.0,-0.0,1172.0,4
G097,2026-04-11,1,generation,avail_gen_mw,True,7217.0,7217.0,7127.0,-90.0,-0.0,1172.0,4
G097,2026-04-11,2,generation,avail_gen_mw,False,7217.0,8389.0,7127.0,-1262.0,-1172.0,1172.0,4
G097,2026-04-11,3,generation,avail_gen_mw,False,7217.0,8389.0,7127.0,-1262.0,-1172.0,1172.0,4
G097,2026-04-11,4,generation,avail_gen_mw,False,7217.0,8389.0,7127.0,-1262.0,-1172.0,1172.0,4
G097,2026-04-11,5,generation,avail_gen_mw,False,7217.0,8389.0,7127.0,-1262.0,-1172.0,1172.0,4
G097,2026-04-11,6,generation,avail_gen_mw,False,7217.0,8389.0,7107.0,-1282.0,-1172.0,1172.0,4
G097,2026-04-11,7,generation,avail_gen_mw,False,7217.0,8389.0,7107.0,-1282.0,-1172.0,1172.0,4
G097,2026-04-11,8,generation,avail_gen_mw,False,7217.0,8389.0,7107.0,-1282.0,-1172.0,1172.0,4
G097,2026-04-11,9,generation,avail_gen_mw,False,7217.0,8389.0,7127.0,-1262.0,-1172.0,1172.0,4
G097,2026-04-11,10,generation,avail_gen_mw,False,7217.0,8389.0,7127.0,-1262.0,-1172.0,1172.0,4
G097,2026-04-11,11,generation,avail_gen_mw,False,7217.0,8389.0,7127.0,-1262.0,-1172.0,1172.0,4
G097,2026-04-11,12,generation,avail_gen_mw,False,7217.0,8389.0,7127.0,-1262.0,-1172.0,1172.0,4
G097,2026-04-11,13,generation,avail_gen_mw,False,7217.0,8389.0,7127.0,-1262.0,-1172.0,1172.0,4
G097,2026-04-11,14,generation,avail_gen_mw,False,7217.0,8389.0,7127.0,-1262.0,-1172.0,1172.0,4
G097,2026-04-11,15,generation,avail_gen_mw,False,7217.0,8389.0,7127.0,-1262.0,-1172.0,1172.0,4
G097,2026-04-11,16,generation,avail_gen_mw,False,7217.0,8389.0,7127.0,-1262.0,-1172.0,1172.0,4
G097,2026-04-11,17,generation,avail_gen_mw,False,7217.0,8389.0,7127.0,-1262.0,-1172.0,1172.0,4
G097,2026-04-11,18,generation,avail_gen_mw,False,7217.0,8389.0,7127.0,-1262.0,-1172.0,1172.0,4
G097,2026-04-11,19,generation,avail_gen_mw,False,7217.0,8389.0,7127.0,-1262.0,-1172.0,1172.0,4
G097,2026-04-11,20,generation,avail_gen_mw,False,7217.0,8389.0,7127.0,-1262.0,-1172.0,1172.0,4
G097,2026-04-11,21,generation,avail_gen_mw,False,7217.0,8389.0,7127.0,-1262.0,-1172.0,1172.0,4
G097,2026-04-11,22,generation,avail_gen_mw,False,7217.0,8389.0,7127.0,-1262.0,-1172.0,1172.0,4
G097,2026-04-11,23,generation,avail_gen_mw,False,7217.0,8389.0,7127.0,-1262.0,-1172.0,1172.0,4
T060,2023-11-29,0,transmission,unavail_tx_import_mw,False,800.0,800.0,500.0,300.0,0.0,1200.0,4
T060,2023-11-29,1,transmission,unavail_tx_import_mw,True,800.0,800.0,500.0,300.0,0.0,1200.0,4
T060,2023-11-29,2,transmission,unavail_tx_import_mw,True,800.0,2200.0,500.0,1700.0,1400.0,1200.0,4
T060,2023-11-29,3,transmission,unavail_tx_import_mw,True,800.0,2200.0,500.0,1700.0,1400.0,1200.0,4
T060,2023-11-29,4,transmission,unavail_tx_import_mw,True,800.0,2200.0,500.0,1700.0,1400.0,1200.0,4
T060,2023-11-29,5,transmission,unavail_tx_import_mw,True,800.0,2200.0,500.0,1700.0,1400.0,1200.0,4
T060,2023-11-29,6,transmission,unavail_tx_import_mw,True,800.0,2200.0,500.0,1700.0,1400.0,1200.0,4
T060,2023-11-29,7,transmission,unavail_tx_import_mw,True,800.0,2200.0,772.5,1427.5,1400.0,1200.0,4
T060,2023-11-29,8,transmission,unavail_tx_import_mw,True,800.0,2200.0,772.5,1427.5,1400.0,1200.0,4
T060,2023-11-29,9,transmission,unavail_tx_import_mw,True,800.0,2200.0,772.5,1427.5,1400.0,1200.0,4
T060,2023-11-29,10,transmission,unavail_tx_import_mw,True,800.0,2200.0,500.0,1700.0,1400.0,1200.0,4
T060,2023-11-29,11,transmission,unavail_tx_import_mw,True,800.0,2200.0,500.0,1700.0,1400.0,1200.0,4
T060,2023-11-29,12,transmission,unavail_tx_import_mw,True,800.0,2200.0,500.0,1700.0,1400.0,1200.0,4
T060,2023-11-29,13,transmission,unavail_tx_import_mw,True,800.0,2200.0,500.0,1700.0,1400.0,1200.0,4
T060,2023-11-29,14,transmission,unavail_tx_import_mw,True,800.0,2200.0,500.0,1700.0,1400.0,1200.0,4
T060,2023-11-29,15,transmission,unavail_tx_import_mw,True,800.0,2200.0,500.0,1700.0,1400.0,1200.0,4
T060,2023-11-29,16,transmission,unavail_tx_import_mw,True,800.0,2200.0,500.0,1700.0,1400.0,1200.0,4
T060,2023-11-29,17,transmission,unavail_tx_import_mw,True,800.0,1800.0,500.0,1300.0,1000.0,1200.0,4
T060,2023-11-29,18,transmission,unavail_tx_import_mw,True,800.0,1800.0,500.0,1300.0,1000.0,1200.0,4
T060,2023-11-29,19,transmission,unavail_tx_import_mw,True,800.0,1800.0,500.0,1300.0,1000.0,1200.0,4
T060,2023-11-29,20,transmission,unavail_tx_import_mw,True,800.0,1800.0,400.0,1400.0,1000.0,1200.0,4
T060,2023-11-29,21,transmission,unavail_tx_import_mw,True,800.0,1800.0,400.0,1400.0,1000.0,1200.0,4
T060,2023-11-29,22,transmission,unavail_tx_import_mw,True,800.0,1800.0,400.0,1400.0,1000.0,1200.0,4
T060,2023-11-29,23,transmission,unavail_tx_import_mw,True,800.0,1800.0,400.0,1400.0,1000.0,1200.0,4
T060,2023-11-30,0,transmission,unavail_tx_import_mw,True,2200.0,1800.0,400.0,1400.0,-400.0,1200.0,4
T060,2023-11-30,1,transmission,unavail_tx_import_mw,True,2200.0,1800.0,400.0,1400.0,-400.0,1200.0,4
T060,2023-11-30,2,transmission,unavail_tx_import_mw,True,2200.0,1800.0,400.0,1400.0,-400.0,1200.0,4
T060,2023-11-30,3,transmission,unavail_tx_import_mw,True,2200.0,1800.0,400.0,1400.0,-400.0,1200.0,4
T060,2023-11-30,4,transmission,unavail_tx_import_mw,True,2200.0,1800.0,400.0,1400.0,-400.0,1200.0,4
T060,2023-11-30,5,transmission,unavail_tx_import_mw,True,2200.0,1800.0,685.0,1115.0,-400.0,1200.0,4
T060,2023-11-30,6,transmission,unavail_tx_import_mw,True,2200.0,1800.0,685.0,1115.0,-400.0,1200.0,4
T060,2023-11-30,7,transmission,unavail_tx_import_mw,True,2200.0,1800.0,500.0,1300.0,-400.0,1200.0,4
T060,2023-11-30,8,transmission,unavail_tx_import_mw,True,2200.0,1800.0,500.0,1300.0,-400.0,1200.0,4
T060,2023-11-30,9,transmission,unavail_tx_import_mw,True,2200.0,2000.0,500.0,1500.0,-200.0,1200.0,4
T060,2023-11-30,10,transmission,unavail_tx_import_mw,True,2200.0,2000.0,500.0,1500.0,-200.0,1200.0,4
T060,2023-11-30,11,transmission,unavail_tx_import_mw,True,2200.0,2000.0,500.0,1500.0,-200.0,1200.0,4
T060,2023-11-30,12,transmission,unavail_tx_import_mw,True,2200.0,2000.0,500.0,1500.0,-200.0,1200.0,4
T060,2023-11-30,13,transmission,unavail_tx_import_mw,True,2200.0,2000.0,500.0,1500.0,-200.0,1200.0,4
T060,2023-11-30,14,transmission,unavail_tx_import_mw,True,2200.0,2000.0,500.0,1500.0,-200.0,1200.0,4
T060,2023-11-30,15,transmission,unavail_tx_import_mw,True,2200.0,2000.0,500.0,1500.0,-200.0,1200.0,4
T060,2023-11-30,16,transmission,unavail_tx_import_mw,True,2200.0,2000.0,500.0,1500.0,-200.0,1200.0,4
T060,2023-11-30,17,transmission,unavail_tx_import_mw,True,2200.0,2000.0,500.0,1500.0,-200.0,1200.0,4
T060,2023-11-30,18,transmission,unavail_tx_import_mw,True,2200.0,2000.0,500.0,1500.0,-200.0,1200.0,4
T060,2023-11-30,19,transmission,unavail_tx_import_mw,True,2200.0,2000.0,400.0,1600.0,-200.0,1200.0,4
T060,2023-11-30,20,transmission,unavail_tx_import_mw,True,2200.0,2000.0,400.0,1600.0,-200.0,1200.0,4
T060,2023-11-30,21,transmission,unavail_tx_import_mw,True,2200.0,2000.0,400.0,1600.0,-200.0,1200.0,4
T060,2023-11-30,22,transmission,unavail_tx_import_mw,True,2200.0,2000.0,400.0,1600.0,-200.0,1200.0,4
T060,2023-11-30,23,transmission,unavail_tx_import_mw,True,2200.0,2000.0,400.0,1600.0,-200.0,1200.0,4
T060,2023-12-01,0,transmission,unavail_tx_import_mw,True,2000.0,2000.0,400.0,1600.0,0.0,1200.0,4
T060,2023-12-01,1,transmission,unavail_tx_import_mw,True,2000.0,2000.0,400.0,1600.0,0.0,1200.0,4
T060,2023-12-01,2,transmission,unavail_tx_import_mw,True,2000.0,2000.0,400.0,1600.0,0.0,1200.0,4
T060,2023-12-01,3,transmission,unavail_tx_import_mw,True,2000.0,2000.0,400.0,1600.0,0.0,1200.0,4
T060,2023-12-01,4,transmission,unavail_tx_import_mw,True,2000.0,2000.0,400.0,1600.0,0.0,1200.0,4
T060,2023-12-01,5,transmission,unavail_tx_import_mw,True,2000.0,2000.0,400.0,1600.0,0.0,1200.0,4
T060,2023-12-01,6,transmission,unavail_tx_import_mw,True,2000.0,2000.0,400.0,1600.0,0.0,1200.0,4
T060,2023-12-01,7,transmission,unavail_tx_import_mw,True,2000.0,2000.0,500.0,1500.0,0.0,1200.0,4
T060,2023-12-01,8,transmission,unavail_tx_import_mw,True,2000.0,2000.0,500.0,1500.0,0.0,1200.0,4
T060,2023-12-01,9,transmission,unavail_tx_import_mw,True,2000.0,2000.0,500.0,1500.0,0.0,1200.0,4
T060,2023-12-01,10,transmission,unavail_tx_import_mw,True,2000.0,2000.0,500.0,1500.0,0.0,1200.0,4
T060,2023-12-01,11,transmission,unavail_tx_import_mw,True,2000.0,2000.0,500.0,1500.0,0.0,1200.0,4
T060,2023-12-01,12,transmission,unavail_tx_import_mw,True,2000.0,2000.0,500.0,1500.0,0.0,1200.0,4
T060,2023-12-01,13,transmission,unavail_tx_import_mw,True,2000.0,2000.0,500.0,1500.0,0.0,1200.0,4
T060,2023-12-01,14,transmission,unavail_tx_import_mw,True,2000.0,2000.0,500.0,1500.0,0.0,1200.0,4
T060,2023-12-01,15,transmission,unavail_tx_import_mw,True,2000.0,2000.0,500.0,1500.0,0.0,1200.0,4
T060,2023-12-01,16,transmission,unavail_tx_import_mw,True,2000.0,2000.0,400.0,1600.0,0.0,1200.0,4
T060,2023-12-01,17,transmission,unavail_tx_import_mw,True,2000.0,2000.0,400.0,1600.0,0.0,1200.0,4
T060,2023-12-01,18,transmission,unavail_tx_import_mw,True,2000.0,2000.0,400.0,1600.0,0.0,1200.0,4
T060,2023-12-01,19,transmission,unavail_tx_import_mw,True,2000.0,2000.0,400.0,1600.0,0.0,1200.0,4
T060,2023-12-01,20,transmission,unavail_tx_import_mw,True,2000.0,2000.0,400.0,1600.0,0.0,1200.0,4
T060,2023-12-01,21,transmission,unavail_tx_import_mw,True,2000.0,2000.0,400.0,1600.0,0.0,1200.0,4
T060,2023-12-01,22,transmission,unavail_tx_import_mw,True,2000.0,2000.0,400.0,1600.0,0.0,1200.0,4
T060,2023-12-01,23,transmission,unavail_tx_import_mw,True,2000.0,2000.0,400.0,1600.0,0.0,1200.0,4
T060,2023-12-02,0,transmission,unavail_tx_import_mw,True,2000.0,2000.0,400.0,1600.0,0.0,1200.0,4
T060,2023-12-02,1,transmission,unavail_tx_import_mw,True,2000.0,2000.0,400.0,1600.0,0.0,1200.0,4
T060,2023-12-02,2,transmission,unavail_tx_import_mw,True,2000.0,2000.0,400.0,1600.0,0.0,1200.0,4
T060,2023-12-02,3,transmission,unavail_tx_import_mw,True,2000.0,2000.0,400.0,1600.0,0.0,1200.0,4
T060,2023-12-02,4,transmission,unavail_tx_import_mw,True,2000.0,2000.0,400.0,1600.0,0.0,1200.0,4
T060,2023-12-02,5,transmission,unavail_tx_import_mw,True,2000.0,2000.0,400.0,1600.0,0.0,1200.0,4
T060,2023-12-02,6,transmission,unavail_tx_import_mw,True,2000.0,2000.0,400.0,1600.0,0.0,1200.0,4
T060,2023-12-02,7,transmission,unavail_tx_import_mw,True,2000.0,2000.0,400.0,1600.0,0.0,1200.0,4
T060,2023-12-02,8,transmission,unavail_tx_import_mw,True,2000.0,2000.0,400.0,1600.0,0.0,1200.0,4
T060,2023-12-02,9,transmission,unavail_tx_import_mw,True,2000.0,2000.0,400.0,1600.0,0.0,1200.0,4
T060,2023-12-02,10,transmission,unavail_tx_import_mw,True,2000.0,2000.0,400.0,1600.0,0.0,1200.0,4
T060,2023-12-02,11,transmission,unavail_tx_import_mw,True,2000.0,2000.0,400.0,1600.0,0.0,1200.0,4
T060,2023-12-02,12,transmission,unavail_tx_import_mw,True,2000.0,2000.0,400.0,1600.0,0.0,1200.0,4
T060,2023-12-02,13,transmission,unavail_tx_import_mw,True,2000.0,2000.0,400.0,1600.0,0.0,1200.0,4
T060,2023-12-02,14,transmission,unavail_tx_import_mw,True,2000.0,2000.0,400.0,1600.0,0.0,1200.0,4
T060,2023-12-02,15,transmission,unavail_tx_import_mw,True,2000.0,2000.0,400.0,1600.0,0.0,1200.0,4
T060,2023-12-02,16,transmission,unavail_tx_import_mw,True,2000.0,2000.0,400.0,1600.0,0.0,1200.0,4
T060,2023-12-02,17,transmission,unavail_tx_import_mw,True,2000.0,2000.0,400.0,1600.0,0.0,1200.0,4
T060,2023-12-02,18,transmission,unavail_tx_import_mw,True,2000.0,2000.0,400.0,1600.0,0.0,1200.0,4
T060,2023-12-02,19,transmission,unavail_tx_import_mw,True,2000.0,2000.0,400.0,1600.0,0.0,1200.0,4
T060,2023-12-02,20,transmission,unavail_tx_import_mw,True,2000.0,2000.0,400.0,1600.0,0.0,1200.0,4
T060,2023-12-02,21,transmission,unavail_tx_import_mw,True,2000.0,2000.0,400.0,1600.0,0.0,1200.0,4
T060,2023-12-02,22,transmission,unavail_tx_import_mw,True,2000.0,2000.0,400.0,1600.0,0.0,1200.0,4
T060,2023-12-02,23,transmission,unavail_tx_import_mw,True,2000.0,2000.0,400.0,1600.0,0.0,1200.0,4
T060,2023-12-03,0,transmission,unavail_tx_import_mw,True,2000.0,2000.0,400.0,1600.0,0.0,1200.0,4
T060,2023-12-03,1,transmission,unavail_tx_import_mw,True,2000.0,2000.0,400.0,1600.0,0.0,1200.0,4
T060,2023-12-03,2,transmission,unavail_tx_import_mw,True,2000.0,2000.0,400.0,1600.0,0.0,1200.0,4
T060,2023-12-03,3,transmission,unavail_tx_import_mw,True,2000.0,2000.0,400.0,1600.0,0.0,1200.0,4
T060,2023-12-03,4,transmission,unavail_tx_import_mw,True,2000.0,2000.0,400.0,1600.0,0.0,1200.0,4
T060,2023-12-03,5,transmission,unavail_tx_import_mw,True,2000.0,2000.0,400.0,1600.0,0.0,1200.0,4
T060,2023-12-03,6,transmission,unavail_tx_import_mw,True,2000.0,2000.0,400.0,1600.0,0.0,1200.0,4
T060,2023-12-03,7,transmission,unavail_tx_import_mw,True,2000.0,2000.0,400.0,1600.0,0.0,1200.0,4
T060,2023-12-03,8,transmission,unavail_tx_import_mw,True,2000.0,2000.0,400.0,1600.0,0.0,1200.0,4
T060,2023-12-03,9,transmission,unavail_tx_import_mw,True,2000.0,2000.0,400.0,1600.0,0.0,1200.0,4
T060,2023-12-03,10,transmission,unavail_tx_import_mw,True,2000.0,2000.0,400.0,1600.0,0.0,1200.0,4
T060,2023-12-03,11,transmission,unavail_tx_import_mw,True,2000.0,2000.0,400.0,1600.0,0.0,1200.0,4
T060,2023-12-03,12,transmission,unavail_tx_import_mw,True,2000.0,2000.0,400.0,1600.0,0.0,1200.0,4
T060,2023-12-03,13,transmission,unavail_tx_import_mw,True,2000.0,2000.0,400.0,1600.0,0.0,1200.0,4
T060,2023-12-03,14,transmission,unavail_tx_import_mw,True,2000.0,2000.0,400.0,1600.0,0.0,1200.0,4
T060,2023-12-03,15,transmission,unavail_tx_import_mw,True,2000.0,2000.0,400.0,1600.0,0.0,1200.0,4
T060,2023-12-03,16,transmission,unavail_tx_import_mw,True,2000.0,2000.0,400.0,1600.0,0.0,1200.0,4
T060,2023-12-03,17,transmission,unavail_tx_import_mw,True,2000.0,2000.0,400.0,1600.0,0.0,1200.0,4
T060,2023-12-03,18,transmission,unavail_tx_import_mw,True,2000.0,2000.0,400.0,1600.0,0.0,1200.0,4
T060,2023-12-03,19,transmission,unavail_tx_import_mw,True,2000.0,2000.0,400.0,1600.0,0.0,1200.0,4
T060,2023-12-03,20,transmission,unavail_tx_import_mw,True,2000.0,2000.0,400.0,1600.0,0.0,1200.0,4
T060,2023-12-03,21,transmission,unavail_tx_import_mw,True,2000.0,2000.0,400.0,1600.0,0.0,1200.0,4
T060,2023-12-03,22,transmission,unavail_tx_import_mw,True,2000.0,2000.0,400.0,1600.0,0.0,1200.0,4
T060,2023-12-03,23,transmission,unavail_tx_import_mw,True,2000.0,2000.0,400.0,1600.0,0.0,1200.0,4
T060,2023-12-04,0,transmission,unavail_tx_import_mw,True,2000.0,1900.0,400.0,1500.0,-100.0,1200.0,4
T060,2023-12-04,1,transmission,unavail_tx_import_mw,True,2000.0,1900.0,400.0,1500.0,-100.0,1200.0,4
T060,2023-12-04,2,transmission,unavail_tx_import_mw,True,2000.0,1900.0,400.0,1500.0,-100.0,1200.0,4
T060,2023-12-04,3,transmission,unavail_tx_import_mw,True,2000.0,1900.0,400.0,1500.0,-100.0,1200.0,4
T060,2023-12-04,4,transmission,unavail_tx_import_mw,True,2000.0,1900.0,400.0,1500.0,-100.0,1200.0,4
T060,2023-12-04,5,transmission,unavail_tx_import_mw,True,2000.0,1900.0,400.0,1500.0,-100.0,1200.0,4
T060,2023-12-04,6,transmission,unavail_tx_import_mw,True,2000.0,1900.0,600.0,1300.0,-100.0,1200.0,4
T060,2023-12-04,7,transmission,unavail_tx_import_mw,True,2000.0,1900.0,600.0,1300.0,-100.0,1200.0,4
T060,2023-12-04,8,transmission,unavail_tx_import_mw,True,2000.0,1900.0,600.0,1300.0,-100.0,1200.0,4
T060,2023-12-04,9,transmission,unavail_tx_import_mw,True,2000.0,1900.0,600.0,1300.0,-100.0,1200.0,4
T060,2023-12-04,10,transmission,unavail_tx_import_mw,True,2000.0,1900.0,600.0,1300.0,-100.0,1200.0,4
T060,2023-12-04,11,transmission,unavail_tx_import_mw,True,2000.0,1900.0,600.0,1300.0,-100.0,1200.0,4
T060,2023-12-04,12,transmission,unavail_tx_import_mw,True,2000.0,1900.0,600.0,1300.0,-100.0,1200.0,4
T060,2023-12-04,13,transmission,unavail_tx_import_mw,True,2000.0,1900.0,600.0,1300.0,-100.0,1200.0,4
T060,2023-12-04,14,transmission,unavail_tx_import_mw,True,2000.0,1900.0,600.0,1300.0,-100.0,1200.0,4
T060,2023-12-04,15,transmission,unavail_tx_import_mw,True,2000.0,1900.0,600.0,1300.0,-100.0,1200.0,4
T060,2023-12-04,16,transmission,unavail_tx_import_mw,True,2000.0,1900.0,600.0,1300.0,-100.0,1200.0,4
T060,2023-12-04,17,transmission,unavail_tx_import_mw,True,2000.0,1900.0,600.0,1300.0,-100.0,1200.0,4
T060,2023-12-04,18,transmission,unavail_tx_import_mw,True,2000.0,1900.0,600.0,1300.0,-100.0,1200.0,4
T060,2023-12-04,19,transmission,unavail_tx_import_mw,True,2000.0,1900.0,600.0,1300.0,-100.0,1200.0,4
T060,2023-12-04,20,transmission,unavail_tx_import_mw,True,2000.0,1900.0,600.0,1300.0,-100.0,1200.0,4
T060,2023-12-04,21,transmission,unavail_tx_import_mw,True,2000.0,1900.0,600.0,1300.0,-100.0,1200.0,4
T060,2023-12-04,22,transmission,unavail_tx_import_mw,True,2000.0,1900.0,600.0,1300.0,-100.0,1200.0,4
T060,2023-12-04,23,transmission,unavail_tx_import_mw,True,2000.0,1900.0,600.0,1300.0,-100.0,1200.0,4
T064,2024-05-10,0,transmission,unavail_tx_import_mw,False,4100.0,4100.0,4972.5,-872.5,0.0,1000.0,4
T064,2024-05-10,1,transmission,unavail_tx_import_mw,False,4100.0,4100.0,4972.5,-872.5,0.0,1000.0,4
T064,2024-05-10,2,transmission,unavail_tx_import_mw,False,4100.0,4100.0,4972.5,-872.5,0.0,1000.0,4
T064,2024-05-10,3,transmission,unavail_tx_import_mw,False,4100.0,4100.0,4972.5,-872.5,0.0,1000.0,4
T064,2024-05-10,4,transmission,unavail_tx_import_mw,False,4100.0,4100.0,4972.5,-872.5,0.0,1000.0,4
T064,2024-05-10,5,transmission,unavail_tx_import_mw,False,4100.0,4100.0,4972.5,-872.5,0.0,1000.0,4
T064,2024-05-10,6,transmission,unavail_tx_import_mw,False,4100.0,4100.0,4972.5,-872.5,0.0,1000.0,4
T064,2024-05-10,7,transmission,unavail_tx_import_mw,False,4100.0,4100.0,4972.5,-872.5,0.0,1000.0,4
T064,2024-05-10,8,transmission,unavail_tx_import_mw,False,4100.0,4100.0,5072.5,-972.5,0.0,1000.0,4
T064,2024-05-10,9,transmission,unavail_tx_import_mw,False,4100.0,4100.0,5072.5,-972.5,0.0,1000.0,4
T064,2024-05-10,10,transmission,unavail_tx_import_mw,False,4100.0,4100.0,5072.5,-972.5,0.0,1000.0,4
T064,2024-05-10,11,transmission,unavail_tx_import_mw,False,4100.0,4100.0,5072.5,-972.5,0.0,1000.0,4
T064,2024-05-10,12,transmission,unavail_tx_import_mw,False,4100.0,4100.0,4972.5,-872.5,0.0,1000.0,4
T064,2024-05-10,13,transmission,unavail_tx_import_mw,False,4100.0,4100.0,4972.5,-872.5,0.0,1000.0,4
T064,2024-05-10,14,transmission,unavail_tx_import_mw,False,4100.0,4100.0,4972.5,-872.5,0.0,1000.0,4
T064,2024-05-10,15,transmission,unavail_tx_import_mw,False,4100.0,4100.0,4972.5,-872.5,0.0,1000.0,4
T064,2024-05-10,16,transmission,unavail_tx_import_mw,False,4100.0,4100.0,4347.5,-247.5,0.0,1000.0,4
T064,2024-05-10,17,transmission,unavail_tx_import_mw,False,4100.0,4100.0,4347.5,-247.5,0.0,1000.0,4
T064,2024-05-10,18,transmission,unavail_tx_import_mw,False,4100.0,4100.0,4347.5,-247.5,0.0,1000.0,4
T064,2024-05-10,19,transmission,unavail_tx_import_mw,False,4100.0,4100.0,4447.5,-347.5,0.0,1000.0,4
T064,2024-05-10,20,transmission,unavail_tx_import_mw,False,4100.0,4100.0,4447.5,-347.5,0.0,1000.0,4
T064,2024-05-10,21,transmission,unavail_tx_import_mw,True,4100.0,4000.0,4447.5,-447.5,-100.0,1000.0,4
T064,2024-05-10,22,transmission,unavail_tx_import_mw,True,4100.0,4100.0,4447.5,-347.5,0.0,1000.0,4
T064,2024-05-10,23,transmission,unavail_tx_import_mw,True,4100.0,4100.0,4447.5,-347.5,0.0,1000.0,4
T064,2024-05-11,0,transmission,unavail_tx_import_mw,True,4100.0,4100.0,4447.5,-347.5,0.0,1000.0,4
T064,2024-05-11,1,transmission,unavail_tx_import_mw,True,4100.0,4100.0,4447.5,-347.5,0.0,1000.0,4
T064,2024-05-11,2,transmission,unavail_tx_import_mw,True,4100.0,4100.0,4447.5,-347.5,0.0,1000.0,4
T064,2024-05-11,3,transmission,unavail_tx_import_mw,True,4100.0,4800.0,4447.5,352.5,700.0,1000.0,4
T064,2024-05-11,4,transmission,unavail_tx_import_mw,True,4100.0,4800.0,4447.5,352.5,700.0,1000.0,4
T064,2024-05-11,5,transmission,unavail_tx_import_mw,True,4100.0,4800.0,4447.5,352.5,700.0,1000.0,4
T064,2024-05-11,6,transmission,unavail_tx_import_mw,True,4100.0,4800.0,6670.0,-1870.0,700.0,1000.0,4
T064,2024-05-11,7,transmission,unavail_tx_import_mw,True,4100.0,5200.0,6827.5,-1627.5,1100.0,1000.0,4
T064,2024-05-11,8,transmission,unavail_tx_import_mw,True,4100.0,4500.0,6827.5,-2327.5,400.0,1000.0,4
T064,2024-05-11,9,transmission,unavail_tx_import_mw,True,4100.0,4500.0,6827.5,-2327.5,400.0,1000.0,4
T064,2024-05-11,10,transmission,unavail_tx_import_mw,True,4100.0,4500.0,6827.5,-2327.5,400.0,1000.0,4
T064,2024-05-11,11,transmission,unavail_tx_import_mw,True,4100.0,4500.0,6827.5,-2327.5,400.0,1000.0,4
T064,2024-05-11,12,transmission,unavail_tx_import_mw,True,4100.0,4500.0,6827.5,-2327.5,400.0,1000.0,4
T064,2024-05-11,13,transmission,unavail_tx_import_mw,True,4100.0,4500.0,6827.5,-2327.5,400.0,1000.0,4
T064,2024-05-11,14,transmission,unavail_tx_import_mw,True,4100.0,4500.0,6827.5,-2327.5,400.0,1000.0,4
T064,2024-05-11,15,transmission,unavail_tx_import_mw,True,4100.0,4500.0,6827.5,-2327.5,400.0,1000.0,4
T064,2024-05-11,16,transmission,unavail_tx_import_mw,True,4100.0,4500.0,6827.5,-2327.5,400.0,1000.0,4
T064,2024-05-11,17,transmission,unavail_tx_import_mw,True,4100.0,4500.0,6827.5,-2327.5,400.0,1000.0,4
T064,2024-05-11,18,transmission,unavail_tx_import_mw,True,4100.0,4500.0,6827.5,-2327.5,400.0,1000.0,4
T064,2024-05-11,19,transmission,unavail_tx_import_mw,True,4100.0,4100.0,6670.0,-2570.0,0.0,1000.0,4
T064,2024-05-11,20,transmission,unavail_tx_import_mw,True,4100.0,4100.0,6670.0,-2570.0,0.0,1000.0,4
T064,2024-05-11,21,transmission,unavail_tx_import_mw,True,4100.0,4100.0,6670.0,-2570.0,0.0,1000.0,4
T064,2024-05-11,22,transmission,unavail_tx_import_mw,True,4100.0,4100.0,6670.0,-2570.0,0.0,1000.0,4
T064,2024-05-11,23,transmission,unavail_tx_import_mw,True,4100.0,4100.0,6670.0,-2570.0,0.0,1000.0,4
T064,2024-05-12,0,transmission,unavail_tx_import_mw,True,4500.0,4100.0,6670.0,-2570.0,-400.0,1000.0,4
T064,2024-05-12,1,transmission,unavail_tx_import_mw,True,4500.0,4100.0,6670.0,-2570.0,-400.0,1000.0,4
T064,2024-05-12,2,transmission,unavail_tx_import_mw,True,4500.0,4100.0,6670.0,-2570.0,-400.0,1000.0,4
T064,2024-05-12,3,transmission,unavail_tx_import_mw,True,4500.0,4100.0,6670.0,-2570.0,-400.0,1000.0,4
T064,2024-05-12,4,transmission,unavail_tx_import_mw,True,4500.0,4100.0,6670.0,-2570.0,-400.0,1000.0,4
T064,2024-05-12,5,transmission,unavail_tx_import_mw,True,4500.0,4100.0,6670.0,-2570.0,-400.0,1000.0,4
T064,2024-05-12,6,transmission,unavail_tx_import_mw,True,4500.0,4200.0,6670.0,-2470.0,-300.0,1000.0,4
T064,2024-05-12,7,transmission,unavail_tx_import_mw,True,4500.0,4200.0,6670.0,-2470.0,-300.0,1000.0,4
T064,2024-05-12,8,transmission,unavail_tx_import_mw,True,4500.0,4200.0,6670.0,-2470.0,-300.0,1000.0,4
T064,2024-05-12,9,transmission,unavail_tx_import_mw,True,4500.0,4200.0,6670.0,-2470.0,-300.0,1000.0,4
T064,2024-05-12,10,transmission,unavail_tx_import_mw,True,4500.0,4200.0,6670.0,-2470.0,-300.0,1000.0,4
T064,2024-05-12,11,transmission,unavail_tx_import_mw,True,4500.0,4200.0,6670.0,-2470.0,-300.0,1000.0,4
T064,2024-05-12,12,transmission,unavail_tx_import_mw,True,4500.0,4200.0,6670.0,-2470.0,-300.0,1000.0,4
T064,2024-05-12,13,transmission,unavail_tx_import_mw,True,4500.0,4200.0,6670.0,-2470.0,-300.0,1000.0,4
T064,2024-05-12,14,transmission,unavail_tx_import_mw,True,4500.0,4200.0,6670.0,-2470.0,-300.0,1000.0,4
T064,2024-05-12,15,transmission,unavail_tx_import_mw,True,4500.0,4200.0,6670.0,-2470.0,-300.0,1000.0,4
T064,2024-05-12,16,transmission,unavail_tx_import_mw,True,4500.0,4200.0,6670.0,-2470.0,-300.0,1000.0,4
T064,2024-05-12,17,transmission,unavail_tx_import_mw,True,4500.0,4200.0,5795.0,-1595.0,-300.0,1000.0,4
T064,2024-05-12,18,transmission,unavail_tx_import_mw,True,4500.0,4200.0,4547.5,-347.5,-300.0,1000.0,4
T064,2024-05-12,19,transmission,unavail_tx_import_mw,True,4500.0,4200.0,4572.5,-372.5,-300.0,1000.0,4
T064,2024-05-12,20,transmission,unavail_tx_import_mw,True,4500.0,4200.0,4747.5,-547.5,-300.0,1000.0,4
T064,2024-05-12,21,transmission,unavail_tx_import_mw,True,4500.0,4200.0,4747.5,-547.5,-300.0,1000.0,4
T064,2024-05-12,22,transmission,unavail_tx_import_mw,True,4500.0,4200.0,4747.5,-547.5,-300.0,1000.0,4
T064,2024-05-12,23,transmission,unavail_tx_import_mw,True,4500.0,4200.0,4747.5,-547.5,-300.0,1000.0,4
T064,2024-05-13,0,transmission,unavail_tx_import_mw,True,4200.0,4200.0,4747.5,-547.5,0.0,1000.0,4
T064,2024-05-13,1,transmission,unavail_tx_import_mw,True,4200.0,4200.0,4747.5,-547.5,0.0,1000.0,4
T064,2024-05-13,2,transmission,unavail_tx_import_mw,True,4200.0,4200.0,4747.5,-547.5,0.0,1000.0,4
T064,2024-05-13,3,transmission,unavail_tx_import_mw,True,4200.0,4200.0,4747.5,-547.5,0.0,1000.0,4
T064,2024-05-13,4,transmission,unavail_tx_import_mw,True,4200.0,4200.0,4747.5,-547.5,0.0,1000.0,4
T064,2024-05-13,5,transmission,unavail_tx_import_mw,True,4200.0,4200.0,4747.5,-547.5,0.0,1000.0,4
T064,2024-05-13,6,transmission,unavail_tx_import_mw,True,4200.0,4400.0,5097.5,-697.5,200.0,1000.0,4
T064,2024-05-13,7,transmission,unavail_tx_import_mw,True,4200.0,4565.0,5210.0,-645.0,365.0,1000.0,4
T064,2024-05-13,8,transmission,unavail_tx_import_mw,True,4200.0,4565.0,5210.0,-645.0,365.0,1000.0,4
T064,2024-05-13,9,transmission,unavail_tx_import_mw,True,4200.0,4565.0,5210.0,-645.0,365.0,1000.0,4
T064,2024-05-13,10,transmission,unavail_tx_import_mw,True,4200.0,4565.0,5210.0,-645.0,365.0,1000.0,4
T064,2024-05-13,11,transmission,unavail_tx_import_mw,True,4200.0,4565.0,5210.0,-645.0,365.0,1000.0,4
T064,2024-05-13,12,transmission,unavail_tx_import_mw,True,4200.0,4565.0,5210.0,-645.0,365.0,1000.0,4
T064,2024-05-13,13,transmission,unavail_tx_import_mw,True,4200.0,4565.0,5210.0,-645.0,365.0,1000.0,4
T064,2024-05-13,14,transmission,unavail_tx_import_mw,True,4200.0,4565.0,5210.0,-645.0,365.0,1000.0,4
T064,2024-05-13,15,transmission,unavail_tx_import_mw,True,4200.0,4565.0,5210.0,-645.0,365.0,1000.0,4
T064,2024-05-13,16,transmission,unavail_tx_import_mw,True,4200.0,4565.0,5210.0,-645.0,365.0,1000.0,4
T064,2024-05-13,17,transmission,unavail_tx_import_mw,True,4200.0,4565.0,5210.0,-645.0,365.0,1000.0,4
T064,2024-05-13,18,transmission,unavail_tx_import_mw,True,4200.0,4565.0,5210.0,-645.0,365.0,1000.0,4
T064,2024-05-13,19,transmission,unavail_tx_import_mw,True,4200.0,4565.0,5210.0,-645.0,365.0,1000.0,4
T064,2024-05-13,20,transmission,unavail_tx_import_mw,True,4200.0,4565.0,5210.0,-645.0,365.0,1000.0,4
T064,2024-05-13,21,transmission,unavail_tx_import_mw,True,4200.0,4565.0,5210.0,-645.0,365.0,1000.0,4
T064,2024-05-13,22,transmission,unavail_tx_import_mw,True,4200.0,4565.0,5210.0,-645.0,365.0,1000.0,4
T064,2024-05-13,23,transmission,unavail_tx_import_mw,True,4200.0,4565.0,5210.0,-645.0,365.0,1000.0,4
T064,2024-05-14,0,transmission,unavail_tx_import_mw,True,4565.0,4565.0,5210.0,-645.0,0.0,1000.0,4
T064,2024-05-14,1,transmission,unavail_tx_import_mw,True,4565.0,4565.0,5210.0,-645.0,0.0,1000.0,4
T064,2024-05-14,2,transmission,unavail_tx_import_mw,True,4565.0,4565.0,5210.0,-645.0,0.0,1000.0,4
T064,2024-05-14,3,transmission,unavail_tx_import_mw,True,4565.0,4565.0,5210.0,-645.0,0.0,1000.0,4
T064,2024-05-14,4,transmission,unavail_tx_import_mw,True,4565.0,4565.0,5210.0,-645.0,0.0,1000.0,4
T064,2024-05-14,5,transmission,unavail_tx_import_mw,True,4565.0,4565.0,5210.0,-645.0,0.0,1000.0,4
T064,2024-05-14,6,transmission,unavail_tx_import_mw,True,4565.0,4565.0,5210.0,-645.0,0.0,1000.0,4
T064,2024-05-14,7,transmission,unavail_tx_import_mw,True,4565.0,4565.0,5210.0,-645.0,0.0,1000.0,4
T064,2024-05-14,8,transmission,unavail_tx_import_mw,True,4565.0,4565.0,5210.0,-645.0,0.0,1000.0,4
T064,2024-05-14,9,transmission,unavail_tx_import_mw,True,4565.0,4565.0,5210.0,-645.0,0.0,1000.0,4
T064,2024-05-14,10,transmission,unavail_tx_import_mw,True,4565.0,4565.0,5210.0,-645.0,0.0,1000.0,4
T064,2024-05-14,11,transmission,unavail_tx_import_mw,True,4565.0,4565.0,5210.0,-645.0,0.0,1000.0,4
T064,2024-05-14,12,transmission,unavail_tx_import_mw,True,4565.0,4565.0,5210.0,-645.0,0.0,1000.0,4
T064,2024-05-14,13,transmission,unavail_tx_import_mw,True,4565.0,4565.0,5210.0,-645.0,0.0,1000.0,4
T064,2024-05-14,14,transmission,unavail_tx_import_mw,True,4565.0,4565.0,5210.0,-645.0,0.0,1000.0,4
T064,2024-05-14,15,transmission,unavail_tx_import_mw,True,4565.0,4565.0,5210.0,-645.0,0.0,1000.0,4
T064,2024-05-14,16,transmission,unavail_tx_import_mw,True,4565.0,4400.0,5210.0,-810.0,-165.0,1000.0,4
T064,2024-05-14,17,transmission,unavail_tx_import_mw,True,4565.0,4400.0,5210.0,-810.0,-165.0,1000.0,4
T064,2024-05-14,18,transmission,unavail_tx_import_mw,True,4565.0,4400.0,5210.0,-810.0,-165.0,1000.0,4
T064,2024-05-14,19,transmission,unavail_tx_import_mw,True,4565.0,4400.0,5210.0,-810.0,-165.0,1000.0,4
T064,2024-05-14,20,transmission,unavail_tx_import_mw,True,4565.0,4400.0,5210.0,-810.0,-165.0,1000.0,4
T064,2024-05-14,21,transmission,unavail_tx_import_mw,True,4565.0,4400.0,5210.0,-810.0,-165.0,1000.0,4
T064,2024-05-14,22,transmission,unavail_tx_import_mw,True,4565.0,4400.0,5210.0,-810.0,-165.0,1000.0,4
T064,2024-05-14,23,transmission,unavail_tx_import_mw,True,4565.0,4500.0,5210.0,-710.0,-65.0,1000.0,4
T064,2024-05-15,0,transmission,unavail_tx_import_mw,True,4565.0,4400.0,5210.0,-810.0,-165.0,1000.0,4
T064,2024-05-15,1,transmission,unavail_tx_import_mw,True,4565.0,4400.0,5210.0,-810.0,-165.0,1000.0,4
T064,2024-05-15,2,transmission,unavail_tx_import_mw,True,4565.0,4400.0,5210.0,-810.0,-165.0,1000.0,4
T064,2024-05-15,3,transmission,unavail_tx_import_mw,True,4565.0,4400.0,5210.0,-810.0,-165.0,1000.0,4
T064,2024-05-15,4,transmission,unavail_tx_import_mw,True,4565.0,4400.0,5210.0,-810.0,-165.0,1000.0,4
T064,2024-05-15,5,transmission,unavail_tx_import_mw,True,4565.0,4400.0,5210.0,-810.0,-165.0,1000.0,4
T064,2024-05-15,6,transmission,unavail_tx_import_mw,True,4565.0,4400.0,5210.0,-810.0,-165.0,1000.0,4
T064,2024-05-15,7,transmission,unavail_tx_import_mw,True,4565.0,4400.0,5210.0,-810.0,-165.0,1000.0,4
T064,2024-05-15,8,transmission,unavail_tx_import_mw,True,4565.0,4400.0,5210.0,-810.0,-165.0,1000.0,4
T064,2024-05-15,9,transmission,unavail_tx_import_mw,True,4565.0,4400.0,5210.0,-810.0,-165.0,1000.0,4
T064,2024-05-15,10,transmission,unavail_tx_import_mw,True,4565.0,4400.0,5210.0,-810.0,-165.0,1000.0,4
T064,2024-05-15,11,transmission,unavail_tx_import_mw,True,4565.0,4400.0,5210.0,-810.0,-165.0,1000.0,4
T064,2024-05-15,12,transmission,unavail_tx_import_mw,True,4565.0,4400.0,5210.0,-810.0,-165.0,1000.0,4
T064,2024-05-15,13,transmission,unavail_tx_import_mw,True,4565.0,4045.0,5210.0,-1165.0,-520.0,1000.0,4
T064,2024-05-15,14,transmission,unavail_tx_import_mw,True,4565.0,4045.0,5097.5,-1052.5,-520.0,1000.0,4
T064,2024-05-15,15,transmission,unavail_tx_import_mw,False,4565.0,4045.0,5097.5,-1052.5,-520.0,1000.0,4
T064,2024-05-15,16,transmission,unavail_tx_import_mw,False,4565.0,4045.0,5097.5,-1052.5,-520.0,1000.0,4
T064,2024-05-15,17,transmission,unavail_tx_import_mw,False,4565.0,4045.0,5097.5,-1052.5,-520.0,1000.0,4
T064,2024-05-15,18,transmission,unavail_tx_import_mw,False,4565.0,4045.0,5047.5,-1002.5,-520.0,1000.0,4
T064,2024-05-15,19,transmission,unavail_tx_import_mw,False,4565.0,4045.0,5047.5,-1002.5,-520.0,1000.0,4
T064,2024-05-15,20,transmission,unavail_tx_import_mw,False,4565.0,4045.0,5047.5,-1002.5,-520.0,1000.0,4
T064,2024-05-15,21,transmission,unavail_tx_import_mw,False,4565.0,4045.0,5047.5,-1002.5,-520.0,1000.0,4
T064,2024-05-15,22,transmission,unavail_tx_import_mw,False,4565.0,4045.0,5047.5,-1002.5,-520.0,1000.0,4
T064,2024-05-15,23,transmission,unavail_tx_import_mw,False,4565.0,4045.0,5047.5,-1002.5,-520.0,1000.0,4
T065,2024-06-18,0,transmission,unavail_tx_import_mw,False,3245.0,3245.0,3322.5,-77.5,0.0,1100.0,4
T065,2024-06-18,1,transmission,unavail_tx_import_mw,False,3245.0,3245.0,3322.5,-77.5,0.0,1100.0,4
T065,2024-06-18,2,transmission,unavail_tx_import_mw,False,3245.0,3245.0,3322.5,-77.5,0.0,1100.0,4
T065,2024-06-18,3,transmission,unavail_tx_import_mw,False,3245.0,3245.0,3322.5,-77.5,0.0,1100.0,4
T065,2024-06-18,4,transmission,unavail_tx_import_mw,False,3245.0,3245.0,3322.5,-77.5,0.0,1100.0,4
T065,2024-06-18,5,transmission,unavail_tx_import_mw,False,3245.0,3245.0,3322.5,-77.5,0.0,1100.0,4
T065,2024-06-18,6,transmission,unavail_tx_import_mw,False,3245.0,3245.0,3645.0,-400.0,0.0,1100.0,4
T065,2024-06-18,7,transmission,unavail_tx_import_mw,False,3245.0,3245.0,3870.0,-625.0,0.0,1100.0,4
T065,2024-06-18,8,transmission,unavail_tx_import_mw,False,3245.0,3245.0,3870.0,-625.0,0.0,1100.0,4
T065,2024-06-18,9,transmission,unavail_tx_import_mw,False,3245.0,3245.0,3870.0,-625.0,0.0,1100.0,4
T065,2024-06-18,10,transmission,unavail_tx_import_mw,False,3245.0,3245.0,3870.0,-625.0,0.0,1100.0,4
T065,2024-06-18,11,transmission,unavail_tx_import_mw,False,3245.0,3245.0,3870.0,-625.0,0.0,1100.0,4
T065,2024-06-18,12,transmission,unavail_tx_import_mw,False,3245.0,3245.0,3870.0,-625.0,0.0,1100.0,4
T065,2024-06-18,13,transmission,unavail_tx_import_mw,False,3245.0,3245.0,3870.0,-625.0,0.0,1100.0,4
T065,2024-06-18,14,transmission,unavail_tx_import_mw,False,3245.0,3245.0,3870.0,-625.0,0.0,1100.0,4
T065,2024-06-18,15,transmission,unavail_tx_import_mw,False,3245.0,3245.0,3870.0,-625.0,0.0,1100.0,4
T065,2024-06-18,16,transmission,unavail_tx_import_mw,False,3245.0,3245.0,3870.0,-625.0,0.0,1100.0,4
T065,2024-06-18,17,transmission,unavail_tx_import_mw,True,3245.0,3545.0,3870.0,-325.0,300.0,1100.0,4
T065,2024-06-18,18,transmission,unavail_tx_import_mw,True,3245.0,3545.0,3870.0,-325.0,300.0,1100.0,4
T065,2024-06-18,19,transmission,unavail_tx_import_mw,True,3245.0,3545.0,3670.0,-125.0,300.0,1100.0,4
T065,2024-06-18,20,transmission,unavail_tx_import_mw,True,3245.0,3545.0,3670.0,-125.0,300.0,1100.0,4
T065,2024-06-18,21,transmission,unavail_tx_import_mw,True,3245.0,3545.0,3670.0,-125.0,300.0,1100.0,4
T065,2024-06-18,22,transmission,unavail_tx_import_mw,True,3245.0,3545.0,3670.0,-125.0,300.0,1100.0,4
T065,2024-06-18,23,transmission,unavail_tx_import_mw,True,3245.0,3545.0,3670.0,-125.0,300.0,1100.0,4
T065,2024-06-19,0,transmission,unavail_tx_import_mw,True,3245.0,3545.0,3670.0,-125.0,300.0,1100.0,4
T065,2024-06-19,1,transmission,unavail_tx_import_mw,True,3245.0,3545.0,3670.0,-125.0,300.0,1100.0,4
T065,2024-06-19,2,transmission,unavail_tx_import_mw,True,3245.0,3545.0,3670.0,-125.0,300.0,1100.0,4
T065,2024-06-19,3,transmission,unavail_tx_import_mw,True,3245.0,3545.0,3670.0,-125.0,300.0,1100.0,4
T065,2024-06-19,4,transmission,unavail_tx_import_mw,True,3245.0,3545.0,3670.0,-125.0,300.0,1100.0,4
T065,2024-06-19,5,transmission,unavail_tx_import_mw,True,3245.0,3545.0,3670.0,-125.0,300.0,1100.0,4
T065,2024-06-19,6,transmission,unavail_tx_import_mw,True,3245.0,3545.0,3670.0,-125.0,300.0,1100.0,4
T065,2024-06-19,7,transmission,unavail_tx_import_mw,True,3245.0,3545.0,3670.0,-125.0,300.0,1100.0,4
T065,2024-06-19,8,transmission,unavail_tx_import_mw,True,3245.0,3545.0,3670.0,-125.0,300.0,1100.0,4
T065,2024-06-19,9,transmission,unavail_tx_import_mw,True,3245.0,3545.0,3670.0,-125.0,300.0,1100.0,4
T065,2024-06-19,10,transmission,unavail_tx_import_mw,True,3245.0,3545.0,3670.0,-125.0,300.0,1100.0,4
T065,2024-06-19,11,transmission,unavail_tx_import_mw,True,3245.0,3545.0,3670.0,-125.0,300.0,1100.0,4
T065,2024-06-19,12,transmission,unavail_tx_import_mw,True,3245.0,3545.0,3670.0,-125.0,300.0,1100.0,4
T065,2024-06-19,13,transmission,unavail_tx_import_mw,True,3245.0,3545.0,3547.5,-2.5,300.0,1100.0,4
T065,2024-06-19,14,transmission,unavail_tx_import_mw,True,3245.0,3545.0,3547.5,-2.5,300.0,1100.0,4
T065,2024-06-19,15,transmission,unavail_tx_import_mw,True,3245.0,3545.0,3547.5,-2.5,300.0,1100.0,4
T065,2024-06-19,16,transmission,unavail_tx_import_mw,True,3245.0,3545.0,3547.5,-2.5,300.0,1100.0,4
T065,2024-06-19,17,transmission,unavail_tx_import_mw,True,3245.0,3545.0,3322.5,222.5,300.0,1100.0,4
T065,2024-06-19,18,transmission,unavail_tx_import_mw,True,3245.0,3545.0,3322.5,222.5,300.0,1100.0,4
T065,2024-06-19,19,transmission,unavail_tx_import_mw,True,3245.0,3545.0,3322.5,222.5,300.0,1100.0,4
T065,2024-06-19,20,transmission,unavail_tx_import_mw,True,3245.0,3545.0,3322.5,222.5,300.0,1100.0,4
T065,2024-06-19,21,transmission,unavail_tx_import_mw,True,3245.0,3545.0,3322.5,222.5,300.0,1100.0,4
T065,2024-06-19,22,transmission,unavail_tx_import_mw,True,3245.0,3545.0,3322.5,222.5,300.0,1100.0,4
T065,2024-06-19,23,transmission,unavail_tx_import_mw,True,3245.0,3545.0,3322.5,222.5,300.0,1100.0,4
T065,2024-06-20,0,transmission,unavail_tx_import_mw,True,3545.0,3545.0,3245.0,300.0,0.0,1100.0,4
T065,2024-06-20,1,transmission,unavail_tx_import_mw,True,3545.0,3545.0,3245.0,300.0,0.0,1100.0,4
T065,2024-06-20,2,transmission,unavail_tx_import_mw,True,3545.0,3545.0,3245.0,300.0,0.0,1100.0,4
T065,2024-06-20,3,transmission,unavail_tx_import_mw,True,3545.0,3545.0,3245.0,300.0,0.0,1100.0,4
T065,2024-06-20,4,transmission,unavail_tx_import_mw,True,3545.0,3545.0,3245.0,300.0,0.0,1100.0,4
T065,2024-06-20,5,transmission,unavail_tx_import_mw,True,3545.0,3545.0,3245.0,300.0,0.0,1100.0,4
T065,2024-06-20,6,transmission,unavail_tx_import_mw,True,3545.0,3545.0,3245.0,300.0,0.0,1100.0,4
T065,2024-06-20,7,transmission,unavail_tx_import_mw,True,3545.0,3545.0,3452.5,92.5,0.0,1100.0,4
T065,2024-06-20,8,transmission,unavail_tx_import_mw,True,3545.0,3545.0,3452.5,92.5,0.0,1100.0,4
T065,2024-06-20,9,transmission,unavail_tx_import_mw,True,3545.0,3545.0,3452.5,92.5,0.0,1100.0,4
T065,2024-06-20,10,transmission,unavail_tx_import_mw,True,3545.0,3545.0,3452.5,92.5,0.0,1100.0,4
T065,2024-06-20,11,transmission,unavail_tx_import_mw,True,3545.0,3545.0,3452.5,92.5,0.0,1100.0,4
T065,2024-06-20,12,transmission,unavail_tx_import_mw,True,3545.0,3545.0,3452.5,92.5,0.0,1100.0,4
T065,2024-06-20,13,transmission,unavail_tx_import_mw,True,3545.0,3545.0,3452.5,92.5,0.0,1100.0,4
T065,2024-06-20,14,transmission,unavail_tx_import_mw,True,3545.0,3545.0,3452.5,92.5,0.0,1100.0,4
T065,2024-06-20,15,transmission,unavail_tx_import_mw,True,3545.0,3545.0,3452.5,92.5,0.0,1100.0,4
T065,2024-06-20,16,transmission,unavail_tx_import_mw,True,3545.0,3545.0,3245.0,300.0,0.0,1100.0,4
T065,2024-06-20,17,transmission,unavail_tx_import_mw,True,3545.0,3545.0,3245.0,300.0,0.0,1100.0,4
T065,2024-06-20,18,transmission,unavail_tx_import_mw,True,3545.0,3545.0,3245.0,300.0,0.0,1100.0,4
T065,2024-06-20,19,transmission,unavail_tx_import_mw,True,3545.0,3545.0,3245.0,300.0,0.0,1100.0,4
T065,2024-06-20,20,transmission,unavail_tx_import_mw,True,3545.0,3545.0,3245.0,300.0,0.0,1100.0,4
T065,2024-06-20,21,transmission,unavail_tx_import_mw,True,3545.0,3545.0,3245.0,300.0,0.0,1100.0,4
T065,2024-06-20,22,transmission,unavail_tx_import_mw,True,3545.0,3545.0,3245.0,300.0,0.0,1100.0,4
T065,2024-06-20,23,transmission,unavail_tx_import_mw,True,3545.0,3545.0,3245.0,300.0,0.0,1100.0,4
T065,2024-06-21,0,transmission,unavail_tx_import_mw,True,3545.0,3545.0,3245.0,300.0,0.0,1100.0,4
T065,2024-06-21,1,transmission,unavail_tx_import_mw,True,3545.0,3545.0,3245.0,300.0,0.0,1100.0,4
T065,2024-06-21,2,transmission,unavail_tx_import_mw,True,3545.0,3545.0,3245.0,300.0,0.0,1100.0,4
T065,2024-06-21,3,transmission,unavail_tx_import_mw,True,3545.0,3545.0,3245.0,300.0,0.0,1100.0,4
T065,2024-06-21,4,transmission,unavail_tx_import_mw,True,3545.0,3545.0,3245.0,300.0,0.0,1100.0,4
T065,2024-06-21,5,transmission,unavail_tx_import_mw,True,3545.0,3545.0,3245.0,300.0,0.0,1100.0,4
T065,2024-06-21,6,transmission,unavail_tx_import_mw,True,3545.0,3545.0,3245.0,300.0,0.0,1100.0,4
T065,2024-06-21,7,transmission,unavail_tx_import_mw,True,3545.0,3545.0,3245.0,300.0,0.0,1100.0,4
T065,2024-06-21,8,transmission,unavail_tx_import_mw,True,3545.0,3545.0,3245.0,300.0,0.0,1100.0,4
T065,2024-06-21,9,transmission,unavail_tx_import_mw,True,3545.0,3545.0,3245.0,300.0,0.0,1100.0,4
T065,2024-06-21,10,transmission,unavail_tx_import_mw,True,3545.0,3545.0,3245.0,300.0,0.0,1100.0,4
T065,2024-06-21,11,transmission,unavail_tx_import_mw,True,3545.0,3545.0,3245.0,300.0,0.0,1100.0,4
T065,2024-06-21,12,transmission,unavail_tx_import_mw,True,3545.0,3545.0,3245.0,300.0,0.0,1100.0,4
T065,2024-06-21,13,transmission,unavail_tx_import_mw,True,3545.0,3545.0,3245.0,300.0,0.0,1100.0,4
T065,2024-06-21,14,transmission,unavail_tx_import_mw,True,3545.0,3545.0,3245.0,300.0,0.0,1100.0,4
T065,2024-06-21,15,transmission,unavail_tx_import_mw,True,3545.0,3545.0,3245.0,300.0,0.0,1100.0,4
T065,2024-06-21,16,transmission,unavail_tx_import_mw,True,3545.0,3545.0,3245.0,300.0,0.0,1100.0,4
T065,2024-06-21,17,transmission,unavail_tx_import_mw,True,3545.0,3545.0,3245.0,300.0,0.0,1100.0,4
T065,2024-06-21,18,transmission,unavail_tx_import_mw,True,3545.0,3545.0,3245.0,300.0,0.0,1100.0,4
T065,2024-06-21,19,transmission,unavail_tx_import_mw,True,3545.0,3545.0,3245.0,300.0,0.0,1100.0,4
T065,2024-06-21,20,transmission,unavail_tx_import_mw,True,3545.0,3545.0,3245.0,300.0,0.0,1100.0,4
T065,2024-06-21,21,transmission,unavail_tx_import_mw,True,3545.0,3545.0,3245.0,300.0,0.0,1100.0,4
T065,2024-06-21,22,transmission,unavail_tx_import_mw,True,3545.0,3545.0,3245.0,300.0,0.0,1100.0,4
T065,2024-06-21,23,transmission,unavail_tx_import_mw,True,3545.0,3545.0,3245.0,300.0,0.0,1100.0,4
T065,2024-06-22,0,transmission,unavail_tx_import_mw,True,3545.0,3545.0,3245.0,300.0,0.0,1100.0,4
T065,2024-06-22,1,transmission,unavail_tx_import_mw,True,3545.0,3545.0,3245.0,300.0,0.0,1100.0,4
T065,2024-06-22,2,transmission,unavail_tx_import_mw,True,3545.0,3545.0,3245.0,300.0,0.0,1100.0,4
T065,2024-06-22,3,transmission,unavail_tx_import_mw,True,3545.0,3545.0,3245.0,300.0,0.0,1100.0,4
T065,2024-06-22,4,transmission,unavail_tx_import_mw,True,3545.0,3545.0,3245.0,300.0,0.0,1100.0,4
T065,2024-06-22,5,transmission,unavail_tx_import_mw,True,3545.0,3545.0,3245.0,300.0,0.0,1100.0,4
T065,2024-06-22,6,transmission,unavail_tx_import_mw,True,3545.0,3545.0,3245.0,300.0,0.0,1100.0,4
T065,2024-06-22,7,transmission,unavail_tx_import_mw,True,3545.0,3545.0,3245.0,300.0,0.0,1100.0,4
T065,2024-06-22,8,transmission,unavail_tx_import_mw,True,3545.0,3545.0,3245.0,300.0,0.0,1100.0,4
T065,2024-06-22,9,transmission,unavail_tx_import_mw,True,3545.0,3545.0,3245.0,300.0,0.0,1100.0,4
T065,2024-06-22,10,transmission,unavail_tx_import_mw,True,3545.0,3545.0,3245.0,300.0,0.0,1100.0,4
T065,2024-06-22,11,transmission,unavail_tx_import_mw,True,3545.0,3545.0,3245.0,300.0,0.0,1100.0,4
T065,2024-06-22,12,transmission,unavail_tx_import_mw,True,3545.0,3545.0,3245.0,300.0,0.0,1100.0,4
T065,2024-06-22,13,transmission,unavail_tx_import_mw,True,3545.0,3545.0,3245.0,300.0,0.0,1100.0,4
T065,2024-06-22,14,transmission,unavail_tx_import_mw,True,3545.0,3545.0,3245.0,300.0,0.0,1100.0,4
T065,2024-06-22,15,transmission,unavail_tx_import_mw,True,3545.0,3545.0,3245.0,300.0,0.0,1100.0,4
T065,2024-06-22,16,transmission,unavail_tx_import_mw,True,3545.0,3545.0,3245.0,300.0,0.0,1100.0,4
T065,2024-06-22,17,transmission,unavail_tx_import_mw,True,3545.0,3545.0,3245.0,300.0,0.0,1100.0,4
T065,2024-06-22,18,transmission,unavail_tx_import_mw,True,3545.0,3545.0,3245.0,300.0,0.0,1100.0,4
T065,2024-06-22,19,transmission,unavail_tx_import_mw,True,3545.0,3545.0,3245.0,300.0,0.0,1100.0,4
T065,2024-06-22,20,transmission,unavail_tx_import_mw,True,3545.0,3545.0,3245.0,300.0,0.0,1100.0,4
T065,2024-06-22,21,transmission,unavail_tx_import_mw,True,3545.0,3545.0,3245.0,300.0,0.0,1100.0,4
T065,2024-06-22,22,transmission,unavail_tx_import_mw,True,3545.0,3545.0,3245.0,300.0,0.0,1100.0,4
T065,2024-06-22,23,transmission,unavail_tx_import_mw,True,3545.0,3545.0,3245.0,300.0,0.0,1100.0,4
T065,2024-06-23,0,transmission,unavail_tx_import_mw,True,3545.0,3545.0,3245.0,300.0,0.0,1100.0,4
T065,2024-06-23,1,transmission,unavail_tx_import_mw,True,3545.0,3545.0,3245.0,300.0,0.0,1100.0,4
T065,2024-06-23,2,transmission,unavail_tx_import_mw,True,3545.0,3545.0,3245.0,300.0,0.0,1100.0,4
T065,2024-06-23,3,transmission,unavail_tx_import_mw,True,3545.0,3545.0,3245.0,300.0,0.0,1100.0,4
T065,2024-06-23,4,transmission,unavail_tx_import_mw,True,3545.0,3545.0,3245.0,300.0,0.0,1100.0,4
T065,2024-06-23,5,transmission,unavail_tx_import_mw,True,3545.0,3545.0,3245.0,300.0,0.0,1100.0,4
T065,2024-06-23,6,transmission,unavail_tx_import_mw,True,3545.0,3545.0,3245.0,300.0,0.0,1100.0,4
T065,2024-06-23,7,transmission,unavail_tx_import_mw,True,3545.0,3545.0,3245.0,300.0,0.0,1100.0,4
T065,2024-06-23,8,transmission,unavail_tx_import_mw,True,3545.0,3545.0,3245.0,300.0,0.0,1100.0,4
T065,2024-06-23,9,transmission,unavail_tx_import_mw,True,3545.0,3545.0,3245.0,300.0,0.0,1100.0,4
T065,2024-06-23,10,transmission,unavail_tx_import_mw,True,3545.0,3545.0,3245.0,300.0,0.0,1100.0,4
T065,2024-06-23,11,transmission,unavail_tx_import_mw,True,3545.0,3545.0,3245.0,300.0,0.0,1100.0,4
T065,2024-06-23,12,transmission,unavail_tx_import_mw,True,3545.0,3545.0,3245.0,300.0,0.0,1100.0,4
T065,2024-06-23,13,transmission,unavail_tx_import_mw,True,3545.0,3545.0,3245.0,300.0,0.0,1100.0,4
T065,2024-06-23,14,transmission,unavail_tx_import_mw,True,3545.0,3545.0,3245.0,300.0,0.0,1100.0,4
T065,2024-06-23,15,transmission,unavail_tx_import_mw,True,3545.0,3545.0,3245.0,300.0,0.0,1100.0,4
T065,2024-06-23,16,transmission,unavail_tx_import_mw,True,3545.0,3545.0,3245.0,300.0,0.0,1100.0,4
T065,2024-06-23,17,transmission,unavail_tx_import_mw,True,3545.0,3545.0,3245.0,300.0,0.0,1100.0,4
T065,2024-06-23,18,transmission,unavail_tx_import_mw,True,3545.0,3545.0,3245.0,300.0,0.0,1100.0,4
T065,2024-06-23,19,transmission,unavail_tx_import_mw,True,3545.0,3545.0,3245.0,300.0,0.0,1100.0,4
T065,2024-06-23,20,transmission,unavail_tx_import_mw,True,3545.0,3545.0,3245.0,300.0,0.0,1100.0,4
T065,2024-06-23,21,transmission,unavail_tx_import_mw,True,3545.0,3545.0,3245.0,300.0,0.0,1100.0,4
T065,2024-06-23,22,transmission,unavail_tx_import_mw,True,3545.0,3545.0,3245.0,300.0,0.0,1100.0,4
T065,2024-06-23,23,transmission,unavail_tx_import_mw,True,3545.0,3545.0,3245.0,300.0,0.0,1100.0,4
T065,2024-06-24,0,transmission,unavail_tx_import_mw,True,3545.0,3545.0,3245.0,300.0,0.0,1100.0,4
T065,2024-06-24,1,transmission,unavail_tx_import_mw,True,3545.0,3545.0,3245.0,300.0,0.0,1100.0,4
T065,2024-06-24,2,transmission,unavail_tx_import_mw,True,3545.0,3545.0,3245.0,300.0,0.0,1100.0,4
T065,2024-06-24,3,transmission,unavail_tx_import_mw,True,3545.0,3545.0,3245.0,300.0,0.0,1100.0,4
T065,2024-06-24,4,transmission,unavail_tx_import_mw,True,3545.0,3545.0,3245.0,300.0,0.0,1100.0,4
T065,2024-06-24,5,transmission,unavail_tx_import_mw,True,3545.0,3545.0,3245.0,300.0,0.0,1100.0,4
T065,2024-06-24,6,transmission,unavail_tx_import_mw,True,3545.0,4260.0,3795.0,465.0,715.0,1100.0,4
T065,2024-06-24,7,transmission,unavail_tx_import_mw,True,3545.0,4260.0,3872.5,387.5,715.0,1100.0,4
T065,2024-06-24,8,transmission,unavail_tx_import_mw,True,3545.0,4260.0,3872.5,387.5,715.0,1100.0,4
T065,2024-06-24,9,transmission,unavail_tx_import_mw,True,3545.0,4260.0,3872.5,387.5,715.0,1100.0,4
T065,2024-06-24,10,transmission,unavail_tx_import_mw,True,3545.0,4260.0,3872.5,387.5,715.0,1100.0,4
T065,2024-06-24,11,transmission,unavail_tx_import_mw,True,3545.0,4260.0,3872.5,387.5,715.0,1100.0,4
T065,2024-06-24,12,transmission,unavail_tx_import_mw,True,3545.0,4260.0,3322.5,937.5,715.0,1100.0,4
T065,2024-06-24,13,transmission,unavail_tx_import_mw,True,3545.0,4260.0,3322.5,937.5,715.0,1100.0,4
T065,2024-06-24,14,transmission,unavail_tx_import_mw,True,3545.0,4260.0,3322.5,937.5,715.0,1100.0,4
T065,2024-06-24,15,transmission,unavail_tx_import_mw,True,3545.0,4260.0,3322.5,937.5,715.0,1100.0,4
T065,2024-06-24,16,transmission,unavail_tx_import_mw,True,3545.0,4260.0,3322.5,937.5,715.0,1100.0,4
T065,2024-06-24,17,transmission,unavail_tx_import_mw,True,3545.0,4260.0,3322.5,937.5,715.0,1100.0,4
T065,2024-06-24,18,transmission,unavail_tx_import_mw,True,3545.0,4260.0,3322.5,937.5,715.0,1100.0,4
T065,2024-06-24,19,transmission,unavail_tx_import_mw,True,3545.0,4260.0,3322.5,937.5,715.0,1100.0,4
T065,2024-06-24,20,transmission,unavail_tx_import_mw,True,3545.0,4260.0,3322.5,937.5,715.0,1100.0,4
T065,2024-06-24,21,transmission,unavail_tx_import_mw,True,3545.0,4260.0,3245.0,1015.0,715.0,1100.0,4
T065,2024-06-24,22,transmission,unavail_tx_import_mw,True,3545.0,4260.0,3245.0,1015.0,715.0,1100.0,4
T065,2024-06-24,23,transmission,unavail_tx_import_mw,True,3545.0,4260.0,3245.0,1015.0,715.0,1100.0,4
T065,2024-06-25,0,transmission,unavail_tx_import_mw,True,4260.0,4260.0,3245.0,1015.0,0.0,1100.0,3
T065,2024-06-25,1,transmission,unavail_tx_import_mw,True,4260.0,4260.0,3245.0,1015.0,0.0,1100.0,3
T065,2024-06-25,2,transmission,unavail_tx_import_mw,True,4260.0,4260.0,3245.0,1015.0,0.0,1100.0,3
T065,2024-06-25,3,transmission,unavail_tx_import_mw,True,4260.0,4260.0,3245.0,1015.0,0.0,1100.0,3
T065,2024-06-25,4,transmission,unavail_tx_import_mw,True,4260.0,4260.0,3245.0,1015.0,0.0,1100.0,3
T065,2024-06-25,5,transmission,unavail_tx_import_mw,True,4260.0,4260.0,3245.0,1015.0,0.0,1100.0,3
T065,2024-06-25,6,transmission,unavail_tx_import_mw,True,4260.0,4660.0,3645.0,1015.0,400.0,1100.0,3
T065,2024-06-25,7,transmission,unavail_tx_import_mw,True,4260.0,4660.0,3645.0,1015.0,400.0,1100.0,3
T065,2024-06-25,8,transmission,unavail_tx_import_mw,True,4260.0,4660.0,3645.0,1015.0,400.0,1100.0,3
T065,2024-06-25,9,transmission,unavail_tx_import_mw,True,4260.0,4660.0,3645.0,1015.0,400.0,1100.0,3
T065,2024-06-25,10,transmission,unavail_tx_import_mw,True,4260.0,4660.0,3645.0,1015.0,400.0,1100.0,3
T065,2024-06-25,11,transmission,unavail_tx_import_mw,True,4260.0,4660.0,3645.0,1015.0,400.0,1100.0,3
T065,2024-06-25,12,transmission,unavail_tx_import_mw,True,4260.0,4660.0,3645.0,1015.0,400.0,1100.0,3
T065,2024-06-25,13,transmission,unavail_tx_import_mw,True,4260.0,4660.0,3645.0,1015.0,400.0,1100.0,3
T065,2024-06-25,14,transmission,unavail_tx_import_mw,True,4260.0,4660.0,3645.0,1015.0,400.0,1100.0,3
T065,2024-06-25,15,transmission,unavail_tx_import_mw,True,4260.0,4660.0,3645.0,1015.0,400.0,1100.0,3
T065,2024-06-25,16,transmission,unavail_tx_import_mw,True,4260.0,4660.0,3645.0,1015.0,400.0,1100.0,3
T065,2024-06-25,17,transmission,unavail_tx_import_mw,True,4260.0,4660.0,3645.0,1015.0,400.0,1100.0,3
T065,2024-06-25,18,transmission,unavail_tx_import_mw,True,4260.0,4660.0,3645.0,1015.0,400.0,1100.0,3
T065,2024-06-25,19,transmission,unavail_tx_import_mw,True,4260.0,4660.0,3645.0,1015.0,400.0,1100.0,3
T065,2024-06-25,20,transmission,unavail_tx_import_mw,True,4260.0,4660.0,3645.0,1015.0,400.0,1100.0,3
T065,2024-06-25,21,transmission,unavail_tx_import_mw,True,4260.0,4660.0,3645.0,1015.0,400.0,1100.0,3
T065,2024-06-25,22,transmission,unavail_tx_import_mw,True,4260.0,4660.0,3645.0,1015.0,400.0,1100.0,3
T065,2024-06-25,23,transmission,unavail_tx_import_mw,True,4260.0,4660.0,3645.0,1015.0,400.0,1100.0,3
T065,2024-06-26,0,transmission,unavail_tx_import_mw,True,4660.0,4760.0,3645.0,1115.0,100.0,1100.0,3
T065,2024-06-26,1,transmission,unavail_tx_import_mw,True,4660.0,4760.0,3645.0,1115.0,100.0,1100.0,3
T065,2024-06-26,2,transmission,unavail_tx_import_mw,True,4660.0,4760.0,3645.0,1115.0,100.0,1100.0,3
T065,2024-06-26,3,transmission,unavail_tx_import_mw,True,4660.0,4760.0,3645.0,1115.0,100.0,1100.0,3
T065,2024-06-26,4,transmission,unavail_tx_import_mw,True,4660.0,4760.0,3645.0,1115.0,100.0,1100.0,3
T065,2024-06-26,5,transmission,unavail_tx_import_mw,True,4660.0,4760.0,3645.0,1115.0,100.0,1100.0,3
T065,2024-06-26,6,transmission,unavail_tx_import_mw,True,4660.0,4760.0,3645.0,1115.0,100.0,1100.0,3
T065,2024-06-26,7,transmission,unavail_tx_import_mw,True,4660.0,4760.0,3645.0,1115.0,100.0,1100.0,3
T065,2024-06-26,8,transmission,unavail_tx_import_mw,True,4660.0,4760.0,3645.0,1115.0,100.0,1100.0,3
T065,2024-06-26,9,transmission,unavail_tx_import_mw,True,4660.0,4760.0,3645.0,1115.0,100.0,1100.0,3
T065,2024-06-26,10,transmission,unavail_tx_import_mw,True,4660.0,4760.0,3645.0,1115.0,100.0,1100.0,3
T065,2024-06-26,11,transmission,unavail_tx_import_mw,True,4660.0,4760.0,3645.0,1115.0,100.0,1100.0,3
T065,2024-06-26,12,transmission,unavail_tx_import_mw,True,4660.0,4760.0,3645.0,1115.0,100.0,1100.0,3
T065,2024-06-26,13,transmission,unavail_tx_import_mw,True,4660.0,4760.0,3400.0,1360.0,100.0,1100.0,3
T065,2024-06-26,14,transmission,unavail_tx_import_mw,True,4660.0,4760.0,3400.0,1360.0,100.0,1100.0,3
T065,2024-06-26,15,transmission,unavail_tx_import_mw,True,4660.0,4760.0,3400.0,1360.0,100.0,1100.0,3
T065,2024-06-26,16,transmission,unavail_tx_import_mw,True,4660.0,4760.0,3400.0,1360.0,100.0,1100.0,3
T065,2024-06-26,17,transmission,unavail_tx_import_mw,True,4660.0,4760.0,3245.0,1515.0,100.0,1100.0,3
T065,2024-06-26,18,transmission,unavail_tx_import_mw,True,4660.0,4760.0,3245.0,1515.0,100.0,1100.0,3
T065,2024-06-26,19,transmission,unavail_tx_import_mw,True,4660.0,4760.0,3245.0,1515.0,100.0,1100.0,3
T065,2024-06-26,20,transmission,unavail_tx_import_mw,True,4660.0,4760.0,3245.0,1515.0,100.0,1100.0,3
T065,2024-06-26,21,transmission,unavail_tx_import_mw,True,4660.0,4760.0,3245.0,1515.0,100.0,1100.0,3
T065,2024-06-26,22,transmission,unavail_tx_import_mw,True,4660.0,4760.0,3245.0,1515.0,100.0,1100.0,3
T065,2024-06-26,23,transmission,unavail_tx_import_mw,True,4660.0,4760.0,3245.0,1515.0,100.0,1100.0,3
T065,2024-06-27,0,transmission,unavail_tx_import_mw,True,4760.0,4760.0,3245.0,1515.0,0.0,1100.0,3
T065,2024-06-27,1,transmission,unavail_tx_import_mw,True,4760.0,4760.0,3245.0,1515.0,0.0,1100.0,3
T065,2024-06-27,2,transmission,unavail_tx_import_mw,True,4760.0,4760.0,3245.0,1515.0,0.0,1100.0,3
T065,2024-06-27,3,transmission,unavail_tx_import_mw,True,4760.0,4760.0,3245.0,1515.0,0.0,1100.0,3
T065,2024-06-27,4,transmission,unavail_tx_import_mw,True,4760.0,4760.0,3245.0,1515.0,0.0,1100.0,3
T065,2024-06-27,5,transmission,unavail_tx_import_mw,True,4760.0,4760.0,3245.0,1515.0,0.0,1100.0,3
T065,2024-06-27,6,transmission,unavail_tx_import_mw,True,4760.0,4760.0,3245.0,1515.0,0.0,1100.0,3
T065,2024-06-27,7,transmission,unavail_tx_import_mw,True,4760.0,4760.0,3245.0,1515.0,0.0,1100.0,3
T065,2024-06-27,8,transmission,unavail_tx_import_mw,True,4760.0,4760.0,3245.0,1515.0,0.0,1100.0,3
T065,2024-06-27,9,transmission,unavail_tx_import_mw,True,4760.0,4760.0,3245.0,1515.0,0.0,1100.0,3
T065,2024-06-27,10,transmission,unavail_tx_import_mw,True,4760.0,4760.0,3245.0,1515.0,0.0,1100.0,3
T065,2024-06-27,11,transmission,unavail_tx_import_mw,True,4760.0,4760.0,3245.0,1515.0,0.0,1100.0,3
T065,2024-06-27,12,transmission,unavail_tx_import_mw,True,4760.0,4760.0,3245.0,1515.0,0.0,1100.0,3
T065,2024-06-27,13,transmission,unavail_tx_import_mw,True,4760.0,4760.0,3245.0,1515.0,0.0,1100.0,3
T065,2024-06-27,14,transmission,unavail_tx_import_mw,True,4760.0,4760.0,3245.0,1515.0,0.0,1100.0,3
T065,2024-06-27,15,transmission,unavail_tx_import_mw,True,4760.0,4760.0,3245.0,1515.0,0.0,1100.0,3
T065,2024-06-27,16,transmission,unavail_tx_import_mw,True,4760.0,4760.0,3245.0,1515.0,0.0,1100.0,3
T065,2024-06-27,17,transmission,unavail_tx_import_mw,True,4760.0,4760.0,3245.0,1515.0,0.0,1100.0,3
T065,2024-06-27,18,transmission,unavail_tx_import_mw,True,4760.0,4760.0,3245.0,1515.0,0.0,1100.0,3
T065,2024-06-27,19,transmission,unavail_tx_import_mw,True,4760.0,4760.0,3245.0,1515.0,0.0,1100.0,3
T065,2024-06-27,20,transmission,unavail_tx_import_mw,True,4760.0,4760.0,3245.0,1515.0,0.0,1100.0,3
T065,2024-06-27,21,transmission,unavail_tx_import_mw,True,4760.0,4760.0,3245.0,1515.0,0.0,1100.0,3
T065,2024-06-27,22,transmission,unavail_tx_import_mw,True,4760.0,4760.0,3245.0,1515.0,0.0,1100.0,3
T065,2024-06-27,23,transmission,unavail_tx_import_mw,True,4760.0,4760.0,3245.0,1515.0,0.0,1100.0,3
T069,2025-02-28,0,transmission,unavail_tx_import_mw,False,0.0,0.0,0.0,0.0,0.0,1000.0,3
T069,2025-02-28,1,transmission,unavail_tx_import_mw,False,0.0,0.0,0.0,0.0,0.0,1000.0,3
T069,2025-02-28,2,transmission,unavail_tx_import_mw,False,0.0,0.0,0.0,0.0,0.0,1000.0,3
T069,2025-02-28,3,transmission,unavail_tx_import_mw,False,0.0,0.0,0.0,0.0,0.0,1000.0,3
T069,2025-02-28,4,transmission,unavail_tx_import_mw,False,0.0,0.0,0.0,0.0,0.0,1000.0,3
T069,2025-02-28,5,transmission,unavail_tx_import_mw,False,0.0,0.0,0.0,0.0,0.0,1000.0,3
T069,2025-02-28,6,transmission,unavail_tx_import_mw,False,0.0,0.0,0.0,0.0,0.0,1000.0,3
T069,2025-02-28,7,transmission,unavail_tx_import_mw,False,0.0,0.0,0.0,0.0,0.0,1000.0,3
T069,2025-02-28,8,transmission,unavail_tx_import_mw,False,0.0,0.0,0.0,0.0,0.0,1000.0,3
T069,2025-02-28,9,transmission,unavail_tx_import_mw,False,0.0,0.0,0.0,0.0,0.0,1000.0,3
T069,2025-02-28,10,transmission,unavail_tx_import_mw,False,0.0,0.0,0.0,0.0,0.0,1000.0,3
T069,2025-02-28,11,transmission,unavail_tx_import_mw,False,0.0,0.0,0.0,0.0,0.0,1000.0,3
T069,2025-02-28,12,transmission,unavail_tx_import_mw,False,0.0,0.0,0.0,0.0,0.0,1000.0,3
T069,2025-02-28,13,transmission,unavail_tx_import_mw,False,0.0,0.0,0.0,0.0,0.0,1000.0,3
T069,2025-02-28,14,transmission,unavail_tx_import_mw,False,0.0,0.0,0.0,0.0,0.0,1000.0,3
T069,2025-02-28,15,transmission,unavail_tx_import_mw,False,0.0,0.0,0.0,0.0,0.0,1000.0,3
T069,2025-02-28,16,transmission,unavail_tx_import_mw,True,0.0,0.0,0.0,0.0,0.0,1000.0,3
T069,2025-02-28,17,transmission,unavail_tx_import_mw,True,0.0,2000.0,0.0,2000.0,2000.0,1000.0,3
T069,2025-02-28,18,transmission,unavail_tx_import_mw,True,0.0,2000.0,0.0,2000.0,2000.0,1000.0,3
T069,2025-02-28,19,transmission,unavail_tx_import_mw,True,0.0,2000.0,0.0,2000.0,2000.0,1000.0,3
T069,2025-02-28,20,transmission,unavail_tx_import_mw,True,0.0,2000.0,0.0,2000.0,2000.0,1000.0,3
T069,2025-02-28,21,transmission,unavail_tx_import_mw,True,0.0,2000.0,0.0,2000.0,2000.0,1000.0,3
T069,2025-02-28,22,transmission,unavail_tx_import_mw,True,0.0,2000.0,0.0,2000.0,2000.0,1000.0,3
T069,2025-02-28,23,transmission,unavail_tx_import_mw,True,0.0,2000.0,0.0,2000.0,2000.0,1000.0,3
T069,2025-03-01,0,transmission,unavail_tx_import_mw,True,0.0,2000.0,0.0,2000.0,2000.0,1000.0,3
T069,2025-03-01,1,transmission,unavail_tx_import_mw,True,0.0,2000.0,0.0,2000.0,2000.0,1000.0,3
T069,2025-03-01,2,transmission,unavail_tx_import_mw,True,0.0,2000.0,0.0,2000.0,2000.0,1000.0,3
T069,2025-03-01,3,transmission,unavail_tx_import_mw,True,0.0,2000.0,0.0,2000.0,2000.0,1000.0,3
T069,2025-03-01,4,transmission,unavail_tx_import_mw,True,0.0,2000.0,0.0,2000.0,2000.0,1000.0,3
T069,2025-03-01,5,transmission,unavail_tx_import_mw,True,0.0,2000.0,0.0,2000.0,2000.0,1000.0,3
T069,2025-03-01,6,transmission,unavail_tx_import_mw,True,0.0,2000.0,0.0,2000.0,2000.0,1000.0,3
T069,2025-03-01,7,transmission,unavail_tx_import_mw,True,0.0,2000.0,0.0,2000.0,2000.0,1000.0,3
T069,2025-03-01,8,transmission,unavail_tx_import_mw,True,0.0,2000.0,0.0,2000.0,2000.0,1000.0,3
T069,2025-03-01,9,transmission,unavail_tx_import_mw,True,0.0,2000.0,0.0,2000.0,2000.0,1000.0,3
T069,2025-03-01,10,transmission,unavail_tx_import_mw,True,0.0,2000.0,0.0,2000.0,2000.0,1000.0,3
T069,2025-03-01,11,transmission,unavail_tx_import_mw,True,0.0,2000.0,0.0,2000.0,2000.0,1000.0,3
T069,2025-03-01,12,transmission,unavail_tx_import_mw,True,0.0,2000.0,0.0,2000.0,2000.0,1000.0,3
T069,2025-03-01,13,transmission,unavail_tx_import_mw,True,0.0,2000.0,0.0,2000.0,2000.0,1000.0,3
T069,2025-03-01,14,transmission,unavail_tx_import_mw,True,0.0,2000.0,0.0,2000.0,2000.0,1000.0,3
T069,2025-03-01,15,transmission,unavail_tx_import_mw,True,0.0,2000.0,0.0,2000.0,2000.0,1000.0,3
T069,2025-03-01,16,transmission,unavail_tx_import_mw,True,0.0,2000.0,0.0,2000.0,2000.0,1000.0,3
T069,2025-03-01,17,transmission,unavail_tx_import_mw,True,0.0,2000.0,0.0,2000.0,2000.0,1000.0,3
T069,2025-03-01,18,transmission,unavail_tx_import_mw,True,0.0,2000.0,0.0,2000.0,2000.0,1000.0,3
T069,2025-03-01,19,transmission,unavail_tx_import_mw,True,0.0,2000.0,0.0,2000.0,2000.0,1000.0,3
T069,2025-03-01,20,transmission,unavail_tx_import_mw,True,0.0,2000.0,0.0,2000.0,2000.0,1000.0,3
T069,2025-03-01,21,transmission,unavail_tx_import_mw,True,0.0,2000.0,0.0,2000.0,2000.0,1000.0,3
T069,2025-03-01,22,transmission,unavail_tx_import_mw,True,0.0,2000.0,0.0,2000.0,2000.0,1000.0,3
T069,2025-03-01,23,transmission,unavail_tx_import_mw,True,0.0,2000.0,0.0,2000.0,2000.0,1000.0,3
T069,2025-03-02,0,transmission,unavail_tx_import_mw,True,2000.0,2000.0,207.5,1792.5,0.0,1000.0,4
T069,2025-03-02,1,transmission,unavail_tx_import_mw,True,2000.0,2000.0,207.5,1792.5,0.0,1000.0,4
T069,2025-03-02,2,transmission,unavail_tx_import_mw,True,2000.0,2000.0,207.5,1792.5,0.0,1000.0,4
T069,2025-03-02,3,transmission,unavail_tx_import_mw,True,2000.0,2000.0,207.5,1792.5,0.0,1000.0,4
T069,2025-03-02,4,transmission,unavail_tx_import_mw,True,2000.0,2000.0,207.5,1792.5,0.0,1000.0,4
T069,2025-03-02,5,transmission,unavail_tx_import_mw,True,2000.0,2000.0,207.5,1792.5,0.0,1000.0,4
T069,2025-03-02,6,transmission,unavail_tx_import_mw,True,2000.0,2000.0,207.5,1792.5,0.0,1000.0,4
T069,2025-03-02,7,transmission,unavail_tx_import_mw,True,2000.0,2000.0,207.5,1792.5,0.0,1000.0,4
T069,2025-03-02,8,transmission,unavail_tx_import_mw,True,2000.0,2000.0,207.5,1792.5,0.0,1000.0,4
T069,2025-03-02,9,transmission,unavail_tx_import_mw,True,2000.0,2000.0,207.5,1792.5,0.0,1000.0,4
T069,2025-03-02,10,transmission,unavail_tx_import_mw,True,2000.0,2000.0,207.5,1792.5,0.0,1000.0,4
T069,2025-03-02,11,transmission,unavail_tx_import_mw,True,2000.0,2000.0,207.5,1792.5,0.0,1000.0,4
T069,2025-03-02,12,transmission,unavail_tx_import_mw,True,2000.0,2000.0,207.5,1792.5,0.0,1000.0,4
T069,2025-03-02,13,transmission,unavail_tx_import_mw,True,2000.0,2000.0,207.5,1792.5,0.0,1000.0,4
T069,2025-03-02,14,transmission,unavail_tx_import_mw,True,2000.0,2000.0,207.5,1792.5,0.0,1000.0,4
T069,2025-03-02,15,transmission,unavail_tx_import_mw,True,2000.0,2000.0,207.5,1792.5,0.0,1000.0,4
T069,2025-03-02,16,transmission,unavail_tx_import_mw,True,2000.0,2000.0,207.5,1792.5,0.0,1000.0,4
T069,2025-03-02,17,transmission,unavail_tx_import_mw,True,2000.0,2000.0,207.5,1792.5,0.0,1000.0,4
T069,2025-03-02,18,transmission,unavail_tx_import_mw,True,2000.0,2000.0,207.5,1792.5,0.0,1000.0,4
T069,2025-03-02,19,transmission,unavail_tx_import_mw,True,2000.0,2000.0,207.5,1792.5,0.0,1000.0,4
T069,2025-03-02,20,transmission,unavail_tx_import_mw,True,2000.0,2000.0,207.5,1792.5,0.0,1000.0,4
T069,2025-03-02,21,transmission,unavail_tx_import_mw,True,2000.0,2000.0,207.5,1792.5,0.0,1000.0,4
T069,2025-03-02,22,transmission,unavail_tx_import_mw,True,2000.0,2000.0,207.5,1792.5,0.0,1000.0,4
T069,2025-03-02,23,transmission,unavail_tx_import_mw,True,2000.0,2000.0,207.5,1792.5,0.0,1000.0,4
T069,2025-03-03,0,transmission,unavail_tx_import_mw,True,2000.0,2000.0,207.5,1792.5,0.0,1000.0,4
T069,2025-03-03,1,transmission,unavail_tx_import_mw,True,2000.0,2000.0,207.5,1792.5,0.0,1000.0,4
T069,2025-03-03,2,transmission,unavail_tx_import_mw,True,2000.0,2000.0,207.5,1792.5,0.0,1000.0,4
T069,2025-03-03,3,transmission,unavail_tx_import_mw,True,2000.0,2000.0,207.5,1792.5,0.0,1000.0,4
T069,2025-03-03,4,transmission,unavail_tx_import_mw,True,2000.0,2000.0,207.5,1792.5,0.0,1000.0,4
T069,2025-03-03,5,transmission,unavail_tx_import_mw,True,2000.0,2000.0,207.5,1792.5,0.0,1000.0,4
T069,2025-03-03,6,transmission,unavail_tx_import_mw,True,2000.0,2000.0,207.5,1792.5,0.0,1000.0,4
T069,2025-03-03,7,transmission,unavail_tx_import_mw,True,2000.0,2000.0,207.5,1792.5,0.0,1000.0,4
T069,2025-03-03,8,transmission,unavail_tx_import_mw,True,2000.0,2000.0,207.5,1792.5,0.0,1000.0,4
T069,2025-03-03,9,transmission,unavail_tx_import_mw,True,2000.0,2000.0,207.5,1792.5,0.0,1000.0,4
T069,2025-03-03,10,transmission,unavail_tx_import_mw,True,2000.0,2000.0,207.5,1792.5,0.0,1000.0,4
T069,2025-03-03,11,transmission,unavail_tx_import_mw,True,2000.0,2000.0,207.5,1792.5,0.0,1000.0,4
T069,2025-03-03,12,transmission,unavail_tx_import_mw,True,2000.0,2000.0,207.5,1792.5,0.0,1000.0,4
T069,2025-03-03,13,transmission,unavail_tx_import_mw,True,2000.0,2000.0,207.5,1792.5,0.0,1000.0,4
T069,2025-03-03,14,transmission,unavail_tx_import_mw,True,2000.0,2000.0,207.5,1792.5,0.0,1000.0,4
T069,2025-03-03,15,transmission,unavail_tx_import_mw,True,2000.0,2000.0,207.5,1792.5,0.0,1000.0,4
T069,2025-03-03,16,transmission,unavail_tx_import_mw,True,2000.0,2000.0,207.5,1792.5,0.0,1000.0,4
T069,2025-03-03,17,transmission,unavail_tx_import_mw,True,2000.0,2000.0,207.5,1792.5,0.0,1000.0,4
T069,2025-03-03,18,transmission,unavail_tx_import_mw,True,2000.0,2000.0,207.5,1792.5,0.0,1000.0,4
T069,2025-03-03,19,transmission,unavail_tx_import_mw,True,2000.0,2000.0,207.5,1792.5,0.0,1000.0,4
T069,2025-03-03,20,transmission,unavail_tx_import_mw,True,2000.0,2000.0,207.5,1792.5,0.0,1000.0,4
T069,2025-03-03,21,transmission,unavail_tx_import_mw,True,2000.0,2000.0,207.5,1792.5,0.0,1000.0,4
T069,2025-03-03,22,transmission,unavail_tx_import_mw,True,2000.0,2000.0,207.5,1792.5,0.0,1000.0,4
T069,2025-03-03,23,transmission,unavail_tx_import_mw,True,2000.0,2000.0,207.5,1792.5,0.0,1000.0,4
T069,2025-03-04,0,transmission,unavail_tx_import_mw,True,2000.0,2000.0,207.5,1792.5,0.0,1000.0,4
T069,2025-03-04,1,transmission,unavail_tx_import_mw,True,2000.0,2000.0,207.5,1792.5,0.0,1000.0,4
T069,2025-03-04,2,transmission,unavail_tx_import_mw,True,2000.0,2000.0,207.5,1792.5,0.0,1000.0,4
T069,2025-03-04,3,transmission,unavail_tx_import_mw,True,2000.0,2000.0,207.5,1792.5,0.0,1000.0,4
T069,2025-03-04,4,transmission,unavail_tx_import_mw,True,2000.0,2000.0,207.5,1792.5,0.0,1000.0,4
T069,2025-03-04,5,transmission,unavail_tx_import_mw,True,2000.0,2000.0,207.5,1792.5,0.0,1000.0,4
T069,2025-03-04,6,transmission,unavail_tx_import_mw,True,2000.0,2000.0,207.5,1792.5,0.0,1000.0,4
T069,2025-03-04,7,transmission,unavail_tx_import_mw,True,2000.0,2200.0,207.5,1992.5,200.0,1000.0,4
T069,2025-03-04,8,transmission,unavail_tx_import_mw,True,2000.0,2200.0,207.5,1992.5,200.0,1000.0,4
T069,2025-03-04,9,transmission,unavail_tx_import_mw,True,2000.0,2200.0,207.5,1992.5,200.0,1000.0,4
T069,2025-03-04,10,transmission,unavail_tx_import_mw,True,2000.0,2300.0,207.5,2092.5,300.0,1000.0,4
T069,2025-03-04,11,transmission,unavail_tx_import_mw,True,2000.0,2300.0,207.5,2092.5,300.0,1000.0,4
T069,2025-03-04,12,transmission,unavail_tx_import_mw,True,2000.0,2300.0,207.5,2092.5,300.0,1000.0,4
T069,2025-03-04,13,transmission,unavail_tx_import_mw,True,2000.0,2300.0,207.5,2092.5,300.0,1000.0,4
T069,2025-03-04,14,transmission,unavail_tx_import_mw,True,2000.0,2300.0,207.5,2092.5,300.0,1000.0,4
T069,2025-03-04,15,transmission,unavail_tx_import_mw,True,2000.0,2300.0,207.5,2092.5,300.0,1000.0,4
T069,2025-03-04,16,transmission,unavail_tx_import_mw,True,2000.0,2300.0,207.5,2092.5,300.0,1000.0,4
T069,2025-03-04,17,transmission,unavail_tx_import_mw,True,2000.0,2300.0,207.5,2092.5,300.0,1000.0,4
T069,2025-03-04,18,transmission,unavail_tx_import_mw,True,2000.0,2300.0,207.5,2092.5,300.0,1000.0,4
T069,2025-03-04,19,transmission,unavail_tx_import_mw,True,2000.0,2300.0,207.5,2092.5,300.0,1000.0,4
T069,2025-03-04,20,transmission,unavail_tx_import_mw,True,2000.0,2300.0,207.5,2092.5,300.0,1000.0,4
T069,2025-03-04,21,transmission,unavail_tx_import_mw,True,2000.0,2300.0,207.5,2092.5,300.0,1000.0,4
T069,2025-03-04,22,transmission,unavail_tx_import_mw,True,2000.0,2300.0,207.5,2092.5,300.0,1000.0,4
T069,2025-03-04,23,transmission,unavail_tx_import_mw,True,2000.0,2300.0,207.5,2092.5,300.0,1000.0,4
T069,2025-03-05,0,transmission,unavail_tx_import_mw,True,2300.0,2300.0,0.0,2300.0,0.0,1000.0,3
T069,2025-03-05,1,transmission,unavail_tx_import_mw,True,2300.0,2300.0,0.0,2300.0,0.0,1000.0,3
T069,2025-03-05,2,transmission,unavail_tx_import_mw,True,2300.0,2300.0,0.0,2300.0,0.0,1000.0,3
T069,2025-03-05,3,transmission,unavail_tx_import_mw,True,2300.0,2300.0,0.0,2300.0,0.0,1000.0,3
T069,2025-03-05,4,transmission,unavail_tx_import_mw,True,2300.0,2300.0,0.0,2300.0,0.0,1000.0,3
T069,2025-03-05,5,transmission,unavail_tx_import_mw,True,2300.0,2300.0,0.0,2300.0,0.0,1000.0,3
T069,2025-03-05,6,transmission,unavail_tx_import_mw,True,2300.0,2300.0,0.0,2300.0,0.0,1000.0,3
T069,2025-03-05,7,transmission,unavail_tx_import_mw,True,2300.0,2300.0,0.0,2300.0,0.0,1000.0,3
T069,2025-03-05,8,transmission,unavail_tx_import_mw,True,2300.0,2300.0,0.0,2300.0,0.0,1000.0,3
T069,2025-03-05,9,transmission,unavail_tx_import_mw,True,2300.0,2300.0,0.0,2300.0,0.0,1000.0,3
T069,2025-03-05,10,transmission,unavail_tx_import_mw,True,2300.0,2300.0,0.0,2300.0,0.0,1000.0,3
T069,2025-03-05,11,transmission,unavail_tx_import_mw,True,2300.0,2300.0,0.0,2300.0,0.0,1000.0,3
T069,2025-03-05,12,transmission,unavail_tx_import_mw,True,2300.0,2300.0,0.0,2300.0,0.0,1000.0,3
T069,2025-03-05,13,transmission,unavail_tx_import_mw,True,2300.0,2300.0,0.0,2300.0,0.0,1000.0,3
T069,2025-03-05,14,transmission,unavail_tx_import_mw,True,2300.0,2300.0,0.0,2300.0,0.0,1000.0,3
T069,2025-03-05,15,transmission,unavail_tx_import_mw,True,2300.0,2300.0,0.0,2300.0,0.0,1000.0,3
T069,2025-03-05,16,transmission,unavail_tx_import_mw,True,2300.0,2300.0,0.0,2300.0,0.0,1000.0,3
T069,2025-03-05,17,transmission,unavail_tx_import_mw,True,2300.0,2300.0,0.0,2300.0,0.0,1000.0,3
T069,2025-03-05,18,transmission,unavail_tx_import_mw,True,2300.0,2300.0,0.0,2300.0,0.0,1000.0,3
T069,2025-03-05,19,transmission,unavail_tx_import_mw,True,2300.0,2300.0,0.0,2300.0,0.0,1000.0,3
T069,2025-03-05,20,transmission,unavail_tx_import_mw,True,2300.0,2300.0,0.0,2300.0,0.0,1000.0,3
T069,2025-03-05,21,transmission,unavail_tx_import_mw,True,2300.0,2300.0,0.0,2300.0,0.0,1000.0,3
T069,2025-03-05,22,transmission,unavail_tx_import_mw,True,2300.0,2300.0,0.0,2300.0,0.0,1000.0,3
T069,2025-03-05,23,transmission,unavail_tx_import_mw,True,2300.0,2300.0,0.0,2300.0,0.0,1000.0,3
T069,2025-03-06,0,transmission,unavail_tx_import_mw,True,2300.0,2300.0,0.0,2300.0,0.0,1000.0,3
T069,2025-03-06,1,transmission,unavail_tx_import_mw,True,2300.0,2300.0,0.0,2300.0,0.0,1000.0,3
T069,2025-03-06,2,transmission,unavail_tx_import_mw,True,2300.0,2300.0,0.0,2300.0,0.0,1000.0,3
T069,2025-03-06,3,transmission,unavail_tx_import_mw,True,2300.0,2300.0,0.0,2300.0,0.0,1000.0,3
T069,2025-03-06,4,transmission,unavail_tx_import_mw,True,2300.0,2300.0,0.0,2300.0,0.0,1000.0,3
T069,2025-03-06,5,transmission,unavail_tx_import_mw,True,2300.0,2300.0,0.0,2300.0,0.0,1000.0,3
T069,2025-03-06,6,transmission,unavail_tx_import_mw,True,2300.0,2500.0,0.0,2500.0,200.0,1000.0,3
T069,2025-03-06,7,transmission,unavail_tx_import_mw,True,2300.0,2500.0,0.0,2500.0,200.0,1000.0,3
T069,2025-03-06,8,transmission,unavail_tx_import_mw,True,2300.0,2500.0,0.0,2500.0,200.0,1000.0,3
T069,2025-03-06,9,transmission,unavail_tx_import_mw,True,2300.0,2500.0,0.0,2500.0,200.0,1000.0,3
T069,2025-03-06,10,transmission,unavail_tx_import_mw,True,2300.0,2500.0,0.0,2500.0,200.0,1000.0,3
T069,2025-03-06,11,transmission,unavail_tx_import_mw,True,2300.0,2500.0,0.0,2500.0,200.0,1000.0,3
T069,2025-03-06,12,transmission,unavail_tx_import_mw,True,2300.0,2500.0,0.0,2500.0,200.0,1000.0,3
T069,2025-03-06,13,transmission,unavail_tx_import_mw,True,2300.0,2500.0,0.0,2500.0,200.0,1000.0,3
T069,2025-03-06,14,transmission,unavail_tx_import_mw,True,2300.0,2500.0,0.0,2500.0,200.0,1000.0,3
T069,2025-03-06,15,transmission,unavail_tx_import_mw,True,2300.0,2500.0,0.0,2500.0,200.0,1000.0,3
T069,2025-03-06,16,transmission,unavail_tx_import_mw,True,2300.0,2500.0,0.0,2500.0,200.0,1000.0,3
T069,2025-03-06,17,transmission,unavail_tx_import_mw,True,2300.0,2500.0,0.0,2500.0,200.0,1000.0,3
T069,2025-03-06,18,transmission,unavail_tx_import_mw,True,2300.0,2300.0,0.0,2300.0,0.0,1000.0,3
T069,2025-03-06,19,transmission,unavail_tx_import_mw,True,2300.0,2300.0,0.0,2300.0,0.0,1000.0,3
T069,2025-03-06,20,transmission,unavail_tx_import_mw,True,2300.0,2300.0,0.0,2300.0,0.0,1000.0,3
T069,2025-03-06,21,transmission,unavail_tx_import_mw,True,2300.0,2300.0,0.0,2300.0,0.0,1000.0,3
T069,2025-03-06,22,transmission,unavail_tx_import_mw,True,2300.0,2300.0,0.0,2300.0,0.0,1000.0,3
T069,2025-03-06,23,transmission,unavail_tx_import_mw,True,2300.0,2300.0,0.0,2300.0,0.0,1000.0,3
T069,2025-03-07,0,transmission,unavail_tx_import_mw,True,2500.0,2300.0,0.0,2300.0,-200.0,1000.0,2
T069,2025-03-07,1,transmission,unavail_tx_import_mw,True,2500.0,2300.0,0.0,2300.0,-200.0,1000.0,2
T069,2025-03-07,2,transmission,unavail_tx_import_mw,True,2500.0,2300.0,0.0,2300.0,-200.0,1000.0,2
T069,2025-03-07,3,transmission,unavail_tx_import_mw,True,2500.0,2300.0,0.0,2300.0,-200.0,1000.0,2
T069,2025-03-07,4,transmission,unavail_tx_import_mw,True,2500.0,2300.0,0.0,2300.0,-200.0,1000.0,2
T069,2025-03-07,5,transmission,unavail_tx_import_mw,True,2500.0,2300.0,0.0,2300.0,-200.0,1000.0,2
T069,2025-03-07,6,transmission,unavail_tx_import_mw,True,2500.0,2300.0,0.0,2300.0,-200.0,1000.0,2
T069,2025-03-07,7,transmission,unavail_tx_import_mw,True,2500.0,2300.0,0.0,2300.0,-200.0,1000.0,2
T069,2025-03-07,8,transmission,unavail_tx_import_mw,True,2500.0,2300.0,0.0,2300.0,-200.0,1000.0,2
T069,2025-03-07,9,transmission,unavail_tx_import_mw,True,2500.0,2300.0,0.0,2300.0,-200.0,1000.0,2
T069,2025-03-07,10,transmission,unavail_tx_import_mw,True,2500.0,2300.0,0.0,2300.0,-200.0,1000.0,2
T069,2025-03-07,11,transmission,unavail_tx_import_mw,True,2500.0,2300.0,0.0,2300.0,-200.0,1000.0,2
T069,2025-03-07,12,transmission,unavail_tx_import_mw,True,2500.0,2300.0,0.0,2300.0,-200.0,1000.0,2
T069,2025-03-07,13,transmission,unavail_tx_import_mw,True,2500.0,2300.0,0.0,2300.0,-200.0,1000.0,2
T069,2025-03-07,14,transmission,unavail_tx_import_mw,True,2500.0,2300.0,0.0,2300.0,-200.0,1000.0,2
T069,2025-03-07,15,transmission,unavail_tx_import_mw,True,2500.0,2300.0,0.0,2300.0,-200.0,1000.0,2
T069,2025-03-07,16,transmission,unavail_tx_import_mw,True,2500.0,2300.0,0.0,2300.0,-200.0,1000.0,2
T069,2025-03-07,17,transmission,unavail_tx_import_mw,True,2500.0,2300.0,0.0,2300.0,-200.0,1000.0,2
T069,2025-03-07,18,transmission,unavail_tx_import_mw,True,2500.0,2300.0,0.0,2300.0,-200.0,1000.0,2
T069,2025-03-07,19,transmission,unavail_tx_import_mw,True,2500.0,2300.0,0.0,2300.0,-200.0,1000.0,2
T069,2025-03-07,20,transmission,unavail_tx_import_mw,True,2500.0,2300.0,0.0,2300.0,-200.0,1000.0,2
T069,2025-03-07,21,transmission,unavail_tx_import_mw,True,2500.0,2300.0,0.0,2300.0,-200.0,1000.0,2
T069,2025-03-07,22,transmission,unavail_tx_import_mw,True,2500.0,2300.0,0.0,2300.0,-200.0,1000.0,2
T069,2025-03-07,23,transmission,unavail_tx_import_mw,True,2500.0,2300.0,0.0,2300.0,-200.0,1000.0,2
T069,2025-03-08,0,transmission,unavail_tx_import_mw,True,2300.0,2300.0,0.0,2300.0,0.0,1000.0,2
T069,2025-03-08,1,transmission,unavail_tx_import_mw,True,2300.0,2300.0,0.0,2300.0,0.0,1000.0,2
T069,2025-03-08,2,transmission,unavail_tx_import_mw,True,2300.0,2300.0,0.0,2300.0,0.0,1000.0,2
T069,2025-03-08,3,transmission,unavail_tx_import_mw,True,2300.0,2300.0,0.0,2300.0,0.0,1000.0,2
T069,2025-03-08,4,transmission,unavail_tx_import_mw,True,2300.0,2300.0,0.0,2300.0,0.0,1000.0,2
T069,2025-03-08,5,transmission,unavail_tx_import_mw,True,2300.0,2300.0,0.0,2300.0,0.0,1000.0,2
T069,2025-03-08,6,transmission,unavail_tx_import_mw,True,2300.0,2300.0,0.0,2300.0,0.0,1000.0,2
T069,2025-03-08,7,transmission,unavail_tx_import_mw,True,2300.0,2300.0,0.0,2300.0,0.0,1000.0,2
T069,2025-03-08,8,transmission,unavail_tx_import_mw,True,2300.0,2300.0,0.0,2300.0,0.0,1000.0,2
T069,2025-03-08,9,transmission,unavail_tx_import_mw,True,2300.0,2300.0,0.0,2300.0,0.0,1000.0,2
T069,2025-03-08,10,transmission,unavail_tx_import_mw,True,2300.0,2300.0,0.0,2300.0,0.0,1000.0,2
T069,2025-03-08,11,transmission,unavail_tx_import_mw,True,2300.0,2300.0,0.0,2300.0,0.0,1000.0,2
T069,2025-03-08,12,transmission,unavail_tx_import_mw,True,2300.0,2300.0,0.0,2300.0,0.0,1000.0,2
T069,2025-03-08,13,transmission,unavail_tx_import_mw,True,2300.0,2300.0,0.0,2300.0,0.0,1000.0,2
T069,2025-03-08,14,transmission,unavail_tx_import_mw,True,2300.0,2300.0,0.0,2300.0,0.0,1000.0,2
T069,2025-03-08,15,transmission,unavail_tx_import_mw,True,2300.0,2300.0,0.0,2300.0,0.0,1000.0,2
T069,2025-03-08,16,transmission,unavail_tx_import_mw,True,2300.0,2300.0,0.0,2300.0,0.0,1000.0,2
T069,2025-03-08,17,transmission,unavail_tx_import_mw,True,2300.0,2300.0,0.0,2300.0,0.0,1000.0,2
T069,2025-03-08,18,transmission,unavail_tx_import_mw,True,2300.0,2300.0,0.0,2300.0,0.0,1000.0,2
T069,2025-03-08,19,transmission,unavail_tx_import_mw,True,2300.0,2300.0,0.0,2300.0,0.0,1000.0,2
T069,2025-03-08,20,transmission,unavail_tx_import_mw,True,2300.0,2300.0,0.0,2300.0,0.0,1000.0,2
T069,2025-03-08,21,transmission,unavail_tx_import_mw,True,2300.0,2300.0,0.0,2300.0,0.0,1000.0,2
T069,2025-03-08,22,transmission,unavail_tx_import_mw,True,2300.0,2300.0,0.0,2300.0,0.0,1000.0,2
T069,2025-03-08,23,transmission,unavail_tx_import_mw,True,2300.0,2300.0,0.0,2300.0,0.0,1000.0,2
T069,2025-03-09,0,transmission,unavail_tx_import_mw,True,2300.0,2300.0,0.0,2300.0,0.0,1000.0,3
T069,2025-03-09,1,transmission,unavail_tx_import_mw,True,2300.0,2300.0,0.0,2300.0,0.0,1000.0,3
T069,2025-03-09,2,transmission,unavail_tx_import_mw,True,2300.0,2300.0,0.0,2300.0,0.0,1000.0,3
T069,2025-03-09,3,transmission,unavail_tx_import_mw,True,2300.0,2300.0,0.0,2300.0,0.0,1000.0,3
T069,2025-03-09,4,transmission,unavail_tx_import_mw,True,2300.0,2300.0,0.0,2300.0,0.0,1000.0,3
T069,2025-03-09,5,transmission,unavail_tx_import_mw,True,2300.0,2300.0,0.0,2300.0,0.0,1000.0,3
T069,2025-03-09,6,transmission,unavail_tx_import_mw,True,2300.0,2300.0,0.0,2300.0,0.0,1000.0,3
T069,2025-03-09,7,transmission,unavail_tx_import_mw,True,2300.0,2300.0,0.0,2300.0,0.0,1000.0,3
T069,2025-03-09,8,transmission,unavail_tx_import_mw,True,2300.0,2300.0,0.0,2300.0,0.0,1000.0,3
T069,2025-03-09,9,transmission,unavail_tx_import_mw,True,2300.0,2300.0,0.0,2300.0,0.0,1000.0,3
T069,2025-03-09,10,transmission,unavail_tx_import_mw,True,2300.0,2300.0,0.0,2300.0,0.0,1000.0,3
T069,2025-03-09,11,transmission,unavail_tx_import_mw,True,2300.0,2300.0,0.0,2300.0,0.0,1000.0,3
T069,2025-03-09,12,transmission,unavail_tx_import_mw,True,2300.0,2300.0,0.0,2300.0,0.0,1000.0,3
T069,2025-03-09,13,transmission,unavail_tx_import_mw,True,2300.0,2300.0,0.0,2300.0,0.0,1000.0,3
T069,2025-03-09,14,transmission,unavail_tx_import_mw,True,2300.0,2300.0,0.0,2300.0,0.0,1000.0,3
T069,2025-03-09,15,transmission,unavail_tx_import_mw,True,2300.0,2300.0,0.0,2300.0,0.0,1000.0,3
T069,2025-03-09,16,transmission,unavail_tx_import_mw,True,2300.0,2300.0,0.0,2300.0,0.0,1000.0,3
T069,2025-03-09,17,transmission,unavail_tx_import_mw,True,2300.0,2300.0,0.0,2300.0,0.0,1000.0,3
T069,2025-03-09,18,transmission,unavail_tx_import_mw,True,2300.0,2300.0,0.0,2300.0,0.0,1000.0,3
T069,2025-03-09,19,transmission,unavail_tx_import_mw,True,2300.0,2300.0,0.0,2300.0,0.0,1000.0,3
T069,2025-03-09,20,transmission,unavail_tx_import_mw,True,2300.0,2300.0,0.0,2300.0,0.0,1000.0,3
T069,2025-03-09,21,transmission,unavail_tx_import_mw,True,2300.0,2300.0,0.0,2300.0,0.0,1000.0,3
T069,2025-03-09,22,transmission,unavail_tx_import_mw,True,2300.0,2300.0,0.0,2300.0,0.0,1000.0,3
T069,2025-03-09,23,transmission,unavail_tx_import_mw,True,2300.0,2300.0,0.0,2300.0,0.0,1000.0,3
T069,2025-03-10,0,transmission,unavail_tx_import_mw,True,2300.0,2300.0,0.0,2300.0,0.0,1000.0,3
T069,2025-03-10,1,transmission,unavail_tx_import_mw,True,2300.0,2300.0,0.0,2300.0,0.0,1000.0,3
T069,2025-03-10,2,transmission,unavail_tx_import_mw,True,2300.0,2300.0,0.0,2300.0,0.0,1000.0,3
T069,2025-03-10,3,transmission,unavail_tx_import_mw,True,2300.0,2300.0,0.0,2300.0,0.0,1000.0,3
T069,2025-03-10,4,transmission,unavail_tx_import_mw,True,2300.0,2300.0,0.0,2300.0,0.0,1000.0,3
T069,2025-03-10,5,transmission,unavail_tx_import_mw,True,2300.0,2300.0,0.0,2300.0,0.0,1000.0,3
T069,2025-03-10,6,transmission,unavail_tx_import_mw,True,2300.0,2600.0,0.0,2600.0,300.0,1000.0,3
T069,2025-03-10,7,transmission,unavail_tx_import_mw,True,2300.0,2600.0,0.0,2600.0,300.0,1000.0,3
T069,2025-03-10,8,transmission,unavail_tx_import_mw,True,2300.0,2600.0,0.0,2600.0,300.0,1000.0,3
T069,2025-03-10,9,transmission,unavail_tx_import_mw,True,2300.0,2600.0,0.0,2600.0,300.0,1000.0,3
T069,2025-03-10,10,transmission,unavail_tx_import_mw,True,2300.0,2600.0,0.0,2600.0,300.0,1000.0,3
T069,2025-03-10,11,transmission,unavail_tx_import_mw,True,2300.0,3115.0,0.0,3115.0,815.0,1000.0,3
T069,2025-03-10,12,transmission,unavail_tx_import_mw,True,2300.0,3115.0,0.0,3115.0,815.0,1000.0,3
T069,2025-03-10,13,transmission,unavail_tx_import_mw,True,2300.0,3115.0,0.0,3115.0,815.0,1000.0,3
T069,2025-03-10,14,transmission,unavail_tx_import_mw,True,2300.0,2600.0,0.0,2600.0,300.0,1000.0,3
T069,2025-03-10,15,transmission,unavail_tx_import_mw,True,2300.0,2600.0,0.0,2600.0,300.0,1000.0,3
T069,2025-03-10,16,transmission,unavail_tx_import_mw,True,2300.0,2600.0,0.0,2600.0,300.0,1000.0,3
T069,2025-03-10,17,transmission,unavail_tx_import_mw,True,2300.0,2600.0,0.0,2600.0,300.0,1000.0,3
T069,2025-03-10,18,transmission,unavail_tx_import_mw,True,2300.0,2600.0,0.0,2600.0,300.0,1000.0,3
T069,2025-03-10,19,transmission,unavail_tx_import_mw,True,2300.0,2600.0,0.0,2600.0,300.0,1000.0,3
T069,2025-03-10,20,transmission,unavail_tx_import_mw,True,2300.0,2600.0,0.0,2600.0,300.0,1000.0,3
T069,2025-03-10,21,transmission,unavail_tx_import_mw,True,2300.0,2600.0,0.0,2600.0,300.0,1000.0,3
T069,2025-03-10,22,transmission,unavail_tx_import_mw,True,2300.0,2600.0,0.0,2600.0,300.0,1000.0,3
T069,2025-03-10,23,transmission,unavail_tx_import_mw,True,2300.0,2600.0,0.0,2600.0,300.0,1000.0,3
T069,2025-03-11,0,transmission,unavail_tx_import_mw,True,3115.0,2600.0,0.0,2600.0,-515.0,1000.0,3
T069,2025-03-11,1,transmission,unavail_tx_import_mw,True,3115.0,2600.0,0.0,2600.0,-515.0,1000.0,3
T069,2025-03-11,2,transmission,unavail_tx_import_mw,True,3115.0,2600.0,0.0,2600.0,-515.0,1000.0,3
T069,2025-03-11,3,transmission,unavail_tx_import_mw,True,3115.0,2600.0,0.0,2600.0,-515.0,1000.0,3
T069,2025-03-11,4,transmission,unavail_tx_import_mw,True,3115.0,2600.0,0.0,2600.0,-515.0,1000.0,3
T069,2025-03-11,5,transmission,unavail_tx_import_mw,True,3115.0,2600.0,0.0,2600.0,-515.0,1000.0,3
T069,2025-03-11,6,transmission,unavail_tx_import_mw,True,3115.0,2600.0,0.0,2600.0,-515.0,1000.0,3
T069,2025-03-11,7,transmission,unavail_tx_import_mw,True,3115.0,2600.0,0.0,2600.0,-515.0,1000.0,3
T069,2025-03-11,8,transmission,unavail_tx_import_mw,True,3115.0,2600.0,0.0,2600.0,-515.0,1000.0,3
T069,2025-03-11,9,transmission,unavail_tx_import_mw,True,3115.0,2600.0,0.0,2600.0,-515.0,1000.0,3
T069,2025-03-11,10,transmission,unavail_tx_import_mw,True,3115.0,2600.0,0.0,2600.0,-515.0,1000.0,3
T069,2025-03-11,11,transmission,unavail_tx_import_mw,True,3115.0,2600.0,0.0,2600.0,-515.0,1000.0,3
T069,2025-03-11,12,transmission,unavail_tx_import_mw,True,3115.0,2600.0,0.0,2600.0,-515.0,1000.0,3
T069,2025-03-11,13,transmission,unavail_tx_import_mw,True,3115.0,2600.0,0.0,2600.0,-515.0,1000.0,3
T069,2025-03-11,14,transmission,unavail_tx_import_mw,True,3115.0,2600.0,0.0,2600.0,-515.0,1000.0,3
T069,2025-03-11,15,transmission,unavail_tx_import_mw,True,3115.0,2600.0,0.0,2600.0,-515.0,1000.0,3
T069,2025-03-11,16,transmission,unavail_tx_import_mw,True,3115.0,2600.0,0.0,2600.0,-515.0,1000.0,3
T069,2025-03-11,17,transmission,unavail_tx_import_mw,True,3115.0,2600.0,0.0,2600.0,-515.0,1000.0,3
T069,2025-03-11,18,transmission,unavail_tx_import_mw,True,3115.0,2600.0,0.0,2600.0,-515.0,1000.0,3
T069,2025-03-11,19,transmission,unavail_tx_import_mw,True,3115.0,2600.0,0.0,2600.0,-515.0,1000.0,3
T069,2025-03-11,20,transmission,unavail_tx_import_mw,True,3115.0,2600.0,0.0,2600.0,-515.0,1000.0,3
T069,2025-03-11,21,transmission,unavail_tx_import_mw,True,3115.0,2600.0,0.0,2600.0,-515.0,1000.0,3
T069,2025-03-11,22,transmission,unavail_tx_import_mw,True,3115.0,2600.0,0.0,2600.0,-515.0,1000.0,3
T069,2025-03-11,23,transmission,unavail_tx_import_mw,True,3115.0,2600.0,0.0,2600.0,-515.0,1000.0,3
T069,2025-03-12,0,transmission,unavail_tx_import_mw,True,2600.0,2600.0,0.0,2600.0,0.0,1000.0,3
T069,2025-03-12,1,transmission,unavail_tx_import_mw,True,2600.0,2600.0,0.0,2600.0,0.0,1000.0,3
T069,2025-03-12,2,transmission,unavail_tx_import_mw,True,2600.0,2600.0,0.0,2600.0,0.0,1000.0,3
T069,2025-03-12,3,transmission,unavail_tx_import_mw,True,2600.0,2600.0,0.0,2600.0,0.0,1000.0,3
T069,2025-03-12,4,transmission,unavail_tx_import_mw,True,2600.0,2600.0,0.0,2600.0,0.0,1000.0,3
T069,2025-03-12,5,transmission,unavail_tx_import_mw,True,2600.0,2600.0,0.0,2600.0,0.0,1000.0,3
T069,2025-03-12,6,transmission,unavail_tx_import_mw,True,2600.0,2600.0,0.0,2600.0,0.0,1000.0,3
T069,2025-03-12,7,transmission,unavail_tx_import_mw,True,2600.0,2600.0,0.0,2600.0,0.0,1000.0,3
T069,2025-03-12,8,transmission,unavail_tx_import_mw,True,2600.0,2600.0,0.0,2600.0,0.0,1000.0,3
T069,2025-03-12,9,transmission,unavail_tx_import_mw,True,2600.0,2600.0,0.0,2600.0,0.0,1000.0,3
T069,2025-03-12,10,transmission,unavail_tx_import_mw,True,2600.0,2600.0,0.0,2600.0,0.0,1000.0,3
T069,2025-03-12,11,transmission,unavail_tx_import_mw,True,2600.0,2600.0,0.0,2600.0,0.0,1000.0,3
T069,2025-03-12,12,transmission,unavail_tx_import_mw,True,2600.0,2600.0,0.0,2600.0,0.0,1000.0,3
T069,2025-03-12,13,transmission,unavail_tx_import_mw,True,2600.0,2600.0,0.0,2600.0,0.0,1000.0,3
T069,2025-03-12,14,transmission,unavail_tx_import_mw,True,2600.0,2600.0,0.0,2600.0,0.0,1000.0,3
T069,2025-03-12,15,transmission,unavail_tx_import_mw,True,2600.0,2600.0,0.0,2600.0,0.0,1000.0,3
T069,2025-03-12,16,transmission,unavail_tx_import_mw,True,2600.0,2600.0,0.0,2600.0,0.0,1000.0,3
T069,2025-03-12,17,transmission,unavail_tx_import_mw,True,2600.0,2600.0,0.0,2600.0,0.0,1000.0,3
T069,2025-03-12,18,transmission,unavail_tx_import_mw,True,2600.0,2600.0,0.0,2600.0,0.0,1000.0,3
T069,2025-03-12,19,transmission,unavail_tx_import_mw,True,2600.0,2600.0,0.0,2600.0,0.0,1000.0,3
T069,2025-03-12,20,transmission,unavail_tx_import_mw,True,2600.0,2600.0,0.0,2600.0,0.0,1000.0,3
T069,2025-03-12,21,transmission,unavail_tx_import_mw,True,2600.0,2600.0,0.0,2600.0,0.0,1000.0,3
T069,2025-03-12,22,transmission,unavail_tx_import_mw,True,2600.0,2600.0,0.0,2600.0,0.0,1000.0,3
T069,2025-03-12,23,transmission,unavail_tx_import_mw,True,2600.0,2600.0,0.0,2600.0,0.0,1000.0,3
T069,2025-03-13,0,transmission,unavail_tx_import_mw,True,2600.0,2600.0,0.0,2600.0,0.0,1000.0,3
T069,2025-03-13,1,transmission,unavail_tx_import_mw,True,2600.0,2600.0,0.0,2600.0,0.0,1000.0,3
T069,2025-03-13,2,transmission,unavail_tx_import_mw,True,2600.0,2600.0,0.0,2600.0,0.0,1000.0,3
T069,2025-03-13,3,transmission,unavail_tx_import_mw,True,2600.0,2600.0,0.0,2600.0,0.0,1000.0,3
T069,2025-03-13,4,transmission,unavail_tx_import_mw,True,2600.0,2600.0,0.0,2600.0,0.0,1000.0,3
T069,2025-03-13,5,transmission,unavail_tx_import_mw,True,2600.0,2600.0,0.0,2600.0,0.0,1000.0,3
T069,2025-03-13,6,transmission,unavail_tx_import_mw,True,2600.0,2600.0,0.0,2600.0,0.0,1000.0,3
T069,2025-03-13,7,transmission,unavail_tx_import_mw,True,2600.0,3065.0,0.0,3065.0,465.0,1000.0,3
T069,2025-03-13,8,transmission,unavail_tx_import_mw,True,2600.0,3065.0,0.0,3065.0,465.0,1000.0,3
T069,2025-03-13,9,transmission,unavail_tx_import_mw,True,2600.0,3065.0,0.0,3065.0,465.0,1000.0,3
T069,2025-03-13,10,transmission,unavail_tx_import_mw,True,2600.0,3065.0,0.0,3065.0,465.0,1000.0,3
T069,2025-03-13,11,transmission,unavail_tx_import_mw,True,2600.0,3065.0,0.0,3065.0,465.0,1000.0,3
T069,2025-03-13,12,transmission,unavail_tx_import_mw,True,2600.0,3065.0,0.0,3065.0,465.0,1000.0,3
T069,2025-03-13,13,transmission,unavail_tx_import_mw,True,2600.0,3065.0,0.0,3065.0,465.0,1000.0,3
T069,2025-03-13,14,transmission,unavail_tx_import_mw,True,2600.0,3065.0,0.0,3065.0,465.0,1000.0,3
T069,2025-03-13,15,transmission,unavail_tx_import_mw,True,2600.0,3065.0,0.0,3065.0,465.0,1000.0,3
T069,2025-03-13,16,transmission,unavail_tx_import_mw,True,2600.0,2600.0,0.0,2600.0,0.0,1000.0,3
T069,2025-03-13,17,transmission,unavail_tx_import_mw,True,2600.0,2600.0,0.0,2600.0,0.0,1000.0,3
T069,2025-03-13,18,transmission,unavail_tx_import_mw,True,2600.0,2600.0,0.0,2600.0,0.0,1000.0,3
T069,2025-03-13,19,transmission,unavail_tx_import_mw,True,2600.0,2600.0,0.0,2600.0,0.0,1000.0,3
T069,2025-03-13,20,transmission,unavail_tx_import_mw,True,2600.0,2600.0,0.0,2600.0,0.0,1000.0,3
T069,2025-03-13,21,transmission,unavail_tx_import_mw,True,2600.0,2600.0,0.0,2600.0,0.0,1000.0,3
T069,2025-03-13,22,transmission,unavail_tx_import_mw,True,2600.0,2600.0,0.0,2600.0,0.0,1000.0,3
T069,2025-03-13,23,transmission,unavail_tx_import_mw,True,2600.0,2600.0,0.0,2600.0,0.0,1000.0,3
T069,2025-03-14,0,transmission,unavail_tx_import_mw,True,3065.0,2600.0,0.0,2600.0,-465.0,1000.0,2
T069,2025-03-14,1,transmission,unavail_tx_import_mw,True,3065.0,2600.0,0.0,2600.0,-465.0,1000.0,2
T069,2025-03-14,2,transmission,unavail_tx_import_mw,True,3065.0,2600.0,0.0,2600.0,-465.0,1000.0,2
T069,2025-03-14,3,transmission,unavail_tx_import_mw,True,3065.0,2600.0,0.0,2600.0,-465.0,1000.0,2
T069,2025-03-14,4,transmission,unavail_tx_import_mw,True,3065.0,2600.0,0.0,2600.0,-465.0,1000.0,2
T069,2025-03-14,5,transmission,unavail_tx_import_mw,True,3065.0,2600.0,0.0,2600.0,-465.0,1000.0,2
T069,2025-03-14,6,transmission,unavail_tx_import_mw,True,3065.0,2600.0,0.0,2600.0,-465.0,1000.0,2
T069,2025-03-14,7,transmission,unavail_tx_import_mw,True,3065.0,2600.0,0.0,2600.0,-465.0,1000.0,2
T069,2025-03-14,8,transmission,unavail_tx_import_mw,True,3065.0,2600.0,0.0,2600.0,-465.0,1000.0,2
T069,2025-03-14,9,transmission,unavail_tx_import_mw,True,3065.0,2600.0,0.0,2600.0,-465.0,1000.0,2
T069,2025-03-14,10,transmission,unavail_tx_import_mw,True,3065.0,2600.0,0.0,2600.0,-465.0,1000.0,2
T069,2025-03-14,11,transmission,unavail_tx_import_mw,True,3065.0,2600.0,0.0,2600.0,-465.0,1000.0,2
T069,2025-03-14,12,transmission,unavail_tx_import_mw,True,3065.0,2600.0,0.0,2600.0,-465.0,1000.0,2
T069,2025-03-14,13,transmission,unavail_tx_import_mw,True,3065.0,2600.0,0.0,2600.0,-465.0,1000.0,2
T069,2025-03-14,14,transmission,unavail_tx_import_mw,True,3065.0,2600.0,0.0,2600.0,-465.0,1000.0,2
T069,2025-03-14,15,transmission,unavail_tx_import_mw,True,3065.0,2600.0,0.0,2600.0,-465.0,1000.0,2
T069,2025-03-14,16,transmission,unavail_tx_import_mw,True,3065.0,2600.0,0.0,2600.0,-465.0,1000.0,2
T069,2025-03-14,17,transmission,unavail_tx_import_mw,True,3065.0,2600.0,0.0,2600.0,-465.0,1000.0,2
T069,2025-03-14,18,transmission,unavail_tx_import_mw,True,3065.0,2600.0,0.0,2600.0,-465.0,1000.0,2
T069,2025-03-14,19,transmission,unavail_tx_import_mw,True,3065.0,2600.0,0.0,2600.0,-465.0,1000.0,2
T069,2025-03-14,20,transmission,unavail_tx_import_mw,True,3065.0,2600.0,0.0,2600.0,-465.0,1000.0,2
T069,2025-03-14,21,transmission,unavail_tx_import_mw,True,3065.0,2600.0,0.0,2600.0,-465.0,1000.0,2
T069,2025-03-14,22,transmission,unavail_tx_import_mw,True,3065.0,2600.0,0.0,2600.0,-465.0,1000.0,2
T069,2025-03-14,23,transmission,unavail_tx_import_mw,True,3065.0,2600.0,0.0,2600.0,-465.0,1000.0,2
T069,2025-03-15,0,transmission,unavail_tx_import_mw,True,2600.0,2600.0,0.0,2600.0,0.0,1000.0,2
T069,2025-03-15,1,transmission,unavail_tx_import_mw,True,2600.0,2600.0,0.0,2600.0,0.0,1000.0,2
T069,2025-03-15,2,transmission,unavail_tx_import_mw,True,2600.0,2600.0,0.0,2600.0,0.0,1000.0,2
T069,2025-03-15,3,transmission,unavail_tx_import_mw,True,2600.0,2600.0,0.0,2600.0,0.0,1000.0,2
T069,2025-03-15,4,transmission,unavail_tx_import_mw,True,2600.0,2600.0,0.0,2600.0,0.0,1000.0,2
T069,2025-03-15,5,transmission,unavail_tx_import_mw,True,2600.0,2600.0,0.0,2600.0,0.0,1000.0,2
T069,2025-03-15,6,transmission,unavail_tx_import_mw,True,2600.0,2600.0,0.0,2600.0,0.0,1000.0,2
T069,2025-03-15,7,transmission,unavail_tx_import_mw,True,2600.0,2600.0,0.0,2600.0,0.0,1000.0,2
T069,2025-03-15,8,transmission,unavail_tx_import_mw,True,2600.0,2600.0,0.0,2600.0,0.0,1000.0,2
T069,2025-03-15,9,transmission,unavail_tx_import_mw,True,2600.0,2600.0,0.0,2600.0,0.0,1000.0,2
T069,2025-03-15,10,transmission,unavail_tx_import_mw,True,2600.0,2600.0,0.0,2600.0,0.0,1000.0,2
T069,2025-03-15,11,transmission,unavail_tx_import_mw,True,2600.0,2600.0,0.0,2600.0,0.0,1000.0,2
T069,2025-03-15,12,transmission,unavail_tx_import_mw,True,2600.0,2600.0,0.0,2600.0,0.0,1000.0,2
T069,2025-03-15,13,transmission,unavail_tx_import_mw,True,2600.0,2600.0,0.0,2600.0,0.0,1000.0,2
T069,2025-03-15,14,transmission,unavail_tx_import_mw,True,2600.0,2600.0,0.0,2600.0,0.0,1000.0,2
T069,2025-03-15,15,transmission,unavail_tx_import_mw,True,2600.0,2600.0,0.0,2600.0,0.0,1000.0,2
T069,2025-03-15,16,transmission,unavail_tx_import_mw,True,2600.0,2600.0,0.0,2600.0,0.0,1000.0,2
T069,2025-03-15,17,transmission,unavail_tx_import_mw,True,2600.0,2600.0,0.0,2600.0,0.0,1000.0,2
T069,2025-03-15,18,transmission,unavail_tx_import_mw,True,2600.0,2600.0,0.0,2600.0,0.0,1000.0,2
T069,2025-03-15,19,transmission,unavail_tx_import_mw,True,2600.0,2600.0,0.0,2600.0,0.0,1000.0,2
T069,2025-03-15,20,transmission,unavail_tx_import_mw,True,2600.0,2600.0,0.0,2600.0,0.0,1000.0,2
T069,2025-03-15,21,transmission,unavail_tx_import_mw,True,2600.0,2600.0,0.0,2600.0,0.0,1000.0,2
T069,2025-03-15,22,transmission,unavail_tx_import_mw,True,2600.0,2600.0,0.0,2600.0,0.0,1000.0,2
T069,2025-03-15,23,transmission,unavail_tx_import_mw,True,2600.0,2600.0,0.0,2600.0,0.0,1000.0,2
T069,2025-03-16,0,transmission,unavail_tx_import_mw,True,2600.0,2600.0,0.0,2600.0,0.0,1000.0,2
T069,2025-03-16,1,transmission,unavail_tx_import_mw,True,2600.0,2600.0,0.0,2600.0,0.0,1000.0,2
T069,2025-03-16,2,transmission,unavail_tx_import_mw,True,2600.0,2600.0,0.0,2600.0,0.0,1000.0,2
T069,2025-03-16,3,transmission,unavail_tx_import_mw,True,2600.0,2600.0,0.0,2600.0,0.0,1000.0,2
T069,2025-03-16,4,transmission,unavail_tx_import_mw,True,2600.0,2600.0,0.0,2600.0,0.0,1000.0,2
T069,2025-03-16,5,transmission,unavail_tx_import_mw,True,2600.0,2600.0,0.0,2600.0,0.0,1000.0,2
T069,2025-03-16,6,transmission,unavail_tx_import_mw,True,2600.0,2600.0,0.0,2600.0,0.0,1000.0,2
T069,2025-03-16,7,transmission,unavail_tx_import_mw,True,2600.0,2600.0,0.0,2600.0,0.0,1000.0,2
T069,2025-03-16,8,transmission,unavail_tx_import_mw,True,2600.0,2600.0,0.0,2600.0,0.0,1000.0,2
T069,2025-03-16,9,transmission,unavail_tx_import_mw,True,2600.0,2600.0,0.0,2600.0,0.0,1000.0,2
T069,2025-03-16,10,transmission,unavail_tx_import_mw,True,2600.0,2600.0,0.0,2600.0,0.0,1000.0,2
T069,2025-03-16,11,transmission,unavail_tx_import_mw,True,2600.0,2600.0,0.0,2600.0,0.0,1000.0,2
T069,2025-03-16,12,transmission,unavail_tx_import_mw,True,2600.0,2600.0,0.0,2600.0,0.0,1000.0,2
T069,2025-03-16,13,transmission,unavail_tx_import_mw,True,2600.0,2600.0,0.0,2600.0,0.0,1000.0,2
T069,2025-03-16,14,transmission,unavail_tx_import_mw,True,2600.0,2600.0,0.0,2600.0,0.0,1000.0,2
T069,2025-03-16,15,transmission,unavail_tx_import_mw,True,2600.0,2600.0,0.0,2600.0,0.0,1000.0,2
T069,2025-03-16,16,transmission,unavail_tx_import_mw,True,2600.0,2600.0,0.0,2600.0,0.0,1000.0,2
T069,2025-03-16,17,transmission,unavail_tx_import_mw,True,2600.0,2600.0,0.0,2600.0,0.0,1000.0,2
T069,2025-03-16,18,transmission,unavail_tx_import_mw,True,2600.0,2600.0,0.0,2600.0,0.0,1000.0,2
T069,2025-03-16,19,transmission,unavail_tx_import_mw,True,2600.0,2600.0,0.0,2600.0,0.0,1000.0,2
T069,2025-03-16,20,transmission,unavail_tx_import_mw,True,2600.0,2600.0,0.0,2600.0,0.0,1000.0,2
T069,2025-03-16,21,transmission,unavail_tx_import_mw,True,2600.0,2600.0,0.0,2600.0,0.0,1000.0,2
T069,2025-03-16,22,transmission,unavail_tx_import_mw,True,2600.0,2600.0,0.0,2600.0,0.0,1000.0,2
T069,2025-03-16,23,transmission,unavail_tx_import_mw,True,2600.0,2600.0,0.0,2600.0,0.0,1000.0,2
T069,2025-03-17,0,transmission,unavail_tx_import_mw,True,2600.0,2600.0,0.0,2600.0,0.0,1000.0,2
T069,2025-03-17,1,transmission,unavail_tx_import_mw,True,2600.0,2600.0,0.0,2600.0,0.0,1000.0,2
T069,2025-03-17,2,transmission,unavail_tx_import_mw,True,2600.0,2600.0,0.0,2600.0,0.0,1000.0,2
T069,2025-03-17,3,transmission,unavail_tx_import_mw,True,2600.0,2600.0,0.0,2600.0,0.0,1000.0,2
T069,2025-03-17,4,transmission,unavail_tx_import_mw,True,2600.0,2600.0,0.0,2600.0,0.0,1000.0,2
T069,2025-03-17,5,transmission,unavail_tx_import_mw,True,2600.0,2600.0,0.0,2600.0,0.0,1000.0,2
T069,2025-03-17,6,transmission,unavail_tx_import_mw,True,2600.0,3095.0,0.0,3095.0,495.0,1000.0,2
T069,2025-03-17,7,transmission,unavail_tx_import_mw,True,2600.0,3495.0,0.0,3495.0,895.0,1000.0,2
T069,2025-03-17,8,transmission,unavail_tx_import_mw,True,2600.0,3495.0,0.0,3495.0,895.0,1000.0,2
T069,2025-03-17,9,transmission,unavail_tx_import_mw,True,2600.0,3495.0,0.0,3495.0,895.0,1000.0,2
T069,2025-03-17,10,transmission,unavail_tx_import_mw,True,2600.0,3495.0,0.0,3495.0,895.0,1000.0,2
T069,2025-03-17,11,transmission,unavail_tx_import_mw,True,2600.0,3495.0,0.0,3495.0,895.0,1000.0,2
T069,2025-03-17,12,transmission,unavail_tx_import_mw,True,2600.0,3495.0,0.0,3495.0,895.0,1000.0,2
T069,2025-03-17,13,transmission,unavail_tx_import_mw,True,2600.0,3495.0,0.0,3495.0,895.0,1000.0,2
T069,2025-03-17,14,transmission,unavail_tx_import_mw,True,2600.0,3495.0,0.0,3495.0,895.0,1000.0,2
T069,2025-03-17,15,transmission,unavail_tx_import_mw,True,2600.0,3495.0,0.0,3495.0,895.0,1000.0,2
T069,2025-03-17,16,transmission,unavail_tx_import_mw,True,2600.0,3495.0,0.0,3495.0,895.0,1000.0,2
T069,2025-03-17,17,transmission,unavail_tx_import_mw,True,2600.0,3495.0,0.0,3495.0,895.0,1000.0,2
T069,2025-03-17,18,transmission,unavail_tx_import_mw,True,2600.0,3495.0,0.0,3495.0,895.0,1000.0,2
T069,2025-03-17,19,transmission,unavail_tx_import_mw,True,2600.0,3495.0,0.0,3495.0,895.0,1000.0,2
T069,2025-03-17,20,transmission,unavail_tx_import_mw,True,2600.0,3495.0,0.0,3495.0,895.0,1000.0,2
T069,2025-03-17,21,transmission,unavail_tx_import_mw,True,2600.0,3495.0,0.0,3495.0,895.0,1000.0,2
T069,2025-03-17,22,transmission,unavail_tx_import_mw,True,2600.0,3495.0,0.0,3495.0,895.0,1000.0,2
T069,2025-03-17,23,transmission,unavail_tx_import_mw,True,2600.0,3495.0,0.0,3495.0,895.0,1000.0,2
T069,2025-03-18,0,transmission,unavail_tx_import_mw,True,3495.0,3495.0,0.0,3495.0,0.0,1000.0,2
T069,2025-03-18,1,transmission,unavail_tx_import_mw,True,3495.0,3495.0,0.0,3495.0,0.0,1000.0,2
T069,2025-03-18,2,transmission,unavail_tx_import_mw,True,3495.0,3495.0,0.0,3495.0,0.0,1000.0,2
T069,2025-03-18,3,transmission,unavail_tx_import_mw,True,3495.0,3495.0,0.0,3495.0,0.0,1000.0,2
T069,2025-03-18,4,transmission,unavail_tx_import_mw,True,3495.0,3495.0,0.0,3495.0,0.0,1000.0,2
T069,2025-03-18,5,transmission,unavail_tx_import_mw,True,3495.0,3495.0,0.0,3495.0,0.0,1000.0,2
T069,2025-03-18,6,transmission,unavail_tx_import_mw,True,3495.0,3495.0,0.0,3495.0,0.0,1000.0,2
T069,2025-03-18,7,transmission,unavail_tx_import_mw,True,3495.0,3495.0,0.0,3495.0,0.0,1000.0,2
T069,2025-03-18,8,transmission,unavail_tx_import_mw,True,3495.0,3495.0,0.0,3495.0,0.0,1000.0,2
T069,2025-03-18,9,transmission,unavail_tx_import_mw,True,3495.0,3495.0,0.0,3495.0,0.0,1000.0,2
T069,2025-03-18,10,transmission,unavail_tx_import_mw,True,3495.0,3495.0,0.0,3495.0,0.0,1000.0,2
T069,2025-03-18,11,transmission,unavail_tx_import_mw,True,3495.0,3495.0,0.0,3495.0,0.0,1000.0,2
T069,2025-03-18,12,transmission,unavail_tx_import_mw,True,3495.0,3495.0,0.0,3495.0,0.0,1000.0,2
T069,2025-03-18,13,transmission,unavail_tx_import_mw,True,3495.0,3495.0,0.0,3495.0,0.0,1000.0,2
T069,2025-03-18,14,transmission,unavail_tx_import_mw,True,3495.0,3495.0,0.0,3495.0,0.0,1000.0,2
T069,2025-03-18,15,transmission,unavail_tx_import_mw,True,3495.0,3495.0,0.0,3495.0,0.0,1000.0,2
T069,2025-03-18,16,transmission,unavail_tx_import_mw,True,3495.0,3495.0,0.0,3495.0,0.0,1000.0,2
T069,2025-03-18,17,transmission,unavail_tx_import_mw,True,3495.0,3495.0,0.0,3495.0,0.0,1000.0,2
T069,2025-03-18,18,transmission,unavail_tx_import_mw,True,3495.0,3495.0,0.0,3495.0,0.0,1000.0,2
T069,2025-03-18,19,transmission,unavail_tx_import_mw,True,3495.0,3495.0,0.0,3495.0,0.0,1000.0,2
T069,2025-03-18,20,transmission,unavail_tx_import_mw,True,3495.0,3495.0,0.0,3495.0,0.0,1000.0,2
T069,2025-03-18,21,transmission,unavail_tx_import_mw,True,3495.0,3495.0,0.0,3495.0,0.0,1000.0,2
T069,2025-03-18,22,transmission,unavail_tx_import_mw,True,3495.0,3495.0,0.0,3495.0,0.0,1000.0,2
T069,2025-03-18,23,transmission,unavail_tx_import_mw,True,3495.0,3495.0,0.0,3495.0,0.0,1000.0,2
T069,2025-03-19,0,transmission,unavail_tx_import_mw,True,3495.0,3495.0,0.0,3495.0,0.0,1000.0,2
T069,2025-03-19,1,transmission,unavail_tx_import_mw,True,3495.0,3495.0,0.0,3495.0,0.0,1000.0,2
T069,2025-03-19,2,transmission,unavail_tx_import_mw,True,3495.0,3495.0,0.0,3495.0,0.0,1000.0,2
T069,2025-03-19,3,transmission,unavail_tx_import_mw,True,3495.0,3495.0,0.0,3495.0,0.0,1000.0,2
T069,2025-03-19,4,transmission,unavail_tx_import_mw,True,3495.0,3495.0,0.0,3495.0,0.0,1000.0,2
T069,2025-03-19,5,transmission,unavail_tx_import_mw,True,3495.0,3495.0,0.0,3495.0,0.0,1000.0,2
T069,2025-03-19,6,transmission,unavail_tx_import_mw,True,3495.0,3495.0,0.0,3495.0,0.0,1000.0,2
T069,2025-03-19,7,transmission,unavail_tx_import_mw,True,3495.0,3495.0,0.0,3495.0,0.0,1000.0,2
T069,2025-03-19,8,transmission,unavail_tx_import_mw,True,3495.0,3495.0,0.0,3495.0,0.0,1000.0,2
T069,2025-03-19,9,transmission,unavail_tx_import_mw,True,3495.0,3495.0,0.0,3495.0,0.0,1000.0,2
T069,2025-03-19,10,transmission,unavail_tx_import_mw,True,3495.0,3495.0,0.0,3495.0,0.0,1000.0,2
T069,2025-03-19,11,transmission,unavail_tx_import_mw,True,3495.0,3495.0,0.0,3495.0,0.0,1000.0,2
T069,2025-03-19,12,transmission,unavail_tx_import_mw,True,3495.0,3495.0,0.0,3495.0,0.0,1000.0,2
T069,2025-03-19,13,transmission,unavail_tx_import_mw,True,3495.0,3495.0,0.0,3495.0,0.0,1000.0,2
T069,2025-03-19,14,transmission,unavail_tx_import_mw,True,3495.0,3495.0,0.0,3495.0,0.0,1000.0,2
T069,2025-03-19,15,transmission,unavail_tx_import_mw,True,3495.0,3000.0,0.0,3000.0,-495.0,1000.0,2
T069,2025-03-19,16,transmission,unavail_tx_import_mw,True,3495.0,3000.0,0.0,3000.0,-495.0,1000.0,2
T069,2025-03-19,17,transmission,unavail_tx_import_mw,True,3495.0,3000.0,0.0,3000.0,-495.0,1000.0,2
T069,2025-03-19,18,transmission,unavail_tx_import_mw,True,3495.0,3000.0,0.0,3000.0,-495.0,1000.0,2
T069,2025-03-19,19,transmission,unavail_tx_import_mw,True,3495.0,3000.0,0.0,3000.0,-495.0,1000.0,2
T069,2025-03-19,20,transmission,unavail_tx_import_mw,True,3495.0,3000.0,0.0,3000.0,-495.0,1000.0,2
T069,2025-03-19,21,transmission,unavail_tx_import_mw,True,3495.0,3000.0,0.0,3000.0,-495.0,1000.0,2
T069,2025-03-19,22,transmission,unavail_tx_import_mw,True,3495.0,3000.0,0.0,3000.0,-495.0,1000.0,2
T069,2025-03-19,23,transmission,unavail_tx_import_mw,True,3495.0,3000.0,0.0,3000.0,-495.0,1000.0,2
T069,2025-03-20,0,transmission,unavail_tx_import_mw,True,3495.0,3000.0,0.0,3000.0,-495.0,1000.0,2
T069,2025-03-20,1,transmission,unavail_tx_import_mw,True,3495.0,3000.0,0.0,3000.0,-495.0,1000.0,2
T069,2025-03-20,2,transmission,unavail_tx_import_mw,True,3495.0,3000.0,0.0,3000.0,-495.0,1000.0,2
T069,2025-03-20,3,transmission,unavail_tx_import_mw,True,3495.0,3000.0,0.0,3000.0,-495.0,1000.0,2
T069,2025-03-20,4,transmission,unavail_tx_import_mw,True,3495.0,3000.0,0.0,3000.0,-495.0,1000.0,2
T069,2025-03-20,5,transmission,unavail_tx_import_mw,True,3495.0,3000.0,0.0,3000.0,-495.0,1000.0,2
T069,2025-03-20,6,transmission,unavail_tx_import_mw,True,3495.0,3000.0,0.0,3000.0,-495.0,1000.0,2
T069,2025-03-20,7,transmission,unavail_tx_import_mw,True,3495.0,3000.0,0.0,3000.0,-495.0,1000.0,2
T069,2025-03-20,8,transmission,unavail_tx_import_mw,True,3495.0,3000.0,0.0,3000.0,-495.0,1000.0,2
T069,2025-03-20,9,transmission,unavail_tx_import_mw,True,3495.0,3000.0,0.0,3000.0,-495.0,1000.0,2
T069,2025-03-20,10,transmission,unavail_tx_import_mw,True,3495.0,3000.0,0.0,3000.0,-495.0,1000.0,2
T069,2025-03-20,11,transmission,unavail_tx_import_mw,True,3495.0,3000.0,0.0,3000.0,-495.0,1000.0,2
T069,2025-03-20,12,transmission,unavail_tx_import_mw,True,3495.0,3000.0,0.0,3000.0,-495.0,1000.0,2
T069,2025-03-20,13,transmission,unavail_tx_import_mw,True,3495.0,3000.0,0.0,3000.0,-495.0,1000.0,2
T069,2025-03-20,14,transmission,unavail_tx_import_mw,True,3495.0,3000.0,0.0,3000.0,-495.0,1000.0,2
T069,2025-03-20,15,transmission,unavail_tx_import_mw,True,3495.0,3000.0,0.0,3000.0,-495.0,1000.0,2
T069,2025-03-20,16,transmission,unavail_tx_import_mw,True,3495.0,3000.0,0.0,3000.0,-495.0,1000.0,2
T069,2025-03-20,17,transmission,unavail_tx_import_mw,True,3495.0,3000.0,0.0,3000.0,-495.0,1000.0,2
T069,2025-03-20,18,transmission,unavail_tx_import_mw,True,3495.0,3000.0,0.0,3000.0,-495.0,1000.0,2
T069,2025-03-20,19,transmission,unavail_tx_import_mw,True,3495.0,3000.0,0.0,3000.0,-495.0,1000.0,2
T069,2025-03-20,20,transmission,unavail_tx_import_mw,True,3495.0,3000.0,0.0,3000.0,-495.0,1000.0,2
T069,2025-03-20,21,transmission,unavail_tx_import_mw,True,3495.0,3000.0,0.0,3000.0,-495.0,1000.0,2
T069,2025-03-20,22,transmission,unavail_tx_import_mw,True,3495.0,3000.0,0.0,3000.0,-495.0,1000.0,2
T069,2025-03-20,23,transmission,unavail_tx_import_mw,True,3495.0,3000.0,0.0,3000.0,-495.0,1000.0,2
T069,2025-03-21,0,transmission,unavail_tx_import_mw,True,3000.0,3000.0,0.0,3000.0,0.0,1000.0,1
T069,2025-03-21,1,transmission,unavail_tx_import_mw,True,3000.0,3000.0,0.0,3000.0,0.0,1000.0,1
T069,2025-03-21,2,transmission,unavail_tx_import_mw,True,3000.0,3000.0,0.0,3000.0,0.0,1000.0,1
T069,2025-03-21,3,transmission,unavail_tx_import_mw,True,3000.0,3000.0,0.0,3000.0,0.0,1000.0,1
T069,2025-03-21,4,transmission,unavail_tx_import_mw,True,3000.0,3000.0,0.0,3000.0,0.0,1000.0,1
T069,2025-03-21,5,transmission,unavail_tx_import_mw,True,3000.0,3000.0,0.0,3000.0,0.0,1000.0,1
T069,2025-03-21,6,transmission,unavail_tx_import_mw,True,3000.0,3000.0,0.0,3000.0,0.0,1000.0,1
T069,2025-03-21,7,transmission,unavail_tx_import_mw,True,3000.0,3000.0,0.0,3000.0,0.0,1000.0,1
T069,2025-03-21,8,transmission,unavail_tx_import_mw,True,3000.0,3000.0,0.0,3000.0,0.0,1000.0,1
T069,2025-03-21,9,transmission,unavail_tx_import_mw,True,3000.0,3000.0,0.0,3000.0,0.0,1000.0,1
T069,2025-03-21,10,transmission,unavail_tx_import_mw,True,3000.0,3000.0,0.0,3000.0,0.0,1000.0,1
T069,2025-03-21,11,transmission,unavail_tx_import_mw,True,3000.0,3000.0,0.0,3000.0,0.0,1000.0,1
T069,2025-03-21,12,transmission,unavail_tx_import_mw,True,3000.0,3000.0,0.0,3000.0,0.0,1000.0,1
T069,2025-03-21,13,transmission,unavail_tx_import_mw,True,3000.0,3000.0,0.0,3000.0,0.0,1000.0,1
T069,2025-03-21,14,transmission,unavail_tx_import_mw,True,3000.0,3000.0,0.0,3000.0,0.0,1000.0,1
T069,2025-03-21,15,transmission,unavail_tx_import_mw,True,3000.0,2600.0,0.0,2600.0,-400.0,1000.0,1
T069,2025-03-21,16,transmission,unavail_tx_import_mw,True,3000.0,2600.0,0.0,2600.0,-400.0,1000.0,1
T069,2025-03-21,17,transmission,unavail_tx_import_mw,True,3000.0,2600.0,0.0,2600.0,-400.0,1000.0,1
T069,2025-03-21,18,transmission,unavail_tx_import_mw,True,3000.0,2600.0,0.0,2600.0,-400.0,1000.0,1
T069,2025-03-21,19,transmission,unavail_tx_import_mw,True,3000.0,2600.0,0.0,2600.0,-400.0,1000.0,1
T069,2025-03-21,20,transmission,unavail_tx_import_mw,True,3000.0,2600.0,0.0,2600.0,-400.0,1000.0,1
T069,2025-03-21,21,transmission,unavail_tx_import_mw,True,3000.0,2600.0,0.0,2600.0,-400.0,1000.0,1
T069,2025-03-21,22,transmission,unavail_tx_import_mw,True,3000.0,2600.0,0.0,2600.0,-400.0,1000.0,1
T069,2025-03-21,23,transmission,unavail_tx_import_mw,True,3000.0,2600.0,0.0,2600.0,-400.0,1000.0,1
T069,2025-03-22,0,transmission,unavail_tx_import_mw,True,3000.0,2600.0,0.0,2600.0,-400.0,1000.0,1
T069,2025-03-22,1,transmission,unavail_tx_import_mw,True,3000.0,2600.0,0.0,2600.0,-400.0,1000.0,1
T069,2025-03-22,2,transmission,unavail_tx_import_mw,True,3000.0,2600.0,0.0,2600.0,-400.0,1000.0,1
T069,2025-03-22,3,transmission,unavail_tx_import_mw,True,3000.0,2600.0,0.0,2600.0,-400.0,1000.0,1
T069,2025-03-22,4,transmission,unavail_tx_import_mw,True,3000.0,2600.0,0.0,2600.0,-400.0,1000.0,1
T069,2025-03-22,5,transmission,unavail_tx_import_mw,True,3000.0,2600.0,0.0,2600.0,-400.0,1000.0,1
T069,2025-03-22,6,transmission,unavail_tx_import_mw,True,3000.0,2600.0,0.0,2600.0,-400.0,1000.0,1
T069,2025-03-22,7,transmission,unavail_tx_import_mw,True,3000.0,2600.0,0.0,2600.0,-400.0,1000.0,1
T069,2025-03-22,8,transmission,unavail_tx_import_mw,True,3000.0,2600.0,0.0,2600.0,-400.0,1000.0,1
T069,2025-03-22,9,transmission,unavail_tx_import_mw,True,3000.0,2600.0,0.0,2600.0,-400.0,1000.0,1
T069,2025-03-22,10,transmission,unavail_tx_import_mw,True,3000.0,2600.0,0.0,2600.0,-400.0,1000.0,1
T069,2025-03-22,11,transmission,unavail_tx_import_mw,True,3000.0,2600.0,0.0,2600.0,-400.0,1000.0,1
T069,2025-03-22,12,transmission,unavail_tx_import_mw,True,3000.0,2600.0,0.0,2600.0,-400.0,1000.0,1
T069,2025-03-22,13,transmission,unavail_tx_import_mw,True,3000.0,2600.0,0.0,2600.0,-400.0,1000.0,1
T069,2025-03-22,14,transmission,unavail_tx_import_mw,True,3000.0,2600.0,0.0,2600.0,-400.0,1000.0,1
T069,2025-03-22,15,transmission,unavail_tx_import_mw,True,3000.0,2600.0,0.0,2600.0,-400.0,1000.0,1
T069,2025-03-22,16,transmission,unavail_tx_import_mw,True,3000.0,2600.0,0.0,2600.0,-400.0,1000.0,1
T069,2025-03-22,17,transmission,unavail_tx_import_mw,True,3000.0,2600.0,0.0,2600.0,-400.0,1000.0,1
T069,2025-03-22,18,transmission,unavail_tx_import_mw,True,3000.0,2600.0,0.0,2600.0,-400.0,1000.0,1
T069,2025-03-22,19,transmission,unavail_tx_import_mw,True,3000.0,2600.0,0.0,2600.0,-400.0,1000.0,1
T069,2025-03-22,20,transmission,unavail_tx_import_mw,True,3000.0,2600.0,0.0,2600.0,-400.0,1000.0,1
T069,2025-03-22,21,transmission,unavail_tx_import_mw,True,3000.0,2600.0,0.0,2600.0,-400.0,1000.0,1
T069,2025-03-22,22,transmission,unavail_tx_import_mw,True,3000.0,2600.0,0.0,2600.0,-400.0,1000.0,1
T069,2025-03-22,23,transmission,unavail_tx_import_mw,True,3000.0,2600.0,0.0,2600.0,-400.0,1000.0,1
T069,2025-03-23,0,transmission,unavail_tx_import_mw,True,2600.0,2600.0,0.0,2600.0,0.0,1000.0,1
T069,2025-03-23,1,transmission,unavail_tx_import_mw,True,2600.0,2600.0,0.0,2600.0,0.0,1000.0,1
T069,2025-03-23,2,transmission,unavail_tx_import_mw,True,2600.0,2600.0,0.0,2600.0,0.0,1000.0,1
T069,2025-03-23,3,transmission,unavail_tx_import_mw,True,2600.0,2600.0,0.0,2600.0,0.0,1000.0,1
T069,2025-03-23,4,transmission,unavail_tx_import_mw,True,2600.0,2600.0,0.0,2600.0,0.0,1000.0,1
T069,2025-03-23,5,transmission,unavail_tx_import_mw,True,2600.0,2600.0,0.0,2600.0,0.0,1000.0,1
T069,2025-03-23,6,transmission,unavail_tx_import_mw,True,2600.0,2600.0,0.0,2600.0,0.0,1000.0,1
T069,2025-03-23,7,transmission,unavail_tx_import_mw,True,2600.0,2600.0,0.0,2600.0,0.0,1000.0,1
T069,2025-03-23,8,transmission,unavail_tx_import_mw,True,2600.0,2600.0,0.0,2600.0,0.0,1000.0,1
T069,2025-03-23,9,transmission,unavail_tx_import_mw,True,2600.0,2600.0,0.0,2600.0,0.0,1000.0,1
T069,2025-03-23,10,transmission,unavail_tx_import_mw,True,2600.0,2600.0,0.0,2600.0,0.0,1000.0,1
T069,2025-03-23,11,transmission,unavail_tx_import_mw,True,2600.0,2600.0,0.0,2600.0,0.0,1000.0,1
T069,2025-03-23,12,transmission,unavail_tx_import_mw,True,2600.0,2600.0,0.0,2600.0,0.0,1000.0,1
T069,2025-03-23,13,transmission,unavail_tx_import_mw,True,2600.0,2600.0,0.0,2600.0,0.0,1000.0,1
T069,2025-03-23,14,transmission,unavail_tx_import_mw,True,2600.0,2600.0,0.0,2600.0,0.0,1000.0,1
T069,2025-03-23,15,transmission,unavail_tx_import_mw,True,2600.0,2600.0,0.0,2600.0,0.0,1000.0,1
T069,2025-03-23,16,transmission,unavail_tx_import_mw,True,2600.0,2600.0,0.0,2600.0,0.0,1000.0,1
T069,2025-03-23,17,transmission,unavail_tx_import_mw,True,2600.0,2600.0,0.0,2600.0,0.0,1000.0,1
T069,2025-03-23,18,transmission,unavail_tx_import_mw,True,2600.0,2600.0,0.0,2600.0,0.0,1000.0,1
T069,2025-03-23,19,transmission,unavail_tx_import_mw,True,2600.0,2600.0,0.0,2600.0,0.0,1000.0,1
T069,2025-03-23,20,transmission,unavail_tx_import_mw,True,2600.0,2600.0,0.0,2600.0,0.0,1000.0,1
T069,2025-03-23,21,transmission,unavail_tx_import_mw,True,2600.0,2600.0,0.0,2600.0,0.0,1000.0,1
T069,2025-03-23,22,transmission,unavail_tx_import_mw,True,2600.0,2600.0,0.0,2600.0,0.0,1000.0,1
T069,2025-03-23,23,transmission,unavail_tx_import_mw,True,2600.0,2600.0,0.0,2600.0,0.0,1000.0,1
T069,2025-03-24,0,transmission,unavail_tx_import_mw,True,2600.0,2600.0,0.0,2600.0,0.0,1000.0,1
T069,2025-03-24,1,transmission,unavail_tx_import_mw,True,2600.0,2600.0,0.0,2600.0,0.0,1000.0,1
T069,2025-03-24,2,transmission,unavail_tx_import_mw,True,2600.0,2600.0,0.0,2600.0,0.0,1000.0,1
T069,2025-03-24,3,transmission,unavail_tx_import_mw,True,2600.0,2600.0,0.0,2600.0,0.0,1000.0,1
T069,2025-03-24,4,transmission,unavail_tx_import_mw,True,2600.0,2600.0,0.0,2600.0,0.0,1000.0,1
T069,2025-03-24,5,transmission,unavail_tx_import_mw,True,2600.0,2600.0,0.0,2600.0,0.0,1000.0,1
T069,2025-03-24,6,transmission,unavail_tx_import_mw,True,2600.0,2600.0,0.0,2600.0,0.0,1000.0,1
T069,2025-03-24,7,transmission,unavail_tx_import_mw,True,2600.0,2600.0,0.0,2600.0,0.0,1000.0,1
T069,2025-03-24,8,transmission,unavail_tx_import_mw,True,2600.0,2600.0,0.0,2600.0,0.0,1000.0,1
T069,2025-03-24,9,transmission,unavail_tx_import_mw,True,2600.0,2600.0,0.0,2600.0,0.0,1000.0,1
T069,2025-03-24,10,transmission,unavail_tx_import_mw,True,2600.0,2600.0,0.0,2600.0,0.0,1000.0,1
T069,2025-03-24,11,transmission,unavail_tx_import_mw,True,2600.0,2600.0,0.0,2600.0,0.0,1000.0,1
T069,2025-03-24,12,transmission,unavail_tx_import_mw,True,2600.0,2600.0,0.0,2600.0,0.0,1000.0,1
T069,2025-03-24,13,transmission,unavail_tx_import_mw,True,2600.0,2600.0,0.0,2600.0,0.0,1000.0,1
T069,2025-03-24,14,transmission,unavail_tx_import_mw,True,2600.0,2600.0,0.0,2600.0,0.0,1000.0,1
T069,2025-03-24,15,transmission,unavail_tx_import_mw,True,2600.0,2600.0,0.0,2600.0,0.0,1000.0,1
T069,2025-03-24,16,transmission,unavail_tx_import_mw,True,2600.0,2600.0,0.0,2600.0,0.0,1000.0,1
T069,2025-03-24,17,transmission,unavail_tx_import_mw,True,2600.0,2600.0,0.0,2600.0,0.0,1000.0,1
T069,2025-03-24,18,transmission,unavail_tx_import_mw,True,2600.0,2600.0,0.0,2600.0,0.0,1000.0,1
T069,2025-03-24,19,transmission,unavail_tx_import_mw,True,2600.0,2600.0,0.0,2600.0,0.0,1000.0,1
T069,2025-03-24,20,transmission,unavail_tx_import_mw,True,2600.0,2600.0,0.0,2600.0,0.0,1000.0,1
T069,2025-03-24,21,transmission,unavail_tx_import_mw,True,2600.0,2600.0,0.0,2600.0,0.0,1000.0,1
T069,2025-03-24,22,transmission,unavail_tx_import_mw,True,2600.0,2600.0,0.0,2600.0,0.0,1000.0,1
T069,2025-03-24,23,transmission,unavail_tx_import_mw,True,2600.0,2600.0,0.0,2600.0,0.0,1000.0,1
T069,2025-03-25,0,transmission,unavail_tx_import_mw,True,2600.0,2600.0,0.0,2600.0,0.0,1000.0,1
T069,2025-03-25,1,transmission,unavail_tx_import_mw,True,2600.0,2600.0,0.0,2600.0,0.0,1000.0,1
T069,2025-03-25,2,transmission,unavail_tx_import_mw,True,2600.0,2600.0,0.0,2600.0,0.0,1000.0,1
T069,2025-03-25,3,transmission,unavail_tx_import_mw,True,2600.0,2600.0,0.0,2600.0,0.0,1000.0,1
T069,2025-03-25,4,transmission,unavail_tx_import_mw,True,2600.0,2600.0,0.0,2600.0,0.0,1000.0,1
T069,2025-03-25,5,transmission,unavail_tx_import_mw,True,2600.0,2600.0,0.0,2600.0,0.0,1000.0,1
T069,2025-03-25,6,transmission,unavail_tx_import_mw,True,2600.0,2600.0,0.0,2600.0,0.0,1000.0,1
T069,2025-03-25,7,transmission,unavail_tx_import_mw,True,2600.0,2600.0,0.0,2600.0,0.0,1000.0,1
T069,2025-03-25,8,transmission,unavail_tx_import_mw,True,2600.0,2600.0,0.0,2600.0,0.0,1000.0,1
T069,2025-03-25,9,transmission,unavail_tx_import_mw,True,2600.0,2600.0,0.0,2600.0,0.0,1000.0,1
T069,2025-03-25,10,transmission,unavail_tx_import_mw,True,2600.0,2600.0,0.0,2600.0,0.0,1000.0,1
T069,2025-03-25,11,transmission,unavail_tx_import_mw,True,2600.0,2600.0,0.0,2600.0,0.0,1000.0,1
T069,2025-03-25,12,transmission,unavail_tx_import_mw,True,2600.0,2600.0,0.0,2600.0,0.0,1000.0,1
T069,2025-03-25,13,transmission,unavail_tx_import_mw,True,2600.0,2600.0,0.0,2600.0,0.0,1000.0,1
T069,2025-03-25,14,transmission,unavail_tx_import_mw,True,2600.0,2600.0,0.0,2600.0,0.0,1000.0,1
T069,2025-03-25,15,transmission,unavail_tx_import_mw,True,2600.0,2600.0,0.0,2600.0,0.0,1000.0,1
T069,2025-03-25,16,transmission,unavail_tx_import_mw,True,2600.0,2600.0,0.0,2600.0,0.0,1000.0,1
T069,2025-03-25,17,transmission,unavail_tx_import_mw,True,2600.0,2600.0,0.0,2600.0,0.0,1000.0,1
T069,2025-03-25,18,transmission,unavail_tx_import_mw,True,2600.0,2600.0,0.0,2600.0,0.0,1000.0,1
T069,2025-03-25,19,transmission,unavail_tx_import_mw,True,2600.0,2600.0,0.0,2600.0,0.0,1000.0,1
T069,2025-03-25,20,transmission,unavail_tx_import_mw,True,2600.0,2600.0,0.0,2600.0,0.0,1000.0,1
T069,2025-03-25,21,transmission,unavail_tx_import_mw,True,2600.0,2600.0,0.0,2600.0,0.0,1000.0,1
T069,2025-03-25,22,transmission,unavail_tx_import_mw,True,2600.0,2600.0,0.0,2600.0,0.0,1000.0,1
T069,2025-03-25,23,transmission,unavail_tx_import_mw,True,2600.0,2600.0,0.0,2600.0,0.0,1000.0,1
T069,2025-03-26,0,transmission,unavail_tx_import_mw,True,2600.0,2600.0,0.0,2600.0,0.0,1000.0,1
T069,2025-03-26,1,transmission,unavail_tx_import_mw,True,2600.0,2600.0,0.0,2600.0,0.0,1000.0,1
T069,2025-03-26,2,transmission,unavail_tx_import_mw,True,2600.0,2600.0,0.0,2600.0,0.0,1000.0,1
T069,2025-03-26,3,transmission,unavail_tx_import_mw,True,2600.0,2600.0,0.0,2600.0,0.0,1000.0,1
T069,2025-03-26,4,transmission,unavail_tx_import_mw,True,2600.0,2600.0,0.0,2600.0,0.0,1000.0,1
T069,2025-03-26,5,transmission,unavail_tx_import_mw,True,2600.0,2600.0,0.0,2600.0,0.0,1000.0,1
T069,2025-03-26,6,transmission,unavail_tx_import_mw,True,2600.0,2600.0,0.0,2600.0,0.0,1000.0,1
T069,2025-03-26,7,transmission,unavail_tx_import_mw,True,2600.0,2600.0,0.0,2600.0,0.0,1000.0,1
T069,2025-03-26,8,transmission,unavail_tx_import_mw,True,2600.0,2600.0,0.0,2600.0,0.0,1000.0,1
T069,2025-03-26,9,transmission,unavail_tx_import_mw,True,2600.0,2600.0,0.0,2600.0,0.0,1000.0,1
T069,2025-03-26,10,transmission,unavail_tx_import_mw,True,2600.0,2600.0,0.0,2600.0,0.0,1000.0,1
T069,2025-03-26,11,transmission,unavail_tx_import_mw,True,2600.0,2600.0,0.0,2600.0,0.0,1000.0,1
T069,2025-03-26,12,transmission,unavail_tx_import_mw,True,2600.0,2600.0,0.0,2600.0,0.0,1000.0,1
T069,2025-03-26,13,transmission,unavail_tx_import_mw,True,2600.0,2600.0,0.0,2600.0,0.0,1000.0,1
T069,2025-03-26,14,transmission,unavail_tx_import_mw,True,2600.0,2600.0,0.0,2600.0,0.0,1000.0,1
T069,2025-03-26,15,transmission,unavail_tx_import_mw,True,2600.0,2600.0,0.0,2600.0,0.0,1000.0,1
T069,2025-03-26,16,transmission,unavail_tx_import_mw,True,2600.0,2600.0,0.0,2600.0,0.0,1000.0,1
T069,2025-03-26,17,transmission,unavail_tx_import_mw,True,2600.0,2600.0,0.0,2600.0,0.0,1000.0,1
T069,2025-03-26,18,transmission,unavail_tx_import_mw,True,2600.0,2600.0,0.0,2600.0,0.0,1000.0,1
T069,2025-03-26,19,transmission,unavail_tx_import_mw,True,2600.0,2600.0,0.0,2600.0,0.0,1000.0,1
T069,2025-03-26,20,transmission,unavail_tx_import_mw,True,2600.0,2600.0,0.0,2600.0,0.0,1000.0,1
T069,2025-03-26,21,transmission,unavail_tx_import_mw,True,2600.0,2600.0,0.0,2600.0,0.0,1000.0,1
T069,2025-03-26,22,transmission,unavail_tx_import_mw,True,2600.0,2600.0,0.0,2600.0,0.0,1000.0,1
T069,2025-03-26,23,transmission,unavail_tx_import_mw,True,2600.0,2600.0,0.0,2600.0,0.0,1000.0,1
T069,2025-03-27,0,transmission,unavail_tx_import_mw,True,2600.0,2600.0,0.0,2600.0,0.0,1000.0,1
T069,2025-03-27,1,transmission,unavail_tx_import_mw,True,2600.0,2600.0,0.0,2600.0,0.0,1000.0,1
T069,2025-03-27,2,transmission,unavail_tx_import_mw,True,2600.0,2600.0,0.0,2600.0,0.0,1000.0,1
T069,2025-03-27,3,transmission,unavail_tx_import_mw,True,2600.0,2600.0,0.0,2600.0,0.0,1000.0,1
T069,2025-03-27,4,transmission,unavail_tx_import_mw,True,2600.0,2600.0,0.0,2600.0,0.0,1000.0,1
T069,2025-03-27,5,transmission,unavail_tx_import_mw,True,2600.0,2600.0,0.0,2600.0,0.0,1000.0,1
T069,2025-03-27,6,transmission,unavail_tx_import_mw,True,2600.0,2600.0,0.0,2600.0,0.0,1000.0,1
T069,2025-03-27,7,transmission,unavail_tx_import_mw,True,2600.0,2600.0,0.0,2600.0,0.0,1000.0,1
T069,2025-03-27,8,transmission,unavail_tx_import_mw,True,2600.0,2600.0,0.0,2600.0,0.0,1000.0,1
T069,2025-03-27,9,transmission,unavail_tx_import_mw,True,2600.0,2600.0,0.0,2600.0,0.0,1000.0,1
T069,2025-03-27,10,transmission,unavail_tx_import_mw,True,2600.0,2600.0,0.0,2600.0,0.0,1000.0,1
T069,2025-03-27,11,transmission,unavail_tx_import_mw,True,2600.0,2600.0,0.0,2600.0,0.0,1000.0,1
T069,2025-03-27,12,transmission,unavail_tx_import_mw,True,2600.0,2600.0,0.0,2600.0,0.0,1000.0,1
T069,2025-03-27,13,transmission,unavail_tx_import_mw,True,2600.0,2600.0,0.0,2600.0,0.0,1000.0,1
T069,2025-03-27,14,transmission,unavail_tx_import_mw,True,2600.0,2600.0,0.0,2600.0,0.0,1000.0,1
T069,2025-03-27,15,transmission,unavail_tx_import_mw,True,2600.0,2600.0,0.0,2600.0,0.0,1000.0,1
T069,2025-03-27,16,transmission,unavail_tx_import_mw,True,2600.0,2600.0,0.0,2600.0,0.0,1000.0,1
T069,2025-03-27,17,transmission,unavail_tx_import_mw,True,2600.0,2600.0,0.0,2600.0,0.0,1000.0,1
T069,2025-03-27,18,transmission,unavail_tx_import_mw,True,2600.0,2600.0,0.0,2600.0,0.0,1000.0,1
T069,2025-03-27,19,transmission,unavail_tx_import_mw,True,2600.0,2600.0,0.0,2600.0,0.0,1000.0,1
T069,2025-03-27,20,transmission,unavail_tx_import_mw,True,2600.0,2600.0,0.0,2600.0,0.0,1000.0,1
T069,2025-03-27,21,transmission,unavail_tx_import_mw,True,2600.0,2600.0,0.0,2600.0,0.0,1000.0,1
T069,2025-03-27,22,transmission,unavail_tx_import_mw,True,2600.0,2600.0,0.0,2600.0,0.0,1000.0,1
T069,2025-03-27,23,transmission,unavail_tx_import_mw,True,2600.0,2600.0,0.0,2600.0,0.0,1000.0,1
T069,2025-03-28,0,transmission,unavail_tx_import_mw,True,2600.0,2600.0,,,0.0,1000.0,0
T069,2025-03-28,1,transmission,unavail_tx_import_mw,True,2600.0,2600.0,,,0.0,1000.0,0
T069,2025-03-28,2,transmission,unavail_tx_import_mw,True,2600.0,2600.0,,,0.0,1000.0,0
T069,2025-03-28,3,transmission,unavail_tx_import_mw,True,2600.0,2600.0,,,0.0,1000.0,0
T069,2025-03-28,4,transmission,unavail_tx_import_mw,True,2600.0,2600.0,,,0.0,1000.0,0
T069,2025-03-28,5,transmission,unavail_tx_import_mw,True,2600.0,2600.0,,,0.0,1000.0,0
T069,2025-03-28,6,transmission,unavail_tx_import_mw,True,2600.0,2600.0,,,0.0,1000.0,0
T069,2025-03-28,7,transmission,unavail_tx_import_mw,True,2600.0,2600.0,,,0.0,1000.0,0
T069,2025-03-28,8,transmission,unavail_tx_import_mw,True,2600.0,2600.0,,,0.0,1000.0,0
T069,2025-03-28,9,transmission,unavail_tx_import_mw,True,2600.0,2600.0,,,0.0,1000.0,0
T069,2025-03-28,10,transmission,unavail_tx_import_mw,True,2600.0,2600.0,,,0.0,1000.0,0
T069,2025-03-28,11,transmission,unavail_tx_import_mw,True,2600.0,2600.0,,,0.0,1000.0,0
T069,2025-03-28,12,transmission,unavail_tx_import_mw,True,2600.0,2600.0,,,0.0,1000.0,0
T069,2025-03-28,13,transmission,unavail_tx_import_mw,True,2600.0,2600.0,,,0.0,1000.0,0
T069,2025-03-28,14,transmission,unavail_tx_import_mw,True,2600.0,2600.0,,,0.0,1000.0,0
T069,2025-03-28,15,transmission,unavail_tx_import_mw,True,2600.0,2600.0,,,0.0,1000.0,0
T069,2025-03-28,16,transmission,unavail_tx_import_mw,True,2600.0,2600.0,,,0.0,1000.0,0
T069,2025-03-28,17,transmission,unavail_tx_import_mw,True,2600.0,2300.0,,,-300.0,1000.0,0
T069,2025-03-28,18,transmission,unavail_tx_import_mw,True,2600.0,2300.0,,,-300.0,1000.0,0
T069,2025-03-28,19,transmission,unavail_tx_import_mw,True,2600.0,2300.0,,,-300.0,1000.0,0
T069,2025-03-28,20,transmission,unavail_tx_import_mw,True,2600.0,2300.0,,,-300.0,1000.0,0
T069,2025-03-28,21,transmission,unavail_tx_import_mw,True,2600.0,2300.0,,,-300.0,1000.0,0
T069,2025-03-28,22,transmission,unavail_tx_import_mw,True,2600.0,2300.0,,,-300.0,1000.0,0
T069,2025-03-28,23,transmission,unavail_tx_import_mw,True,2600.0,2300.0,,,-300.0,1000.0,0
T069,2025-03-29,0,transmission,unavail_tx_import_mw,True,2600.0,2300.0,,,-300.0,1000.0,0
T069,2025-03-29,1,transmission,unavail_tx_import_mw,True,2600.0,2300.0,,,-300.0,1000.0,0
T069,2025-03-29,2,transmission,unavail_tx_import_mw,True,2600.0,2300.0,,,-300.0,1000.0,0
T069,2025-03-29,3,transmission,unavail_tx_import_mw,True,2600.0,2300.0,,,-300.0,1000.0,0
T069,2025-03-29,4,transmission,unavail_tx_import_mw,True,2600.0,2300.0,,,-300.0,1000.0,0
T069,2025-03-29,5,transmission,unavail_tx_import_mw,True,2600.0,2300.0,,,-300.0,1000.0,0
T069,2025-03-29,6,transmission,unavail_tx_import_mw,True,2600.0,2300.0,,,-300.0,1000.0,0
T069,2025-03-29,7,transmission,unavail_tx_import_mw,True,2600.0,2300.0,,,-300.0,1000.0,0
T069,2025-03-29,8,transmission,unavail_tx_import_mw,True,2600.0,2300.0,,,-300.0,1000.0,0
T069,2025-03-29,9,transmission,unavail_tx_import_mw,True,2600.0,2300.0,,,-300.0,1000.0,0
T069,2025-03-29,10,transmission,unavail_tx_import_mw,True,2600.0,2300.0,,,-300.0,1000.0,0
T069,2025-03-29,11,transmission,unavail_tx_import_mw,True,2600.0,2300.0,,,-300.0,1000.0,0
T069,2025-03-29,12,transmission,unavail_tx_import_mw,True,2600.0,2300.0,,,-300.0,1000.0,0
T069,2025-03-29,13,transmission,unavail_tx_import_mw,True,2600.0,2300.0,,,-300.0,1000.0,0
T069,2025-03-29,14,transmission,unavail_tx_import_mw,True,2600.0,2300.0,,,-300.0,1000.0,0
T069,2025-03-29,15,transmission,unavail_tx_import_mw,True,2600.0,2300.0,,,-300.0,1000.0,0
T069,2025-03-29,16,transmission,unavail_tx_import_mw,True,2600.0,2300.0,,,-300.0,1000.0,0
T069,2025-03-29,17,transmission,unavail_tx_import_mw,True,2600.0,2300.0,,,-300.0,1000.0,0
T069,2025-03-29,18,transmission,unavail_tx_import_mw,True,2600.0,2300.0,,,-300.0,1000.0,0
T069,2025-03-29,19,transmission,unavail_tx_import_mw,True,2600.0,2300.0,,,-300.0,1000.0,0
T069,2025-03-29,20,transmission,unavail_tx_import_mw,True,2600.0,2300.0,,,-300.0,1000.0,0
T069,2025-03-29,21,transmission,unavail_tx_import_mw,True,2600.0,2300.0,,,-300.0,1000.0,0
T069,2025-03-29,22,transmission,unavail_tx_import_mw,True,2600.0,2300.0,,,-300.0,1000.0,0
T069,2025-03-29,23,transmission,unavail_tx_import_mw,True,2600.0,2300.0,,,-300.0,1000.0,0
T069,2025-03-30,0,transmission,unavail_tx_import_mw,True,2300.0,2300.0,,,0.0,1000.0,0
T069,2025-03-30,1,transmission,unavail_tx_import_mw,True,2300.0,2300.0,,,0.0,1000.0,0
T069,2025-03-30,2,transmission,unavail_tx_import_mw,False,2300.0,,,,,1000.0,0
T069,2025-03-30,3,transmission,unavail_tx_import_mw,True,2300.0,2300.0,,,0.0,1000.0,0
T069,2025-03-30,4,transmission,unavail_tx_import_mw,True,2300.0,2300.0,,,0.0,1000.0,0
T069,2025-03-30,5,transmission,unavail_tx_import_mw,True,2300.0,2300.0,,,0.0,1000.0,0
T069,2025-03-30,6,transmission,unavail_tx_import_mw,True,2300.0,2300.0,,,0.0,1000.0,0
T069,2025-03-30,7,transmission,unavail_tx_import_mw,True,2300.0,2300.0,,,0.0,1000.0,0
T069,2025-03-30,8,transmission,unavail_tx_import_mw,True,2300.0,2300.0,,,0.0,1000.0,0
T069,2025-03-30,9,transmission,unavail_tx_import_mw,True,2300.0,2300.0,,,0.0,1000.0,0
T069,2025-03-30,10,transmission,unavail_tx_import_mw,True,2300.0,2300.0,,,0.0,1000.0,0
T069,2025-03-30,11,transmission,unavail_tx_import_mw,True,2300.0,2300.0,,,0.0,1000.0,0
T069,2025-03-30,12,transmission,unavail_tx_import_mw,True,2300.0,2300.0,,,0.0,1000.0,0
T069,2025-03-30,13,transmission,unavail_tx_import_mw,True,2300.0,2300.0,,,0.0,1000.0,0
T069,2025-03-30,14,transmission,unavail_tx_import_mw,True,2300.0,2300.0,,,0.0,1000.0,0
T069,2025-03-30,15,transmission,unavail_tx_import_mw,True,2300.0,2300.0,,,0.0,1000.0,0
T069,2025-03-30,16,transmission,unavail_tx_import_mw,True,2300.0,2300.0,,,0.0,1000.0,0
T069,2025-03-30,17,transmission,unavail_tx_import_mw,True,2300.0,2300.0,,,0.0,1000.0,0
T069,2025-03-30,18,transmission,unavail_tx_import_mw,True,2300.0,2300.0,,,0.0,1000.0,0
T069,2025-03-30,19,transmission,unavail_tx_import_mw,True,2300.0,2300.0,,,0.0,1000.0,0
T069,2025-03-30,20,transmission,unavail_tx_import_mw,True,2300.0,2300.0,,,0.0,1000.0,0
T069,2025-03-30,21,transmission,unavail_tx_import_mw,True,2300.0,2300.0,,,0.0,1000.0,0
T069,2025-03-30,22,transmission,unavail_tx_import_mw,True,2300.0,2300.0,,,0.0,1000.0,0
T069,2025-03-30,23,transmission,unavail_tx_import_mw,True,2300.0,2300.0,,,0.0,1000.0,0
T069,2025-03-31,0,transmission,unavail_tx_import_mw,True,2300.0,2300.0,,,0.0,1000.0,0
T069,2025-03-31,1,transmission,unavail_tx_import_mw,True,2300.0,2300.0,,,0.0,1000.0,0
T069,2025-03-31,2,transmission,unavail_tx_import_mw,True,2300.0,2300.0,,,0.0,1000.0,0
T069,2025-03-31,3,transmission,unavail_tx_import_mw,True,2300.0,2300.0,,,0.0,1000.0,0
T069,2025-03-31,4,transmission,unavail_tx_import_mw,True,2300.0,2300.0,,,0.0,1000.0,0
T069,2025-03-31,5,transmission,unavail_tx_import_mw,True,2300.0,2300.0,,,0.0,1000.0,0
T069,2025-03-31,6,transmission,unavail_tx_import_mw,True,2300.0,2300.0,,,0.0,1000.0,0
T069,2025-03-31,7,transmission,unavail_tx_import_mw,True,2300.0,2300.0,,,0.0,1000.0,0
T069,2025-03-31,8,transmission,unavail_tx_import_mw,True,2300.0,2300.0,,,0.0,1000.0,0
T069,2025-03-31,9,transmission,unavail_tx_import_mw,True,2300.0,2300.0,,,0.0,1000.0,0
T069,2025-03-31,10,transmission,unavail_tx_import_mw,True,2300.0,2300.0,,,0.0,1000.0,0
T069,2025-03-31,11,transmission,unavail_tx_import_mw,True,2300.0,2300.0,,,0.0,1000.0,0
T069,2025-03-31,12,transmission,unavail_tx_import_mw,True,2300.0,2800.0,,,500.0,1000.0,0
T069,2025-03-31,13,transmission,unavail_tx_import_mw,True,2300.0,2800.0,,,500.0,1000.0,0
T069,2025-03-31,14,transmission,unavail_tx_import_mw,True,2300.0,2800.0,,,500.0,1000.0,0
T069,2025-03-31,15,transmission,unavail_tx_import_mw,True,2300.0,2800.0,,,500.0,1000.0,0
T069,2025-03-31,16,transmission,unavail_tx_import_mw,True,2300.0,2800.0,,,500.0,1000.0,0
T069,2025-03-31,17,transmission,unavail_tx_import_mw,True,2300.0,2800.0,,,500.0,1000.0,0
T069,2025-03-31,18,transmission,unavail_tx_import_mw,True,2300.0,2800.0,,,500.0,1000.0,0
T069,2025-03-31,19,transmission,unavail_tx_import_mw,True,2300.0,2800.0,,,500.0,1000.0,0
T069,2025-03-31,20,transmission,unavail_tx_import_mw,True,2300.0,2800.0,,,500.0,1000.0,0
T069,2025-03-31,21,transmission,unavail_tx_import_mw,True,2300.0,2800.0,,,500.0,1000.0,0
T069,2025-03-31,22,transmission,unavail_tx_import_mw,True,2300.0,2800.0,,,500.0,1000.0,0
T069,2025-03-31,23,transmission,unavail_tx_import_mw,True,2300.0,2800.0,,,500.0,1000.0,0
