event_id,kind,driver,reduction_mw,event_start_utc,event_end_utc,event_start_local,event_end_local,day,hour,hour_start_local,hour_end_local,affected_by_realised_event,event_overlap_hours,actual_price,stored_s3_baseline_price,recomputed_baseline_price,oracle_price,baseline_driver_persistence,oracle_driver_realised,oracle_minus_baseline_driver,oracle_minus_baseline_price,sensitivity_delta_mw,sensitivity_operational_price_change_per_100mw,oracle_driver_differs_from_persistence
G018,generation,avail_gen_mw,1063.0,2022-01-06T20:28:00+00:00,2022-01-11T06:33:00+00:00,2022-01-06T21:28:00+01:00,2022-01-11T07:33:00+01:00,2022-01-06,0,2022-01-06T00:00:00+01:00,2022-01-06T01:00:00+01:00,False,0.0,,,37.92499923706055,37.92499923706055,9486.0,9486.0,0.0,0.0,100.0,0.0,False
G018,generation,avail_gen_mw,1063.0,2022-01-06T20:28:00+00:00,2022-01-11T06:33:00+00:00,2022-01-06T21:28:00+01:00,2022-01-11T07:33:00+01:00,2022-01-06,1,2022-01-06T01:00:00+01:00,2022-01-06T02:00:00+01:00,False,0.0,,,35.3650016784668,35.3650016784668,9486.0,9486.0,0.0,0.0,100.0,0.0,False
G018,generation,avail_gen_mw,1063.0,2022-01-06T20:28:00+00:00,2022-01-11T06:33:00+00:00,2022-01-06T21:28:00+01:00,2022-01-11T07:33:00+01:00,2022-01-06,2,2022-01-06T02:00:00+01:00,2022-01-06T03:00:00+01:00,False,0.0,,,34.7400016784668,34.7400016784668,9486.0,9486.0,0.0,0.0,100.0,0.0,False
G018,generation,avail_gen_mw,1063.0,2022-01-06T20:28:00+00:00,2022-01-11T06:33:00+00:00,2022-01-06T21:28:00+01:00,2022-01-11T07:33:00+01:00,2022-01-06,3,2022-01-06T03:00:00+01:00,2022-01-06T04:00:00+01:00,False,0.0,,,34.33000183105469,34.33000183105469,9486.0,9486.0,0.0,0.0,100.0,0.0,False
G018,generation,avail_gen_mw,1063.0,2022-01-06T20:28:00+00:00,2022-01-11T06:33:00+00:00,2022-01-06T21:28:00+01:00,2022-01-11T07:33:00+01:00,2022-01-06,4,2022-01-06T04:00:00+01:00,2022-01-06T05:00:00+01:00,False,0.0,,,36.869998931884766,36.869998931884766,9486.0,9486.0,0.0,0.0,100.0,0.0,False
G018,generation,avail_gen_mw,1063.0,2022-01-06T20:28:00+00:00,2022-01-11T06:33:00+00:00,2022-01-06T21:28:00+01:00,2022-01-11T07:33:00+01:00,2022-01-06,5,2022-01-06T05:00:00+01:00,2022-01-06T06:00:00+01:00,False,0.0,,,40.68000030517578,40.68000030517578,9486.0,9486.0,0.0,0.0,100.0,0.0,False
G018,generation,avail_gen_mw,1063.0,2022-01-06T20:28:00+00:00,2022-01-11T06:33:00+00:00,2022-01-06T21:28:00+01:00,2022-01-11T07:33:00+01:00,2022-01-06,6,2022-01-06T06:00:00+01:00,2022-01-06T07:00:00+01:00,False,0.0,,,49.01499938964844,49.01499938964844,9486.0,9486.0,0.0,0.0,100.0,0.0,False
G018,generation,avail_gen_mw,1063.0,2022-01-06T20:28:00+00:00,2022-01-11T06:33:00+00:00,2022-01-06T21:28:00+01:00,2022-01-11T07:33:00+01:00,2022-01-06,7,2022-01-06T07:00:00+01:00,2022-01-06T08:00:00+01:00,False,0.0,,,59.56999969482422,59.56999969482422,9486.0,9486.0,0.0,0.0,100.0,0.0,False
G018,generation,avail_gen_mw,1063.0,2022-01-06T20:28:00+00:00,2022-01-11T06:33:00+00:00,2022-01-06T21:28:00+01:00,2022-01-11T07:33:00+01:00,2022-01-06,8,2022-01-06T08:00:00+01:00,2022-01-06T09:00:00+01:00,False,0.0,,,65.66500091552734,65.66500091552734,9486.0,8716.0,-770.0,0.0,100.0,0.0,True
G018,generation,avail_gen_mw,1063.0,2022-01-06T20:28:00+00:00,2022-01-11T06:33:00+00:00,2022-01-06T21:28:00+01:00,2022-01-11T07:33:00+01:00,2022-01-06,9,2022-01-06T09:00:00+01:00,2022-01-06T10:00:00+01:00,False,0.0,,,64.41999816894531,64.41999816894531,9486.0,8716.0,-770.0,0.0,100.0,0.0,True
G018,generation,avail_gen_mw,1063.0,2022-01-06T20:28:00+00:00,2022-01-11T06:33:00+00:00,2022-01-06T21:28:00+01:00,2022-01-11T07:33:00+01:00,2022-01-06,10,2022-01-06T10:00:00+01:00,2022-01-06T11:00:00+01:00,False,0.0,,,62.02000045776367,62.02000045776367,9486.0,8716.0,-770.0,0.0,100.0,0.0,True
G018,generation,avail_gen_mw,1063.0,2022-01-06T20:28:00+00:00,2022-01-11T06:33:00+00:00,2022-01-06T21:28:00+01:00,2022-01-11T07:33:00+01:00,2022-01-06,11,2022-01-06T11:00:00+01:00,2022-01-06T12:00:00+01:00,False,0.0,,,60.06999969482422,60.06999969482422,9486.0,8716.0,-770.0,0.0,100.0,0.0,True
G018,generation,avail_gen_mw,1063.0,2022-01-06T20:28:00+00:00,2022-01-11T06:33:00+00:00,2022-01-06T21:28:00+01:00,2022-01-11T07:33:00+01:00,2022-01-06,12,2022-01-06T12:00:00+01:00,2022-01-06T13:00:00+01:00,False,0.0,,,58.54499816894531,58.54499816894531,9486.0,8716.0,-770.0,0.0,100.0,0.0,True
G018,generation,avail_gen_mw,1063.0,2022-01-06T20:28:00+00:00,2022-01-11T06:33:00+00:00,2022-01-06T21:28:00+01:00,2022-01-11T07:33:00+01:00,2022-01-06,13,2022-01-06T13:00:00+01:00,2022-01-06T14:00:00+01:00,False,0.0,,,56.47999954223633,56.47999954223633,9486.0,8716.0,-770.0,0.0,100.0,0.0,True
G018,generation,avail_gen_mw,1063.0,2022-01-06T20:28:00+00:00,2022-01-11T06:33:00+00:00,2022-01-06T21:28:00+01:00,2022-01-11T07:33:00+01:00,2022-01-06,14,2022-01-06T14:00:00+01:00,2022-01-06T15:00:00+01:00,False,0.0,,,54.1150016784668,54.1150016784668,9486.0,8716.0,-770.0,0.0,100.0,0.0,True
G018,generation,avail_gen_mw,1063.0,2022-01-06T20:28:00+00:00,2022-01-11T06:33:00+00:00,2022-01-06T21:28:00+01:00,2022-01-11T07:33:00+01:00,2022-01-06,15,2022-01-06T15:00:00+01:00,2022-01-06T16:00:00+01:00,False,0.0,,,55.20500183105469,55.20500183105469,9486.0,8716.0,-770.0,0.0,100.0,0.0,True
G018,generation,avail_gen_mw,1063.0,2022-01-06T20:28:00+00:00,2022-01-11T06:33:00+00:00,2022-01-06T21:28:00+01:00,2022-01-11T07:33:00+01:00,2022-01-06,16,2022-01-06T16:00:00+01:00,2022-01-06T17:00:00+01:00,False,0.0,,,57.32500076293945,57.32500076293945,9486.0,9486.0,0.0,0.0,100.0,0.0,False
G018,generation,avail_gen_mw,1063.0,2022-01-06T20:28:00+00:00,2022-01-11T06:33:00+00:00,2022-01-06T21:28:00+01:00,2022-01-11T07:33:00+01:00,2022-01-06,17,2022-01-06T17:00:00+01:00,2022-01-06T18:00:00+01:00,False,0.0,,,62.32500076293945,62.32500076293945,9486.0,9486.0,0.0,0.0,100.0,0.0,False
G018,generation,avail_gen_mw,1063.0,2022-01-06T20:28:00+00:00,2022-01-11T06:33:00+00:00,2022-01-06T21:28:00+01:00,2022-01-11T07:33:00+01:00,2022-01-06,18,2022-01-06T18:00:00+01:00,2022-01-06T19:00:00+01:00,False,0.0,,,65.0999984741211,65.0999984741211,9486.0,9486.0,0.0,0.0,100.0,0.0,False
G018,generation,avail_gen_mw,1063.0,2022-01-06T20:28:00+00:00,2022-01-11T06:33:00+00:00,2022-01-06T21:28:00+01:00,2022-01-11T07:33:00+01:00,2022-01-06,19,2022-01-06T19:00:00+01:00,2022-01-06T20:00:00+01:00,False,0.0,,,60.084999084472656,60.084999084472656,9486.0,9486.0,0.0,0.0,100.0,0.0,False
G018,generation,avail_gen_mw,1063.0,2022-01-06T20:28:00+00:00,2022-01-11T06:33:00+00:00,2022-01-06T21:28:00+01:00,2022-01-11T07:33:00+01:00,2022-01-06,20,2022-01-06T20:00:00+01:00,2022-01-06T21:00:00+01:00,False,0.0,,,55.4900016784668,55.4900016784668,9486.0,9486.0,0.0,0.0,100.0,0.0,False
G018,generation,avail_gen_mw,1063.0,2022-01-06T20:28:00+00:00,2022-01-11T06:33:00+00:00,2022-01-06T21:28:00+01:00,2022-01-11T07:33:00+01:00,2022-01-06,21,2022-01-06T21:00:00+01:00,2022-01-06T22:00:00+01:00,True,0.5333333333333333,,,52.564998626708984,52.564998626708984,9486.0,9486.0,0.0,0.0,100.0,0.0,False
G018,generation,avail_gen_mw,1063.0,2022-01-06T20:28:00+00:00,2022-01-11T06:33:00+00:00,2022-01-06T21:28:00+01:00,2022-01-11T07:33:00+01:00,2022-01-06,22,2022-01-06T22:00:00+01:00,2022-01-06T23:00:00+01:00,True,1.0,,,48.09000015258789,48.09000015258789,9486.0,8423.0,-1063.0,0.0,100.0,0.0,True
G018,generation,avail_gen_mw,1063.0,2022-01-06T20:28:00+00:00,2022-01-11T06:33:00+00:00,2022-01-06T21:28:00+01:00,2022-01-11T07:33:00+01:00,2022-01-06,23,2022-01-06T23:00:00+01:00,2022-01-07T00:00:00+01:00,True,1.0,,,39.790000915527344,39.790000915527344,9486.0,8423.0,-1063.0,0.0,100.0,0.0,True
G018,generation,avail_gen_mw,1063.0,2022-01-06T20:28:00+00:00,2022-01-11T06:33:00+00:00,2022-01-06T21:28:00+01:00,2022-01-11T07:33:00+01:00,2022-01-07,0,2022-01-07T00:00:00+01:00,2022-01-07T01:00:00+01:00,True,1.0,,,37.97999954223633,37.97999954223633,8716.0,8423.0,-293.0,0.0,100.0,0.0,True
G018,generation,avail_gen_mw,1063.0,2022-01-06T20:28:00+00:00,2022-01-11T06:33:00+00:00,2022-01-06T21:28:00+01:00,2022-01-11T07:33:00+01:00,2022-01-07,1,2022-01-07T01:00:00+01:00,2022-01-07T02:00:00+01:00,True,1.0,,,35.400001525878906,35.400001525878906,8716.0,8423.0,-293.0,0.0,100.0,0.0,True
G018,generation,avail_gen_mw,1063.0,2022-01-06T20:28:00+00:00,2022-01-11T06:33:00+00:00,2022-01-06T21:28:00+01:00,2022-01-11T07:33:00+01:00,2022-01-07,2,2022-01-07T02:00:00+01:00,2022-01-07T03:00:00+01:00,True,1.0,,,34.79999923706055,34.79999923706055,8716.0,8423.0,-293.0,0.0,100.0,0.0,True
G018,generation,avail_gen_mw,1063.0,2022-01-06T20:28:00+00:00,2022-01-11T06:33:00+00:00,2022-01-06T21:28:00+01:00,2022-01-11T07:33:00+01:00,2022-01-07,3,2022-01-07T03:00:00+01:00,2022-01-07T04:00:00+01:00,True,1.0,,,34.560001373291016,34.560001373291016,8716.0,8423.0,-293.0,0.0,100.0,0.0,True
G018,generation,avail_gen_mw,1063.0,2022-01-06T20:28:00+00:00,2022-01-11T06:33:00+00:00,2022-01-06T21:28:00+01:00,2022-01-11T07:33:00+01:00,2022-01-07,4,2022-01-07T04:00:00+01:00,2022-01-07T05:00:00+01:00,True,1.0,,,36.970001220703125,36.970001220703125,8716.0,8423.0,-293.0,0.0,100.0,0.0,True
G018,generation,avail_gen_mw,1063.0,2022-01-06T20:28:00+00:00,2022-01-11T06:33:00+00:00,2022-01-06T21:28:00+01:00,2022-01-11T07:33:00+01:00,2022-01-07,5,2022-01-07T05:00:00+01:00,2022-01-07T06:00:00+01:00,True,1.0,,,40.689998626708984,40.689998626708984,8716.0,8423.0,-293.0,0.0,100.0,0.0,True
G018,generation,avail_gen_mw,1063.0,2022-01-06T20:28:00+00:00,2022-01-11T06:33:00+00:00,2022-01-06T21:28:00+01:00,2022-01-11T07:33:00+01:00,2022-01-07,6,2022-01-07T06:00:00+01:00,2022-01-07T07:00:00+01:00,True,1.0,,,49.04999923706055,49.04999923706055,8716.0,8423.0,-293.0,0.0,100.0,0.0,True
G018,generation,avail_gen_mw,1063.0,2022-01-06T20:28:00+00:00,2022-01-11T06:33:00+00:00,2022-01-06T21:28:00+01:00,2022-01-11T07:33:00+01:00,2022-01-07,7,2022-01-07T07:00:00+01:00,2022-01-07T08:00:00+01:00,True,1.0,,,59.56999969482422,59.56999969482422,8716.0,8423.0,-293.0,0.0,100.0,0.0,True
G018,generation,avail_gen_mw,1063.0,2022-01-06T20:28:00+00:00,2022-01-11T06:33:00+00:00,2022-01-06T21:28:00+01:00,2022-01-11T07:33:00+01:00,2022-01-07,8,2022-01-07T08:00:00+01:00,2022-01-07T09:00:00+01:00,True,1.0,,,65.70999908447266,65.70999908447266,8716.0,8423.0,-293.0,0.0,100.0,0.0,True
G018,generation,avail_gen_mw,1063.0,2022-01-06T20:28:00+00:00,2022-01-11T06:33:00+00:00,2022-01-06T21:28:00+01:00,2022-01-11T07:33:00+01:00,2022-01-07,9,2022-01-07T09:00:00+01:00,2022-01-07T10:00:00+01:00,True,1.0,,,64.54000091552734,64.54000091552734,8716.0,8423.0,-293.0,0.0,100.0,0.0,True
G018,generation,avail_gen_mw,1063.0,2022-01-06T20:28:00+00:00,2022-01-11T06:33:00+00:00,2022-01-06T21:28:00+01:00,2022-01-11T07:33:00+01:00,2022-01-07,10,2022-01-07T10:00:00+01:00,2022-01-07T11:00:00+01:00,True,1.0,,,62.040000915527344,62.040000915527344,8716.0,8423.0,-293.0,0.0,100.0,0.0,True
G018,generation,avail_gen_mw,1063.0,2022-01-06T20:28:00+00:00,2022-01-11T06:33:00+00:00,2022-01-06T21:28:00+01:00,2022-01-11T07:33:00+01:00,2022-01-07,11,2022-01-07T11:00:00+01:00,2022-01-07T12:00:00+01:00,True,1.0,,,60.11000061035156,60.11000061035156,8716.0,8423.0,-293.0,0.0,100.0,0.0,True
G018,generation,avail_gen_mw,1063.0,2022-01-06T20:28:00+00:00,2022-01-11T06:33:00+00:00,2022-01-06T21:28:00+01:00,2022-01-11T07:33:00+01:00,2022-01-07,12,2022-01-07T12:00:00+01:00,2022-01-07T13:00:00+01:00,True,1.0,,,58.59000015258789,58.59000015258789,8716.0,8423.0,-293.0,0.0,100.0,0.0,True
G018,generation,avail_gen_mw,1063.0,2022-01-06T20:28:00+00:00,2022-01-11T06:33:00+00:00,2022-01-06T21:28:00+01:00,2022-01-11T07:33:00+01:00,2022-01-07,13,2022-01-07T13:00:00+01:00,2022-01-07T14:00:00+01:00,True,1.0,,,56.4900016784668,56.4900016784668,8716.0,8423.0,-293.0,0.0,100.0,0.0,True
G018,generation,avail_gen_mw,1063.0,2022-01-06T20:28:00+00:00,2022-01-11T06:33:00+00:00,2022-01-06T21:28:00+01:00,2022-01-11T07:33:00+01:00,2022-01-07,14,2022-01-07T14:00:00+01:00,2022-01-07T15:00:00+01:00,True,1.0,,,54.18000030517578,54.18000030517578,8716.0,8423.0,-293.0,0.0,100.0,0.0,True
G018,generation,avail_gen_mw,1063.0,2022-01-06T20:28:00+00:00,2022-01-11T06:33:00+00:00,2022-01-06T21:28:00+01:00,2022-01-11T07:33:00+01:00,2022-01-07,15,2022-01-07T15:00:00+01:00,2022-01-07T16:00:00+01:00,True,1.0,,,55.279998779296875,55.279998779296875,8716.0,8423.0,-293.0,0.0,100.0,0.0,True
G018,generation,avail_gen_mw,1063.0,2022-01-06T20:28:00+00:00,2022-01-11T06:33:00+00:00,2022-01-06T21:28:00+01:00,2022-01-11T07:33:00+01:00,2022-01-07,16,2022-01-07T16:00:00+01:00,2022-01-07T17:00:00+01:00,True,1.0,,,57.43000030517578,57.43000030517578,8716.0,8423.0,-293.0,0.0,100.0,0.0,True
G018,generation,avail_gen_mw,1063.0,2022-01-06T20:28:00+00:00,2022-01-11T06:33:00+00:00,2022-01-06T21:28:00+01:00,2022-01-11T07:33:00+01:00,2022-01-07,17,2022-01-07T17:00:00+01:00,2022-01-07T18:00:00+01:00,True,1.0,,,62.5,62.5,8716.0,8423.0,-293.0,0.0,100.0,0.0,True
G018,generation,avail_gen_mw,1063.0,2022-01-06T20:28:00+00:00,2022-01-11T06:33:00+00:00,2022-01-06T21:28:00+01:00,2022-01-11T07:33:00+01:00,2022-01-07,18,2022-01-07T18:00:00+01:00,2022-01-07T19:00:00+01:00,True,1.0,,,65.19999694824219,65.19999694824219,8716.0,8423.0,-293.0,0.0,100.0,0.0,True
G018,generation,avail_gen_mw,1063.0,2022-01-06T20:28:00+00:00,2022-01-11T06:33:00+00:00,2022-01-06T21:28:00+01:00,2022-01-11T07:33:00+01:00,2022-01-07,19,2022-01-07T19:00:00+01:00,2022-01-07T20:00:00+01:00,True,1.0,,,60.11000061035156,60.11000061035156,8716.0,8423.0,-293.0,0.0,100.0,0.0,True
G018,generation,avail_gen_mw,1063.0,2022-01-06T20:28:00+00:00,2022-01-11T06:33:00+00:00,2022-01-06T21:28:00+01:00,2022-01-11T07:33:00+01:00,2022-01-07,20,2022-01-07T20:00:00+01:00,2022-01-07T21:00:00+01:00,True,1.0,,,55.560001373291016,55.560001373291016,8716.0,8423.0,-293.0,0.0,100.0,0.0,True
G018,generation,avail_gen_mw,1063.0,2022-01-06T20:28:00+00:00,2022-01-11T06:33:00+00:00,2022-01-06T21:28:00+01:00,2022-01-11T07:33:00+01:00,2022-01-07,21,2022-01-07T21:00:00+01:00,2022-01-07T22:00:00+01:00,True,1.0,,,52.59000015258789,52.59000015258789,8716.0,8423.0,-293.0,0.0,100.0,0.0,True
G018,generation,avail_gen_mw,1063.0,2022-01-06T20:28:00+00:00,2022-01-11T06:33:00+00:00,2022-01-06T21:28:00+01:00,2022-01-11T07:33:00+01:00,2022-01-07,22,2022-01-07T22:00:00+01:00,2022-01-07T23:00:00+01:00,True,1.0,,,48.130001068115234,48.130001068115234,8716.0,8423.0,-293.0,0.0,100.0,0.0,True
G018,generation,avail_gen_mw,1063.0,2022-01-06T20:28:00+00:00,2022-01-11T06:33:00+00:00,2022-01-06T21:28:00+01:00,2022-01-11T07:33:00+01:00,2022-01-07,23,2022-01-07T23:00:00+01:00,2022-01-08T00:00:00+01:00,True,1.0,,,39.95000076293945,39.95000076293945,8716.0,8423.0,-293.0,0.0,100.0,0.0,True
G053,generation,avail_gen_mw,1063.0,2023-10-19T12:45:00+00:00,2023-10-21T06:00:00+00:00,2023-10-19T14:45:00+02:00,2023-10-21T08:00:00+02:00,2023-10-19,0,2023-10-19T00:00:00+02:00,2023-10-19T01:00:00+02:00,False,0.0,4.04,12.17756308230587,12.177563082305866,12.177563082305866,8468.0,8468.0,0.0,0.0,100.0,-0.12459445646537404,False
G053,generation,avail_gen_mw,1063.0,2023-10-19T12:45:00+00:00,2023-10-21T06:00:00+00:00,2023-10-19T14:45:00+02:00,2023-10-21T08:00:00+02:00,2023-10-19,1,2023-10-19T01:00:00+02:00,2023-10-19T02:00:00+02:00,False,0.0,2.91,9.366338279063116,9.366338279063118,9.366338279063118,8468.0,8468.0,0.0,0.0,100.0,0.0,False
G053,generation,avail_gen_mw,1063.0,2023-10-19T12:45:00+00:00,2023-10-21T06:00:00+00:00,2023-10-19T14:45:00+02:00,2023-10-21T08:00:00+02:00,2023-10-19,2,2023-10-19T02:00:00+02:00,2023-10-19T03:00:00+02:00,False,0.0,2.46,7.234160117524379,7.234160117524375,6.13682976718048,8468.0,8468.0,0.0,-1.0973303503438956,100.0,-0.11198416615457063,False
G053,generation,avail_gen_mw,1063.0,2023-10-19T12:45:00+00:00,2023-10-21T06:00:00+00:00,2023-10-19T14:45:00+02:00,2023-10-21T08:00:00+02:00,2023-10-19,3,2023-10-19T03:00:00+02:00,2023-10-19T04:00:00+02:00,False,0.0,1.92,4.864582870976463,4.8645828709764665,4.8645828709764665,8468.0,8468.0,0.0,0.0,100.0,0.0,False
G053,generation,avail_gen_mw,1063.0,2023-10-19T12:45:00+00:00,2023-10-21T06:00:00+00:00,2023-10-19T14:45:00+02:00,2023-10-21T08:00:00+02:00,2023-10-19,4,2023-10-19T04:00:00+02:00,2023-10-19T05:00:00+02:00,False,0.0,2.45,2.8877238576999247,2.8877238576999247,0.9332552090815405,8468.0,8468.0,0.0,-1.9544686486183842,100.0,-0.19783733272322124,False
G053,generation,avail_gen_mw,1063.0,2023-10-19T12:45:00+00:00,2023-10-21T06:00:00+00:00,2023-10-19T14:45:00+02:00,2023-10-21T08:00:00+02:00,2023-10-19,5,2023-10-19T05:00:00+02:00,2023-10-19T06:00:00+02:00,False,0.0,4.21,12.5683312925343,12.568331292534303,12.226566938366684,8468.0,8468.0,0.0,-0.3417643541676192,100.0,-0.03521479137455685,False
G053,generation,avail_gen_mw,1063.0,2023-10-19T12:45:00+00:00,2023-10-21T06:00:00+00:00,2023-10-19T14:45:00+02:00,2023-10-21T08:00:00+02:00,2023-10-19,6,2023-10-19T06:00:00+02:00,2023-10-19T07:00:00+02:00,False,0.0,8.19,27.28896916270796,27.288969162707982,27.288969162707982,8468.0,8468.0,0.0,0.0,100.0,0.0,False
G053,generation,avail_gen_mw,1063.0,2023-10-19T12:45:00+00:00,2023-10-21T06:00:00+00:00,2023-10-19T14:45:00+02:00,2023-10-21T08:00:00+02:00,2023-10-19,7,2023-10-19T07:00:00+02:00,2023-10-19T08:00:00+02:00,False,0.0,12.01,63.58918019140237,63.58918019140238,63.58918019140238,8468.0,8468.0,0.0,0.0,100.0,0.0,False
G053,generation,avail_gen_mw,1063.0,2023-10-19T12:45:00+00:00,2023-10-21T06:00:00+00:00,2023-10-19T14:45:00+02:00,2023-10-21T08:00:00+02:00,2023-10-19,8,2023-10-19T08:00:00+02:00,2023-10-19T09:00:00+02:00,False,0.0,18.98,70.75846538316799,70.75846538316799,70.75846538316799,8468.0,8468.0,0.0,0.0,100.0,0.24333928808812288,False
G053,generation,avail_gen_mw,1063.0,2023-10-19T12:45:00+00:00,2023-10-21T06:00:00+00:00,2023-10-19T14:45:00+02:00,2023-10-21T08:00:00+02:00,2023-10-19,9,2023-10-19T09:00:00+02:00,2023-10-19T10:00:00+02:00,False,0.0,18.92,55.03962867445521,55.03962867445521,55.03962867445521,8468.0,8468.0,0.0,0.0,100.0,0.0008959466745821487,False
G053,generation,avail_gen_mw,1063.0,2023-10-19T12:45:00+00:00,2023-10-21T06:00:00+00:00,2023-10-19T14:45:00+02:00,2023-10-21T08:00:00+02:00,2023-10-19,10,2023-10-19T10:00:00+02:00,2023-10-19T11:00:00+02:00,False,0.0,15.04,38.10390862796122,38.10390862796123,38.10390862796123,8468.0,8468.0,0.0,0.0,100.0,0.20136028476227352,False
G053,generation,avail_gen_mw,1063.0,2023-10-19T12:45:00+00:00,2023-10-21T06:00:00+00:00,2023-10-19T14:45:00+02:00,2023-10-21T08:00:00+02:00,2023-10-19,11,2023-10-19T11:00:00+02:00,2023-10-19T12:00:00+02:00,False,0.0,10.55,23.28224404578809,23.282244045788104,23.282244045788104,8468.0,8468.0,0.0,0.0,100.0,0.23062512147335212,False
G053,generation,avail_gen_mw,1063.0,2023-10-19T12:45:00+00:00,2023-10-21T06:00:00+00:00,2023-10-19T14:45:00+02:00,2023-10-21T08:00:00+02:00,2023-10-19,12,2023-10-19T12:00:00+02:00,2023-10-19T13:00:00+02:00,False,0.0,9.84,20.958979240314477,20.958979240314463,20.958979240314463,8468.0,8468.0,0.0,0.0,100.0,0.10698561570239207,False
G053,generation,avail_gen_mw,1063.0,2023-10-19T12:45:00+00:00,2023-10-21T06:00:00+00:00,2023-10-19T14:45:00+02:00,2023-10-21T08:00:00+02:00,2023-10-19,13,2023-10-19T13:00:00+02:00,2023-10-19T14:00:00+02:00,False,0.0,9.49,20.30583919576971,20.305839195769735,20.305839195769735,8468.0,8468.0,0.0,0.0,100.0,0.18247105400600105,False
G053,generation,avail_gen_mw,1063.0,2023-10-19T12:45:00+00:00,2023-10-21T06:00:00+00:00,2023-10-19T14:45:00+02:00,2023-10-21T08:00:00+02:00,2023-10-19,14,2023-10-19T14:00:00+02:00,2023-10-19T15:00:00+02:00,True,0.25,9.18,18.71006805111351,18.71006805111351,18.71006805111351,8468.0,8468.0,0.0,0.0,100.0,0.1792448626172387,False
G053,generation,avail_gen_mw,1063.0,2023-10-19T12:45:00+00:00,2023-10-21T06:00:00+00:00,2023-10-19T14:45:00+02:00,2023-10-21T08:00:00+02:00,2023-10-19,15,2023-10-19T15:00:00+02:00,2023-10-19T16:00:00+02:00,True,1.0,8.94,21.684739840786683,21.684739840786662,24.25636685143182,8468.0,7405.0,-1063.0,2.571627010645159,100.0,0.26863766994203786,True
G053,generation,avail_gen_mw,1063.0,2023-10-19T12:45:00+00:00,2023-10-21T06:00:00+00:00,2023-10-19T14:45:00+02:00,2023-10-21T08:00:00+02:00,2023-10-19,16,2023-10-19T16:00:00+02:00,2023-10-19T17:00:00+02:00,True,1.0,8.58,21.927589933645244,21.927589933645237,22.563614655448696,8468.0,7405.0,-1063.0,0.6360247218034587,100.0,0.06587989997196075,True
G053,generation,avail_gen_mw,1063.0,2023-10-19T12:45:00+00:00,2023-10-21T06:00:00+00:00,2023-10-19T14:45:00+02:00,2023-10-21T08:00:00+02:00,2023-10-19,17,2023-10-19T17:00:00+02:00,2023-10-19T18:00:00+02:00,True,1.0,9.09,24.962527827193085,24.962527827193085,24.962527827193085,8468.0,7405.0,-1063.0,0.0,100.0,0.0,True
G053,generation,avail_gen_mw,1063.0,2023-10-19T12:45:00+00:00,2023-10-21T06:00:00+00:00,2023-10-19T14:45:00+02:00,2023-10-21T08:00:00+02:00,2023-10-19,18,2023-10-19T18:00:00+02:00,2023-10-19T19:00:00+02:00,True,1.0,8.85,36.97462860622446,36.97462860622446,36.97462860622446,8468.0,7405.0,-1063.0,0.0,100.0,0.09196678645541567,True
G053,generation,avail_gen_mw,1063.0,2023-10-19T12:45:00+00:00,2023-10-21T06:00:00+00:00,2023-10-19T14:45:00+02:00,2023-10-21T08:00:00+02:00,2023-10-19,19,2023-10-19T19:00:00+02:00,2023-10-19T20:00:00+02:00,True,1.0,8.57,23.416765871763317,23.41676587176329,27.660264335993162,8468.0,7405.0,-1063.0,4.243498464229873,100.0,0.5902214272166049,True
G053,generation,avail_gen_mw,1063.0,2023-10-19T12:45:00+00:00,2023-10-21T06:00:00+00:00,2023-10-19T14:45:00+02:00,2023-10-21T08:00:00+02:00,2023-10-19,20,2023-10-19T20:00:00+02:00,2023-10-19T21:00:00+02:00,True,1.0,7.8,-5.1315566491541205,-5.1315566491541205,11.207057172007183,8468.0,7405.0,-1063.0,16.338613821161303,100.0,2.9998647242258016,True
G053,generation,avail_gen_mw,1063.0,2023-10-19T12:45:00+00:00,2023-10-21T06:00:00+00:00,2023-10-19T14:45:00+02:00,2023-10-21T08:00:00+02:00,2023-10-19,21,2023-10-19T21:00:00+02:00,2023-10-19T22:00:00+02:00,True,1.0,7.51,0.9839815322294,0.9839815322294001,5.433600097114294,8468.0,7405.0,-1063.0,4.449618564884894,100.0,0.8049256128632294,True
G053,generation,avail_gen_mw,1063.0,2023-10-19T12:45:00+00:00,2023-10-21T06:00:00+00:00,2023-10-19T14:45:00+02:00,2023-10-21T08:00:00+02:00,2023-10-19,22,2023-10-19T22:00:00+02:00,2023-10-19T23:00:00+02:00,True,1.0,6.05,-6.922362433724672,-6.922362433724672,-4.371298131947647,8468.0,7405.0,-1063.0,2.551064301777025,100.0,0.7531656792641854,True
G053,generation,avail_gen_mw,1063.0,2023-10-19T12:45:00+00:00,2023-10-21T06:00:00+00:00,2023-10-19T14:45:00+02:00,2023-10-21T08:00:00+02:00,2023-10-19,23,2023-10-19T23:00:00+02:00,2023-10-20T00:00:00+02:00,True,1.0,4.25,8.504805115546244,8.504805115546251,8.504805115546251,8468.0,7405.0,-1063.0,0.0,100.0,0.40869129324159914,True
G053,generation,avail_gen_mw,1063.0,2023-10-19T12:45:00+00:00,2023-10-21T06:00:00+00:00,2023-10-19T14:45:00+02:00,2023-10-21T08:00:00+02:00,2023-10-20,0,2023-10-20T00:00:00+02:00,2023-10-20T01:00:00+02:00,True,1.0,6.44,5.413565380696404,5.413565380696404,4.380699137054229,8468.0,7405.0,-1063.0,-1.0328662436421752,100.0,-0.10206631774063624,True
G053,generation,avail_gen_mw,1063.0,2023-10-19T12:45:00+00:00,2023-10-21T06:00:00+00:00,2023-10-19T14:45:00+02:00,2023-10-21T08:00:00+02:00,2023-10-20,1,2023-10-20T01:00:00+02:00,2023-10-20T02:00:00+02:00,True,1.0,6.23,2.675626657260313,2.6756266572603096,2.6756266572603096,8468.0,7405.0,-1063.0,0.0,100.0,0.0,True
G053,generation,avail_gen_mw,1063.0,2023-10-19T12:45:00+00:00,2023-10-21T06:00:00+00:00,2023-10-19T14:45:00+02:00,2023-10-21T08:00:00+02:00,2023-10-20,2,2023-10-20T02:00:00+02:00,2023-10-20T03:00:00+02:00,True,1.0,6.02,3.899462663087938,3.8994626630879345,2.9111962737467216,8468.0,7405.0,-1063.0,-0.9882663893412129,100.0,-0.11260948941594862,True
G053,generation,avail_gen_mw,1063.0,2023-10-19T12:45:00+00:00,2023-10-21T06:00:00+00:00,2023-10-19T14:45:00+02:00,2023-10-21T08:00:00+02:00,2023-10-20,3,2023-10-20T03:00:00+02:00,2023-10-20T04:00:00+02:00,True,1.0,5.67,1.7317478311557544,1.7317478311557402,1.7317478311557402,8468.0,7405.0,-1063.0,0.0,100.0,0.0,True
G053,generation,avail_gen_mw,1063.0,2023-10-19T12:45:00+00:00,2023-10-21T06:00:00+00:00,2023-10-19T14:45:00+02:00,2023-10-21T08:00:00+02:00,2023-10-20,4,2023-10-20T04:00:00+02:00,2023-10-20T05:00:00+02:00,True,1.0,5.41,2.173364306549626,2.1733643065496366,2.1733643065496366,8468.0,7405.0,-1063.0,0.0,100.0,0.0,True
G053,generation,avail_gen_mw,1063.0,2023-10-19T12:45:00+00:00,2023-10-21T06:00:00+00:00,2023-10-19T14:45:00+02:00,2023-10-21T08:00:00+02:00,2023-10-20,5,2023-10-20T05:00:00+02:00,2023-10-20T06:00:00+02:00,True,1.0,8.4,3.1954161860870443,3.195416186087048,2.6897819753497885,8468.0,7405.0,-1063.0,-0.5056342107372593,100.0,-0.058017209260075475,True
G053,generation,avail_gen_mw,1063.0,2023-10-19T12:45:00+00:00,2023-10-21T06:00:00+00:00,2023-10-19T14:45:00+02:00,2023-10-21T08:00:00+02:00,2023-10-20,6,2023-10-20T06:00:00+02:00,2023-10-20T07:00:00+02:00,True,1.0,9.98,20.4575762482217,20.4575762482217,20.4575762482217,8468.0,7405.0,-1063.0,0.0,100.0,0.0,True
G053,generation,avail_gen_mw,1063.0,2023-10-19T12:45:00+00:00,2023-10-21T06:00:00+00:00,2023-10-19T14:45:00+02:00,2023-10-21T08:00:00+02:00,2023-10-20,7,2023-10-20T07:00:00+02:00,2023-10-20T08:00:00+02:00,True,1.0,18.91,37.37827112789992,37.37827112789992,37.37827112789992,8468.0,7405.0,-1063.0,0.0,100.0,0.0,True
G053,generation,avail_gen_mw,1063.0,2023-10-19T12:45:00+00:00,2023-10-21T06:00:00+00:00,2023-10-19T14:45:00+02:00,2023-10-21T08:00:00+02:00,2023-10-20,8,2023-10-20T08:00:00+02:00,2023-10-20T09:00:00+02:00,True,1.0,23.92,39.865902908867696,39.865902908867675,42.62942579525221,8468.0,7405.0,-1063.0,2.7635228863845356,100.0,0.28091365955052083,True
G053,generation,avail_gen_mw,1063.0,2023-10-19T12:45:00+00:00,2023-10-21T06:00:00+00:00,2023-10-19T14:45:00+02:00,2023-10-21T08:00:00+02:00,2023-10-20,9,2023-10-20T09:00:00+02:00,2023-10-20T10:00:00+02:00,True,1.0,18.92,37.20026617011079,37.200266170110815,37.46113506017612,8468.0,7405.0,-1063.0,0.26086889006530356,100.0,-0.009514532093625405,True
G053,generation,avail_gen_mw,1063.0,2023-10-19T12:45:00+00:00,2023-10-21T06:00:00+00:00,2023-10-19T14:45:00+02:00,2023-10-21T08:00:00+02:00,2023-10-20,10,2023-10-20T10:00:00+02:00,2023-10-20T11:00:00+02:00,True,1.0,13.88,26.045743930823853,26.045743930823868,28.17750402505873,8468.0,7405.0,-1063.0,2.1317600942348633,100.0,0.2051161851726988,True
G053,generation,avail_gen_mw,1063.0,2023-10-19T12:45:00+00:00,2023-10-21T06:00:00+00:00,2023-10-19T14:45:00+02:00,2023-10-21T08:00:00+02:00,2023-10-20,11,2023-10-20T11:00:00+02:00,2023-10-20T12:00:00+02:00,True,1.0,11.42,21.69536412494717,21.69536412494717,24.192980011374914,8468.0,7405.0,-1063.0,2.497615886427745,100.0,0.21971809894176175,True
G053,generation,avail_gen_mw,1063.0,2023-10-19T12:45:00+00:00,2023-10-21T06:00:00+00:00,2023-10-19T14:45:00+02:00,2023-10-21T08:00:00+02:00,2023-10-20,12,2023-10-20T12:00:00+02:00,2023-10-20T13:00:00+02:00,True,1.0,10.29,12.338218828189987,12.338218828189987,13.451208530435316,8468.0,7405.0,-1063.0,1.1129897022453292,100.0,0.1126712136882091,True
G053,generation,avail_gen_mw,1063.0,2023-10-19T12:45:00+00:00,2023-10-21T06:00:00+00:00,2023-10-19T14:45:00+02:00,2023-10-21T08:00:00+02:00,2023-10-20,13,2023-10-20T13:00:00+02:00,2023-10-20T14:00:00+02:00,True,1.0,9.93,13.535426638530303,13.53542663853031,15.4808097180819,8468.0,7405.0,-1063.0,1.9453830795515898,100.0,0.19779449655973025,True
G053,generation,avail_gen_mw,1063.0,2023-10-19T12:45:00+00:00,2023-10-21T06:00:00+00:00,2023-10-19T14:45:00+02:00,2023-10-21T08:00:00+02:00,2023-10-20,14,2023-10-20T14:00:00+02:00,2023-10-20T15:00:00+02:00,True,1.0,9.84,12.944711979548517,12.944711979548522,14.870236617965702,8468.0,7405.0,-1063.0,1.9255246384171798,100.0,0.19578945228564493,True
G053,generation,avail_gen_mw,1063.0,2023-10-19T12:45:00+00:00,2023-10-21T06:00:00+00:00,2023-10-19T14:45:00+02:00,2023-10-21T08:00:00+02:00,2023-10-20,15,2023-10-20T15:00:00+02:00,2023-10-20T16:00:00+02:00,True,1.0,9.78,10.741216494084377,10.741216494084377,12.915189240804416,8468.0,7665.0,-803.0,2.1739727467200396,100.0,0.2832934795866464,True
G053,generation,avail_gen_mw,1063.0,2023-10-19T12:45:00+00:00,2023-10-21T06:00:00+00:00,2023-10-19T14:45:00+02:00,2023-10-21T08:00:00+02:00,2023-10-20,16,2023-10-20T16:00:00+02:00,2023-10-20T17:00:00+02:00,True,1.0,9.94,7.264720084565411,7.264720084565397,7.8138141244148045,8468.0,7665.0,-803.0,0.5490940398494075,100.0,0.07104658554608534,True
G053,generation,avail_gen_mw,1063.0,2023-10-19T12:45:00+00:00,2023-10-21T06:00:00+00:00,2023-10-19T14:45:00+02:00,2023-10-21T08:00:00+02:00,2023-10-20,17,2023-10-20T17:00:00+02:00,2023-10-20T18:00:00+02:00,True,1.0,10.21,7.243319835562815,7.243319835562815,7.243319835562815,8468.0,7545.0,-923.0,0.0,100.0,0.0,True
G053,generation,avail_gen_mw,1063.0,2023-10-19T12:45:00+00:00,2023-10-21T06:00:00+00:00,2023-10-19T14:45:00+02:00,2023-10-21T08:00:00+02:00,2023-10-20,18,2023-10-20T18:00:00+02:00,2023-10-20T19:00:00+02:00,True,1.0,10.06,-3.783322616084192,-3.7833226160841633,-2.493349571038621,8468.0,7545.0,-923.0,1.2899730450455422,100.0,0.13058342556401215,True
G053,generation,avail_gen_mw,1063.0,2023-10-19T12:45:00+00:00,2023-10-21T06:00:00+00:00,2023-10-19T14:45:00+02:00,2023-10-21T08:00:00+02:00,2023-10-20,19,2023-10-20T19:00:00+02:00,2023-10-20T20:00:00+02:00,True,1.0,9.65,-9.11232236756291,-9.11232236756291,-3.094235628757133,8468.0,7545.0,-923.0,6.018086738805778,100.0,0.6737027961755615,True
G053,generation,avail_gen_mw,1063.0,2023-10-19T12:45:00+00:00,2023-10-21T06:00:00+00:00,2023-10-19T14:45:00+02:00,2023-10-21T08:00:00+02:00,2023-10-20,20,2023-10-20T20:00:00+02:00,2023-10-20T21:00:00+02:00,True,1.0,8.9,-15.478721427341227,-15.478721427341227,-2.797601137382543,8468.0,7545.0,-923.0,12.681120289958685,100.0,1.4039709710964416,True
G053,generation,avail_gen_mw,1063.0,2023-10-19T12:45:00+00:00,2023-10-21T06:00:00+00:00,2023-10-19T14:45:00+02:00,2023-10-21T08:00:00+02:00,2023-10-20,21,2023-10-20T21:00:00+02:00,2023-10-20T22:00:00+02:00,True,1.0,8.55,-24.271114200369368,-24.271114200369354,-15.296338470423976,8468.0,7545.0,-923.0,8.974775729945378,100.0,1.0239622865106952,True
G053,generation,avail_gen_mw,1063.0,2023-10-19T12:45:00+00:00,2023-10-21T06:00:00+00:00,2023-10-19T14:45:00+02:00,2023-10-21T08:00:00+02:00,2023-10-20,22,2023-10-20T22:00:00+02:00,2023-10-20T23:00:00+02:00,True,1.0,7.34,-19.68769327684494,-19.687693276844982,-11.778399483223502,8468.0,7545.0,-923.0,7.9092937936214796,100.0,0.889763302553277,True
G053,generation,avail_gen_mw,1063.0,2023-10-19T12:45:00+00:00,2023-10-21T06:00:00+00:00,2023-10-19T14:45:00+02:00,2023-10-21T08:00:00+02:00,2023-10-20,23,2023-10-20T23:00:00+02:00,2023-10-21T00:00:00+02:00,True,1.0,5.98,-8.285449715377531,-8.285449715377545,-2.860005506974332,8468.0,7545.0,-923.0,5.4254442084032135,100.0,0.5876227164701291,True
G053,generation,avail_gen_mw,1063.0,2023-10-19T12:45:00+00:00,2023-10-21T06:00:00+00:00,2023-10-19T14:45:00+02:00,2023-10-21T08:00:00+02:00,2023-10-21,0,2023-10-21T00:00:00+02:00,2023-10-21T01:00:00+02:00,True,1.0,7.26,6.855102457344017,6.8551024573440245,7.929273231049699,7405.0,7545.0,140.0,1.0741707737056743,100.0,-0.06657346305274103,True
G053,generation,avail_gen_mw,1063.0,2023-10-19T12:45:00+00:00,2023-10-21T06:00:00+00:00,2023-10-19T14:45:00+02:00,2023-10-21T08:00:00+02:00,2023-10-21,1,2023-10-21T01:00:00+02:00,2023-10-21T02:00:00+02:00,True,1.0,6.34,7.489455479139707,7.489455479139707,7.489455479139707,7405.0,7545.0,140.0,0.0,100.0,0.0,True
G053,generation,avail_gen_mw,1063.0,2023-10-19T12:45:00+00:00,2023-10-21T06:00:00+00:00,2023-10-19T14:45:00+02:00,2023-10-21T08:00:00+02:00,2023-10-21,2,2023-10-21T02:00:00+02:00,2023-10-21T03:00:00+02:00,True,1.0,5.31,7.742237826740055,7.7422378267400624,8.31469461513062,7405.0,7545.0,140.0,0.5724567883905571,100.0,-0.07053995076038078,True
G053,generation,avail_gen_mw,1063.0,2023-10-19T12:45:00+00:00,2023-10-21T06:00:00+00:00,2023-10-19T14:45:00+02:00,2023-10-21T08:00:00+02:00,2023-10-21,3,2023-10-21T03:00:00+02:00,2023-10-21T04:00:00+02:00,True,1.0,5.04,4.220392339724057,4.220392339724054,4.220392339724054,7405.0,7545.0,140.0,0.0,100.0,0.0,True
G053,generation,avail_gen_mw,1063.0,2023-10-19T12:45:00+00:00,2023-10-21T06:00:00+00:00,2023-10-19T14:45:00+02:00,2023-10-21T08:00:00+02:00,2023-10-21,4,2023-10-21T04:00:00+02:00,2023-10-21T05:00:00+02:00,True,1.0,5.16,3.504891217472,3.504891217472,5.52902283803904,7405.0,7545.0,140.0,2.02413162056704,100.0,-0.2543040438423354,True
G053,generation,avail_gen_mw,1063.0,2023-10-19T12:45:00+00:00,2023-10-21T06:00:00+00:00,2023-10-19T14:45:00+02:00,2023-10-21T08:00:00+02:00,2023-10-21,5,2023-10-21T05:00:00+02:00,2023-10-21T06:00:00+02:00,True,1.0,5.91,-8.970497833475918,-8.970497833475896,-8.473549360094175,7405.0,7545.0,140.0,0.4969484733817211,100.0,-0.061027448637283044,True
G053,generation,avail_gen_mw,1063.0,2023-10-19T12:45:00+00:00,2023-10-21T06:00:00+00:00,2023-10-19T14:45:00+02:00,2023-10-21T08:00:00+02:00,2023-10-21,6,2023-10-21T06:00:00+02:00,2023-10-21T07:00:00+02:00,True,1.0,6.88,-18.841243984556087,-18.841243984556044,-18.841243984556044,7405.0,7545.0,140.0,0.0,100.0,0.0,True
G053,generation,avail_gen_mw,1063.0,2023-10-19T12:45:00+00:00,2023-10-21T06:00:00+00:00,2023-10-19T14:45:00+02:00,2023-10-21T08:00:00+02:00,2023-10-21,7,2023-10-21T07:00:00+02:00,2023-10-21T08:00:00+02:00,True,1.0,8.52,-45.44201358778693,-45.44201358778696,-45.44201358778696,7405.0,7545.0,140.0,0.0,100.0,0.0,True
G053,generation,avail_gen_mw,1063.0,2023-10-19T12:45:00+00:00,2023-10-21T06:00:00+00:00,2023-10-19T14:45:00+02:00,2023-10-21T08:00:00+02:00,2023-10-21,8,2023-10-21T08:00:00+02:00,2023-10-21T09:00:00+02:00,False,0.0,9.3,-28.950551336944613,-28.950551336944642,-33.905398441315555,7405.0,8608.0,1203.0,-4.954847104370913,100.0,0.29860978128084525,True
G053,generation,avail_gen_mw,1063.0,2023-10-19T12:45:00+00:00,2023-10-21T06:00:00+00:00,2023-10-19T14:45:00+02:00,2023-10-21T08:00:00+02:00,2023-10-21,9,2023-10-21T09:00:00+02:00,2023-10-21T10:00:00+02:00,False,0.0,9.99,-5.045965169752932,-5.045965169752876,-26.803998604985182,7405.0,8608.0,1203.0,-21.758033435232306,100.0,0.04211278466640067,True
G053,generation,avail_gen_mw,1063.0,2023-10-19T12:45:00+00:00,2023-10-21T06:00:00+00:00,2023-10-19T14:45:00+02:00,2023-10-21T08:00:00+02:00,2023-10-21,10,2023-10-21T10:00:00+02:00,2023-10-21T11:00:00+02:00,False,0.0,9.96,-12.40896984140997,-12.408969841409942,-23.865681901290472,7405.0,8608.0,1203.0,-11.45671205988053,100.0,0.20248805721409724,True
G053,generation,avail_gen_mw,1063.0,2023-10-19T12:45:00+00:00,2023-10-21T06:00:00+00:00,2023-10-19T14:45:00+02:00,2023-10-21T08:00:00+02:00,2023-10-21,11,2023-10-21T11:00:00+02:00,2023-10-21T12:00:00+02:00,False,0.0,9.75,-11.645889579222684,-11.645889579222626,-57.52251721282741,7405.0,8608.0,1203.0,-45.876627633604784,100.0,0.33909376010801395,True
G053,generation,avail_gen_mw,1063.0,2023-10-19T12:45:00+00:00,2023-10-21T06:00:00+00:00,2023-10-19T14:45:00+02:00,2023-10-21T08:00:00+02:00,2023-10-21,12,2023-10-21T12:00:00+02:00,2023-10-21T13:00:00+02:00,False,0.0,9.74,-11.0885213478589,-11.0885213478589,-12.509098539741174,7405.0,8608.0,1203.0,-1.4205771918822734,100.0,0.08639740739369017,True
G053,generation,avail_gen_mw,1063.0,2023-10-19T12:45:00+00:00,2023-10-21T06:00:00+00:00,2023-10-19T14:45:00+02:00,2023-10-21T08:00:00+02:00,2023-10-21,13,2023-10-21T13:00:00+02:00,2023-10-21T14:00:00+02:00,False,0.0,9.59,-3.1991899145893683,-3.1991899145893825,-5.830801867294824,7405.0,8608.0,1203.0,-2.631611952705441,100.0,0.15890343471278356,True
G053,generation,avail_gen_mw,1063.0,2023-10-19T12:45:00+00:00,2023-10-21T06:00:00+00:00,2023-10-19T14:45:00+02:00,2023-10-21T08:00:00+02:00,2023-10-21,14,2023-10-21T14:00:00+02:00,2023-10-21T15:00:00+02:00,False,0.0,9.49,-1.0584058528476987,-1.0584058528476987,-3.509622182607899,7405.0,8608.0,1203.0,-2.4512163297602,100.0,0.1481003777007004,True
G053,generation,avail_gen_mw,1063.0,2023-10-19T12:45:00+00:00,2023-10-21T06:00:00+00:00,2023-10-19T14:45:00+02:00,2023-10-21T08:00:00+02:00,2023-10-21,15,2023-10-21T15:00:00+02:00,2023-10-21T16:00:00+02:00,False,0.0,9.8,1.6064893147245982,1.6064893147245982,-0.9382272274718844,7405.0,8045.0,640.0,-2.5447165421964826,100.0,0.2013493358246734,True
G053,generation,avail_gen_mw,1063.0,2023-10-19T12:45:00+00:00,2023-10-21T06:00:00+00:00,2023-10-19T14:45:00+02:00,2023-10-21T08:00:00+02:00,2023-10-21,16,2023-10-21T16:00:00+02:00,2023-10-21T17:00:00+02:00,False,0.0,10.74,-1.44837094758293,-1.4483709475829016,-1.7617471768039792,7405.0,8045.0,640.0,-0.31337622922107755,100.0,0.038247383240147315,True
G053,generation,avail_gen_mw,1063.0,2023-10-19T12:45:00+00:00,2023-10-21T06:00:00+00:00,2023-10-19T14:45:00+02:00,2023-10-21T08:00:00+02:00,2023-10-21,17,2023-10-21T17:00:00+02:00,2023-10-21T18:00:00+02:00,False,0.0,12.99,6.3981617402332205,6.398161740233263,6.398161740233263,7405.0,8045.0,640.0,0.0,100.0,0.0,True
G053,generation,avail_gen_mw,1063.0,2023-10-19T12:45:00+00:00,2023-10-21T06:00:00+00:00,2023-10-19T14:45:00+02:00,2023-10-21T08:00:00+02:00,2023-10-21,18,2023-10-21T18:00:00+02:00,2023-10-21T19:00:00+02:00,False,0.0,14.3,8.27778706274269,8.27778706274269,6.803375580296077,7405.0,8045.0,640.0,-1.4744114824466124,100.0,0.08978605414581864,True
G053,generation,avail_gen_mw,1063.0,2023-10-19T12:45:00+00:00,2023-10-21T06:00:00+00:00,2023-10-19T14:45:00+02:00,2023-10-21T08:00:00+02:00,2023-10-21,19,2023-10-21T19:00:00+02:00,2023-10-21T20:00:00+02:00,False,0.0,13.04,10.795704946749495,10.795704946749467,5.810073206806948,7405.0,8045.0,640.0,-4.985631739942519,100.0,0.4331109140455567,True
G053,generation,avail_gen_mw,1063.0,2023-10-19T12:45:00+00:00,2023-10-21T06:00:00+00:00,2023-10-19T14:45:00+02:00,2023-10-21T08:00:00+02:00,2023-10-21,20,2023-10-21T20:00:00+02:00,2023-10-21T21:00:00+02:00,False,0.0,11.49,18.272505819777393,18.27250581977738,16.10787322363751,7405.0,8045.0,640.0,-2.1646325961398674,100.0,0.6991466425660136,True
G053,generation,avail_gen_mw,1063.0,2023-10-19T12:45:00+00:00,2023-10-21T06:00:00+00:00,2023-10-19T14:45:00+02:00,2023-10-21T08:00:00+02:00,2023-10-21,21,2023-10-21T21:00:00+02:00,2023-10-21T22:00:00+02:00,False,0.0,10.48,13.74171158074354,13.74171158074354,11.216150460751138,7405.0,8045.0,640.0,-2.5255611199924033,100.0,0.4656347557012026,True
G053,generation,avail_gen_mw,1063.0,2023-10-19T12:45:00+00:00,2023-10-21T06:00:00+00:00,2023-10-19T14:45:00+02:00,2023-10-21T08:00:00+02:00,2023-10-21,22,2023-10-21T22:00:00+02:00,2023-10-21T23:00:00+02:00,False,0.0,10.01,9.854475601381814,9.854475601381822,7.967278972651776,7405.0,8045.0,640.0,-1.8871966287300452,100.0,0.4833065041373672,True
G053,generation,avail_gen_mw,1063.0,2023-10-19T12:45:00+00:00,2023-10-21T06:00:00+00:00,2023-10-19T14:45:00+02:00,2023-10-21T08:00:00+02:00,2023-10-21,23,2023-10-21T23:00:00+02:00,2023-10-22T00:00:00+02:00,False,0.0,9.29,18.14412483742528,18.144124837425274,17.711814266454052,7405.0,8045.0,640.0,-0.4323105709712216,100.0,0.28284774212681896,True
G055,generation,avail_gen_mw,1134.0,2023-11-29T00:25:00+00:00,2023-12-04T02:00:00+00:00,2023-11-29T01:25:00+01:00,2023-12-04T03:00:00+01:00,2023-11-29,0,2023-11-29T00:00:00+01:00,2023-11-29T01:00:00+01:00,False,0.0,98.43,118.40308336970156,118.4030833697016,113.57619740791293,9437.0,9606.0,169.0,-4.826885961788676,100.0,-0.3695843058975612,True
G055,generation,avail_gen_mw,1134.0,2023-11-29T00:25:00+00:00,2023-12-04T02:00:00+00:00,2023-11-29T01:25:00+01:00,2023-12-04T03:00:00+01:00,2023-11-29,1,2023-11-29T01:00:00+01:00,2023-11-29T02:00:00+01:00,True,0.5833333333333334,74.95,107.37405872614576,107.37405872614569,107.37405872614569,9437.0,9606.0,169.0,0.0,100.0,0.0,True
G055,generation,avail_gen_mw,1134.0,2023-11-29T00:25:00+00:00,2023-12-04T02:00:00+00:00,2023-11-29T01:25:00+01:00,2023-12-04T03:00:00+01:00,2023-11-29,2,2023-11-29T02:00:00+01:00,2023-11-29T03:00:00+01:00,True,1.0,36.4,97.74569224373694,97.745692243737,94.98687877007119,9437.0,8472.0,-965.0,-2.7588134736658105,100.0,-0.21371554035111728,True
G055,generation,avail_gen_mw,1134.0,2023-11-29T00:25:00+00:00,2023-12-04T02:00:00+00:00,2023-11-29T01:25:00+01:00,2023-12-04T03:00:00+01:00,2023-11-29,3,2023-11-29T03:00:00+01:00,2023-11-29T04:00:00+01:00,True,1.0,34.42,98.05925268332857,98.05925268332857,93.32802701820276,9437.0,8472.0,-965.0,-4.731225665125805,100.0,-0.37096208620968696,True
G055,generation,avail_gen_mw,1134.0,2023-11-29T00:25:00+00:00,2023-12-04T02:00:00+00:00,2023-11-29T01:25:00+01:00,2023-12-04T03:00:00+01:00,2023-11-29,4,2023-11-29T04:00:00+01:00,2023-11-29T05:00:00+01:00,True,1.0,55.65,104.15662521102924,104.15662521102917,97.35602547145282,9437.0,8472.0,-965.0,-6.800599739576342,100.0,-0.5390070784657439,True
G055,generation,avail_gen_mw,1134.0,2023-11-29T00:25:00+00:00,2023-12-04T02:00:00+00:00,2023-11-29T01:25:00+01:00,2023-12-04T03:00:00+01:00,2023-11-29,5,2023-11-29T05:00:00+01:00,2023-11-29T06:00:00+01:00,True,1.0,93.92,110.59676287434188,110.59676287434188,105.31647209349276,9437.0,8472.0,-965.0,-5.280290780849114,100.0,-0.414725685249806,True
G055,generation,avail_gen_mw,1134.0,2023-11-29T00:25:00+00:00,2023-12-04T02:00:00+00:00,2023-11-29T01:25:00+01:00,2023-12-04T03:00:00+01:00,2023-11-29,6,2023-11-29T06:00:00+01:00,2023-11-29T07:00:00+01:00,True,1.0,102.84,113.3105262254488,113.3105262254488,113.3105262254488,9437.0,8472.0,-965.0,0.0,100.0,0.0,True
G055,generation,avail_gen_mw,1134.0,2023-11-29T00:25:00+00:00,2023-12-04T02:00:00+00:00,2023-11-29T01:25:00+01:00,2023-12-04T03:00:00+01:00,2023-11-29,7,2023-11-29T07:00:00+01:00,2023-11-29T08:00:00+01:00,True,1.0,132.59,134.8925315147481,134.8925315147481,134.8925315147481,9437.0,8472.0,-965.0,0.0,100.0,0.0,True
G055,generation,avail_gen_mw,1134.0,2023-11-29T00:25:00+00:00,2023-12-04T02:00:00+00:00,2023-11-29T01:25:00+01:00,2023-12-04T03:00:00+01:00,2023-11-29,8,2023-11-29T08:00:00+01:00,2023-11-29T09:00:00+01:00,True,1.0,149.33,148.40504683089176,148.40504683089176,149.97116192099853,9437.0,8472.0,-965.0,1.5661150901067629,100.0,0.11701950837348818,True
G055,generation,avail_gen_mw,1134.0,2023-11-29T00:25:00+00:00,2023-12-04T02:00:00+00:00,2023-11-29T01:25:00+01:00,2023-12-04T03:00:00+01:00,2023-11-29,9,2023-11-29T09:00:00+01:00,2023-11-29T10:00:00+01:00,True,1.0,142.55,156.05674182753935,156.05674182753935,157.1473055571364,9437.0,8472.0,-965.0,1.0905637295970507,100.0,0.07657598166551338,True
G055,generation,avail_gen_mw,1134.0,2023-11-29T00:25:00+00:00,2023-12-04T02:00:00+00:00,2023-11-29T01:25:00+01:00,2023-12-04T03:00:00+01:00,2023-11-29,10,2023-11-29T10:00:00+01:00,2023-11-29T11:00:00+01:00,True,1.0,137.01,145.49358115284696,145.49358115284693,148.38379425138262,9437.0,8472.0,-965.0,2.890213098535696,100.0,0.21470557965420767,True
G055,generation,avail_gen_mw,1134.0,2023-11-29T00:25:00+00:00,2023-12-04T02:00:00+00:00,2023-11-29T01:25:00+01:00,2023-12-04T03:00:00+01:00,2023-11-29,11,2023-11-29T11:00:00+01:00,2023-11-29T12:00:00+01:00,True,1.0,130.37,143.32988460879025,143.32988460879022,146.39554876356485,9437.0,8472.0,-965.0,3.0656641547746233,100.0,0.22738287082236752,True
G055,generation,avail_gen_mw,1134.0,2023-11-29T00:25:00+00:00,2023-12-04T02:00:00+00:00,2023-11-29T01:25:00+01:00,2023-12-04T03:00:00+01:00,2023-11-29,12,2023-11-29T12:00:00+01:00,2023-11-29T13:00:00+01:00,True,1.0,131.24,142.9255569175108,142.92555691751082,145.44399817301712,9437.0,8472.0,-965.0,2.5184412555063034,100.0,0.18712890590316533,True
G055,generation,avail_gen_mw,1134.0,2023-11-29T00:25:00+00:00,2023-12-04T02:00:00+00:00,2023-11-29T01:25:00+01:00,2023-12-04T03:00:00+01:00,2023-11-29,13,2023-11-29T13:00:00+01:00,2023-11-29T14:00:00+01:00,True,1.0,136.13,142.1841697286531,142.1841697286531,145.29815528534598,9437.0,8472.0,-965.0,3.1139855566928816,100.0,0.2307685106726467,True
G055,generation,avail_gen_mw,1134.0,2023-11-29T00:25:00+00:00,2023-12-04T02:00:00+00:00,2023-11-29T01:25:00+01:00,2023-12-04T03:00:00+01:00,2023-11-29,14,2023-11-29T14:00:00+01:00,2023-11-29T15:00:00+01:00,True,1.0,149.95,141.37907234048572,141.37907234048572,143.86921035126008,9437.0,8472.0,-965.0,2.490138010774359,100.0,0.1850014277116827,True
G055,generation,avail_gen_mw,1134.0,2023-11-29T00:25:00+00:00,2023-12-04T02:00:00+00:00,2023-11-29T01:25:00+01:00,2023-12-04T03:00:00+01:00,2023-11-29,15,2023-11-29T15:00:00+01:00,2023-11-29T16:00:00+01:00,True,1.0,168.0,141.64825406093428,141.64825406093428,144.45314263295904,9437.0,8472.0,-965.0,2.8048885720247654,100.0,0.20816119387771437,True
G055,generation,avail_gen_mw,1134.0,2023-11-29T00:25:00+00:00,2023-12-04T02:00:00+00:00,2023-11-29T01:25:00+01:00,2023-12-04T03:00:00+01:00,2023-11-29,16,2023-11-29T16:00:00+01:00,2023-11-29T17:00:00+01:00,True,1.0,200.0,146.81011218622965,146.81011218622967,147.87366334692632,9437.0,8472.0,-965.0,1.0635511606966475,100.0,0.0808505017596417,True
G055,generation,avail_gen_mw,1134.0,2023-11-29T00:25:00+00:00,2023-12-04T02:00:00+00:00,2023-11-29T01:25:00+01:00,2023-12-04T03:00:00+01:00,2023-11-29,17,2023-11-29T17:00:00+01:00,2023-11-29T18:00:00+01:00,True,1.0,250.0,159.4000696181892,159.4000696181892,159.53009457217678,9437.0,8472.0,-965.0,0.1300249539875722,100.0,0.009816733500628061,True
G055,generation,avail_gen_mw,1134.0,2023-11-29T00:25:00+00:00,2023-12-04T02:00:00+00:00,2023-11-29T01:25:00+01:00,2023-12-04T03:00:00+01:00,2023-11-29,18,2023-11-29T18:00:00+01:00,2023-11-29T19:00:00+01:00,True,1.0,250.0,149.78462034064023,149.7846203406402,151.1418035034124,9437.0,8472.0,-965.0,1.357183162772202,100.0,0.10211019918503439,True
G055,generation,avail_gen_mw,1134.0,2023-11-29T00:25:00+00:00,2023-12-04T02:00:00+00:00,2023-11-29T01:25:00+01:00,2023-12-04T03:00:00+01:00,2023-11-29,19,2023-11-29T19:00:00+01:00,2023-11-29T20:00:00+01:00,True,1.0,200.0,138.18447995111757,138.18447995111757,142.93090094043288,9437.0,8472.0,-965.0,4.746420989315311,100.0,0.35609963984555293,True
G055,generation,avail_gen_mw,1134.0,2023-11-29T00:25:00+00:00,2023-12-04T02:00:00+00:00,2023-11-29T01:25:00+01:00,2023-12-04T03:00:00+01:00,2023-11-29,20,2023-11-29T20:00:00+01:00,2023-11-29T21:00:00+01:00,True,1.0,161.0,113.53281241227334,113.53281241227334,116.80284358067381,9437.0,8472.0,-965.0,3.2700311684004646,100.0,0.5072947535982877,True
G055,generation,avail_gen_mw,1134.0,2023-11-29T00:25:00+00:00,2023-12-04T02:00:00+00:00,2023-11-29T01:25:00+01:00,2023-12-04T03:00:00+01:00,2023-11-29,21,2023-11-29T21:00:00+01:00,2023-11-29T22:00:00+01:00,True,1.0,139.01,102.02043940164424,102.02043940164424,106.50556961886824,9437.0,8472.0,-965.0,4.485130217223997,100.0,0.39242490319914225,True
G055,generation,avail_gen_mw,1134.0,2023-11-29T00:25:00+00:00,2023-12-04T02:00:00+00:00,2023-11-29T01:25:00+01:00,2023-12-04T03:00:00+01:00,2023-11-29,22,2023-11-29T22:00:00+01:00,2023-11-29T23:00:00+01:00,True,1.0,125.05,97.48764606519325,97.48764606519323,100.12068076165792,9437.0,8472.0,-965.0,2.6330346964646907,100.0,0.4363325847587447,True
G055,generation,avail_gen_mw,1134.0,2023-11-29T00:25:00+00:00,2023-12-04T02:00:00+00:00,2023-11-29T01:25:00+01:00,2023-12-04T03:00:00+01:00,2023-11-29,23,2023-11-29T23:00:00+01:00,2023-11-30T00:00:00+01:00,True,1.0,110.72,76.29390878922138,76.29390878922138,83.20145870850968,9437.0,8472.0,-965.0,6.9075499192883,100.0,0.4960803537485674,True
G055,generation,avail_gen_mw,1134.0,2023-11-29T00:25:00+00:00,2023-12-04T02:00:00+00:00,2023-11-29T01:25:00+01:00,2023-12-04T03:00:00+01:00,2023-11-30,0,2023-11-30T00:00:00+01:00,2023-11-30T01:00:00+01:00,True,1.0,101.96,109.88731772710884,109.88731772710885,109.88731772710885,8472.0,8472.0,0.0,0.0,100.0,-0.6113115117710208,False
G055,generation,avail_gen_mw,1134.0,2023-11-29T00:25:00+00:00,2023-12-04T02:00:00+00:00,2023-11-29T01:25:00+01:00,2023-12-04T03:00:00+01:00,2023-11-30,1,2023-11-30T01:00:00+01:00,2023-11-30T02:00:00+01:00,True,1.0,101.28,95.26151068478887,95.2615106847889,95.2615106847889,8472.0,8472.0,0.0,0.0,100.0,0.0,False
G055,generation,avail_gen_mw,1134.0,2023-11-29T00:25:00+00:00,2023-12-04T02:00:00+00:00,2023-11-29T01:25:00+01:00,2023-12-04T03:00:00+01:00,2023-11-30,2,2023-11-30T02:00:00+01:00,2023-11-30T03:00:00+01:00,True,1.0,99.03,82.46524010816542,82.46524010816537,82.46524010816537,8472.0,8472.0,0.0,0.0,100.0,-0.13862006131941484,False
G055,generation,avail_gen_mw,1134.0,2023-11-29T00:25:00+00:00,2023-12-04T02:00:00+00:00,2023-11-29T01:25:00+01:00,2023-12-04T03:00:00+01:00,2023-11-30,3,2023-11-30T03:00:00+01:00,2023-11-30T04:00:00+01:00,True,1.0,97.1,87.34843784689599,87.34843784689599,87.34843784689599,8472.0,8472.0,0.0,0.0,100.0,-0.6888827608576946,False
G055,generation,avail_gen_mw,1134.0,2023-11-29T00:25:00+00:00,2023-12-04T02:00:00+00:00,2023-11-29T01:25:00+01:00,2023-12-04T03:00:00+01:00,2023-11-30,4,2023-11-30T04:00:00+01:00,2023-11-30T05:00:00+01:00,True,1.0,98.68,87.61867952925013,87.61867952925013,87.61867952925013,8472.0,8472.0,0.0,0.0,100.0,-0.8505159195485987,False
G055,generation,avail_gen_mw,1134.0,2023-11-29T00:25:00+00:00,2023-12-04T02:00:00+00:00,2023-11-29T01:25:00+01:00,2023-12-04T03:00:00+01:00,2023-11-30,5,2023-11-30T05:00:00+01:00,2023-11-30T06:00:00+01:00,True,1.0,103.22,90.955893200475,90.95589320047496,90.95589320047496,8472.0,8472.0,0.0,0.0,100.0,-0.4213627485732303,False
G055,generation,avail_gen_mw,1134.0,2023-11-29T00:25:00+00:00,2023-12-04T02:00:00+00:00,2023-11-29T01:25:00+01:00,2023-12-04T03:00:00+01:00,2023-11-30,6,2023-11-30T06:00:00+01:00,2023-11-30T07:00:00+01:00,True,1.0,129.41,121.27844472858702,121.27844472858699,121.27844472858699,8472.0,8472.0,0.0,0.0,100.0,0.0,False
G055,generation,avail_gen_mw,1134.0,2023-11-29T00:25:00+00:00,2023-12-04T02:00:00+00:00,2023-11-29T01:25:00+01:00,2023-12-04T03:00:00+01:00,2023-11-30,7,2023-11-30T07:00:00+01:00,2023-11-30T08:00:00+01:00,True,1.0,168.09,161.58133086866172,161.58133086866172,161.58133086866172,8472.0,8472.0,0.0,0.0,100.0,0.0,False
G055,generation,avail_gen_mw,1134.0,2023-11-29T00:25:00+00:00,2023-12-04T02:00:00+00:00,2023-11-29T01:25:00+01:00,2023-12-04T03:00:00+01:00,2023-11-30,8,2023-11-30T08:00:00+01:00,2023-11-30T09:00:00+01:00,True,1.0,219.27,183.48812135486747,183.48812135486745,183.48812135486745,8472.0,8472.0,0.0,0.0,100.0,0.3932797847149061,False
G055,generation,avail_gen_mw,1134.0,2023-11-29T00:25:00+00:00,2023-12-04T02:00:00+00:00,2023-11-29T01:25:00+01:00,2023-12-04T03:00:00+01:00,2023-11-30,9,2023-11-30T09:00:00+01:00,2023-11-30T10:00:00+01:00,True,1.0,237.13,198.78164195343265,198.78164195343265,198.78164195343265,8472.0,8472.0,0.0,0.0,100.0,0.291790748647486,False
G055,generation,avail_gen_mw,1134.0,2023-11-29T00:25:00+00:00,2023-12-04T02:00:00+00:00,2023-11-29T01:25:00+01:00,2023-12-04T03:00:00+01:00,2023-11-30,10,2023-11-30T10:00:00+01:00,2023-11-30T11:00:00+01:00,True,1.0,222.5,182.60899058555884,182.6089905855588,182.6089905855588,8472.0,8472.0,0.0,0.0,100.0,0.5608368171619986,False
G055,generation,avail_gen_mw,1134.0,2023-11-29T00:25:00+00:00,2023-12-04T02:00:00+00:00,2023-11-29T01:25:00+01:00,2023-12-04T03:00:00+01:00,2023-11-30,11,2023-11-30T11:00:00+01:00,2023-11-30T12:00:00+01:00,True,1.0,223.34,167.4597446195131,167.45974461951306,167.45974461951306,8472.0,8472.0,0.0,0.0,100.0,0.5213044625691623,False
G055,generation,avail_gen_mw,1134.0,2023-11-29T00:25:00+00:00,2023-12-04T02:00:00+00:00,2023-11-29T01:25:00+01:00,2023-12-04T03:00:00+01:00,2023-11-30,12,2023-11-30T12:00:00+01:00,2023-11-30T13:00:00+01:00,True,1.0,195.21,164.25012245649398,164.25012245649395,164.25012245649395,8472.0,8472.0,0.0,0.0,100.0,0.49403563094222136,False
G055,generation,avail_gen_mw,1134.0,2023-11-29T00:25:00+00:00,2023-12-04T02:00:00+00:00,2023-11-29T01:25:00+01:00,2023-12-04T03:00:00+01:00,2023-11-30,13,2023-11-30T13:00:00+01:00,2023-11-30T14:00:00+01:00,True,1.0,189.81,155.60417497253414,155.60417497253414,155.60417497253414,8472.0,8472.0,0.0,0.0,100.0,0.5768788123378386,False
G055,generation,avail_gen_mw,1134.0,2023-11-29T00:25:00+00:00,2023-12-04T02:00:00+00:00,2023-11-29T01:25:00+01:00,2023-12-04T03:00:00+01:00,2023-11-30,14,2023-11-30T14:00:00+01:00,2023-11-30T15:00:00+01:00,True,1.0,195.0,161.10453522859513,161.10453522859518,161.10453522859518,8472.0,8472.0,0.0,0.0,100.0,0.4994594859608128,False
G055,generation,avail_gen_mw,1134.0,2023-11-29T00:25:00+00:00,2023-12-04T02:00:00+00:00,2023-11-29T01:25:00+01:00,2023-12-04T03:00:00+01:00,2023-11-30,15,2023-11-30T15:00:00+01:00,2023-11-30T16:00:00+01:00,True,1.0,189.35,160.4625053180945,160.46250531809443,160.46250531809443,8472.0,8472.0,0.0,0.0,100.0,0.5033377236243837,False
G055,generation,avail_gen_mw,1134.0,2023-11-29T00:25:00+00:00,2023-12-04T02:00:00+00:00,2023-11-29T01:25:00+01:00,2023-12-04T03:00:00+01:00,2023-11-30,16,2023-11-30T16:00:00+01:00,2023-11-30T17:00:00+01:00,True,1.0,226.0,170.5065625726054,170.5065625726054,170.5065625726054,8472.0,8472.0,0.0,0.0,100.0,0.1534745845094676,False
G055,generation,avail_gen_mw,1134.0,2023-11-29T00:25:00+00:00,2023-12-04T02:00:00+00:00,2023-11-29T01:25:00+01:00,2023-12-04T03:00:00+01:00,2023-11-30,17,2023-11-30T17:00:00+01:00,2023-11-30T18:00:00+01:00,True,1.0,259.86,173.95206388261855,173.95206388261855,173.95206388261855,8472.0,8472.0,0.0,0.0,100.0,0.0,False
G055,generation,avail_gen_mw,1134.0,2023-11-29T00:25:00+00:00,2023-12-04T02:00:00+00:00,2023-11-29T01:25:00+01:00,2023-12-04T03:00:00+01:00,2023-11-30,18,2023-11-30T18:00:00+01:00,2023-11-30T19:00:00+01:00,True,1.0,241.43,160.55984516752125,160.55984516752125,160.55984516752125,8472.0,8472.0,0.0,0.0,100.0,0.22709510441654857,False
G055,generation,avail_gen_mw,1134.0,2023-11-29T00:25:00+00:00,2023-12-04T02:00:00+00:00,2023-11-29T01:25:00+01:00,2023-12-04T03:00:00+01:00,2023-11-30,19,2023-11-30T19:00:00+01:00,2023-11-30T20:00:00+01:00,True,1.0,188.85,138.042202086136,138.042202086136,138.042202086136,8472.0,8472.0,0.0,0.0,100.0,0.6057926198588461,False
G055,generation,avail_gen_mw,1134.0,2023-11-29T00:25:00+00:00,2023-12-04T02:00:00+00:00,2023-11-29T01:25:00+01:00,2023-12-04T03:00:00+01:00,2023-11-30,20,2023-11-30T20:00:00+01:00,2023-11-30T21:00:00+01:00,True,1.0,149.72,111.91462178301776,111.91462178301776,111.91462178301776,8472.0,8472.0,0.0,0.0,100.0,0.9130004383346773,False
G055,generation,avail_gen_mw,1134.0,2023-11-29T00:25:00+00:00,2023-12-04T02:00:00+00:00,2023-11-29T01:25:00+01:00,2023-12-04T03:00:00+01:00,2023-11-30,21,2023-11-30T21:00:00+01:00,2023-11-30T22:00:00+01:00,True,1.0,128.61,93.46356148345996,93.46356148345996,93.46356148345996,8472.0,8472.0,0.0,0.0,100.0,0.6523337906344295,False
G055,generation,avail_gen_mw,1134.0,2023-11-29T00:25:00+00:00,2023-12-04T02:00:00+00:00,2023-11-29T01:25:00+01:00,2023-12-04T03:00:00+01:00,2023-11-30,22,2023-11-30T22:00:00+01:00,2023-11-30T23:00:00+01:00,True,1.0,120.86,88.10669625768466,88.10669625768463,88.10669625768463,8472.0,8472.0,0.0,0.0,100.0,0.7086588477027931,False
G055,generation,avail_gen_mw,1134.0,2023-11-29T00:25:00+00:00,2023-12-04T02:00:00+00:00,2023-11-29T01:25:00+01:00,2023-12-04T03:00:00+01:00,2023-11-30,23,2023-11-30T23:00:00+01:00,2023-12-01T00:00:00+01:00,True,1.0,110.27,63.04814390321984,63.04814390321982,63.04814390321982,8472.0,8472.0,0.0,0.0,100.0,0.7414957691913102,False
G055,generation,avail_gen_mw,1134.0,2023-11-29T00:25:00+00:00,2023-12-04T02:00:00+00:00,2023-11-29T01:25:00+01:00,2023-12-04T03:00:00+01:00,2023-12-01,0,2023-12-01T00:00:00+01:00,2023-12-01T01:00:00+01:00,True,1.0,72.68,90.14481819877987,90.14481819877986,89.64330251745207,8472.0,8472.0,0.0,-0.5015156813277883,100.0,-0.5015156813277883,False
G055,generation,avail_gen_mw,1134.0,2023-11-29T00:25:00+00:00,2023-12-04T02:00:00+00:00,2023-11-29T01:25:00+01:00,2023-12-04T03:00:00+01:00,2023-12-01,1,2023-12-01T01:00:00+01:00,2023-12-01T02:00:00+01:00,True,1.0,70.06,87.80901151248892,87.80901151248895,87.80901151248895,8472.0,8472.0,0.0,0.0,100.0,0.0,False
G055,generation,avail_gen_mw,1134.0,2023-11-29T00:25:00+00:00,2023-12-04T02:00:00+00:00,2023-11-29T01:25:00+01:00,2023-12-04T03:00:00+01:00,2023-12-01,2,2023-12-01T02:00:00+01:00,2023-12-01T03:00:00+01:00,True,1.0,68.99,83.30408075230719,83.30408075230717,83.17617588231258,8472.0,8472.0,0.0,-0.1279048699945946,100.0,-0.1279048699945946,False
G055,generation,avail_gen_mw,1134.0,2023-11-29T00:25:00+00:00,2023-12-04T02:00:00+00:00,2023-11-29T01:25:00+01:00,2023-12-04T03:00:00+01:00,2023-12-01,3,2023-12-01T03:00:00+01:00,2023-12-01T04:00:00+01:00,True,1.0,68.94,86.52753725031974,86.52753725031971,85.8712280343128,8472.0,8472.0,0.0,-0.6563092160069175,100.0,-0.6563092160069175,False
G055,generation,avail_gen_mw,1134.0,2023-11-29T00:25:00+00:00,2023-12-04T02:00:00+00:00,2023-11-29T01:25:00+01:00,2023-12-04T03:00:00+01:00,2023-12-01,4,2023-12-01T04:00:00+01:00,2023-12-01T05:00:00+01:00,True,1.0,73.46,97.08320768973554,97.08320768973557,96.09790601845935,8472.0,8472.0,0.0,-0.9853016712762184,100.0,-1.1087915772010604,False
G055,generation,avail_gen_mw,1134.0,2023-11-29T00:25:00+00:00,2023-12-04T02:00:00+00:00,2023-11-29T01:25:00+01:00,2023-12-04T03:00:00+01:00,2023-12-01,5,2023-12-01T05:00:00+01:00,2023-12-01T06:00:00+01:00,True,1.0,79.99,95.59651736374292,95.59651736374295,94.97372708171001,8472.0,8472.0,0.0,-0.6227902820329376,100.0,-0.6227902820329376,False
G055,generation,avail_gen_mw,1134.0,2023-11-29T00:25:00+00:00,2023-12-04T02:00:00+00:00,2023-11-29T01:25:00+01:00,2023-12-04T03:00:00+01:00,2023-12-01,6,2023-12-01T06:00:00+01:00,2023-12-01T07:00:00+01:00,True,1.0,116.13,111.4086850882196,111.40868508821963,111.40868508821963,8472.0,8472.0,0.0,0.0,100.0,0.0,False
G055,generation,avail_gen_mw,1134.0,2023-11-29T00:25:00+00:00,2023-12-04T02:00:00+00:00,2023-11-29T01:25:00+01:00,2023-12-04T03:00:00+01:00,2023-12-01,7,2023-12-01T07:00:00+01:00,2023-12-01T08:00:00+01:00,True,1.0,147.4,153.6413296407308,153.6413296407308,153.6413296407308,8472.0,8472.0,0.0,0.0,100.0,0.0,False
G055,generation,avail_gen_mw,1134.0,2023-11-29T00:25:00+00:00,2023-12-04T02:00:00+00:00,2023-11-29T01:25:00+01:00,2023-12-04T03:00:00+01:00,2023-12-01,8,2023-12-01T08:00:00+01:00,2023-12-01T09:00:00+01:00,True,1.0,198.29,188.9498727848948,188.9498727848948,188.9498727848948,8472.0,8472.0,0.0,0.0,100.0,0.4132002443981264,False
G055,generation,avail_gen_mw,1134.0,2023-11-29T00:25:00+00:00,2023-12-04T02:00:00+00:00,2023-11-29T01:25:00+01:00,2023-12-04T03:00:00+01:00,2023-12-01,9,2023-12-01T09:00:00+01:00,2023-12-01T10:00:00+01:00,True,1.0,216.18,189.4936948044975,189.4936948044975,189.4936948044975,8472.0,8472.0,0.0,0.0,100.0,0.20920282674421742,False
G055,generation,avail_gen_mw,1134.0,2023-11-29T00:25:00+00:00,2023-12-04T02:00:00+00:00,2023-11-29T01:25:00+01:00,2023-12-04T03:00:00+01:00,2023-12-01,10,2023-12-01T10:00:00+01:00,2023-12-01T11:00:00+01:00,True,1.0,209.12,189.22283112629137,189.22283112629134,189.22283112629134,8472.0,8372.0,-100.0,0.0,100.0,0.5300674968360681,True
G055,generation,avail_gen_mw,1134.0,2023-11-29T00:25:00+00:00,2023-12-04T02:00:00+00:00,2023-11-29T01:25:00+01:00,2023-12-04T03:00:00+01:00,2023-12-01,11,2023-12-01T11:00:00+01:00,2023-12-01T12:00:00+01:00,True,1.0,207.33,183.46966554395448,183.46966554395448,183.46966554395448,8472.0,8372.0,-100.0,0.0,100.0,0.5528878541315407,True
G055,generation,avail_gen_mw,1134.0,2023-11-29T00:25:00+00:00,2023-12-04T02:00:00+00:00,2023-11-29T01:25:00+01:00,2023-12-04T03:00:00+01:00,2023-12-01,12,2023-12-01T12:00:00+01:00,2023-12-01T13:00:00+01:00,True,1.0,197.09,189.81156177466735,189.8115617746673,189.8115617746673,8472.0,8472.0,0.0,0.0,100.0,0.42372033265448295,False
G055,generation,avail_gen_mw,1134.0,2023-11-29T00:25:00+00:00,2023-12-04T02:00:00+00:00,2023-11-29T01:25:00+01:00,2023-12-04T03:00:00+01:00,2023-12-01,13,2023-12-01T13:00:00+01:00,2023-12-01T14:00:00+01:00,True,1.0,170.11,175.366356773937,175.3663567739371,175.3663567739371,8472.0,8472.0,0.0,0.0,100.0,0.6348097503369274,False
G055,generation,avail_gen_mw,1134.0,2023-11-29T00:25:00+00:00,2023-12-04T02:00:00+00:00,2023-11-29T01:25:00+01:00,2023-12-04T03:00:00+01:00,2023-12-01,14,2023-12-01T14:00:00+01:00,2023-12-01T15:00:00+01:00,True,1.0,174.32,177.63368106861384,177.63368106861387,177.63368106861387,8472.0,8472.0,0.0,0.0,100.0,0.5239425804534221,False
G055,generation,avail_gen_mw,1134.0,2023-11-29T00:25:00+00:00,2023-12-04T02:00:00+00:00,2023-11-29T01:25:00+01:00,2023-12-04T03:00:00+01:00,2023-12-01,15,2023-12-01T15:00:00+01:00,2023-12-01T16:00:00+01:00,True,1.0,184.4,192.5906778474033,192.5906778474033,192.5906778474033,8472.0,8372.0,-100.0,0.0,100.0,0.6133108559093046,True
G055,generation,avail_gen_mw,1134.0,2023-11-29T00:25:00+00:00,2023-12-04T02:00:00+00:00,2023-11-29T01:25:00+01:00,2023-12-04T03:00:00+01:00,2023-12-01,16,2023-12-01T16:00:00+01:00,2023-12-01T17:00:00+01:00,True,1.0,200.05,209.99647690747145,209.9964769074715,210.38842596893008,8472.0,8372.0,-100.0,0.39194906145857544,100.0,0.39194906145857544,True
G055,generation,avail_gen_mw,1134.0,2023-11-29T00:25:00+00:00,2023-12-04T02:00:00+00:00,2023-11-29T01:25:00+01:00,2023-12-04T03:00:00+01:00,2023-12-01,17,2023-12-01T17:00:00+01:00,2023-12-01T18:00:00+01:00,True,1.0,225.15,213.434165404312,213.434165404312,213.434165404312,8472.0,8372.0,-100.0,0.0,100.0,0.059304569503211724,True
G055,generation,avail_gen_mw,1134.0,2023-11-29T00:25:00+00:00,2023-12-04T02:00:00+00:00,2023-11-29T01:25:00+01:00,2023-12-04T03:00:00+01:00,2023-12-01,18,2023-12-01T18:00:00+01:00,2023-12-01T19:00:00+01:00,True,1.0,199.16,200.24173984000032,200.24173984000038,200.24173984000038,8472.0,8372.0,-100.0,0.0,100.0,0.28330568533681344,True
G055,generation,avail_gen_mw,1134.0,2023-11-29T00:25:00+00:00,2023-12-04T02:00:00+00:00,2023-11-29T01:25:00+01:00,2023-12-04T03:00:00+01:00,2023-12-01,19,2023-12-01T19:00:00+01:00,2023-12-01T20:00:00+01:00,True,1.0,163.33,171.7908190984259,171.79081909842586,172.3872376608078,8472.0,8372.0,-100.0,0.596418562381956,100.0,0.7753831494249539,True
G055,generation,avail_gen_mw,1134.0,2023-11-29T00:25:00+00:00,2023-12-04T02:00:00+00:00,2023-11-29T01:25:00+01:00,2023-12-04T03:00:00+01:00,2023-12-01,20,2023-12-01T20:00:00+01:00,2023-12-01T21:00:00+01:00,True,1.0,138.49,144.4273844196784,144.4273844196784,144.80266543593092,8472.0,8372.0,-100.0,0.3752810162525293,100.0,1.2533655839169455,True
G055,generation,avail_gen_mw,1134.0,2023-11-29T00:25:00+00:00,2023-12-04T02:00:00+00:00,2023-11-29T01:25:00+01:00,2023-12-04T03:00:00+01:00,2023-12-01,21,2023-12-01T21:00:00+01:00,2023-12-01T22:00:00+01:00,True,1.0,121.25,138.6185785141538,138.6185785141538,139.49627744494316,8472.0,8372.0,-100.0,0.8776989307893643,100.0,1.3020082776776007,True
G055,generation,avail_gen_mw,1134.0,2023-11-29T00:25:00+00:00,2023-12-04T02:00:00+00:00,2023-11-29T01:25:00+01:00,2023-12-04T03:00:00+01:00,2023-12-01,22,2023-12-01T22:00:00+01:00,2023-12-01T23:00:00+01:00,True,1.0,114.96,137.98141606191103,137.98141606191098,138.62441018335136,8472.0,8372.0,-100.0,0.6429941214403812,100.0,1.2697835687992551,True
G055,generation,avail_gen_mw,1134.0,2023-11-29T00:25:00+00:00,2023-12-04T02:00:00+00:00,2023-11-29T01:25:00+01:00,2023-12-04T03:00:00+01:00,2023-12-01,23,2023-12-01T23:00:00+01:00,2023-12-02T00:00:00+01:00,True,1.0,105.0,111.11839344173268,111.11839344173269,111.11839344173269,8472.0,8372.0,-100.0,0.0,100.0,1.5155920694733993,True
G055,generation,avail_gen_mw,1134.0,2023-11-29T00:25:00+00:00,2023-12-04T02:00:00+00:00,2023-11-29T01:25:00+01:00,2023-12-04T03:00:00+01:00,2023-12-02,0,2023-12-02T00:00:00+01:00,2023-12-02T01:00:00+01:00,True,1.0,102.17,117.89776785053084,117.8977678505309,116.54904181282791,8472.0,8372.0,-100.0,-1.3487260377029884,100.0,-0.6495271433217056,True
G055,generation,avail_gen_mw,1134.0,2023-11-29T00:25:00+00:00,2023-12-04T02:00:00+00:00,2023-11-29T01:25:00+01:00,2023-12-04T03:00:00+01:00,2023-12-02,1,2023-12-02T01:00:00+01:00,2023-12-02T02:00:00+01:00,True,1.0,97.76,113.41866959422649,113.41866959422649,113.41866959422649,8472.0,8372.0,-100.0,0.0,100.0,0.0,True
G055,generation,avail_gen_mw,1134.0,2023-11-29T00:25:00+00:00,2023-12-04T02:00:00+00:00,2023-11-29T01:25:00+01:00,2023-12-04T03:00:00+01:00,2023-12-02,2,2023-12-02T02:00:00+01:00,2023-12-02T03:00:00+01:00,True,1.0,91.55,110.5909397617844,110.59093976178443,109.73807213379091,8472.0,8372.0,-100.0,-0.8528676279935183,100.0,-0.41344039868900495,True
G055,generation,avail_gen_mw,1134.0,2023-11-29T00:25:00+00:00,2023-12-04T02:00:00+00:00,2023-11-29T01:25:00+01:00,2023-12-04T03:00:00+01:00,2023-12-02,3,2023-12-02T03:00:00+01:00,2023-12-02T04:00:00+01:00,True,1.0,89.97,124.40842609096906,124.40842609096912,121.83869800998316,8472.0,8372.0,-100.0,-2.5697280809859535,100.0,-1.2507816947936874,True
G055,generation,avail_gen_mw,1134.0,2023-11-29T00:25:00+00:00,2023-12-04T02:00:00+00:00,2023-11-29T01:25:00+01:00,2023-12-04T03:00:00+01:00,2023-12-02,4,2023-12-02T04:00:00+01:00,2023-12-02T05:00:00+01:00,True,1.0,95.12,132.72293251038093,132.72293251038093,128.78423935593958,8472.0,8372.0,-100.0,-3.938693154441353,100.0,-2.3488372359647656,True
G055,generation,avail_gen_mw,1134.0,2023-11-29T00:25:00+00:00,2023-12-04T02:00:00+00:00,2023-11-29T01:25:00+01:00,2023-12-04T03:00:00+01:00,2023-12-02,5,2023-12-02T05:00:00+01:00,2023-12-02T06:00:00+01:00,True,1.0,95.72,148.3823889378308,148.3823889378308,146.06644947780424,8472.0,8372.0,-100.0,-2.3159394600265557,100.0,-1.126431217384976,True
G055,generation,avail_gen_mw,1134.0,2023-11-29T00:25:00+00:00,2023-12-04T02:00:00+00:00,2023-11-29T01:25:00+01:00,2023-12-04T03:00:00+01:00,2023-12-02,6,2023-12-02T06:00:00+01:00,2023-12-02T07:00:00+01:00,True,1.0,96.55,125.81152837960944,125.81152837960943,125.81152837960943,8472.0,8372.0,-100.0,0.0,100.0,0.0,True
G055,generation,avail_gen_mw,1134.0,2023-11-29T00:25:00+00:00,2023-12-04T02:00:00+00:00,2023-11-29T01:25:00+01:00,2023-12-04T03:00:00+01:00,2023-12-02,7,2023-12-02T07:00:00+01:00,2023-12-02T08:00:00+01:00,True,1.0,101.63,144.19254873002296,144.192548730023,144.192548730023,8472.0,8268.0,-204.0,0.0,100.0,0.0,True
G055,generation,avail_gen_mw,1134.0,2023-11-29T00:25:00+00:00,2023-12-04T02:00:00+00:00,2023-11-29T01:25:00+01:00,2023-12-04T03:00:00+01:00,2023-12-02,8,2023-12-02T08:00:00+01:00,2023-12-02T09:00:00+01:00,True,1.0,116.61,167.91026812179894,167.91026812179894,168.87692582124433,8472.0,8268.0,-204.0,0.9666576994453919,100.0,0.3449614340029825,True
G055,generation,avail_gen_mw,1134.0,2023-11-29T00:25:00+00:00,2023-12-04T02:00:00+00:00,2023-11-29T01:25:00+01:00,2023-12-04T03:00:00+01:00,2023-12-02,9,2023-12-02T09:00:00+01:00,2023-12-02T10:00:00+01:00,True,1.0,124.52,187.73259512390112,187.7325951239011,189.12237254382404,8472.0,8268.0,-204.0,1.3897774199229502,100.0,0.19741200136658676,True
G055,generation,avail_gen_mw,1134.0,2023-11-29T00:25:00+00:00,2023-12-04T02:00:00+00:00,2023-11-29T01:25:00+01:00,2023-12-04T03:00:00+01:00,2023-12-02,10,2023-12-02T10:00:00+01:00,2023-12-02T11:00:00+01:00,True,1.0,131.02,188.81567530718507,188.81567530718507,189.80584142135592,8472.0,8268.0,-204.0,0.9901661141708473,100.0,0.4745788934881148,True
G055,generation,avail_gen_mw,1134.0,2023-11-29T00:25:00+00:00,2023-12-04T02:00:00+00:00,2023-11-29T01:25:00+01:00,2023-12-04T03:00:00+01:00,2023-12-02,11,2023-12-02T11:00:00+01:00,2023-12-02T12:00:00+01:00,True,1.0,127.22,184.8062670765108,184.8062670765107,186.78599529518542,8472.0,8268.0,-204.0,1.9797282186747225,100.0,0.41960024338763446,True
G055,generation,avail_gen_mw,1134.0,2023-11-29T00:25:00+00:00,2023-12-04T02:00:00+00:00,2023-11-29T01:25:00+01:00,2023-12-04T03:00:00+01:00,2023-12-02,12,2023-12-02T12:00:00+01:00,2023-12-02T13:00:00+01:00,True,1.0,121.58,176.8146473523179,176.81464735231788,178.6389544566499,8472.0,8268.0,-204.0,1.8243071043320356,100.0,0.38915052972345165,True
G055,generation,avail_gen_mw,1134.0,2023-11-29T00:25:00+00:00,2023-12-04T02:00:00+00:00,2023-11-29T01:25:00+01:00,2023-12-04T03:00:00+01:00,2023-12-02,13,2023-12-02T13:00:00+01:00,2023-12-02T14:00:00+01:00,True,1.0,114.58,172.7348595377946,172.7348595377946,173.92671835618546,8472.0,8268.0,-204.0,1.1918588183908696,100.0,0.5709689436625922,True
G055,generation,avail_gen_mw,1134.0,2023-11-29T00:25:00+00:00,2023-12-04T02:00:00+00:00,2023-11-29T01:25:00+01:00,2023-12-04T03:00:00+01:00,2023-12-02,14,2023-12-02T14:00:00+01:00,2023-12-02T15:00:00+01:00,True,1.0,118.52,179.73821988039856,179.7382198803985,180.73597113591683,8472.0,8268.0,-204.0,0.9977512555183239,100.0,0.4782024498771591,True
G055,generation,avail_gen_mw,1134.0,2023-11-29T00:25:00+00:00,2023-12-04T02:00:00+00:00,2023-11-29T01:25:00+01:00,2023-12-04T03:00:00+01:00,2023-12-02,15,2023-12-02T15:00:00+01:00,2023-12-02T16:00:00+01:00,True,1.0,123.5,196.91650708773375,196.91650708773375,198.0321616487632,8472.0,8268.0,-204.0,1.1156545610294586,100.0,0.5346923385103253,True
G055,generation,avail_gen_mw,1134.0,2023-11-29T00:25:00+00:00,2023-12-04T02:00:00+00:00,2023-11-29T01:25:00+01:00,2023-12-04T03:00:00+01:00,2023-12-02,16,2023-12-02T16:00:00+01:00,2023-12-02T17:00:00+01:00,True,1.0,129.79,220.3484181109837,220.34841811098366,221.02028249512844,8472.0,8268.0,-204.0,0.6718643841447829,100.0,0.32333544332797715,True
G055,generation,avail_gen_mw,1134.0,2023-11-29T00:25:00+00:00,2023-12-04T02:00:00+00:00,2023-11-29T01:25:00+01:00,2023-12-04T03:00:00+01:00,2023-12-02,17,2023-12-02T17:00:00+01:00,2023-12-02T18:00:00+01:00,True,1.0,144.04,228.4792255882141,228.47922558821406,228.47922558821406,8472.0,8268.0,-204.0,0.0,100.0,0.0,True
G055,generation,avail_gen_mw,1134.0,2023-11-29T00:25:00+00:00,2023-12-04T02:00:00+00:00,2023-11-29T01:25:00+01:00,2023-12-04T03:00:00+01:00,2023-12-02,18,2023-12-02T18:00:00+01:00,2023-12-02T19:00:00+01:00,True,1.0,144.96,217.46007663336724,217.46007663336718,218.29220718899842,8472.0,8268.0,-204.0,0.8321305556312382,100.0,0.4000434176698491,True
G055,generation,avail_gen_mw,1134.0,2023-11-29T00:25:00+00:00,2023-12-04T02:00:00+00:00,2023-11-29T01:25:00+01:00,2023-12-04T03:00:00+01:00,2023-12-02,19,2023-12-02T19:00:00+01:00,2023-12-02T20:00:00+01:00,True,1.0,129.56,198.35726878888187,198.35726878888187,200.43614715837904,8472.0,8268.0,-204.0,2.0788783694971755,100.0,1.001637339718343,True
G055,generation,avail_gen_mw,1134.0,2023-11-29T00:25:00+00:00,2023-12-04T02:00:00+00:00,2023-11-29T01:25:00+01:00,2023-12-04T03:00:00+01:00,2023-12-02,20,2023-12-02T20:00:00+01:00,2023-12-02T21:00:00+01:00,True,1.0,119.58,176.36240065175122,176.36240065175122,178.32926340397535,8472.0,8268.0,-204.0,1.9668627522241309,100.0,1.5152976774156741,True
G055,generation,avail_gen_mw,1134.0,2023-11-29T00:25:00+00:00,2023-12-04T02:00:00+00:00,2023-11-29T01:25:00+01:00,2023-12-04T03:00:00+01:00,2023-12-02,21,2023-12-02T21:00:00+01:00,2023-12-02T22:00:00+01:00,True,1.0,112.08,190.24738738447803,190.24738738447803,194.13360318020844,8472.0,8268.0,-204.0,3.8862157957304078,100.0,1.9407604859188439,True
G055,generation,avail_gen_mw,1134.0,2023-11-29T00:25:00+00:00,2023-12-04T02:00:00+00:00,2023-11-29T01:25:00+01:00,2023-12-04T03:00:00+01:00,2023-12-02,22,2023-12-02T22:00:00+01:00,2023-12-02T23:00:00+01:00,True,1.0,106.7,169.57869032884906,169.57869032884906,171.26587306795375,8472.0,8268.0,-204.0,1.687182739104685,100.0,0.8395070400823386,True
G055,generation,avail_gen_mw,1134.0,2023-11-29T00:25:00+00:00,2023-12-04T02:00:00+00:00,2023-11-29T01:25:00+01:00,2023-12-04T03:00:00+01:00,2023-12-02,23,2023-12-02T23:00:00+01:00,2023-12-03T00:00:00+01:00,True,1.0,102.94,148.43130691080034,148.43130691080034,150.52760891905567,8472.0,8268.0,-204.0,2.0963020082553214,100.0,2.0963020082553214,True
G055,generation,avail_gen_mw,1134.0,2023-11-29T00:25:00+00:00,2023-12-04T02:00:00+00:00,2023-11-29T01:25:00+01:00,2023-12-04T03:00:00+01:00,2023-12-03,0,2023-12-03T00:00:00+01:00,2023-12-03T01:00:00+01:00,True,1.0,105.15,120.11945269672218,120.11945269672218,120.11945269672218,8268.0,8268.0,0.0,0.0,100.0,-0.7199847246893967,False
G055,generation,avail_gen_mw,1134.0,2023-11-29T00:25:00+00:00,2023-12-04T02:00:00+00:00,2023-11-29T01:25:00+01:00,2023-12-04T03:00:00+01:00,2023-12-03,1,2023-12-03T01:00:00+01:00,2023-12-03T02:00:00+01:00,True,1.0,99.7,111.93113397316944,111.93113397316944,111.93113397316944,8268.0,8268.0,0.0,0.0,100.0,0.0,False
G055,generation,avail_gen_mw,1134.0,2023-11-29T00:25:00+00:00,2023-12-04T02:00:00+00:00,2023-11-29T01:25:00+01:00,2023-12-04T03:00:00+01:00,2023-12-03,2,2023-12-03T02:00:00+01:00,2023-12-03T03:00:00+01:00,True,1.0,94.97,107.10175034018548,107.10175034018556,107.10175034018556,8268.0,8268.0,0.0,0.0,100.0,-0.717863063331535,False
G055,generation,avail_gen_mw,1134.0,2023-11-29T00:25:00+00:00,2023-12-04T02:00:00+00:00,2023-11-29T01:25:00+01:00,2023-12-04T03:00:00+01:00,2023-12-03,3,2023-12-03T03:00:00+01:00,2023-12-03T04:00:00+01:00,True,1.0,88.83,99.6969781459632,99.6969781459632,99.6969781459632,8268.0,8268.0,0.0,0.0,100.0,-0.9650805912986016,False
G055,generation,avail_gen_mw,1134.0,2023-11-29T00:25:00+00:00,2023-12-04T02:00:00+00:00,2023-11-29T01:25:00+01:00,2023-12-04T03:00:00+01:00,2023-12-03,4,2023-12-03T04:00:00+01:00,2023-12-03T05:00:00+01:00,True,1.0,92.35,101.43821350619832,101.4382135061983,101.4382135061983,8268.0,8268.0,0.0,0.0,100.0,-1.4915853360996891,False
G055,generation,avail_gen_mw,1134.0,2023-11-29T00:25:00+00:00,2023-12-04T02:00:00+00:00,2023-11-29T01:25:00+01:00,2023-12-04T03:00:00+01:00,2023-12-03,5,2023-12-03T05:00:00+01:00,2023-12-03T06:00:00+01:00,True,1.0,89.52,105.40528569682525,105.40528569682523,105.40528569682523,8268.0,8268.0,0.0,0.0,100.0,-0.6367869884836068,False
G055,generation,avail_gen_mw,1134.0,2023-11-29T00:25:00+00:00,2023-12-04T02:00:00+00:00,2023-11-29T01:25:00+01:00,2023-12-04T03:00:00+01:00,2023-12-03,6,2023-12-03T06:00:00+01:00,2023-12-03T07:00:00+01:00,True,1.0,88.86,107.89431501245136,107.89431501245136,107.89431501245136,8268.0,8268.0,0.0,0.0,100.0,0.0,False
G055,generation,avail_gen_mw,1134.0,2023-11-29T00:25:00+00:00,2023-12-04T02:00:00+00:00,2023-11-29T01:25:00+01:00,2023-12-04T03:00:00+01:00,2023-12-03,7,2023-12-03T07:00:00+01:00,2023-12-03T08:00:00+01:00,True,1.0,92.13,122.32194224072832,122.3219422407283,122.3219422407283,8268.0,8268.0,0.0,0.0,100.0,0.0,False
G055,generation,avail_gen_mw,1134.0,2023-11-29T00:25:00+00:00,2023-12-04T02:00:00+00:00,2023-11-29T01:25:00+01:00,2023-12-04T03:00:00+01:00,2023-12-03,8,2023-12-03T08:00:00+01:00,2023-12-03T09:00:00+01:00,True,1.0,97.02,135.77282020731008,135.77282020731008,135.77282020731008,8268.0,8268.0,0.0,0.0,100.0,0.299190697269097,False
G055,generation,avail_gen_mw,1134.0,2023-11-29T00:25:00+00:00,2023-12-04T02:00:00+00:00,2023-11-29T01:25:00+01:00,2023-12-04T03:00:00+01:00,2023-12-03,9,2023-12-03T09:00:00+01:00,2023-12-03T10:00:00+01:00,True,1.0,100.15,143.50819822363576,143.5081982236358,143.5081982236358,8268.0,8268.0,0.0,0.0,100.0,0.16867306690159012,False
G055,generation,avail_gen_mw,1134.0,2023-11-29T00:25:00+00:00,2023-12-04T02:00:00+00:00,2023-11-29T01:25:00+01:00,2023-12-04T03:00:00+01:00,2023-12-03,10,2023-12-03T10:00:00+01:00,2023-12-03T11:00:00+01:00,True,1.0,104.96,145.31253540731095,145.31253540731097,145.31253540731097,8268.0,8268.0,0.0,0.0,100.0,0.36157296297989205,False
G055,generation,avail_gen_mw,1134.0,2023-11-29T00:25:00+00:00,2023-12-04T02:00:00+00:00,2023-11-29T01:25:00+01:00,2023-12-04T03:00:00+01:00,2023-12-03,11,2023-12-03T11:00:00+01:00,2023-12-03T12:00:00+01:00,True,1.0,105.07,149.1486438831746,149.14864388317457,149.14864388317457,8268.0,8268.0,0.0,0.0,100.0,0.3488871351582077,False
G055,generation,avail_gen_mw,1134.0,2023-11-29T00:25:00+00:00,2023-12-04T02:00:00+00:00,2023-11-29T01:25:00+01:00,2023-12-04T03:00:00+01:00,2023-12-03,12,2023-12-03T12:00:00+01:00,2023-12-03T13:00:00+01:00,True,1.0,103.68,146.63513834847828,146.6351383484783,146.6351383484783,8268.0,8268.0,0.0,0.0,100.0,0.3508573196521354,False
G055,generation,avail_gen_mw,1134.0,2023-11-29T00:25:00+00:00,2023-12-04T02:00:00+00:00,2023-11-29T01:25:00+01:00,2023-12-04T03:00:00+01:00,2023-12-03,13,2023-12-03T13:00:00+01:00,2023-12-03T14:00:00+01:00,True,1.0,102.46,146.0217921776686,146.02179217766857,146.02179217766857,8268.0,8268.0,0.0,0.0,100.0,0.4253242012971725,False
G055,generation,avail_gen_mw,1134.0,2023-11-29T00:25:00+00:00,2023-12-04T02:00:00+00:00,2023-11-29T01:25:00+01:00,2023-12-04T03:00:00+01:00,2023-12-03,14,2023-12-03T14:00:00+01:00,2023-12-03T15:00:00+01:00,True,1.0,105.68,151.21646754334205,151.21646754334205,151.21646754334205,8268.0,8268.0,0.0,0.0,100.0,0.4369777106061292,False
G055,generation,avail_gen_mw,1134.0,2023-11-29T00:25:00+00:00,2023-12-04T02:00:00+00:00,2023-11-29T01:25:00+01:00,2023-12-04T03:00:00+01:00,2023-12-03,15,2023-12-03T15:00:00+01:00,2023-12-03T16:00:00+01:00,True,1.0,117.83,165.32983483277994,165.32983483277997,165.32983483277997,8268.0,8268.0,0.0,0.0,100.0,0.4848756599391777,False
G055,generation,avail_gen_mw,1134.0,2023-11-29T00:25:00+00:00,2023-12-04T02:00:00+00:00,2023-11-29T01:25:00+01:00,2023-12-04T03:00:00+01:00,2023-12-03,16,2023-12-03T16:00:00+01:00,2023-12-03T17:00:00+01:00,True,1.0,125.2,181.19892113100565,181.19892113100556,181.19892113100556,8268.0,8268.0,0.0,0.0,100.0,0.2843880372193155,False
G055,generation,avail_gen_mw,1134.0,2023-11-29T00:25:00+00:00,2023-12-04T02:00:00+00:00,2023-11-29T01:25:00+01:00,2023-12-04T03:00:00+01:00,2023-12-03,17,2023-12-03T17:00:00+01:00,2023-12-03T18:00:00+01:00,True,1.0,131.72,189.68581811580697,189.68581811580697,189.68581811580697,8268.0,8268.0,0.0,0.0,100.0,0.0,False
G055,generation,avail_gen_mw,1134.0,2023-11-29T00:25:00+00:00,2023-12-04T02:00:00+00:00,2023-11-29T01:25:00+01:00,2023-12-04T03:00:00+01:00,2023-12-03,18,2023-12-03T18:00:00+01:00,2023-12-03T19:00:00+01:00,True,1.0,132.22,190.73060120043004,190.73060120043004,190.73060120043004,8268.0,8268.0,0.0,0.0,100.0,0.17241640122324497,False
G055,generation,avail_gen_mw,1134.0,2023-11-29T00:25:00+00:00,2023-12-04T02:00:00+00:00,2023-11-29T01:25:00+01:00,2023-12-04T03:00:00+01:00,2023-12-03,19,2023-12-03T19:00:00+01:00,2023-12-03T20:00:00+01:00,True,1.0,126.07,183.83650893383023,183.83650893383026,183.83650893383026,8268.0,8268.0,0.0,0.0,100.0,0.8259432011710715,False
G055,generation,avail_gen_mw,1134.0,2023-11-29T00:25:00+00:00,2023-12-04T02:00:00+00:00,2023-11-29T01:25:00+01:00,2023-12-04T03:00:00+01:00,2023-12-03,20,2023-12-03T20:00:00+01:00,2023-12-03T21:00:00+01:00,True,1.0,112.33,166.53687594952638,166.5368759495264,166.5368759495264,8268.0,8268.0,0.0,0.0,100.0,1.564297516932612,False
G055,generation,avail_gen_mw,1134.0,2023-11-29T00:25:00+00:00,2023-12-04T02:00:00+00:00,2023-11-29T01:25:00+01:00,2023-12-04T03:00:00+01:00,2023-12-03,21,2023-12-03T21:00:00+01:00,2023-12-03T22:00:00+01:00,True,1.0,101.95,156.29808998290764,156.29808998290764,156.29808998290764,8268.0,8268.0,0.0,0.0,100.0,1.1927357468116497,False
G055,generation,avail_gen_mw,1134.0,2023-11-29T00:25:00+00:00,2023-12-04T02:00:00+00:00,2023-11-29T01:25:00+01:00,2023-12-04T03:00:00+01:00,2023-12-03,22,2023-12-03T22:00:00+01:00,2023-12-03T23:00:00+01:00,True,1.0,99.09,139.21643281574802,139.21643281574802,139.21643281574802,8268.0,8268.0,0.0,0.0,100.0,0.6455963090108412,False
G055,generation,avail_gen_mw,1134.0,2023-11-29T00:25:00+00:00,2023-12-04T02:00:00+00:00,2023-11-29T01:25:00+01:00,2023-12-04T03:00:00+01:00,2023-12-03,23,2023-12-03T23:00:00+01:00,2023-12-04T00:00:00+01:00,True,1.0,91.12,147.06700493195052,147.06700493195052,147.06700493195052,8268.0,8268.0,0.0,0.0,100.0,2.2464713246121732,False
G055,generation,avail_gen_mw,1134.0,2023-11-29T00:25:00+00:00,2023-12-04T02:00:00+00:00,2023-11-29T01:25:00+01:00,2023-12-04T03:00:00+01:00,2023-12-04,0,2023-12-04T00:00:00+01:00,2023-12-04T01:00:00+01:00,True,1.0,96.17,98.64381099233094,98.64381099233093,103.66213497798846,8268.0,8268.0,0.0,5.018323985657531,100.0,-0.6013575854842088,False
G055,generation,avail_gen_mw,1134.0,2023-11-29T00:25:00+00:00,2023-12-04T02:00:00+00:00,2023-11-29T01:25:00+01:00,2023-12-04T03:00:00+01:00,2023-12-04,1,2023-12-04T01:00:00+01:00,2023-12-04T02:00:00+01:00,True,1.0,92.49,91.48264602114592,91.48264602114591,92.71331745122801,8268.0,8268.0,0.0,1.2306714300820971,100.0,-0.22523559255290593,False
G055,generation,avail_gen_mw,1134.0,2023-11-29T00:25:00+00:00,2023-12-04T02:00:00+00:00,2023-11-29T01:25:00+01:00,2023-12-04T03:00:00+01:00,2023-12-04,2,2023-12-04T02:00:00+01:00,2023-12-04T03:00:00+01:00,True,1.0,90.46,94.84196466550776,94.84196466550777,98.58468045205328,8268.0,8268.0,0.0,3.742715786545503,100.0,-0.6528105519449525,False
G055,generation,avail_gen_mw,1134.0,2023-11-29T00:25:00+00:00,2023-12-04T02:00:00+00:00,2023-11-29T01:25:00+01:00,2023-12-04T03:00:00+01:00,2023-12-04,3,2023-12-04T03:00:00+01:00,2023-12-04T04:00:00+01:00,False,0.0,88.12,90.29826633053764,90.29826633053766,95.43330995118325,8268.0,9402.0,1134.0,5.13504362064559,100.0,-0.8843666066409952,True
G055,generation,avail_gen_mw,1134.0,2023-11-29T00:25:00+00:00,2023-12-04T02:00:00+00:00,2023-11-29T01:25:00+01:00,2023-12-04T03:00:00+01:00,2023-12-04,4,2023-12-04T04:00:00+01:00,2023-12-04T05:00:00+01:00,False,0.0,88.58,99.76286522673554,99.76286522673554,109.97671604497563,8268.0,9402.0,1134.0,10.21385081824009,100.0,-1.515154843205039,True
G055,generation,avail_gen_mw,1134.0,2023-11-29T00:25:00+00:00,2023-12-04T02:00:00+00:00,2023-11-29T01:25:00+01:00,2023-12-04T03:00:00+01:00,2023-12-04,5,2023-12-04T05:00:00+01:00,2023-12-04T06:00:00+01:00,False,0.0,94.99,127.593391970783,127.59339197078302,132.38338127127435,8268.0,9402.0,1134.0,4.789989300491328,100.0,-0.8170727711871848,True
G055,generation,avail_gen_mw,1134.0,2023-11-29T00:25:00+00:00,2023-12-04T02:00:00+00:00,2023-11-29T01:25:00+01:00,2023-12-04T03:00:00+01:00,2023-12-04,6,2023-12-04T06:00:00+01:00,2023-12-04T07:00:00+01:00,False,0.0,106.82,148.45964038282753,148.4596403828275,148.4596403828275,8268.0,9402.0,1134.0,0.0,100.0,0.0,True
G055,generation,avail_gen_mw,1134.0,2023-11-29T00:25:00+00:00,2023-12-04T02:00:00+00:00,2023-11-29T01:25:00+01:00,2023-12-04T03:00:00+01:00,2023-12-04,7,2023-12-04T07:00:00+01:00,2023-12-04T08:00:00+01:00,False,0.0,199.03,186.0082087635007,186.0082087635007,186.0082087635007,8268.0,9402.0,1134.0,0.0,100.0,0.0,True
G055,generation,avail_gen_mw,1134.0,2023-11-29T00:25:00+00:00,2023-12-04T02:00:00+00:00,2023-11-29T01:25:00+01:00,2023-12-04T03:00:00+01:00,2023-12-04,8,2023-12-04T08:00:00+01:00,2023-12-04T09:00:00+01:00,False,0.0,235.61,201.54182268410415,201.54182268410415,199.17036002121677,8268.0,9402.0,1134.0,-2.3714626628873816,100.0,0.2936111903512142,True
G055,generation,avail_gen_mw,1134.0,2023-11-29T00:25:00+00:00,2023-12-04T02:00:00+00:00,2023-11-29T01:25:00+01:00,2023-12-04T03:00:00+01:00,2023-12-04,9,2023-12-04T09:00:00+01:00,2023-12-04T10:00:00+01:00,False,0.0,236.49,200.47862146647424,200.47862146647424,199.58940203815314,8268.0,9402.0,1134.0,-0.8892194283210983,100.0,0.16120967127838526,True
G055,generation,avail_gen_mw,1134.0,2023-11-29T00:25:00+00:00,2023-12-04T02:00:00+00:00,2023-11-29T01:25:00+01:00,2023-12-04T03:00:00+01:00,2023-12-04,10,2023-12-04T10:00:00+01:00,2023-12-04T11:00:00+01:00,False,0.0,206.33,190.55622875609492,190.55622875609498,187.09029202158445,8268.0,9402.0,1134.0,-3.465936734510535,100.0,0.43130269295693324,True
G055,generation,avail_gen_mw,1134.0,2023-11-29T00:25:00+00:00,2023-12-04T02:00:00+00:00,2023-11-29T01:25:00+01:00,2023-12-04T03:00:00+01:00,2023-12-04,11,2023-12-04T11:00:00+01:00,2023-12-04T12:00:00+01:00,False,0.0,166.09,199.81301690316403,199.8130169031641,197.02089429198924,8268.0,9402.0,1134.0,-2.792122611174875,100.0,0.43470885841225027,True
G055,generation,avail_gen_mw,1134.0,2023-11-29T00:25:00+00:00,2023-12-04T02:00:00+00:00,2023-11-29T01:25:00+01:00,2023-12-04T03:00:00+01:00,2023-12-04,12,2023-12-04T12:00:00+01:00,2023-12-04T13:00:00+01:00,False,0.0,160.07,196.94900840757688,196.94900840757686,193.47800359753796,8268.0,9402.0,1134.0,-3.4710048100388917,100.0,0.46059964983589907,True
G055,generation,avail_gen_mw,1134.0,2023-11-29T00:25:00+00:00,2023-12-04T02:00:00+00:00,2023-11-29T01:25:00+01:00,2023-12-04T03:00:00+01:00,2023-12-04,13,2023-12-04T13:00:00+01:00,2023-12-04T14:00:00+01:00,False,0.0,167.0,199.34861343310237,199.34861343310243,194.08565893033904,8268.0,9402.0,1134.0,-5.262954502763392,100.0,0.6584638996960166,True
G055,generation,avail_gen_mw,1134.0,2023-11-29T00:25:00+00:00,2023-12-04T02:00:00+00:00,2023-11-29T01:25:00+01:00,2023-12-04T03:00:00+01:00,2023-12-04,14,2023-12-04T14:00:00+01:00,2023-12-04T15:00:00+01:00,False,0.0,175.04,209.24179873077517,209.24179873077517,205.0504924024519,8268.0,9402.0,1134.0,-4.1913063283232646,100.0,0.5218389031718118,True
G055,generation,avail_gen_mw,1134.0,2023-11-29T00:25:00+00:00,2023-12-04T02:00:00+00:00,2023-11-29T01:25:00+01:00,2023-12-04T03:00:00+01:00,2023-12-04,15,2023-12-04T15:00:00+01:00,2023-12-04T16:00:00+01:00,False,0.0,209.76,215.11392542102027,215.11392542102024,210.72025127184736,8268.0,9506.0,1238.0,-4.393674149172881,100.0,0.5472430876179146,True
G055,generation,avail_gen_mw,1134.0,2023-11-29T00:25:00+00:00,2023-12-04T02:00:00+00:00,2023-11-29T01:25:00+01:00,2023-12-04T03:00:00+01:00,2023-12-04,16,2023-12-04T16:00:00+01:00,2023-12-04T17:00:00+01:00,False,0.0,262.73,222.5050023509729,222.50500235097292,219.46678936285363,8268.0,9506.0,1238.0,-3.038212988119284,100.0,0.3451533220706722,True
G055,generation,avail_gen_mw,1134.0,2023-11-29T00:25:00+00:00,2023-12-04T02:00:00+00:00,2023-11-29T01:25:00+01:00,2023-12-04T03:00:00+01:00,2023-12-04,17,2023-12-04T17:00:00+01:00,2023-12-04T18:00:00+01:00,False,0.0,206.35,223.4988736409092,223.49887364090918,223.49887364090918,8268.0,8912.0,644.0,0.0,100.0,0.0,True
G055,generation,avail_gen_mw,1134.0,2023-11-29T00:25:00+00:00,2023-12-04T02:00:00+00:00,2023-11-29T01:25:00+01:00,2023-12-04T03:00:00+01:00,2023-12-04,18,2023-12-04T18:00:00+01:00,2023-12-04T19:00:00+01:00,False,0.0,184.29,214.1738065864556,214.17380658645564,214.17380658645564,8268.0,8912.0,644.0,0.0,100.0,0.0,True
G055,generation,avail_gen_mw,1134.0,2023-11-29T00:25:00+00:00,2023-12-04T02:00:00+00:00,2023-11-29T01:25:00+01:00,2023-12-04T03:00:00+01:00,2023-12-04,19,2023-12-04T19:00:00+01:00,2023-12-04T20:00:00+01:00,False,0.0,151.05,210.25550170393495,210.25550170393495,204.43439847039474,8268.0,8912.0,644.0,-5.821103233540214,100.0,1.0625713399646202,True
G055,generation,avail_gen_mw,1134.0,2023-11-29T00:25:00+00:00,2023-12-04T02:00:00+00:00,2023-11-29T01:25:00+01:00,2023-12-04T03:00:00+01:00,2023-12-04,20,2023-12-04T20:00:00+01:00,2023-12-04T21:00:00+01:00,False,0.0,124.49,182.79048344479943,182.79048344479946,180.78404455578823,8268.0,8912.0,644.0,-2.0064388890112355,100.0,1.6965762591209455,True
G055,generation,avail_gen_mw,1134.0,2023-11-29T00:25:00+00:00,2023-12-04T02:00:00+00:00,2023-11-29T01:25:00+01:00,2023-12-04T03:00:00+01:00,2023-12-04,21,2023-12-04T21:00:00+01:00,2023-12-04T22:00:00+01:00,False,0.0,108.46,164.92474851455415,164.9247485145541,157.43820714712967,8268.0,8912.0,644.0,-7.486541367424422,100.0,1.3665319014187105,True
G055,generation,avail_gen_mw,1134.0,2023-11-29T00:25:00+00:00,2023-12-04T02:00:00+00:00,2023-11-29T01:25:00+01:00,2023-12-04T03:00:00+01:00,2023-12-04,22,2023-12-04T22:00:00+01:00,2023-12-04T23:00:00+01:00,False,0.0,102.69,154.89404928308954,154.8940492830895,150.848868514129,8268.0,8912.0,644.0,-4.045180768960478,100.0,1.3457973783102375,True
G055,generation,avail_gen_mw,1134.0,2023-11-29T00:25:00+00:00,2023-12-04T02:00:00+00:00,2023-11-29T01:25:00+01:00,2023-12-04T03:00:00+01:00,2023-12-04,23,2023-12-04T23:00:00+01:00,2023-12-05T00:00:00+01:00,False,0.0,94.79,165.93807248785953,165.93807248785947,165.93807248785947,8268.0,8912.0,644.0,0.0,100.0,2.630398046093177,True
G060,generation,avail_gen_mw,1172.0,2024-03-16T16:00:00+00:00,2024-03-22T01:00:00+00:00,2024-03-16T17:00:00+01:00,2024-03-22T02:00:00+01:00,2024-03-16,0,2024-03-16T00:00:00+01:00,2024-03-16T01:00:00+01:00,False,0.0,38.05,36.50265277808367,36.50265277808367,35.96963310748723,9010.0,9010.0,0.0,-0.5330196705964383,100.0,-0.031219484681862752,False
G060,generation,avail_gen_mw,1172.0,2024-03-16T16:00:00+00:00,2024-03-22T01:00:00+00:00,2024-03-16T17:00:00+01:00,2024-03-22T02:00:00+01:00,2024-03-16,1,2024-03-16T01:00:00+01:00,2024-03-16T02:00:00+01:00,False,0.0,38.09,32.12051263464414,32.12051263464414,31.34921320239326,9010.0,9010.0,0.0,-0.7712994322508848,100.0,0.05350695700964536,False
G060,generation,avail_gen_mw,1172.0,2024-03-16T16:00:00+00:00,2024-03-22T01:00:00+00:00,2024-03-16T17:00:00+01:00,2024-03-22T02:00:00+01:00,2024-03-16,2,2024-03-16T02:00:00+01:00,2024-03-16T03:00:00+01:00,False,0.0,36.68,28.668631333695604,28.6686313336956,26.707725823972368,9010.0,9010.0,0.0,-1.9609055097232329,100.0,-0.1137973449273808,False
G060,generation,avail_gen_mw,1172.0,2024-03-16T16:00:00+00:00,2024-03-22T01:00:00+00:00,2024-03-16T17:00:00+01:00,2024-03-22T02:00:00+01:00,2024-03-16,3,2024-03-16T03:00:00+01:00,2024-03-16T04:00:00+01:00,False,0.0,35.62,26.4510156637296,26.451015663729603,24.407996214931103,9010.0,9010.0,0.0,-2.0430194487985,100.0,-0.11669103964989702,False
G060,generation,avail_gen_mw,1172.0,2024-03-16T16:00:00+00:00,2024-03-22T01:00:00+00:00,2024-03-16T17:00:00+01:00,2024-03-22T02:00:00+01:00,2024-03-16,4,2024-03-16T04:00:00+01:00,2024-03-16T05:00:00+01:00,False,0.0,34.9,26.23808766628104,26.23808766628104,24.035871485795713,9010.0,9010.0,0.0,-2.202216180485326,100.0,-0.06856281624530425,False
G060,generation,avail_gen_mw,1172.0,2024-03-16T16:00:00+00:00,2024-03-22T01:00:00+00:00,2024-03-16T17:00:00+01:00,2024-03-22T02:00:00+01:00,2024-03-16,5,2024-03-16T05:00:00+01:00,2024-03-16T06:00:00+01:00,False,0.0,34.26,23.591725402468953,23.591725402468953,21.394958065765962,9010.0,9010.0,0.0,-2.1967673367029903,100.0,0.0247535680897073,False
G060,generation,avail_gen_mw,1172.0,2024-03-16T16:00:00+00:00,2024-03-22T01:00:00+00:00,2024-03-16T17:00:00+01:00,2024-03-22T02:00:00+01:00,2024-03-16,6,2024-03-16T06:00:00+01:00,2024-03-16T07:00:00+01:00,False,0.0,34.28,21.026618929307386,21.02661892930738,21.02661892930738,9010.0,9010.0,0.0,0.0,100.0,0.0,False
G060,generation,avail_gen_mw,1172.0,2024-03-16T16:00:00+00:00,2024-03-22T01:00:00+00:00,2024-03-16T17:00:00+01:00,2024-03-22T02:00:00+01:00,2024-03-16,7,2024-03-16T07:00:00+01:00,2024-03-16T08:00:00+01:00,False,0.0,35.57,7.019599261988937,7.019599261988915,7.019599261988915,9010.0,9010.0,0.0,0.0,100.0,0.0,False
G060,generation,avail_gen_mw,1172.0,2024-03-16T16:00:00+00:00,2024-03-22T01:00:00+00:00,2024-03-16T17:00:00+01:00,2024-03-22T02:00:00+01:00,2024-03-16,8,2024-03-16T08:00:00+01:00,2024-03-16T09:00:00+01:00,False,0.0,37.08,-18.3953554670684,-18.395355467068413,-18.395355467068413,9010.0,9010.0,0.0,0.0,100.0,0.38540803197408025,False
G060,generation,avail_gen_mw,1172.0,2024-03-16T16:00:00+00:00,2024-03-22T01:00:00+00:00,2024-03-16T17:00:00+01:00,2024-03-22T02:00:00+01:00,2024-03-16,9,2024-03-16T09:00:00+01:00,2024-03-16T10:00:00+01:00,False,0.0,38.89,-3.0702152709582577,-3.070215270958272,-3.070215270958272,9010.0,9010.0,0.0,0.0,100.0,0.3600357814015638,False
G060,generation,avail_gen_mw,1172.0,2024-03-16T16:00:00+00:00,2024-03-22T01:00:00+00:00,2024-03-16T17:00:00+01:00,2024-03-22T02:00:00+01:00,2024-03-16,10,2024-03-16T10:00:00+01:00,2024-03-16T11:00:00+01:00,False,0.0,39.19,12.01702600793729,12.01702600793729,14.016457082605108,9010.0,9010.0,0.0,1.999431074667818,100.0,0.2557529551204567,False
G060,generation,avail_gen_mw,1172.0,2024-03-16T16:00:00+00:00,2024-03-22T01:00:00+00:00,2024-03-16T17:00:00+01:00,2024-03-22T02:00:00+01:00,2024-03-16,11,2024-03-16T11:00:00+01:00,2024-03-16T12:00:00+01:00,False,0.0,38.89,5.293923490488304,5.293923490488304,5.293923490488304,9010.0,9010.0,0.0,0.0,100.0,0.14457697725046614,False
G060,generation,avail_gen_mw,1172.0,2024-03-16T16:00:00+00:00,2024-03-22T01:00:00+00:00,2024-03-16T17:00:00+01:00,2024-03-22T02:00:00+01:00,2024-03-16,12,2024-03-16T12:00:00+01:00,2024-03-16T13:00:00+01:00,False,0.0,35.82,6.2183689171253675,6.2183689171253675,6.2183689171253675,9010.0,9010.0,0.0,0.0,100.0,0.0404467247712077,False
G060,generation,avail_gen_mw,1172.0,2024-03-16T16:00:00+00:00,2024-03-22T01:00:00+00:00,2024-03-16T17:00:00+01:00,2024-03-22T02:00:00+01:00,2024-03-16,13,2024-03-16T13:00:00+01:00,2024-03-16T14:00:00+01:00,False,0.0,21.9,9.054812411002253,9.054812411002267,9.054812411002267,9010.0,9010.0,0.0,0.0,100.0,0.11201249898543608,False
G060,generation,avail_gen_mw,1172.0,2024-03-16T16:00:00+00:00,2024-03-22T01:00:00+00:00,2024-03-16T17:00:00+01:00,2024-03-22T02:00:00+01:00,2024-03-16,14,2024-03-16T14:00:00+01:00,2024-03-16T15:00:00+01:00,False,0.0,12.99,6.86096204139298,6.860962041392995,6.860962041392995,9010.0,9010.0,0.0,0.0,100.0,0.029966740192726604,False
G060,generation,avail_gen_mw,1172.0,2024-03-16T16:00:00+00:00,2024-03-22T01:00:00+00:00,2024-03-16T17:00:00+01:00,2024-03-22T02:00:00+01:00,2024-03-16,15,2024-03-16T15:00:00+01:00,2024-03-16T16:00:00+01:00,False,0.0,29.0,11.280813835310768,11.280813835310774,11.280813835310774,9010.0,9010.0,0.0,0.0,100.0,0.11773784922363717,False
G060,generation,avail_gen_mw,1172.0,2024-03-16T16:00:00+00:00,2024-03-22T01:00:00+00:00,2024-03-16T17:00:00+01:00,2024-03-22T02:00:00+01:00,2024-03-16,16,2024-03-16T16:00:00+01:00,2024-03-16T17:00:00+01:00,False,0.0,34.22,18.50985768779532,18.509857687795318,18.615084182865196,9010.0,9010.0,0.0,0.10522649506987847,100.0,0.20324190154559574,False
G060,generation,avail_gen_mw,1172.0,2024-03-16T16:00:00+00:00,2024-03-22T01:00:00+00:00,2024-03-16T17:00:00+01:00,2024-03-22T02:00:00+01:00,2024-03-16,17,2024-03-16T17:00:00+01:00,2024-03-16T18:00:00+01:00,True,1.0,38.22,20.001645397999468,20.001645397999454,20.001645397999454,9010.0,7838.0,-1172.0,0.0,100.0,0.2051989188105452,True
G060,generation,avail_gen_mw,1172.0,2024-03-16T16:00:00+00:00,2024-03-22T01:00:00+00:00,2024-03-16T17:00:00+01:00,2024-03-22T02:00:00+01:00,2024-03-16,18,2024-03-16T18:00:00+01:00,2024-03-16T19:00:00+01:00,True,1.0,37.92,19.756201993223584,19.75620199322357,19.75620199322357,9010.0,7838.0,-1172.0,0.0,100.0,0.26919858501136673,True
G060,generation,avail_gen_mw,1172.0,2024-03-16T16:00:00+00:00,2024-03-22T01:00:00+00:00,2024-03-16T17:00:00+01:00,2024-03-22T02:00:00+01:00,2024-03-16,19,2024-03-16T19:00:00+01:00,2024-03-16T20:00:00+01:00,True,1.0,33.16,15.494296388200825,15.494296388200837,20.753131630432584,9010.0,7838.0,-1172.0,5.258835242231747,100.0,0.46739938109865165,True
G060,generation,avail_gen_mw,1172.0,2024-03-16T16:00:00+00:00,2024-03-22T01:00:00+00:00,2024-03-16T17:00:00+01:00,2024-03-22T02:00:00+01:00,2024-03-16,20,2024-03-16T20:00:00+01:00,2024-03-16T21:00:00+01:00,True,1.0,29.69,15.013865201292226,15.01386520129224,20.369483915977895,9010.0,7838.0,-1172.0,5.355618714685654,100.0,0.6190120929357121,True
G060,generation,avail_gen_mw,1172.0,2024-03-16T16:00:00+00:00,2024-03-22T01:00:00+00:00,2024-03-16T17:00:00+01:00,2024-03-22T02:00:00+01:00,2024-03-16,21,2024-03-16T21:00:00+01:00,2024-03-16T22:00:00+01:00,True,1.0,28.88,19.998588256629233,19.998588256629226,24.482655289630507,9010.0,7838.0,-1172.0,4.484067033001281,100.0,0.38919909278286013,True
G060,generation,avail_gen_mw,1172.0,2024-03-16T16:00:00+00:00,2024-03-22T01:00:00+00:00,2024-03-16T17:00:00+01:00,2024-03-22T02:00:00+01:00,2024-03-16,22,2024-03-16T22:00:00+01:00,2024-03-16T23:00:00+01:00,True,1.0,25.37,20.623772665545232,20.623772665545236,23.416056371639538,9010.0,7838.0,-1172.0,2.7922837060943024,100.0,0.2046274885042294,True
G060,generation,avail_gen_mw,1172.0,2024-03-16T16:00:00+00:00,2024-03-22T01:00:00+00:00,2024-03-16T17:00:00+01:00,2024-03-22T02:00:00+01:00,2024-03-16,23,2024-03-16T23:00:00+01:00,2024-03-17T00:00:00+01:00,True,1.0,17.03,22.325676894496908,22.325676894496908,22.325676894496908,9010.0,7838.0,-1172.0,0.0,100.0,0.14407123159670476,True
G060,generation,avail_gen_mw,1172.0,2024-03-16T16:00:00+00:00,2024-03-22T01:00:00+00:00,2024-03-16T17:00:00+01:00,2024-03-22T02:00:00+01:00,2024-03-17,0,2024-03-17T00:00:00+01:00,2024-03-17T01:00:00+01:00,True,1.0,26.4,28.759983922979107,28.759983922979103,27.776509418624553,9010.0,7838.0,-1172.0,-0.9834745043545503,100.0,-0.055888019260383004,True
G060,generation,avail_gen_mw,1172.0,2024-03-16T16:00:00+00:00,2024-03-22T01:00:00+00:00,2024-03-16T17:00:00+01:00,2024-03-22T02:00:00+01:00,2024-03-17,1,2024-03-17T01:00:00+01:00,2024-03-17T02:00:00+01:00,True,1.0,27.51,28.929616808907912,28.92961680890791,29.9441682859308,9010.0,7838.0,-1172.0,1.0145514770228914,100.0,0.06527646934947384,True
G060,generation,avail_gen_mw,1172.0,2024-03-16T16:00:00+00:00,2024-03-22T01:00:00+00:00,2024-03-16T17:00:00+01:00,2024-03-22T02:00:00+01:00,2024-03-17,2,2024-03-17T02:00:00+01:00,2024-03-17T03:00:00+01:00,True,1.0,29.11,24.33801569462638,24.33801569462638,23.998989578956575,9010.0,7838.0,-1172.0,-0.33902611566980667,100.0,-0.019148204777426514,True
G060,generation,avail_gen_mw,1172.0,2024-03-16T16:00:00+00:00,2024-03-22T01:00:00+00:00,2024-03-16T17:00:00+01:00,2024-03-22T02:00:00+01:00,2024-03-17,3,2024-03-17T03:00:00+01:00,2024-03-17T04:00:00+01:00,True,1.0,30.3,30.03834692400265,30.038346924002642,28.53952776356547,9010.0,7838.0,-1172.0,-1.4988191604371721,100.0,-0.08486149275744026,True
G060,generation,avail_gen_mw,1172.0,2024-03-16T16:00:00+00:00,2024-03-22T01:00:00+00:00,2024-03-16T17:00:00+01:00,2024-03-22T02:00:00+01:00,2024-03-17,4,2024-03-17T04:00:00+01:00,2024-03-17T05:00:00+01:00,True,1.0,35.05,31.28256911933743,31.282569119337428,30.3328125674517,9010.0,7838.0,-1172.0,-0.9497565518857272,100.0,-0.05346620327289031,True
G060,generation,avail_gen_mw,1172.0,2024-03-16T16:00:00+00:00,2024-03-22T01:00:00+00:00,2024-03-16T17:00:00+01:00,2024-03-22T02:00:00+01:00,2024-03-17,5,2024-03-17T05:00:00+01:00,2024-03-17T06:00:00+01:00,True,1.0,38.47,31.812917628881497,31.812917628881493,32.010468904612274,9010.0,7838.0,-1172.0,0.19755127573078113,100.0,0.011666404359608862,True
G060,generation,avail_gen_mw,1172.0,2024-03-16T16:00:00+00:00,2024-03-22T01:00:00+00:00,2024-03-16T17:00:00+01:00,2024-03-22T02:00:00+01:00,2024-03-17,6,2024-03-17T06:00:00+01:00,2024-03-17T07:00:00+01:00,True,1.0,41.29,33.937323262862954,33.93732326286294,33.93732326286294,9010.0,7838.0,-1172.0,0.0,100.0,0.0,True
G060,generation,avail_gen_mw,1172.0,2024-03-16T16:00:00+00:00,2024-03-22T01:00:00+00:00,2024-03-16T17:00:00+01:00,2024-03-22T02:00:00+01:00,2024-03-17,7,2024-03-17T07:00:00+01:00,2024-03-17T08:00:00+01:00,True,1.0,49.2,50.84464585219668,50.844645852196685,50.844645852196685,9010.0,7838.0,-1172.0,0.0,100.0,0.0,True
G060,generation,avail_gen_mw,1172.0,2024-03-16T16:00:00+00:00,2024-03-22T01:00:00+00:00,2024-03-16T17:00:00+01:00,2024-03-22T02:00:00+01:00,2024-03-17,8,2024-03-17T08:00:00+01:00,2024-03-17T09:00:00+01:00,True,1.0,49.48,46.43283374234149,46.432833742341465,50.339652035664685,9010.0,7838.0,-1172.0,3.9068182933232194,100.0,0.2255667889691324,True
G060,generation,avail_gen_mw,1172.0,2024-03-16T16:00:00+00:00,2024-03-22T01:00:00+00:00,2024-03-16T17:00:00+01:00,2024-03-22T02:00:00+01:00,2024-03-17,9,2024-03-17T09:00:00+01:00,2024-03-17T10:00:00+01:00,True,1.0,47.15,48.19184216292098,48.19184216292098,52.44020344629354,9010.0,7838.0,-1172.0,4.24836128337256,100.0,0.21456082244611707,True
G060,generation,avail_gen_mw,1172.0,2024-03-16T16:00:00+00:00,2024-03-22T01:00:00+00:00,2024-03-16T17:00:00+01:00,2024-03-22T02:00:00+01:00,2024-03-17,10,2024-03-17T10:00:00+01:00,2024-03-17T11:00:00+01:00,True,1.0,45.4,44.09726629393663,44.097266293936606,49.376324602068536,9010.0,7838.0,-1172.0,5.27905830813193,100.0,0.25782753272037695,True
G060,generation,avail_gen_mw,1172.0,2024-03-16T16:00:00+00:00,2024-03-22T01:00:00+00:00,2024-03-16T17:00:00+01:00,2024-03-22T02:00:00+01:00,2024-03-17,11,2024-03-17T11:00:00+01:00,2024-03-17T12:00:00+01:00,True,1.0,45.91,38.88846056100762,38.88846056100762,41.77989292314511,9010.0,7838.0,-1172.0,2.8914323621374933,100.0,0.1670714532153852,True
G060,generation,avail_gen_mw,1172.0,2024-03-16T16:00:00+00:00,2024-03-22T01:00:00+00:00,2024-03-16T17:00:00+01:00,2024-03-22T02:00:00+01:00,2024-03-17,12,2024-03-17T12:00:00+01:00,2024-03-17T13:00:00+01:00,True,1.0,41.81,43.87769779953918,43.87769779953917,44.099897739722586,9010.0,7838.0,-1172.0,0.22219994018341538,100.0,0.01263398083845857,True
G060,generation,avail_gen_mw,1172.0,2024-03-16T16:00:00+00:00,2024-03-22T01:00:00+00:00,2024-03-16T17:00:00+01:00,2024-03-22T02:00:00+01:00,2024-03-17,13,2024-03-17T13:00:00+01:00,2024-03-17T14:00:00+01:00,True,1.0,40.15,37.62751562596743,37.62751562596743,39.96203439842233,9010.0,7838.0,-1172.0,2.3345187724548992,100.0,0.1340026752407084,True
G060,generation,avail_gen_mw,1172.0,2024-03-16T16:00:00+00:00,2024-03-22T01:00:00+00:00,2024-03-16T17:00:00+01:00,2024-03-22T02:00:00+01:00,2024-03-17,14,2024-03-17T14:00:00+01:00,2024-03-17T15:00:00+01:00,True,1.0,46.91,42.40044192898044,42.40044192898045,42.58557443631223,9010.0,7838.0,-1172.0,0.18513250733177955,100.0,0.010511602059850134,True
G060,generation,avail_gen_mw,1172.0,2024-03-16T16:00:00+00:00,2024-03-22T01:00:00+00:00,2024-03-16T17:00:00+01:00,2024-03-22T02:00:00+01:00,2024-03-17,15,2024-03-17T15:00:00+01:00,2024-03-17T16:00:00+01:00,True,1.0,54.32,49.80037742101008,49.800377421010076,52.18899342994272,9010.0,7838.0,-1172.0,2.388616008932644,100.0,0.13633643897089343,True
G060,generation,avail_gen_mw,1172.0,2024-03-16T16:00:00+00:00,2024-03-22T01:00:00+00:00,2024-03-16T17:00:00+01:00,2024-03-22T02:00:00+01:00,2024-03-17,16,2024-03-17T16:00:00+01:00,2024-03-17T17:00:00+01:00,True,1.0,57.46,62.694487170825525,62.694487170825525,65.00524165126012,9010.0,7838.0,-1172.0,2.3107544804345963,100.0,0.13145379358472553,True
G060,generation,avail_gen_mw,1172.0,2024-03-16T16:00:00+00:00,2024-03-22T01:00:00+00:00,2024-03-16T17:00:00+01:00,2024-03-22T02:00:00+01:00,2024-03-17,17,2024-03-17T17:00:00+01:00,2024-03-17T18:00:00+01:00,True,1.0,73.18,84.31344508655619,84.31344508655619,86.37390397653795,9010.0,7838.0,-1172.0,2.06045888998176,100.0,0.11660799285321843,True
G060,generation,avail_gen_mw,1172.0,2024-03-16T16:00:00+00:00,2024-03-22T01:00:00+00:00,2024-03-16T17:00:00+01:00,2024-03-22T02:00:00+01:00,2024-03-17,18,2024-03-17T18:00:00+01:00,2024-03-17T19:00:00+01:00,True,1.0,92.04,99.54574270071654,99.54574270071656,102.42952821881585,9010.0,7838.0,-1172.0,2.8837855180992875,100.0,0.16263625678837457,True
G060,generation,avail_gen_mw,1172.0,2024-03-16T16:00:00+00:00,2024-03-22T01:00:00+00:00,2024-03-16T17:00:00+01:00,2024-03-22T02:00:00+01:00,2024-03-17,19,2024-03-17T19:00:00+01:00,2024-03-17T20:00:00+01:00,True,1.0,85.56,94.12418733061595,94.12418733061597,98.78134985769182,9010.0,7838.0,-1172.0,4.6571625270758545,100.0,0.2626271906975006,True
G060,generation,avail_gen_mw,1172.0,2024-03-16T16:00:00+00:00,2024-03-22T01:00:00+00:00,2024-03-16T17:00:00+01:00,2024-03-22T02:00:00+01:00,2024-03-17,20,2024-03-17T20:00:00+01:00,2024-03-17T21:00:00+01:00,True,1.0,61.02,71.94736046620353,71.94736046620353,78.5586640166313,9010.0,7838.0,-1172.0,6.611303550427763,100.0,0.3712633847773219,True
G060,generation,avail_gen_mw,1172.0,2024-03-16T16:00:00+00:00,2024-03-22T01:00:00+00:00,2024-03-16T17:00:00+01:00,2024-03-22T02:00:00+01:00,2024-03-17,21,2024-03-17T21:00:00+01:00,2024-03-17T22:00:00+01:00,True,1.0,57.73,67.9403814743856,67.9403814743856,72.64300205083613,9010.0,7838.0,-1172.0,4.702620576450528,100.0,0.26432415333637493,True
G060,generation,avail_gen_mw,1172.0,2024-03-16T16:00:00+00:00,2024-03-22T01:00:00+00:00,2024-03-16T17:00:00+01:00,2024-03-22T02:00:00+01:00,2024-03-17,22,2024-03-17T22:00:00+01:00,2024-03-17T23:00:00+01:00,True,1.0,55.4,59.469994396840264,59.46999439684027,61.92687470791623,9010.0,7838.0,-1172.0,2.456880311075956,100.0,0.13834415916986842,True
G060,generation,avail_gen_mw,1172.0,2024-03-16T16:00:00+00:00,2024-03-22T01:00:00+00:00,2024-03-16T17:00:00+01:00,2024-03-22T02:00:00+01:00,2024-03-17,23,2024-03-17T23:00:00+01:00,2024-03-18T00:00:00+01:00,True,1.0,45.43,52.22675829540758,52.22675829540757,55.23528107392673,9010.0,7838.0,-1172.0,3.0085227785191577,100.0,0.164150611413163,True
G060,generation,avail_gen_mw,1172.0,2024-03-16T16:00:00+00:00,2024-03-22T01:00:00+00:00,2024-03-16T17:00:00+01:00,2024-03-22T02:00:00+01:00,2024-03-18,0,2024-03-18T00:00:00+01:00,2024-03-18T01:00:00+01:00,True,1.0,54.52,51.20062978909202,51.20062978909202,51.20062978909202,7838.0,7838.0,0.0,0.0,100.0,-0.04338188203748672,False
G060,generation,avail_gen_mw,1172.0,2024-03-16T16:00:00+00:00,2024-03-22T01:00:00+00:00,2024-03-16T17:00:00+01:00,2024-03-22T02:00:00+01:00,2024-03-18,1,2024-03-18T01:00:00+01:00,2024-03-18T02:00:00+01:00,True,1.0,41.15,52.20839840406499,52.20839840406498,52.20839840406498,7838.0,7838.0,0.0,0.0,100.0,0.10372968538638361,False
G060,generation,avail_gen_mw,1172.0,2024-03-16T16:00:00+00:00,2024-03-22T01:00:00+00:00,2024-03-16T17:00:00+01:00,2024-03-22T02:00:00+01:00,2024-03-18,2,2024-03-18T02:00:00+01:00,2024-03-18T03:00:00+01:00,True,1.0,43.83,52.05180087500834,52.05180087500834,52.05180087500834,7838.0,7838.0,0.0,0.0,100.0,-0.047706225471245034,False
G060,generation,avail_gen_mw,1172.0,2024-03-16T16:00:00+00:00,2024-03-22T01:00:00+00:00,2024-03-16T17:00:00+01:00,2024-03-22T02:00:00+01:00,2024-03-18,3,2024-03-18T03:00:00+01:00,2024-03-18T04:00:00+01:00,True,1.0,54.07,59.90703774463327,59.90703774463327,59.90703774463327,7838.0,7838.0,0.0,0.0,100.0,-0.17295537808214334,False
G060,generation,avail_gen_mw,1172.0,2024-03-16T16:00:00+00:00,2024-03-22T01:00:00+00:00,2024-03-16T17:00:00+01:00,2024-03-22T02:00:00+01:00,2024-03-18,4,2024-03-18T04:00:00+01:00,2024-03-18T05:00:00+01:00,True,1.0,54.24,70.3510505629937,70.3510505629937,70.3510505629937,7838.0,7838.0,0.0,0.0,100.0,-0.13388376000749247,False
G060,generation,avail_gen_mw,1172.0,2024-03-16T16:00:00+00:00,2024-03-22T01:00:00+00:00,2024-03-16T17:00:00+01:00,2024-03-22T02:00:00+01:00,2024-03-18,5,2024-03-18T05:00:00+01:00,2024-03-18T06:00:00+01:00,True,1.0,55.6,97.24083815265976,97.24083815265973,97.24083815265973,7838.0,7838.0,0.0,0.0,100.0,0.04669624201606837,False
G060,generation,avail_gen_mw,1172.0,2024-03-16T16:00:00+00:00,2024-03-22T01:00:00+00:00,2024-03-16T17:00:00+01:00,2024-03-22T02:00:00+01:00,2024-03-18,6,2024-03-18T06:00:00+01:00,2024-03-18T07:00:00+01:00,True,1.0,57.66,116.01506135758262,116.01506135758261,116.01506135758261,7838.0,7838.0,0.0,0.0,100.0,0.0,False
G060,generation,avail_gen_mw,1172.0,2024-03-16T16:00:00+00:00,2024-03-22T01:00:00+00:00,2024-03-16T17:00:00+01:00,2024-03-22T02:00:00+01:00,2024-03-18,7,2024-03-18T07:00:00+01:00,2024-03-18T08:00:00+01:00,True,1.0,66.96,168.91509047559774,168.91509047559774,168.91509047559774,7838.0,7838.0,0.0,0.0,100.0,0.0,False
G060,generation,avail_gen_mw,1172.0,2024-03-16T16:00:00+00:00,2024-03-22T01:00:00+00:00,2024-03-16T17:00:00+01:00,2024-03-22T02:00:00+01:00,2024-03-18,8,2024-03-18T08:00:00+01:00,2024-03-18T09:00:00+01:00,True,1.0,91.43,169.43565447154683,169.43565447154685,169.43565447154685,7838.0,7838.0,0.0,0.0,100.0,0.509574674945469,False
G060,generation,avail_gen_mw,1172.0,2024-03-16T16:00:00+00:00,2024-03-22T01:00:00+00:00,2024-03-16T17:00:00+01:00,2024-03-22T02:00:00+01:00,2024-03-18,9,2024-03-18T09:00:00+01:00,2024-03-18T10:00:00+01:00,True,1.0,78.47,137.89615743389416,137.89615743389416,137.89615743389416,7838.0,7838.0,0.0,0.0,100.0,0.5599038056120378,False
G060,generation,avail_gen_mw,1172.0,2024-03-16T16:00:00+00:00,2024-03-22T01:00:00+00:00,2024-03-16T17:00:00+01:00,2024-03-22T02:00:00+01:00,2024-03-18,10,2024-03-18T10:00:00+01:00,2024-03-18T11:00:00+01:00,True,1.0,69.93,116.32280352343729,116.32280352343727,116.32280352343727,7838.0,7838.0,0.0,0.0,100.0,0.3352538875923301,False
G060,generation,avail_gen_mw,1172.0,2024-03-16T16:00:00+00:00,2024-03-22T01:00:00+00:00,2024-03-16T17:00:00+01:00,2024-03-22T02:00:00+01:00,2024-03-18,11,2024-03-18T11:00:00+01:00,2024-03-18T12:00:00+01:00,True,1.0,63.15,103.96865793091558,103.96865793091558,103.96865793091558,7838.0,7838.0,0.0,0.0,100.0,0.17368532631931544,False
G060,generation,avail_gen_mw,1172.0,2024-03-16T16:00:00+00:00,2024-03-22T01:00:00+00:00,2024-03-16T17:00:00+01:00,2024-03-22T02:00:00+01:00,2024-03-18,12,2024-03-18T12:00:00+01:00,2024-03-18T13:00:00+01:00,True,1.0,61.12,100.2116113998623,100.21161139986228,100.21161139986228,7838.0,7838.0,0.0,0.0,100.0,0.03816680264534966,False
G060,generation,avail_gen_mw,1172.0,2024-03-16T16:00:00+00:00,2024-03-22T01:00:00+00:00,2024-03-16T17:00:00+01:00,2024-03-22T02:00:00+01:00,2024-03-18,13,2024-03-18T13:00:00+01:00,2024-03-18T14:00:00+01:00,True,1.0,58.97,93.90018875844132,93.90018875844132,93.90018875844132,7838.0,7838.0,0.0,0.0,100.0,0.49203278141206397,False
G060,generation,avail_gen_mw,1172.0,2024-03-16T16:00:00+00:00,2024-03-22T01:00:00+00:00,2024-03-16T17:00:00+01:00,2024-03-22T02:00:00+01:00,2024-03-18,14,2024-03-18T14:00:00+01:00,2024-03-18T15:00:00+01:00,True,1.0,57.75,90.99712541464072,90.9971254146407,90.9971254146407,7838.0,7838.0,0.0,0.0,100.0,0.0,False
G060,generation,avail_gen_mw,1172.0,2024-03-16T16:00:00+00:00,2024-03-22T01:00:00+00:00,2024-03-16T17:00:00+01:00,2024-03-22T02:00:00+01:00,2024-03-18,15,2024-03-18T15:00:00+01:00,2024-03-18T16:00:00+01:00,True,1.0,57.58,93.48597752866584,93.48597752866584,93.48597752866584,7838.0,7838.0,0.0,0.0,100.0,0.2368733013645965,False
G060,generation,avail_gen_mw,1172.0,2024-03-16T16:00:00+00:00,2024-03-22T01:00:00+00:00,2024-03-16T17:00:00+01:00,2024-03-22T02:00:00+01:00,2024-03-18,16,2024-03-18T16:00:00+01:00,2024-03-18T17:00:00+01:00,True,1.0,57.74,105.52424556742966,105.52424556742966,105.52424556742966,7838.0,7838.0,0.0,0.0,100.0,0.19472916104021465,False
G060,generation,avail_gen_mw,1172.0,2024-03-16T16:00:00+00:00,2024-03-22T01:00:00+00:00,2024-03-16T17:00:00+01:00,2024-03-22T02:00:00+01:00,2024-03-18,17,2024-03-18T17:00:00+01:00,2024-03-18T18:00:00+01:00,True,1.0,66.1,131.359581253613,131.35958125361302,131.35958125361302,7838.0,7838.0,0.0,0.0,100.0,0.20946106697039113,False
G060,generation,avail_gen_mw,1172.0,2024-03-16T16:00:00+00:00,2024-03-22T01:00:00+00:00,2024-03-16T17:00:00+01:00,2024-03-22T02:00:00+01:00,2024-03-18,18,2024-03-18T18:00:00+01:00,2024-03-18T19:00:00+01:00,True,1.0,74.46,146.46271590043523,146.46271590043523,146.46271590043523,7838.0,7838.0,0.0,0.0,100.0,0.3300156989336358,False
G060,generation,avail_gen_mw,1172.0,2024-03-16T16:00:00+00:00,2024-03-22T01:00:00+00:00,2024-03-16T17:00:00+01:00,2024-03-22T02:00:00+01:00,2024-03-18,19,2024-03-18T19:00:00+01:00,2024-03-18T20:00:00+01:00,True,1.0,60.24,138.59034687451026,138.59034687451026,138.59034687451026,7838.0,7838.0,0.0,0.0,100.0,0.5013785108456545,False
G060,generation,avail_gen_mw,1172.0,2024-03-16T16:00:00+00:00,2024-03-22T01:00:00+00:00,2024-03-16T17:00:00+01:00,2024-03-22T02:00:00+01:00,2024-03-18,20,2024-03-18T20:00:00+01:00,2024-03-18T21:00:00+01:00,True,1.0,59.91,116.31254950662544,116.31254950662543,116.31254950662543,7838.0,7838.0,0.0,0.0,100.0,0.7117982346816518,False
G060,generation,avail_gen_mw,1172.0,2024-03-16T16:00:00+00:00,2024-03-22T01:00:00+00:00,2024-03-16T17:00:00+01:00,2024-03-22T02:00:00+01:00,2024-03-18,21,2024-03-18T21:00:00+01:00,2024-03-18T22:00:00+01:00,True,1.0,57.56,96.60258847399383,96.60258847399382,96.60258847399382,7838.0,7838.0,0.0,0.0,100.0,0.45067595713109654,False
G060,generation,avail_gen_mw,1172.0,2024-03-16T16:00:00+00:00,2024-03-22T01:00:00+00:00,2024-03-16T17:00:00+01:00,2024-03-22T02:00:00+01:00,2024-03-18,22,2024-03-18T22:00:00+01:00,2024-03-18T23:00:00+01:00,True,1.0,56.83,81.04068400515618,81.04068400515618,81.04068400515618,7838.0,7838.0,0.0,0.0,100.0,0.23804357261056452,False
G060,generation,avail_gen_mw,1172.0,2024-03-16T16:00:00+00:00,2024-03-22T01:00:00+00:00,2024-03-16T17:00:00+01:00,2024-03-22T02:00:00+01:00,2024-03-18,23,2024-03-18T23:00:00+01:00,2024-03-19T00:00:00+01:00,True,1.0,44.31,69.04292048458635,69.04292048458635,69.04292048458635,7838.0,7838.0,0.0,0.0,100.0,0.30559231298509815,False
G060,generation,avail_gen_mw,1172.0,2024-03-16T16:00:00+00:00,2024-03-22T01:00:00+00:00,2024-03-16T17:00:00+01:00,2024-03-22T02:00:00+01:00,2024-03-19,0,2024-03-19T00:00:00+01:00,2024-03-19T01:00:00+01:00,True,1.0,42.4,44.947476543064894,44.947476543064894,44.947476543064894,7838.0,7838.0,0.0,0.0,100.0,-0.038268176288880795,False
G060,generation,avail_gen_mw,1172.0,2024-03-16T16:00:00+00:00,2024-03-22T01:00:00+00:00,2024-03-16T17:00:00+01:00,2024-03-22T02:00:00+01:00,2024-03-19,1,2024-03-19T01:00:00+01:00,2024-03-19T02:00:00+01:00,True,1.0,43.08,40.14604726598728,40.14604726598728,40.14604726598728,7838.0,7838.0,0.0,0.0,100.0,0.10214401994513622,False
G060,generation,avail_gen_mw,1172.0,2024-03-16T16:00:00+00:00,2024-03-22T01:00:00+00:00,2024-03-16T17:00:00+01:00,2024-03-22T02:00:00+01:00,2024-03-19,2,2024-03-19T02:00:00+01:00,2024-03-19T03:00:00+01:00,True,1.0,44.67,39.79632955513396,39.79632955513397,39.79632955513397,7838.0,7838.0,0.0,0.0,100.0,-0.3342329994761073,False
G060,generation,avail_gen_mw,1172.0,2024-03-16T16:00:00+00:00,2024-03-22T01:00:00+00:00,2024-03-16T17:00:00+01:00,2024-03-22T02:00:00+01:00,2024-03-19,3,2024-03-19T03:00:00+01:00,2024-03-19T04:00:00+01:00,True,1.0,45.99,43.822683247123315,43.82268324712331,43.82268324712331,7838.0,7838.0,0.0,0.0,100.0,-0.11450081241360976,False
G060,generation,avail_gen_mw,1172.0,2024-03-16T16:00:00+00:00,2024-03-22T01:00:00+00:00,2024-03-16T17:00:00+01:00,2024-03-22T02:00:00+01:00,2024-03-19,4,2024-03-19T04:00:00+01:00,2024-03-19T05:00:00+01:00,True,1.0,48.24,48.19745708247868,48.19745708247868,48.19745708247868,7838.0,7838.0,0.0,0.0,100.0,-0.0717092825885075,False
G060,generation,avail_gen_mw,1172.0,2024-03-16T16:00:00+00:00,2024-03-22T01:00:00+00:00,2024-03-16T17:00:00+01:00,2024-03-22T02:00:00+01:00,2024-03-19,5,2024-03-19T05:00:00+01:00,2024-03-19T06:00:00+01:00,True,1.0,54.95,60.14629158601453,60.14629158601453,60.14629158601453,7838.0,7838.0,0.0,0.0,100.0,0.055722353914660516,False
G060,generation,avail_gen_mw,1172.0,2024-03-16T16:00:00+00:00,2024-03-22T01:00:00+00:00,2024-03-16T17:00:00+01:00,2024-03-22T02:00:00+01:00,2024-03-19,6,2024-03-19T06:00:00+01:00,2024-03-19T07:00:00+01:00,True,1.0,59.09,78.56145697558044,78.56145697558046,78.56145697558046,7838.0,7838.0,0.0,0.0,100.0,0.0,False
G060,generation,avail_gen_mw,1172.0,2024-03-16T16:00:00+00:00,2024-03-22T01:00:00+00:00,2024-03-16T17:00:00+01:00,2024-03-22T02:00:00+01:00,2024-03-19,7,2024-03-19T07:00:00+01:00,2024-03-19T08:00:00+01:00,True,1.0,91.04,102.39807925522037,102.39807925522037,102.39807925522037,7838.0,7838.0,0.0,0.0,100.0,0.0,False
G060,generation,avail_gen_mw,1172.0,2024-03-16T16:00:00+00:00,2024-03-22T01:00:00+00:00,2024-03-16T17:00:00+01:00,2024-03-22T02:00:00+01:00,2024-03-19,8,2024-03-19T08:00:00+01:00,2024-03-19T09:00:00+01:00,True,1.0,95.87,97.5554076637704,97.55540766377038,97.55540766377038,7838.0,7838.0,0.0,0.0,100.0,0.17407522079805915,False
G060,generation,avail_gen_mw,1172.0,2024-03-16T16:00:00+00:00,2024-03-22T01:00:00+00:00,2024-03-16T17:00:00+01:00,2024-03-22T02:00:00+01:00,2024-03-19,9,2024-03-19T09:00:00+01:00,2024-03-19T10:00:00+01:00,True,1.0,72.02,85.7782887834016,85.77828878340162,85.77828878340162,7838.0,7838.0,0.0,0.0,100.0,0.16631507623678488,False
G060,generation,avail_gen_mw,1172.0,2024-03-16T16:00:00+00:00,2024-03-22T01:00:00+00:00,2024-03-16T17:00:00+01:00,2024-03-22T02:00:00+01:00,2024-03-19,10,2024-03-19T10:00:00+01:00,2024-03-19T11:00:00+01:00,True,1.0,64.15,74.55989949696378,74.5598994969638,74.5598994969638,7838.0,7838.0,0.0,0.0,100.0,0.20052866243194956,False
G060,generation,avail_gen_mw,1172.0,2024-03-16T16:00:00+00:00,2024-03-22T01:00:00+00:00,2024-03-16T17:00:00+01:00,2024-03-22T02:00:00+01:00,2024-03-19,11,2024-03-19T11:00:00+01:00,2024-03-19T12:00:00+01:00,True,1.0,57.41,66.4506970988848,66.4506970988848,66.4506970988848,7838.0,7838.0,0.0,0.0,100.0,0.0902943203375628,False
G060,generation,avail_gen_mw,1172.0,2024-03-16T16:00:00+00:00,2024-03-22T01:00:00+00:00,2024-03-16T17:00:00+01:00,2024-03-22T02:00:00+01:00,2024-03-19,12,2024-03-19T12:00:00+01:00,2024-03-19T13:00:00+01:00,True,1.0,54.47,56.19762345397557,56.19762345397555,56.19762345397555,7838.0,7838.0,0.0,0.0,100.0,0.0,False
G060,generation,avail_gen_mw,1172.0,2024-03-16T16:00:00+00:00,2024-03-22T01:00:00+00:00,2024-03-16T17:00:00+01:00,2024-03-22T02:00:00+01:00,2024-03-19,13,2024-03-19T13:00:00+01:00,2024-03-19T14:00:00+01:00,True,1.0,54.96,47.60947449620316,47.60947449620318,47.60947449620318,7838.0,7838.0,0.0,0.0,100.0,0.1663700895744924,False
G060,generation,avail_gen_mw,1172.0,2024-03-16T16:00:00+00:00,2024-03-22T01:00:00+00:00,2024-03-16T17:00:00+01:00,2024-03-22T02:00:00+01:00,2024-03-19,14,2024-03-19T14:00:00+01:00,2024-03-19T15:00:00+01:00,True,1.0,56.24,49.13763808542106,49.13763808542105,49.13763808542105,7838.0,7838.0,0.0,0.0,100.0,0.0,False
G060,generation,avail_gen_mw,1172.0,2024-03-16T16:00:00+00:00,2024-03-22T01:00:00+00:00,2024-03-16T17:00:00+01:00,2024-03-22T02:00:00+01:00,2024-03-19,15,2024-03-19T15:00:00+01:00,2024-03-19T16:00:00+01:00,True,1.0,58.27,48.60408116272175,48.604081162721755,48.604081162721755,7838.0,7838.0,0.0,0.0,100.0,0.27725631362142167,False
G060,generation,avail_gen_mw,1172.0,2024-03-16T16:00:00+00:00,2024-03-22T01:00:00+00:00,2024-03-16T17:00:00+01:00,2024-03-22T02:00:00+01:00,2024-03-19,16,2024-03-19T16:00:00+01:00,2024-03-19T17:00:00+01:00,True,1.0,62.37,55.394106850344144,55.394106850344144,55.394106850344144,7838.0,7838.0,0.0,0.0,100.0,0.20082016128789348,False
G060,generation,avail_gen_mw,1172.0,2024-03-16T16:00:00+00:00,2024-03-22T01:00:00+00:00,2024-03-16T17:00:00+01:00,2024-03-22T02:00:00+01:00,2024-03-19,17,2024-03-19T17:00:00+01:00,2024-03-19T18:00:00+01:00,True,1.0,68.7,70.7374710946163,70.7374710946163,70.7374710946163,7838.0,7838.0,0.0,0.0,100.0,0.12309178856470737,False
G060,generation,avail_gen_mw,1172.0,2024-03-16T16:00:00+00:00,2024-03-22T01:00:00+00:00,2024-03-16T17:00:00+01:00,2024-03-22T02:00:00+01:00,2024-03-19,18,2024-03-19T18:00:00+01:00,2024-03-19T19:00:00+01:00,True,1.0,66.24,72.85613536007064,72.85613536007064,72.85613536007064,7838.0,7838.0,0.0,0.0,100.0,0.18390689837005425,False
G060,generation,avail_gen_mw,1172.0,2024-03-16T16:00:00+00:00,2024-03-22T01:00:00+00:00,2024-03-16T17:00:00+01:00,2024-03-22T02:00:00+01:00,2024-03-19,19,2024-03-19T19:00:00+01:00,2024-03-19T20:00:00+01:00,True,1.0,59.16,66.17237679304503,66.17237679304503,66.17237679304503,7838.0,7838.0,0.0,0.0,100.0,0.3213809652832822,False
G060,generation,avail_gen_mw,1172.0,2024-03-16T16:00:00+00:00,2024-03-22T01:00:00+00:00,2024-03-16T17:00:00+01:00,2024-03-22T02:00:00+01:00,2024-03-19,20,2024-03-19T20:00:00+01:00,2024-03-19T21:00:00+01:00,True,1.0,57.52,56.877135755902145,56.87713575590217,56.87713575590217,7838.0,7838.0,0.0,0.0,100.0,0.49970785240349613,False
G060,generation,avail_gen_mw,1172.0,2024-03-16T16:00:00+00:00,2024-03-22T01:00:00+00:00,2024-03-16T17:00:00+01:00,2024-03-22T02:00:00+01:00,2024-03-19,21,2024-03-19T21:00:00+01:00,2024-03-19T22:00:00+01:00,True,1.0,49.38,47.84066265634872,47.84066265634872,47.84066265634872,7838.0,7838.0,0.0,0.0,100.0,0.3380873038154917,False
G060,generation,avail_gen_mw,1172.0,2024-03-16T16:00:00+00:00,2024-03-22T01:00:00+00:00,2024-03-16T17:00:00+01:00,2024-03-22T02:00:00+01:00,2024-03-19,22,2024-03-19T22:00:00+01:00,2024-03-19T23:00:00+01:00,True,1.0,45.93,41.43954192111761,41.43954192111761,41.43954192111761,7838.0,7838.0,0.0,0.0,100.0,0.1173915645108039,False
G060,generation,avail_gen_mw,1172.0,2024-03-16T16:00:00+00:00,2024-03-22T01:00:00+00:00,2024-03-16T17:00:00+01:00,2024-03-22T02:00:00+01:00,2024-03-19,23,2024-03-19T23:00:00+01:00,2024-03-20T00:00:00+01:00,True,1.0,42.57,32.778918794939486,32.778918794939486,32.778918794939486,7838.0,7838.0,0.0,0.0,100.0,0.146813917263529,False
G060,generation,avail_gen_mw,1172.0,2024-03-16T16:00:00+00:00,2024-03-22T01:00:00+00:00,2024-03-16T17:00:00+01:00,2024-03-22T02:00:00+01:00,2024-03-20,0,2024-03-20T00:00:00+01:00,2024-03-20T01:00:00+01:00,True,1.0,46.05,41.589475614701165,41.589475614701165,41.589475614701165,7838.0,7838.0,0.0,0.0,100.0,-0.0777278043382168,False
G060,generation,avail_gen_mw,1172.0,2024-03-16T16:00:00+00:00,2024-03-22T01:00:00+00:00,2024-03-16T17:00:00+01:00,2024-03-22T02:00:00+01:00,2024-03-20,1,2024-03-20T01:00:00+01:00,2024-03-20T02:00:00+01:00,True,1.0,45.94,41.482026016674155,41.482026016674155,41.482026016674155,7838.0,7838.0,0.0,0.0,100.0,0.12004335961487556,False
G060,generation,avail_gen_mw,1172.0,2024-03-16T16:00:00+00:00,2024-03-22T01:00:00+00:00,2024-03-16T17:00:00+01:00,2024-03-22T02:00:00+01:00,2024-03-20,2,2024-03-20T02:00:00+01:00,2024-03-20T03:00:00+01:00,True,1.0,46.62,42.80317976598033,42.80317976598033,42.80317976598033,7838.0,7838.0,0.0,0.0,100.0,-0.36591285551786257,False
G060,generation,avail_gen_mw,1172.0,2024-03-16T16:00:00+00:00,2024-03-22T01:00:00+00:00,2024-03-16T17:00:00+01:00,2024-03-22T02:00:00+01:00,2024-03-20,3,2024-03-20T03:00:00+01:00,2024-03-20T04:00:00+01:00,True,1.0,47.75,44.83800478195523,44.838004781955235,44.838004781955235,7838.0,7838.0,0.0,0.0,100.0,-0.16543940876718466,False
G060,generation,avail_gen_mw,1172.0,2024-03-16T16:00:00+00:00,2024-03-22T01:00:00+00:00,2024-03-16T17:00:00+01:00,2024-03-22T02:00:00+01:00,2024-03-20,4,2024-03-20T04:00:00+01:00,2024-03-20T05:00:00+01:00,True,1.0,50.15,47.88006351032041,47.88006351032041,47.88006351032041,7838.0,7838.0,0.0,0.0,100.0,-0.06254734470702772,False
G060,generation,avail_gen_mw,1172.0,2024-03-16T16:00:00+00:00,2024-03-22T01:00:00+00:00,2024-03-16T17:00:00+01:00,2024-03-22T02:00:00+01:00,2024-03-20,5,2024-03-20T05:00:00+01:00,2024-03-20T06:00:00+01:00,True,1.0,50.18,59.79267195286934,59.79267195286935,59.79267195286935,7838.0,7838.0,0.0,0.0,100.0,0.030449491442645638,False
G060,generation,avail_gen_mw,1172.0,2024-03-16T16:00:00+00:00,2024-03-22T01:00:00+00:00,2024-03-16T17:00:00+01:00,2024-03-22T02:00:00+01:00,2024-03-20,6,2024-03-20T06:00:00+01:00,2024-03-20T07:00:00+01:00,True,1.0,59.73,86.92750826334066,86.92750826334066,86.92750826334066,7838.0,7838.0,0.0,0.0,100.0,0.0,False
G060,generation,avail_gen_mw,1172.0,2024-03-16T16:00:00+00:00,2024-03-22T01:00:00+00:00,2024-03-16T17:00:00+01:00,2024-03-22T02:00:00+01:00,2024-03-20,7,2024-03-20T07:00:00+01:00,2024-03-20T08:00:00+01:00,True,1.0,111.95,110.88564279575532,110.88564279575536,110.88564279575536,7838.0,7838.0,0.0,0.0,100.0,0.0,False
G060,generation,avail_gen_mw,1172.0,2024-03-16T16:00:00+00:00,2024-03-22T01:00:00+00:00,2024-03-16T17:00:00+01:00,2024-03-22T02:00:00+01:00,2024-03-20,8,2024-03-20T08:00:00+01:00,2024-03-20T09:00:00+01:00,True,1.0,95.97,120.65891110017596,120.65891110017597,120.65891110017597,7838.0,7838.0,0.0,0.0,100.0,0.2018113808389046,False
G060,generation,avail_gen_mw,1172.0,2024-03-16T16:00:00+00:00,2024-03-22T01:00:00+00:00,2024-03-16T17:00:00+01:00,2024-03-22T02:00:00+01:00,2024-03-20,9,2024-03-20T09:00:00+01:00,2024-03-20T10:00:00+01:00,True,1.0,68.92,109.92079481238964,109.92079481238963,109.92079481238963,7838.0,7838.0,0.0,0.0,100.0,0.21053410309237108,False
G060,generation,avail_gen_mw,1172.0,2024-03-16T16:00:00+00:00,2024-03-22T01:00:00+00:00,2024-03-16T17:00:00+01:00,2024-03-22T02:00:00+01:00,2024-03-20,10,2024-03-20T10:00:00+01:00,2024-03-20T11:00:00+01:00,True,1.0,65.21,96.25565995216525,96.25565995216523,96.25565995216523,7838.0,7838.0,0.0,0.0,100.0,0.2513497787416412,False
G060,generation,avail_gen_mw,1172.0,2024-03-16T16:00:00+00:00,2024-03-22T01:00:00+00:00,2024-03-16T17:00:00+01:00,2024-03-22T02:00:00+01:00,2024-03-20,11,2024-03-20T11:00:00+01:00,2024-03-20T12:00:00+01:00,True,1.0,63.82,93.55957623805462,93.5595762380546,93.5595762380546,7838.0,7838.0,0.0,0.0,100.0,0.05045730944861759,False
G060,generation,avail_gen_mw,1172.0,2024-03-16T16:00:00+00:00,2024-03-22T01:00:00+00:00,2024-03-16T17:00:00+01:00,2024-03-22T02:00:00+01:00,2024-03-20,12,2024-03-20T12:00:00+01:00,2024-03-20T13:00:00+01:00,True,1.0,59.96,87.542996379503,87.542996379503,87.542996379503,7838.0,7838.0,0.0,0.0,100.0,0.0,False
G060,generation,avail_gen_mw,1172.0,2024-03-16T16:00:00+00:00,2024-03-22T01:00:00+00:00,2024-03-16T17:00:00+01:00,2024-03-22T02:00:00+01:00,2024-03-20,13,2024-03-20T13:00:00+01:00,2024-03-20T14:00:00+01:00,True,1.0,61.97,86.73835333233968,86.73835333233967,86.73835333233967,7838.0,7838.0,0.0,0.0,100.0,0.1755237478823517,False
G060,generation,avail_gen_mw,1172.0,2024-03-16T16:00:00+00:00,2024-03-22T01:00:00+00:00,2024-03-16T17:00:00+01:00,2024-03-22T02:00:00+01:00,2024-03-20,14,2024-03-20T14:00:00+01:00,2024-03-20T15:00:00+01:00,True,1.0,62.81,87.00092076417974,87.00092076417974,87.00092076417974,7838.0,7838.0,0.0,0.0,100.0,0.0,False
G060,generation,avail_gen_mw,1172.0,2024-03-16T16:00:00+00:00,2024-03-22T01:00:00+00:00,2024-03-16T17:00:00+01:00,2024-03-22T02:00:00+01:00,2024-03-20,15,2024-03-20T15:00:00+01:00,2024-03-20T16:00:00+01:00,True,1.0,68.13,83.44618338115032,83.44618338115032,83.44618338115032,7838.0,7838.0,0.0,0.0,100.0,0.06278653657759037,False
G060,generation,avail_gen_mw,1172.0,2024-03-16T16:00:00+00:00,2024-03-22T01:00:00+00:00,2024-03-16T17:00:00+01:00,2024-03-22T02:00:00+01:00,2024-03-20,16,2024-03-20T16:00:00+01:00,2024-03-20T17:00:00+01:00,True,1.0,73.52,93.01268959666676,93.01268959666675,93.01268959666675,7838.0,7838.0,0.0,0.0,100.0,0.22569814536751664,False
G060,generation,avail_gen_mw,1172.0,2024-03-16T16:00:00+00:00,2024-03-22T01:00:00+00:00,2024-03-16T17:00:00+01:00,2024-03-22T02:00:00+01:00,2024-03-20,17,2024-03-20T17:00:00+01:00,2024-03-20T18:00:00+01:00,True,1.0,112.29,105.6313927840806,105.63139278408057,105.63139278408057,7838.0,7838.0,0.0,0.0,100.0,0.08575834839781749,False
G060,generation,avail_gen_mw,1172.0,2024-03-16T16:00:00+00:00,2024-03-22T01:00:00+00:00,2024-03-16T17:00:00+01:00,2024-03-22T02:00:00+01:00,2024-03-20,18,2024-03-20T18:00:00+01:00,2024-03-20T19:00:00+01:00,True,1.0,158.48,111.59240244893708,111.59240244893707,111.59240244893707,7838.0,7838.0,0.0,0.0,100.0,0.19526109022343974,False
G060,generation,avail_gen_mw,1172.0,2024-03-16T16:00:00+00:00,2024-03-22T01:00:00+00:00,2024-03-16T17:00:00+01:00,2024-03-22T02:00:00+01:00,2024-03-20,19,2024-03-20T19:00:00+01:00,2024-03-20T20:00:00+01:00,True,1.0,98.1,107.71605177823706,107.71605177823707,107.71605177823707,7838.0,7838.0,0.0,0.0,100.0,0.3337816668659457,False
G060,generation,avail_gen_mw,1172.0,2024-03-16T16:00:00+00:00,2024-03-22T01:00:00+00:00,2024-03-16T17:00:00+01:00,2024-03-22T02:00:00+01:00,2024-03-20,20,2024-03-20T20:00:00+01:00,2024-03-20T21:00:00+01:00,True,1.0,65.02,95.74253312180248,95.74253312180247,95.74253312180247,7838.0,7838.0,0.0,0.0,100.0,0.5730881476030731,False
G060,generation,avail_gen_mw,1172.0,2024-03-16T16:00:00+00:00,2024-03-22T01:00:00+00:00,2024-03-16T17:00:00+01:00,2024-03-22T02:00:00+01:00,2024-03-20,21,2024-03-20T21:00:00+01:00,2024-03-20T22:00:00+01:00,True,1.0,61.19,85.20328299004092,85.20328299004092,85.20328299004092,7838.0,7838.0,0.0,0.0,100.0,0.3924813785098564,False
G060,generation,avail_gen_mw,1172.0,2024-03-16T16:00:00+00:00,2024-03-22T01:00:00+00:00,2024-03-16T17:00:00+01:00,2024-03-22T02:00:00+01:00,2024-03-20,22,2024-03-20T22:00:00+01:00,2024-03-20T23:00:00+01:00,True,1.0,59.31,79.04740181645892,79.04740181645892,79.04740181645892,7838.0,7838.0,0.0,0.0,100.0,0.14976364905476203,False
G060,generation,avail_gen_mw,1172.0,2024-03-16T16:00:00+00:00,2024-03-22T01:00:00+00:00,2024-03-16T17:00:00+01:00,2024-03-22T02:00:00+01:00,2024-03-20,23,2024-03-20T23:00:00+01:00,2024-03-21T00:00:00+01:00,True,1.0,58.09,59.511980319034606,59.511980319034606,59.511980319034606,7838.0,7838.0,0.0,0.0,100.0,0.20603679581084577,False
G060,generation,avail_gen_mw,1172.0,2024-03-16T16:00:00+00:00,2024-03-22T01:00:00+00:00,2024-03-16T17:00:00+01:00,2024-03-22T02:00:00+01:00,2024-03-21,0,2024-03-21T00:00:00+01:00,2024-03-21T01:00:00+01:00,True,1.0,59.41,64.395652980569,64.39565298056901,64.39565298056901,7838.0,7838.0,0.0,0.0,100.0,-0.09807092287915964,False
G060,generation,avail_gen_mw,1172.0,2024-03-16T16:00:00+00:00,2024-03-22T01:00:00+00:00,2024-03-16T17:00:00+01:00,2024-03-22T02:00:00+01:00,2024-03-21,1,2024-03-21T01:00:00+01:00,2024-03-21T02:00:00+01:00,True,1.0,58.83,65.61439099988267,65.61439099988267,65.61439099988267,7838.0,7838.0,0.0,0.0,100.0,0.21943310446425812,False
G060,generation,avail_gen_mw,1172.0,2024-03-16T16:00:00+00:00,2024-03-22T01:00:00+00:00,2024-03-16T17:00:00+01:00,2024-03-22T02:00:00+01:00,2024-03-21,2,2024-03-21T02:00:00+01:00,2024-03-21T03:00:00+01:00,True,1.0,58.02,64.61194953723326,64.61194953723327,64.61194953723327,7838.0,7838.0,0.0,0.0,100.0,-0.2533977667077778,False
G060,generation,avail_gen_mw,1172.0,2024-03-16T16:00:00+00:00,2024-03-22T01:00:00+00:00,2024-03-16T17:00:00+01:00,2024-03-22T02:00:00+01:00,2024-03-21,3,2024-03-21T03:00:00+01:00,2024-03-21T04:00:00+01:00,True,1.0,58.55,67.91520211210488,67.91520211210491,67.91520211210491,7838.0,7838.0,0.0,0.0,100.0,-0.2788149188561988,False
G060,generation,avail_gen_mw,1172.0,2024-03-16T16:00:00+00:00,2024-03-22T01:00:00+00:00,2024-03-16T17:00:00+01:00,2024-03-22T02:00:00+01:00,2024-03-21,4,2024-03-21T04:00:00+01:00,2024-03-21T05:00:00+01:00,True,1.0,59.03,73.9730685300778,73.9730685300778,73.9730685300778,7838.0,7838.0,0.0,0.0,100.0,-0.1578696195006586,False
G060,generation,avail_gen_mw,1172.0,2024-03-16T16:00:00+00:00,2024-03-22T01:00:00+00:00,2024-03-16T17:00:00+01:00,2024-03-22T02:00:00+01:00,2024-03-21,5,2024-03-21T05:00:00+01:00,2024-03-21T06:00:00+01:00,True,1.0,61.01,79.98133197612202,79.98133197612204,79.98133197612204,7838.0,7838.0,0.0,0.0,100.0,0.16560531997400574,False
G060,generation,avail_gen_mw,1172.0,2024-03-16T16:00:00+00:00,2024-03-22T01:00:00+00:00,2024-03-16T17:00:00+01:00,2024-03-22T02:00:00+01:00,2024-03-21,6,2024-03-21T06:00:00+01:00,2024-03-21T07:00:00+01:00,True,1.0,81.0,99.82256387042722,99.82256387042722,99.82256387042722,7838.0,7838.0,0.0,0.0,100.0,0.0,False
G060,generation,avail_gen_mw,1172.0,2024-03-16T16:00:00+00:00,2024-03-22T01:00:00+00:00,2024-03-16T17:00:00+01:00,2024-03-22T02:00:00+01:00,2024-03-21,7,2024-03-21T07:00:00+01:00,2024-03-21T08:00:00+01:00,True,1.0,98.21,140.69807897534622,140.69807897534622,140.69807897534622,7838.0,7838.0,0.0,0.0,100.0,0.0,False
G060,generation,avail_gen_mw,1172.0,2024-03-16T16:00:00+00:00,2024-03-22T01:00:00+00:00,2024-03-16T17:00:00+01:00,2024-03-22T02:00:00+01:00,2024-03-21,8,2024-03-21T08:00:00+01:00,2024-03-21T09:00:00+01:00,True,1.0,102.29,142.3994207485282,142.3994207485282,142.3994207485282,7838.0,7838.0,0.0,0.0,100.0,0.21762478637768368,False
G060,generation,avail_gen_mw,1172.0,2024-03-16T16:00:00+00:00,2024-03-22T01:00:00+00:00,2024-03-16T17:00:00+01:00,2024-03-22T02:00:00+01:00,2024-03-21,9,2024-03-21T09:00:00+01:00,2024-03-21T10:00:00+01:00,True,1.0,80.0,122.84958674914122,122.84958674914124,122.84958674914124,7838.0,7838.0,0.0,0.0,100.0,0.13880318520467938,False
G060,generation,avail_gen_mw,1172.0,2024-03-16T16:00:00+00:00,2024-03-22T01:00:00+00:00,2024-03-16T17:00:00+01:00,2024-03-22T02:00:00+01:00,2024-03-21,10,2024-03-21T10:00:00+01:00,2024-03-21T11:00:00+01:00,True,1.0,72.41,102.94035899506416,102.94035899506414,102.94035899506414,7838.0,7838.0,0.0,0.0,100.0,0.264245671002584,False
G060,generation,avail_gen_mw,1172.0,2024-03-16T16:00:00+00:00,2024-03-22T01:00:00+00:00,2024-03-16T17:00:00+01:00,2024-03-22T02:00:00+01:00,2024-03-21,11,2024-03-21T11:00:00+01:00,2024-03-21T12:00:00+01:00,True,1.0,66.4,86.98804031372278,86.98804031372278,86.98804031372278,7838.0,7838.0,0.0,0.0,100.0,0.0466152434255207,False
G060,generation,avail_gen_mw,1172.0,2024-03-16T16:00:00+00:00,2024-03-22T01:00:00+00:00,2024-03-16T17:00:00+01:00,2024-03-22T02:00:00+01:00,2024-03-21,12,2024-03-21T12:00:00+01:00,2024-03-21T13:00:00+01:00,True,1.0,63.06,78.52949123647977,78.52949123647979,78.52949123647979,7838.0,7838.0,0.0,0.0,100.0,0.0,False
G060,generation,avail_gen_mw,1172.0,2024-03-16T16:00:00+00:00,2024-03-22T01:00:00+00:00,2024-03-16T17:00:00+01:00,2024-03-22T02:00:00+01:00,2024-03-21,13,2024-03-21T13:00:00+01:00,2024-03-21T14:00:00+01:00,True,1.0,59.64,83.30628292042913,83.30628292042914,83.30628292042914,7838.0,7838.0,0.0,0.0,100.0,0.44481088533828483,False
G060,generation,avail_gen_mw,1172.0,2024-03-16T16:00:00+00:00,2024-03-22T01:00:00+00:00,2024-03-16T17:00:00+01:00,2024-03-22T02:00:00+01:00,2024-03-21,14,2024-03-21T14:00:00+01:00,2024-03-21T15:00:00+01:00,True,1.0,65.24,79.48852907367164,79.48852907367166,79.48852907367166,7838.0,7838.0,0.0,0.0,100.0,0.0,False
G060,generation,avail_gen_mw,1172.0,2024-03-16T16:00:00+00:00,2024-03-22T01:00:00+00:00,2024-03-16T17:00:00+01:00,2024-03-22T02:00:00+01:00,2024-03-21,15,2024-03-21T15:00:00+01:00,2024-03-21T16:00:00+01:00,True,1.0,64.69,77.69451214707107,77.69451214707107,77.69451214707107,7838.0,7838.0,0.0,0.0,100.0,0.1931480273002819,False
G060,generation,avail_gen_mw,1172.0,2024-03-16T16:00:00+00:00,2024-03-22T01:00:00+00:00,2024-03-16T17:00:00+01:00,2024-03-22T02:00:00+01:00,2024-03-21,16,2024-03-21T16:00:00+01:00,2024-03-21T17:00:00+01:00,True,1.0,75.27,81.57753127428822,81.57753127428823,81.57753127428823,7838.0,7838.0,0.0,0.0,100.0,0.21694103808474097,False
G060,generation,avail_gen_mw,1172.0,2024-03-16T16:00:00+00:00,2024-03-22T01:00:00+00:00,2024-03-16T17:00:00+01:00,2024-03-22T02:00:00+01:00,2024-03-21,17,2024-03-21T17:00:00+01:00,2024-03-21T18:00:00+01:00,True,1.0,100.9,97.41558437340971,97.41558437340971,97.41558437340971,7838.0,7838.0,0.0,0.0,100.0,0.09093458261456533,False
G060,generation,avail_gen_mw,1172.0,2024-03-16T16:00:00+00:00,2024-03-22T01:00:00+00:00,2024-03-16T17:00:00+01:00,2024-03-22T02:00:00+01:00,2024-03-21,18,2024-03-21T18:00:00+01:00,2024-03-21T19:00:00+01:00,True,1.0,127.13,97.07187880657516,97.07187880657519,97.07187880657519,7838.0,7838.0,0.0,0.0,100.0,0.30213930283007073,False
G060,generation,avail_gen_mw,1172.0,2024-03-16T16:00:00+00:00,2024-03-22T01:00:00+00:00,2024-03-16T17:00:00+01:00,2024-03-22T02:00:00+01:00,2024-03-21,19,2024-03-21T19:00:00+01:00,2024-03-21T20:00:00+01:00,True,1.0,120.69,78.59363190539206,78.59363190539206,78.59363190539206,7838.0,7838.0,0.0,0.0,100.0,0.32850752737027733,False
G060,generation,avail_gen_mw,1172.0,2024-03-16T16:00:00+00:00,2024-03-22T01:00:00+00:00,2024-03-16T17:00:00+01:00,2024-03-22T02:00:00+01:00,2024-03-21,20,2024-03-21T20:00:00+01:00,2024-03-21T21:00:00+01:00,True,1.0,81.91,63.24047373739016,63.24047373739017,63.24047373739017,7838.0,7838.0,0.0,0.0,100.0,0.45385251423520856,False
G060,generation,avail_gen_mw,1172.0,2024-03-16T16:00:00+00:00,2024-03-22T01:00:00+00:00,2024-03-16T17:00:00+01:00,2024-03-22T02:00:00+01:00,2024-03-21,21,2024-03-21T21:00:00+01:00,2024-03-21T22:00:00+01:00,True,1.0,61.49,47.27541453495943,47.27541453495943,47.27541453495943,7838.0,7838.0,0.0,0.0,100.0,0.32760864111374843,False
G060,generation,avail_gen_mw,1172.0,2024-03-16T16:00:00+00:00,2024-03-22T01:00:00+00:00,2024-03-16T17:00:00+01:00,2024-03-22T02:00:00+01:00,2024-03-21,22,2024-03-21T22:00:00+01:00,2024-03-21T23:00:00+01:00,True,1.0,59.52,41.98346787970118,41.98346787970118,41.98346787970118,7838.0,7838.0,0.0,0.0,100.0,0.22573048744853708,False
G060,generation,avail_gen_mw,1172.0,2024-03-16T16:00:00+00:00,2024-03-22T01:00:00+00:00,2024-03-16T17:00:00+01:00,2024-03-22T02:00:00+01:00,2024-03-21,23,2024-03-21T23:00:00+01:00,2024-03-22T00:00:00+01:00,True,1.0,41.02,36.68699518891135,36.68699518891135,36.68699518891135,7838.0,7838.0,0.0,0.0,100.0,0.1323747215695974,False
G060,generation,avail_gen_mw,1172.0,2024-03-16T16:00:00+00:00,2024-03-22T01:00:00+00:00,2024-03-16T17:00:00+01:00,2024-03-22T02:00:00+01:00,2024-03-22,0,2024-03-22T00:00:00+01:00,2024-03-22T01:00:00+01:00,True,1.0,37.68,38.79705025353503,38.797050253535026,39.40911622065913,7838.0,7838.0,0.0,0.6120659671241029,100.0,-0.04959725807579929,False
G060,generation,avail_gen_mw,1172.0,2024-03-16T16:00:00+00:00,2024-03-22T01:00:00+00:00,2024-03-16T17:00:00+01:00,2024-03-22T02:00:00+01:00,2024-03-22,1,2024-03-22T01:00:00+01:00,2024-03-22T02:00:00+01:00,True,1.0,34.26,32.95131590129819,32.95131590129817,31.50435740344294,7838.0,7838.0,0.0,-1.4469584978552348,100.0,0.11913389688331222,False
G060,generation,avail_gen_mw,1172.0,2024-03-16T16:00:00+00:00,2024-03-22T01:00:00+00:00,2024-03-16T17:00:00+01:00,2024-03-22T02:00:00+01:00,2024-03-22,2,2024-03-22T02:00:00+01:00,2024-03-22T03:00:00+01:00,False,0.0,32.24,31.73734244901016,31.737342449010164,33.99674007068508,7838.0,9010.0,1172.0,2.259397621674914,100.0,-0.1777646794972405,True
G060,generation,avail_gen_mw,1172.0,2024-03-16T16:00:00+00:00,2024-03-22T01:00:00+00:00,2024-03-16T17:00:00+01:00,2024-03-22T02:00:00+01:00,2024-03-22,3,2024-03-22T03:00:00+01:00,2024-03-22T04:00:00+01:00,False,0.0,28.92,29.702068364727577,29.70206836472758,30.315743442639974,7838.0,9010.0,1172.0,0.6136750779123936,100.0,-0.048429879148248034,True
G060,generation,avail_gen_mw,1172.0,2024-03-16T16:00:00+00:00,2024-03-22T01:00:00+00:00,2024-03-16T17:00:00+01:00,2024-03-22T02:00:00+01:00,2024-03-22,4,2024-03-22T04:00:00+01:00,2024-03-22T05:00:00+01:00,False,0.0,31.92,29.204111769314043,29.204111769314036,29.566986907132396,7838.0,9010.0,1172.0,0.3628751378183601,100.0,-0.028672298242110372,True
G060,generation,avail_gen_mw,1172.0,2024-03-16T16:00:00+00:00,2024-03-22T01:00:00+00:00,2024-03-16T17:00:00+01:00,2024-03-22T02:00:00+01:00,2024-03-22,5,2024-03-22T05:00:00+01:00,2024-03-22T06:00:00+01:00,False,0.0,36.94,31.20550854212248,31.205508542122477,30.044055178213284,7838.0,9010.0,1172.0,-1.1614533639091924,100.0,0.09497624345217659,True
G060,generation,avail_gen_mw,1172.0,2024-03-16T16:00:00+00:00,2024-03-22T01:00:00+00:00,2024-03-16T17:00:00+01:00,2024-03-22T02:00:00+01:00,2024-03-22,6,2024-03-22T06:00:00+01:00,2024-03-22T07:00:00+01:00,False,0.0,42.32,47.18706591676765,47.18706591676765,47.18706591676765,7838.0,9010.0,1172.0,0.0,100.0,0.0,True
G060,generation,avail_gen_mw,1172.0,2024-03-16T16:00:00+00:00,2024-03-22T01:00:00+00:00,2024-03-16T17:00:00+01:00,2024-03-22T02:00:00+01:00,2024-03-22,7,2024-03-22T07:00:00+01:00,2024-03-22T08:00:00+01:00,False,0.0,48.05,65.88601768084115,65.88601768084114,65.88601768084114,7838.0,9010.0,1172.0,0.0,100.0,0.0,True
G060,generation,avail_gen_mw,1172.0,2024-03-16T16:00:00+00:00,2024-03-22T01:00:00+00:00,2024-03-16T17:00:00+01:00,2024-03-22T02:00:00+01:00,2024-03-22,8,2024-03-22T08:00:00+01:00,2024-03-22T09:00:00+01:00,False,0.0,53.23,75.39455777770458,75.39455777770456,73.72261496698847,7838.0,9010.0,1172.0,-1.6719428107160894,100.0,0.1362273909157068,True
G060,generation,avail_gen_mw,1172.0,2024-03-16T16:00:00+00:00,2024-03-22T01:00:00+00:00,2024-03-16T17:00:00+01:00,2024-03-22T02:00:00+01:00,2024-03-22,9,2024-03-22T09:00:00+01:00,2024-03-22T10:00:00+01:00,False,0.0,54.97,61.06215690578078,61.062156905780796,61.905740345617104,7838.0,9010.0,1172.0,0.8435834398363085,100.0,0.11911415039771356,True
G060,generation,avail_gen_mw,1172.0,2024-03-16T16:00:00+00:00,2024-03-22T01:00:00+00:00,2024-03-16T17:00:00+01:00,2024-03-22T02:00:00+01:00,2024-03-22,10,2024-03-22T10:00:00+01:00,2024-03-22T11:00:00+01:00,False,0.0,51.28,42.491779432873905,42.49177943287391,46.50969850930049,7838.0,9010.0,1172.0,4.01791907642658,100.0,0.2689990448191253,True
G060,generation,avail_gen_mw,1172.0,2024-03-16T16:00:00+00:00,2024-03-22T01:00:00+00:00,2024-03-16T17:00:00+01:00,2024-03-22T02:00:00+01:00,2024-03-22,11,2024-03-22T11:00:00+01:00,2024-03-22T12:00:00+01:00,False,0.0,48.8,26.84464858577232,26.844648585772298,26.781879484605383,7838.0,9010.0,1172.0,-0.06276910116691425,100.0,0.007887069377325417,True
G060,generation,avail_gen_mw,1172.0,2024-03-16T16:00:00+00:00,2024-03-22T01:00:00+00:00,2024-03-16T17:00:00+01:00,2024-03-22T02:00:00+01:00,2024-03-22,12,2024-03-22T12:00:00+01:00,2024-03-22T13:00:00+01:00,False,0.0,48.6,27.40722995731094,27.407229957310932,27.407229957310932,7838.0,9010.0,1172.0,0.0,100.0,0.0,True
G060,generation,avail_gen_mw,1172.0,2024-03-16T16:00:00+00:00,2024-03-22T01:00:00+00:00,2024-03-16T17:00:00+01:00,2024-03-22T02:00:00+01:00,2024-03-22,13,2024-03-22T13:00:00+01:00,2024-03-22T14:00:00+01:00,False,0.0,50.26,14.436826990733962,14.436826990733984,11.63811062810899,7838.0,9010.0,1172.0,-2.798716362624994,100.0,0.22357034594848102,True
G060,generation,avail_gen_mw,1172.0,2024-03-16T16:00:00+00:00,2024-03-22T01:00:00+00:00,2024-03-16T17:00:00+01:00,2024-03-22T02:00:00+01:00,2024-03-22,14,2024-03-22T14:00:00+01:00,2024-03-22T15:00:00+01:00,False,0.0,48.75,13.853858802243655,13.853858802243664,13.853858802243664,7838.0,9010.0,1172.0,0.0,100.0,0.0,True
G060,generation,avail_gen_mw,1172.0,2024-03-16T16:00:00+00:00,2024-03-22T01:00:00+00:00,2024-03-16T17:00:00+01:00,2024-03-22T02:00:00+01:00,2024-03-22,15,2024-03-22T15:00:00+01:00,2024-03-22T16:00:00+01:00,False,0.0,49.81,12.0220037935943,12.022003793594294,8.72758412995072,7838.0,9010.0,1172.0,-3.2944196636435734,100.0,0.26271031758773233,True
G060,generation,avail_gen_mw,1172.0,2024-03-16T16:00:00+00:00,2024-03-22T01:00:00+00:00,2024-03-16T17:00:00+01:00,2024-03-22T02:00:00+01:00,2024-03-22,16,2024-03-22T16:00:00+01:00,2024-03-22T17:00:00+01:00,False,0.0,53.42,11.628276613621694,11.628276613621708,9.01315938991609,7838.0,9010.0,1172.0,-2.6151172237056173,100.0,0.20989162370899095,True
G060,generation,avail_gen_mw,1172.0,2024-03-16T16:00:00+00:00,2024-03-22T01:00:00+00:00,2024-03-16T17:00:00+01:00,2024-03-22T02:00:00+01:00,2024-03-22,17,2024-03-22T17:00:00+01:00,2024-03-22T18:00:00+01:00,False,0.0,58.03,15.906459585554146,15.906459585554117,13.129634840509041,7838.0,9010.0,1172.0,-2.776824745045076,100.0,0.22303909129875166,True
G060,generation,avail_gen_mw,1172.0,2024-03-16T16:00:00+00:00,2024-03-22T01:00:00+00:00,2024-03-16T17:00:00+01:00,2024-03-22T02:00:00+01:00,2024-03-22,18,2024-03-22T18:00:00+01:00,2024-03-22T19:00:00+01:00,False,0.0,59.51,22.021108912754457,22.021108912754435,17.4292564423572,7838.0,9010.0,1172.0,-4.591852470397235,100.0,0.36617988265492585,True
G060,generation,avail_gen_mw,1172.0,2024-03-16T16:00:00+00:00,2024-03-22T01:00:00+00:00,2024-03-16T17:00:00+01:00,2024-03-22T02:00:00+01:00,2024-03-22,19,2024-03-22T19:00:00+01:00,2024-03-22T20:00:00+01:00,False,0.0,59.73,12.618174135489596,12.618174135489596,4.467069500632633,7838.0,9010.0,1172.0,-8.151104634856964,100.0,0.621889194440044,True
G060,generation,avail_gen_mw,1172.0,2024-03-16T16:00:00+00:00,2024-03-22T01:00:00+00:00,2024-03-16T17:00:00+01:00,2024-03-22T02:00:00+01:00,2024-03-22,20,2024-03-22T20:00:00+01:00,2024-03-22T21:00:00+01:00,False,0.0,54.03,11.405672051859774,11.405672051859788,1.7750816570980135,7838.0,9010.0,1172.0,-9.630590394761775,100.0,0.7251035736908094,True
G060,generation,avail_gen_mw,1172.0,2024-03-16T16:00:00+00:00,2024-03-22T01:00:00+00:00,2024-03-16T17:00:00+01:00,2024-03-22T02:00:00+01:00,2024-03-22,21,2024-03-22T21:00:00+01:00,2024-03-22T22:00:00+01:00,False,0.0,50.64,6.7815014569679875,6.7815014569679875,-0.7624612943837974,7838.0,9010.0,1172.0,-7.543962751351785,100.0,0.5728648443410478,True
G060,generation,avail_gen_mw,1172.0,2024-03-16T16:00:00+00:00,2024-03-22T01:00:00+00:00,2024-03-16T17:00:00+01:00,2024-03-22T02:00:00+01:00,2024-03-22,22,2024-03-22T22:00:00+01:00,2024-03-22T23:00:00+01:00,False,0.0,49.48,18.64762401446353,18.647624014463524,16.01803787259683,7838.0,9010.0,1172.0,-2.6295861418666924,100.0,0.20489957303045614,True
G060,generation,avail_gen_mw,1172.0,2024-03-16T16:00:00+00:00,2024-03-22T01:00:00+00:00,2024-03-16T17:00:00+01:00,2024-03-22T02:00:00+01:00,2024-03-22,23,2024-03-22T23:00:00+01:00,2024-03-23T00:00:00+01:00,False,0.0,46.58,20.38634134981831,20.386341349818313,18.624533832171682,7838.0,9010.0,1172.0,-1.7618075176466306,100.0,0.13958866937718284,True
G074,generation,avail_gen_mw,1172.0,2025-02-05T17:00:00+00:00,2025-02-08T03:00:00+00:00,2025-02-05T18:00:00+01:00,2025-02-08T04:00:00+01:00,2025-02-05,0,2025-02-05T00:00:00+01:00,2025-02-05T01:00:00+01:00,False,0.0,24.58,20.393029855975783,20.393029855975783,20.765855356254704,8819.0,8819.0,0.0,0.37282550027892114,100.0,-0.22112054003841308,False
G074,generation,avail_gen_mw,1172.0,2025-02-05T17:00:00+00:00,2025-02-08T03:00:00+00:00,2025-02-05T18:00:00+01:00,2025-02-08T04:00:00+01:00,2025-02-05,1,2025-02-05T01:00:00+01:00,2025-02-05T02:00:00+01:00,False,0.0,24.01,19.441513764687468,19.441513764687468,19.441513764687468,8819.0,8819.0,0.0,0.0,100.0,-0.10022734800321231,False
G074,generation,avail_gen_mw,1172.0,2025-02-05T17:00:00+00:00,2025-02-08T03:00:00+00:00,2025-02-05T18:00:00+01:00,2025-02-08T04:00:00+01:00,2025-02-05,2,2025-02-05T02:00:00+01:00,2025-02-05T03:00:00+01:00,False,0.0,3.44,18.55140338539829,18.551403385398284,18.551403385398284,8819.0,8819.0,0.0,0.0,100.0,-0.1530219895928262,False
G074,generation,avail_gen_mw,1172.0,2025-02-05T17:00:00+00:00,2025-02-08T03:00:00+00:00,2025-02-05T18:00:00+01:00,2025-02-08T04:00:00+01:00,2025-02-05,3,2025-02-05T03:00:00+01:00,2025-02-05T04:00:00+01:00,False,0.0,2.75,18.047890979823308,18.047890979823308,18.047890979823308,8819.0,8819.0,0.0,0.0,100.0,-0.08868451997765447,False
G074,generation,avail_gen_mw,1172.0,2025-02-05T17:00:00+00:00,2025-02-08T03:00:00+00:00,2025-02-05T18:00:00+01:00,2025-02-08T04:00:00+01:00,2025-02-05,4,2025-02-05T04:00:00+01:00,2025-02-05T05:00:00+01:00,False,0.0,3.0,18.178774937652953,18.178774937652957,18.178774937652957,8819.0,8819.0,0.0,0.0,100.0,-0.10324733375180273,False
G074,generation,avail_gen_mw,1172.0,2025-02-05T17:00:00+00:00,2025-02-08T03:00:00+00:00,2025-02-05T18:00:00+01:00,2025-02-08T04:00:00+01:00,2025-02-05,5,2025-02-05T05:00:00+01:00,2025-02-05T06:00:00+01:00,False,0.0,23.43,18.80965918714531,18.80965918714531,18.80965918714531,8819.0,8819.0,0.0,0.0,100.0,-0.03367770807372139,False
G074,generation,avail_gen_mw,1172.0,2025-02-05T17:00:00+00:00,2025-02-08T03:00:00+00:00,2025-02-05T18:00:00+01:00,2025-02-08T04:00:00+01:00,2025-02-05,6,2025-02-05T06:00:00+01:00,2025-02-05T07:00:00+01:00,False,0.0,26.17,26.396205811647736,26.396205811647732,26.396205811647732,8819.0,8819.0,0.0,0.0,100.0,-0.08791546159362795,False
G074,generation,avail_gen_mw,1172.0,2025-02-05T17:00:00+00:00,2025-02-08T03:00:00+00:00,2025-02-05T18:00:00+01:00,2025-02-08T04:00:00+01:00,2025-02-05,7,2025-02-05T07:00:00+01:00,2025-02-05T08:00:00+01:00,False,0.0,28.81,34.417079668183774,34.41707966818377,34.674293146773046,8819.0,8819.0,0.0,0.25721347858927857,100.0,0.027663480663946416,False
G074,generation,avail_gen_mw,1172.0,2025-02-05T17:00:00+00:00,2025-02-08T03:00:00+00:00,2025-02-05T18:00:00+01:00,2025-02-08T04:00:00+01:00,2025-02-05,8,2025-02-05T08:00:00+01:00,2025-02-05T09:00:00+01:00,False,0.0,29.61,36.81819817280409,36.81819817280408,37.42893858943545,8819.0,8819.0,0.0,0.6107404166313657,100.0,0.06580623123959839,False
G074,generation,avail_gen_mw,1172.0,2025-02-05T17:00:00+00:00,2025-02-08T03:00:00+00:00,2025-02-05T18:00:00+01:00,2025-02-08T04:00:00+01:00,2025-02-05,9,2025-02-05T09:00:00+01:00,2025-02-05T10:00:00+01:00,False,0.0,29.33,36.36958956162032,36.369589561620316,36.68496942643657,8819.0,8819.0,0.0,0.3153798648162507,100.0,0.03392859482399757,False
G074,generation,avail_gen_mw,1172.0,2025-02-05T17:00:00+00:00,2025-02-08T03:00:00+00:00,2025-02-05T18:00:00+01:00,2025-02-08T04:00:00+01:00,2025-02-05,10,2025-02-05T10:00:00+01:00,2025-02-05T11:00:00+01:00,False,0.0,29.25,36.9722948394088,36.97229483940881,37.4461563569361,8819.0,9291.0,472.0,0.4738615175272898,100.0,0.07288007777187033,True
G074,generation,avail_gen_mw,1172.0,2025-02-05T17:00:00+00:00,2025-02-08T03:00:00+00:00,2025-02-05T18:00:00+01:00,2025-02-08T04:00:00+01:00,2025-02-05,11,2025-02-05T11:00:00+01:00,2025-02-05T12:00:00+01:00,False,0.0,28.5,34.50579699659092,34.50579699659092,34.66032401921266,8819.0,8819.0,0.0,0.15452702262174256,100.0,0.016608064768028896,False
G074,generation,avail_gen_mw,1172.0,2025-02-05T17:00:00+00:00,2025-02-08T03:00:00+00:00,2025-02-05T18:00:00+01:00,2025-02-08T04:00:00+01:00,2025-02-05,12,2025-02-05T12:00:00+01:00,2025-02-05T13:00:00+01:00,False,0.0,27.99,33.215388199407954,33.215388199407954,33.215388199407954,8819.0,8819.0,0.0,0.0,100.0,0.0,False
G074,generation,avail_gen_mw,1172.0,2025-02-05T17:00:00+00:00,2025-02-08T03:00:00+00:00,2025-02-05T18:00:00+01:00,2025-02-08T04:00:00+01:00,2025-02-05,13,2025-02-05T13:00:00+01:00,2025-02-05T14:00:00+01:00,False,0.0,27.0,33.06991481408181,33.06991481408183,33.06991481408183,8819.0,8819.0,0.0,0.0,100.0,0.0,False
G074,generation,avail_gen_mw,1172.0,2025-02-05T17:00:00+00:00,2025-02-08T03:00:00+00:00,2025-02-05T18:00:00+01:00,2025-02-08T04:00:00+01:00,2025-02-05,14,2025-02-05T14:00:00+01:00,2025-02-05T15:00:00+01:00,False,0.0,26.81,34.687332722159525,34.687332722159525,34.687332722159525,8819.0,8819.0,0.0,0.0,100.0,0.0,False
G074,generation,avail_gen_mw,1172.0,2025-02-05T17:00:00+00:00,2025-02-08T03:00:00+00:00,2025-02-05T18:00:00+01:00,2025-02-08T04:00:00+01:00,2025-02-05,15,2025-02-05T15:00:00+01:00,2025-02-05T16:00:00+01:00,False,0.0,28.14,35.931931866558315,35.931931866558315,35.931931866558315,8819.0,8819.0,0.0,0.0,100.0,0.0,False
G074,generation,avail_gen_mw,1172.0,2025-02-05T17:00:00+00:00,2025-02-08T03:00:00+00:00,2025-02-05T18:00:00+01:00,2025-02-08T04:00:00+01:00,2025-02-05,16,2025-02-05T16:00:00+01:00,2025-02-05T17:00:00+01:00,False,0.0,32.97,37.53381683628984,37.53381683628983,37.780847571185845,8819.0,8819.0,0.0,0.2470307348960148,100.0,0.026811917834166366,False
G074,generation,avail_gen_mw,1172.0,2025-02-05T17:00:00+00:00,2025-02-08T03:00:00+00:00,2025-02-05T18:00:00+01:00,2025-02-08T04:00:00+01:00,2025-02-05,17,2025-02-05T17:00:00+01:00,2025-02-05T18:00:00+01:00,False,0.0,35.7,42.92255772454326,42.92255772454327,44.38305773897353,8819.0,8819.0,0.0,1.4605000144302593,100.0,0.1582604841477604,False
G074,generation,avail_gen_mw,1172.0,2025-02-05T17:00:00+00:00,2025-02-08T03:00:00+00:00,2025-02-05T18:00:00+01:00,2025-02-08T04:00:00+01:00,2025-02-05,18,2025-02-05T18:00:00+01:00,2025-02-05T19:00:00+01:00,True,1.0,36.49,45.871245652532394,45.871245652532394,47.59082116640414,8819.0,8119.0,-700.0,1.719575513871746,100.0,0.2170041414472763,True
G074,generation,avail_gen_mw,1172.0,2025-02-05T17:00:00+00:00,2025-02-08T03:00:00+00:00,2025-02-05T18:00:00+01:00,2025-02-08T04:00:00+01:00,2025-02-05,19,2025-02-05T19:00:00+01:00,2025-02-05T20:00:00+01:00,True,1.0,40.53,44.79630502527975,44.79630502527975,46.51796093604894,8819.0,8119.0,-700.0,1.7216559107691864,100.0,0.18526063376801005,True
G074,generation,avail_gen_mw,1172.0,2025-02-05T17:00:00+00:00,2025-02-08T03:00:00+00:00,2025-02-05T18:00:00+01:00,2025-02-08T04:00:00+01:00,2025-02-05,20,2025-02-05T20:00:00+01:00,2025-02-05T21:00:00+01:00,True,1.0,35.06,38.34773086202895,38.347730862028946,39.60451154077778,8819.0,8119.0,-700.0,1.2567806787488323,100.0,0.2623493526751517,True
G074,generation,avail_gen_mw,1172.0,2025-02-05T17:00:00+00:00,2025-02-08T03:00:00+00:00,2025-02-05T18:00:00+01:00,2025-02-08T04:00:00+01:00,2025-02-05,21,2025-02-05T21:00:00+01:00,2025-02-05T22:00:00+01:00,True,1.0,40.52,33.11765595279165,33.11765595279166,34.55412881475488,8819.0,8119.0,-700.0,1.4364728619632245,100.0,0.15581712419466953,True
G074,generation,avail_gen_mw,1172.0,2025-02-05T17:00:00+00:00,2025-02-08T03:00:00+00:00,2025-02-05T18:00:00+01:00,2025-02-08T04:00:00+01:00,2025-02-05,22,2025-02-05T22:00:00+01:00,2025-02-05T23:00:00+01:00,True,1.0,35.16,31.911715524915373,31.911715524915373,32.74194570333169,8819.0,8119.0,-700.0,0.8302301784163149,100.0,0.03917806130691659,True
G074,generation,avail_gen_mw,1172.0,2025-02-05T17:00:00+00:00,2025-02-08T03:00:00+00:00,2025-02-05T18:00:00+01:00,2025-02-08T04:00:00+01:00,2025-02-05,23,2025-02-05T23:00:00+01:00,2025-02-06T00:00:00+01:00,True,1.0,28.22,28.539445865733164,28.539445865733164,28.539445865733164,8819.0,8119.0,-700.0,0.0,100.0,0.0,True
G074,generation,avail_gen_mw,1172.0,2025-02-05T17:00:00+00:00,2025-02-08T03:00:00+00:00,2025-02-05T18:00:00+01:00,2025-02-08T04:00:00+01:00,2025-02-06,0,2025-02-06T00:00:00+01:00,2025-02-06T01:00:00+01:00,True,1.0,27.89,28.77330798194132,28.77330798194132,26.714462945001998,8819.0,8119.0,-700.0,-2.0588450369393207,100.0,-0.22779558448523218,True
G074,generation,avail_gen_mw,1172.0,2025-02-05T17:00:00+00:00,2025-02-08T03:00:00+00:00,2025-02-05T18:00:00+01:00,2025-02-08T04:00:00+01:00,2025-02-06,1,2025-02-06T01:00:00+01:00,2025-02-06T02:00:00+01:00,True,1.0,27.64,27.768376996144305,27.768376996144298,26.226781161357643,8819.0,8119.0,-700.0,-1.541595834786655,100.0,-0.16998843523324325,True
G074,generation,avail_gen_mw,1172.0,2025-02-05T17:00:00+00:00,2025-02-08T03:00:00+00:00,2025-02-05T18:00:00+01:00,2025-02-08T04:00:00+01:00,2025-02-06,2,2025-02-06T02:00:00+01:00,2025-02-06T03:00:00+01:00,True,1.0,27.7,26.589509367339012,26.58950936733901,25.444442970337533,8819.0,8119.0,-700.0,-1.1450663970014752,100.0,-0.12581874301382712,True
G074,generation,avail_gen_mw,1172.0,2025-02-05T17:00:00+00:00,2025-02-08T03:00:00+00:00,2025-02-05T18:00:00+01:00,2025-02-08T04:00:00+01:00,2025-02-06,3,2025-02-06T03:00:00+01:00,2025-02-06T04:00:00+01:00,True,1.0,27.79,26.097628033303263,26.097628033303263,25.18312934661554,8819.0,8119.0,-700.0,-0.9144986866877218,100.0,-0.10025758486575143,True
G074,generation,avail_gen_mw,1172.0,2025-02-05T17:00:00+00:00,2025-02-08T03:00:00+00:00,2025-02-05T18:00:00+01:00,2025-02-08T04:00:00+01:00,2025-02-06,4,2025-02-06T04:00:00+01:00,2025-02-06T05:00:00+01:00,True,1.0,34.99,27.182355039228796,27.182355039228796,26.517026118521898,8819.0,8119.0,-700.0,-0.665328920706898,100.0,-0.07277946910500077,True
G074,generation,avail_gen_mw,1172.0,2025-02-05T17:00:00+00:00,2025-02-08T03:00:00+00:00,2025-02-05T18:00:00+01:00,2025-02-08T04:00:00+01:00,2025-02-06,5,2025-02-06T05:00:00+01:00,2025-02-06T06:00:00+01:00,True,1.0,52.19,32.25446073962242,32.25446073962242,32.0149956174009,8819.0,8119.0,-700.0,-0.2394651222215174,100.0,-0.02618296214230753,True
G074,generation,avail_gen_mw,1172.0,2025-02-05T17:00:00+00:00,2025-02-08T03:00:00+00:00,2025-02-05T18:00:00+01:00,2025-02-08T04:00:00+01:00,2025-02-06,6,2025-02-06T06:00:00+01:00,2025-02-06T07:00:00+01:00,True,1.0,70.25,45.611848715396576,45.611848715396576,44.66689660983684,8819.0,8119.0,-700.0,-0.9449521055597359,100.0,-0.103663923034361,True
G074,generation,avail_gen_mw,1172.0,2025-02-05T17:00:00+00:00,2025-02-08T03:00:00+00:00,2025-02-05T18:00:00+01:00,2025-02-08T04:00:00+01:00,2025-02-06,7,2025-02-06T07:00:00+01:00,2025-02-06T08:00:00+01:00,True,1.0,149.7,62.20908819054323,62.2090881905432,62.54949022024601,8819.0,8119.0,-700.0,0.3404020297028083,100.0,0.03647805851744579,True
G074,generation,avail_gen_mw,1172.0,2025-02-05T17:00:00+00:00,2025-02-08T03:00:00+00:00,2025-02-05T18:00:00+01:00,2025-02-08T04:00:00+01:00,2025-02-06,8,2025-02-06T08:00:00+01:00,2025-02-06T09:00:00+01:00,True,1.0,200.06,71.03565865423462,71.03565865423462,71.73575247799673,8819.0,8119.0,-700.0,0.7000938237621028,100.0,0.07484808272070609,True
G074,generation,avail_gen_mw,1172.0,2025-02-05T17:00:00+00:00,2025-02-08T03:00:00+00:00,2025-02-05T18:00:00+01:00,2025-02-08T04:00:00+01:00,2025-02-06,9,2025-02-06T09:00:00+01:00,2025-02-06T10:00:00+01:00,True,1.0,177.56,71.86539366285581,71.86539366285581,72.51843508014147,8819.0,8119.0,-700.0,0.6530414172856638,100.0,0.0698156564548924,True
G074,generation,avail_gen_mw,1172.0,2025-02-05T17:00:00+00:00,2025-02-08T03:00:00+00:00,2025-02-05T18:00:00+01:00,2025-02-08T04:00:00+01:00,2025-02-06,10,2025-02-06T10:00:00+01:00,2025-02-06T11:00:00+01:00,True,1.0,157.84,71.30977814082516,71.30977814082514,72.34856429058547,8819.0,8119.0,-700.0,1.0387861497603268,100.0,0.11140505054559924,True
G074,generation,avail_gen_mw,1172.0,2025-02-05T17:00:00+00:00,2025-02-08T03:00:00+00:00,2025-02-05T18:00:00+01:00,2025-02-08T04:00:00+01:00,2025-02-06,11,2025-02-06T11:00:00+01:00,2025-02-06T12:00:00+01:00,True,1.0,122.53,67.20227168264677,67.20227168264677,67.41853755267752,8819.0,8119.0,-700.0,0.21626587003075315,100.0,0.023200012625139266,True
G074,generation,avail_gen_mw,1172.0,2025-02-05T17:00:00+00:00,2025-02-08T03:00:00+00:00,2025-02-05T18:00:00+01:00,2025-02-08T04:00:00+01:00,2025-02-06,12,2025-02-06T12:00:00+01:00,2025-02-06T13:00:00+01:00,True,1.0,95.33,62.81022954715189,62.81022954715189,62.81022954715189,8819.0,8119.0,-700.0,0.0,100.0,0.0,True
G074,generation,avail_gen_mw,1172.0,2025-02-05T17:00:00+00:00,2025-02-08T03:00:00+00:00,2025-02-05T18:00:00+01:00,2025-02-08T04:00:00+01:00,2025-02-06,13,2025-02-06T13:00:00+01:00,2025-02-06T14:00:00+01:00,True,1.0,80.55,60.50490613569907,60.50490613569907,60.50490613569907,8819.0,8119.0,-700.0,0.0,100.0,0.0,True
G074,generation,avail_gen_mw,1172.0,2025-02-05T17:00:00+00:00,2025-02-08T03:00:00+00:00,2025-02-05T18:00:00+01:00,2025-02-08T04:00:00+01:00,2025-02-06,14,2025-02-06T14:00:00+01:00,2025-02-06T15:00:00+01:00,True,1.0,68.81,62.51058228696024,62.51058228696023,62.51058228696023,8819.0,8119.0,-700.0,0.0,100.0,0.0,True
G074,generation,avail_gen_mw,1172.0,2025-02-05T17:00:00+00:00,2025-02-08T03:00:00+00:00,2025-02-05T18:00:00+01:00,2025-02-08T04:00:00+01:00,2025-02-06,15,2025-02-06T15:00:00+01:00,2025-02-06T16:00:00+01:00,True,1.0,64.71,67.54456749179802,67.54456749179802,67.54456749179802,8819.0,8119.0,-700.0,0.0,100.0,0.0,True
G074,generation,avail_gen_mw,1172.0,2025-02-05T17:00:00+00:00,2025-02-08T03:00:00+00:00,2025-02-05T18:00:00+01:00,2025-02-08T04:00:00+01:00,2025-02-06,16,2025-02-06T16:00:00+01:00,2025-02-06T17:00:00+01:00,True,1.0,78.9,77.63448291340538,77.63448291340538,78.0674076254228,8819.0,8119.0,-700.0,0.43292471201742444,100.0,0.04685942294710799,True
G074,generation,avail_gen_mw,1172.0,2025-02-05T17:00:00+00:00,2025-02-08T03:00:00+00:00,2025-02-05T18:00:00+01:00,2025-02-08T04:00:00+01:00,2025-02-06,17,2025-02-06T17:00:00+01:00,2025-02-06T18:00:00+01:00,True,1.0,102.37,86.0988325915512,86.09883259155123,89.06843538191639,8819.0,8119.0,-700.0,2.9696027903651583,100.0,0.3156719243647501,True
G074,generation,avail_gen_mw,1172.0,2025-02-05T17:00:00+00:00,2025-02-08T03:00:00+00:00,2025-02-05T18:00:00+01:00,2025-02-08T04:00:00+01:00,2025-02-06,18,2025-02-06T18:00:00+01:00,2025-02-06T19:00:00+01:00,True,1.0,98.55,87.8725967542338,87.8725967542338,91.9291213351893,8819.0,8119.0,-700.0,4.056524580955497,100.0,0.4281180057148788,True
G074,generation,avail_gen_mw,1172.0,2025-02-05T17:00:00+00:00,2025-02-08T03:00:00+00:00,2025-02-05T18:00:00+01:00,2025-02-08T04:00:00+01:00,2025-02-06,19,2025-02-06T19:00:00+01:00,2025-02-06T20:00:00+01:00,True,1.0,83.75,83.58013878964869,83.58013878964869,86.82972086551948,8819.0,8119.0,-700.0,3.2495820758707907,100.0,0.3421421483071754,True
G074,generation,avail_gen_mw,1172.0,2025-02-05T17:00:00+00:00,2025-02-08T03:00:00+00:00,2025-02-05T18:00:00+01:00,2025-02-08T04:00:00+01:00,2025-02-06,20,2025-02-06T20:00:00+01:00,2025-02-06T21:00:00+01:00,True,1.0,69.91,72.06186902608273,72.06186902608273,76.91596605087976,8819.0,8119.0,-700.0,4.854097024797028,100.0,0.503022720174755,True
G074,generation,avail_gen_mw,1172.0,2025-02-05T17:00:00+00:00,2025-02-08T03:00:00+00:00,2025-02-05T18:00:00+01:00,2025-02-08T04:00:00+01:00,2025-02-06,21,2025-02-06T21:00:00+01:00,2025-02-06T22:00:00+01:00,True,1.0,56.83,63.09856408555389,63.0985640855539,65.63204473399831,8819.0,8119.0,-700.0,2.53348064844441,100.0,0.26585341902442394,True
G074,generation,avail_gen_mw,1172.0,2025-02-05T17:00:00+00:00,2025-02-08T03:00:00+00:00,2025-02-05T18:00:00+01:00,2025-02-08T04:00:00+01:00,2025-02-06,22,2025-02-06T22:00:00+01:00,2025-02-06T23:00:00+01:00,True,1.0,38.79,59.53957468589037,59.53957468589037,60.165628587552376,8819.0,8119.0,-700.0,0.6260539016620044,100.0,0.06752895578020457,True
G074,generation,avail_gen_mw,1172.0,2025-02-05T17:00:00+00:00,2025-02-08T03:00:00+00:00,2025-02-05T18:00:00+01:00,2025-02-08T04:00:00+01:00,2025-02-06,23,2025-02-06T23:00:00+01:00,2025-02-07T00:00:00+01:00,True,1.0,33.98,47.820716725785104,47.82071672578512,47.82071672578512,8819.0,8119.0,-700.0,0.0,100.0,0.0,True
G074,generation,avail_gen_mw,1172.0,2025-02-05T17:00:00+00:00,2025-02-08T03:00:00+00:00,2025-02-05T18:00:00+01:00,2025-02-08T04:00:00+01:00,2025-02-07,0,2025-02-07T00:00:00+01:00,2025-02-07T01:00:00+01:00,True,1.0,35.93,36.1627696507859,36.162769650785904,36.162769650785904,8119.0,8119.0,0.0,0.0,100.0,-0.46966266339511265,False
G074,generation,avail_gen_mw,1172.0,2025-02-05T17:00:00+00:00,2025-02-08T03:00:00+00:00,2025-02-05T18:00:00+01:00,2025-02-08T04:00:00+01:00,2025-02-07,1,2025-02-07T01:00:00+01:00,2025-02-07T02:00:00+01:00,True,1.0,33.88,33.78659938559706,33.78659938559706,33.78659938559706,8119.0,8119.0,0.0,0.0,100.0,-0.35620522576722635,False
G074,generation,avail_gen_mw,1172.0,2025-02-05T17:00:00+00:00,2025-02-08T03:00:00+00:00,2025-02-05T18:00:00+01:00,2025-02-08T04:00:00+01:00,2025-02-07,2,2025-02-07T02:00:00+01:00,2025-02-07T03:00:00+01:00,True,1.0,33.53,33.47901124029248,33.479011240292486,33.479011240292486,8119.0,8119.0,0.0,0.0,100.0,-0.3106228452505775,False
G074,generation,avail_gen_mw,1172.0,2025-02-05T17:00:00+00:00,2025-02-08T03:00:00+00:00,2025-02-05T18:00:00+01:00,2025-02-08T04:00:00+01:00,2025-02-07,3,2025-02-07T03:00:00+01:00,2025-02-07T04:00:00+01:00,True,1.0,33.26,32.205089250392824,32.20508925039282,32.20508925039282,8119.0,8119.0,0.0,0.0,100.0,-0.20875246697745453,False
G074,generation,avail_gen_mw,1172.0,2025-02-05T17:00:00+00:00,2025-02-08T03:00:00+00:00,2025-02-05T18:00:00+01:00,2025-02-08T04:00:00+01:00,2025-02-07,4,2025-02-07T04:00:00+01:00,2025-02-07T05:00:00+01:00,True,1.0,33.62,32.192453785659104,32.192453785659104,32.192453785659104,8119.0,8119.0,0.0,0.0,100.0,-0.1304616637653382,False
G074,generation,avail_gen_mw,1172.0,2025-02-05T17:00:00+00:00,2025-02-08T03:00:00+00:00,2025-02-05T18:00:00+01:00,2025-02-08T04:00:00+01:00,2025-02-07,5,2025-02-07T05:00:00+01:00,2025-02-07T06:00:00+01:00,True,1.0,35.55,38.16454226499014,38.164542264990146,38.164542264990146,8119.0,8119.0,0.0,0.0,100.0,0.0,False
G074,generation,avail_gen_mw,1172.0,2025-02-05T17:00:00+00:00,2025-02-08T03:00:00+00:00,2025-02-05T18:00:00+01:00,2025-02-08T04:00:00+01:00,2025-02-07,6,2025-02-07T06:00:00+01:00,2025-02-07T07:00:00+01:00,True,1.0,57.26,52.627373915686334,52.62737391568634,52.62737391568634,8119.0,8119.0,0.0,0.0,100.0,-0.1344028173785219,False
G074,generation,avail_gen_mw,1172.0,2025-02-05T17:00:00+00:00,2025-02-08T03:00:00+00:00,2025-02-05T18:00:00+01:00,2025-02-08T04:00:00+01:00,2025-02-07,7,2025-02-07T07:00:00+01:00,2025-02-07T08:00:00+01:00,True,1.0,72.15,94.1500113943372,94.15001139433721,94.15001139433721,8119.0,8119.0,0.0,0.0,100.0,0.1870350700432084,False
G074,generation,avail_gen_mw,1172.0,2025-02-05T17:00:00+00:00,2025-02-08T03:00:00+00:00,2025-02-05T18:00:00+01:00,2025-02-08T04:00:00+01:00,2025-02-07,8,2025-02-07T08:00:00+01:00,2025-02-07T09:00:00+01:00,True,1.0,83.96,114.71193879167365,114.71193879167362,114.71193879167362,8119.0,8119.0,0.0,0.0,100.0,0.25881032604181087,False
G074,generation,avail_gen_mw,1172.0,2025-02-05T17:00:00+00:00,2025-02-08T03:00:00+00:00,2025-02-05T18:00:00+01:00,2025-02-08T04:00:00+01:00,2025-02-07,9,2025-02-07T09:00:00+01:00,2025-02-07T10:00:00+01:00,True,1.0,78.17,98.19351504909234,98.19351504909234,98.19351504909234,8119.0,8119.0,0.0,0.0,100.0,0.2022772502992325,False
G074,generation,avail_gen_mw,1172.0,2025-02-05T17:00:00+00:00,2025-02-08T03:00:00+00:00,2025-02-05T18:00:00+01:00,2025-02-08T04:00:00+01:00,2025-02-07,10,2025-02-07T10:00:00+01:00,2025-02-07T11:00:00+01:00,True,1.0,66.75,92.16906347426124,92.16906347426124,92.16906347426124,8119.0,8119.0,0.0,0.0,100.0,0.3234809056781245,False
G074,generation,avail_gen_mw,1172.0,2025-02-05T17:00:00+00:00,2025-02-08T03:00:00+00:00,2025-02-05T18:00:00+01:00,2025-02-08T04:00:00+01:00,2025-02-07,11,2025-02-07T11:00:00+01:00,2025-02-07T12:00:00+01:00,True,1.0,50.99,83.2743199303321,83.27431993033213,83.27431993033213,8119.0,8119.0,0.0,0.0,100.0,0.09516439379554242,False
G074,generation,avail_gen_mw,1172.0,2025-02-05T17:00:00+00:00,2025-02-08T03:00:00+00:00,2025-02-05T18:00:00+01:00,2025-02-08T04:00:00+01:00,2025-02-07,12,2025-02-07T12:00:00+01:00,2025-02-07T13:00:00+01:00,True,1.0,48.69,72.05404347138051,72.05404347138051,72.05404347138051,8119.0,8119.0,0.0,0.0,100.0,0.0,False
G074,generation,avail_gen_mw,1172.0,2025-02-05T17:00:00+00:00,2025-02-08T03:00:00+00:00,2025-02-05T18:00:00+01:00,2025-02-08T04:00:00+01:00,2025-02-07,13,2025-02-07T13:00:00+01:00,2025-02-07T14:00:00+01:00,True,1.0,50.2,67.27857235684428,67.27857235684428,67.27857235684428,8119.0,8119.0,0.0,0.0,100.0,0.0,False
G074,generation,avail_gen_mw,1172.0,2025-02-05T17:00:00+00:00,2025-02-08T03:00:00+00:00,2025-02-05T18:00:00+01:00,2025-02-08T04:00:00+01:00,2025-02-07,14,2025-02-07T14:00:00+01:00,2025-02-07T15:00:00+01:00,True,1.0,50.37,64.82685678330375,64.82685678330375,64.82685678330375,8119.0,8119.0,0.0,0.0,100.0,0.0,False
G074,generation,avail_gen_mw,1172.0,2025-02-05T17:00:00+00:00,2025-02-08T03:00:00+00:00,2025-02-05T18:00:00+01:00,2025-02-08T04:00:00+01:00,2025-02-07,15,2025-02-07T15:00:00+01:00,2025-02-07T16:00:00+01:00,True,1.0,47.79,67.73878610370721,67.73878610370724,67.73878610370724,8119.0,8119.0,0.0,0.0,100.0,0.06047904779480007,False
G074,generation,avail_gen_mw,1172.0,2025-02-05T17:00:00+00:00,2025-02-08T03:00:00+00:00,2025-02-05T18:00:00+01:00,2025-02-08T04:00:00+01:00,2025-02-07,16,2025-02-07T16:00:00+01:00,2025-02-07T17:00:00+01:00,True,1.0,52.52,78.38081920605725,78.38081920605724,78.38081920605724,8119.0,8119.0,0.0,0.0,100.0,0.08416445374770376,False
G074,generation,avail_gen_mw,1172.0,2025-02-05T17:00:00+00:00,2025-02-08T03:00:00+00:00,2025-02-05T18:00:00+01:00,2025-02-08T04:00:00+01:00,2025-02-07,17,2025-02-07T17:00:00+01:00,2025-02-07T18:00:00+01:00,True,1.0,55.99,81.08261671660682,81.08261671660682,81.08261671660682,8119.0,8119.0,0.0,0.0,100.0,0.5302911656644227,False
G074,generation,avail_gen_mw,1172.0,2025-02-05T17:00:00+00:00,2025-02-08T03:00:00+00:00,2025-02-05T18:00:00+01:00,2025-02-08T04:00:00+01:00,2025-02-07,18,2025-02-07T18:00:00+01:00,2025-02-07T19:00:00+01:00,True,1.0,60.59,86.60664932844453,86.60664932844452,86.60664932844452,8119.0,8119.0,0.0,0.0,100.0,0.7144067868466379,False
G074,generation,avail_gen_mw,1172.0,2025-02-05T17:00:00+00:00,2025-02-08T03:00:00+00:00,2025-02-05T18:00:00+01:00,2025-02-08T04:00:00+01:00,2025-02-07,19,2025-02-07T19:00:00+01:00,2025-02-07T20:00:00+01:00,True,1.0,52.09,71.79611517922105,71.79611517922106,71.79611517922106,8119.0,8119.0,0.0,0.0,100.0,0.4964533458774554,False
G074,generation,avail_gen_mw,1172.0,2025-02-05T17:00:00+00:00,2025-02-08T03:00:00+00:00,2025-02-05T18:00:00+01:00,2025-02-08T04:00:00+01:00,2025-02-07,20,2025-02-07T20:00:00+01:00,2025-02-07T21:00:00+01:00,True,1.0,42.45,59.510050824645134,59.510050824645134,59.510050824645134,8119.0,8119.0,0.0,0.0,100.0,0.6975972745806445,False
G074,generation,avail_gen_mw,1172.0,2025-02-05T17:00:00+00:00,2025-02-08T03:00:00+00:00,2025-02-05T18:00:00+01:00,2025-02-08T04:00:00+01:00,2025-02-07,21,2025-02-07T21:00:00+01:00,2025-02-07T22:00:00+01:00,True,1.0,36.82,47.575705452798395,47.5757054527984,47.5757054527984,8119.0,8119.0,0.0,0.0,100.0,0.32921311711099577,False
G074,generation,avail_gen_mw,1172.0,2025-02-05T17:00:00+00:00,2025-02-08T03:00:00+00:00,2025-02-05T18:00:00+01:00,2025-02-08T04:00:00+01:00,2025-02-07,22,2025-02-07T22:00:00+01:00,2025-02-07T23:00:00+01:00,True,1.0,33.74,40.822947999423505,40.822947999423505,40.822947999423505,8119.0,8119.0,0.0,0.0,100.0,0.060548719936562634,False
G074,generation,avail_gen_mw,1172.0,2025-02-05T17:00:00+00:00,2025-02-08T03:00:00+00:00,2025-02-05T18:00:00+01:00,2025-02-08T04:00:00+01:00,2025-02-07,23,2025-02-07T23:00:00+01:00,2025-02-08T00:00:00+01:00,True,1.0,30.53,30.515372245949926,30.515372245949926,30.515372245949926,8119.0,8119.0,0.0,0.0,100.0,0.0,False
G074,generation,avail_gen_mw,1172.0,2025-02-05T17:00:00+00:00,2025-02-08T03:00:00+00:00,2025-02-05T18:00:00+01:00,2025-02-08T04:00:00+01:00,2025-02-08,0,2025-02-08T00:00:00+01:00,2025-02-08T01:00:00+01:00,True,1.0,29.28,32.379270953404216,32.379270953404216,34.09514031185773,8119.0,8119.0,0.0,1.7158693584535172,100.0,-0.42975281842376845,False
G074,generation,avail_gen_mw,1172.0,2025-02-05T17:00:00+00:00,2025-02-08T03:00:00+00:00,2025-02-05T18:00:00+01:00,2025-02-08T04:00:00+01:00,2025-02-08,1,2025-02-08T01:00:00+01:00,2025-02-08T02:00:00+01:00,True,1.0,28.42,28.455058386107275,28.455058386107275,30.807926676250517,8119.0,8119.0,0.0,2.352868290143242,100.0,-0.31154179719874975,False
G074,generation,avail_gen_mw,1172.0,2025-02-05T17:00:00+00:00,2025-02-08T03:00:00+00:00,2025-02-05T18:00:00+01:00,2025-02-08T04:00:00+01:00,2025-02-08,2,2025-02-08T02:00:00+01:00,2025-02-08T03:00:00+01:00,True,1.0,27.61,25.683892231878655,25.683892231878655,27.428265965633926,8119.0,8119.0,0.0,1.7443737337552712,100.0,-0.23324990341004792,False
G074,generation,avail_gen_mw,1172.0,2025-02-05T17:00:00+00:00,2025-02-08T03:00:00+00:00,2025-02-05T18:00:00+01:00,2025-02-08T04:00:00+01:00,2025-02-08,3,2025-02-08T03:00:00+01:00,2025-02-08T04:00:00+01:00,True,1.0,27.27,24.82320793887665,24.82320793887665,26.107719739331134,8119.0,8119.0,0.0,1.284511800454485,100.0,-0.17290486903178248,False
G074,generation,avail_gen_mw,1172.0,2025-02-05T17:00:00+00:00,2025-02-08T03:00:00+00:00,2025-02-05T18:00:00+01:00,2025-02-08T04:00:00+01:00,2025-02-08,4,2025-02-08T04:00:00+01:00,2025-02-08T05:00:00+01:00,False,0.0,27.23,25.619643261953208,25.619643261953208,26.149380989215555,8119.0,9291.0,1172.0,0.5297377272623471,100.0,-0.07194862720192319,True
G074,generation,avail_gen_mw,1172.0,2025-02-05T17:00:00+00:00,2025-02-08T03:00:00+00:00,2025-02-05T18:00:00+01:00,2025-02-08T04:00:00+01:00,2025-02-08,5,2025-02-08T05:00:00+01:00,2025-02-08T06:00:00+01:00,False,0.0,27.66,26.95969601288146,26.959696012881462,26.959696012881462,8119.0,9291.0,1172.0,0.0,100.0,0.0,True
G074,generation,avail_gen_mw,1172.0,2025-02-05T17:00:00+00:00,2025-02-08T03:00:00+00:00,2025-02-05T18:00:00+01:00,2025-02-08T04:00:00+01:00,2025-02-08,6,2025-02-08T06:00:00+01:00,2025-02-08T07:00:00+01:00,False,0.0,28.26,30.725953135034356,30.725953135034352,31.57111092384795,8119.0,9291.0,1172.0,0.8451577888135979,100.0,-0.11521719713530487,True
G074,generation,avail_gen_mw,1172.0,2025-02-05T17:00:00+00:00,2025-02-08T03:00:00+00:00,2025-02-05T18:00:00+01:00,2025-02-08T04:00:00+01:00,2025-02-08,7,2025-02-08T07:00:00+01:00,2025-02-08T08:00:00+01:00,False,0.0,33.5,42.26658000621926,42.26658000621925,41.65731260936879,8119.0,9291.0,1172.0,-0.6092673968504627,100.0,0.08444909834239667,True
G074,generation,avail_gen_mw,1172.0,2025-02-05T17:00:00+00:00,2025-02-08T03:00:00+00:00,2025-02-05T18:00:00+01:00,2025-02-08T04:00:00+01:00,2025-02-08,8,2025-02-08T08:00:00+01:00,2025-02-08T09:00:00+01:00,False,0.0,35.85,49.23577853759001,49.235778537590015,48.43908468454391,8119.0,9291.0,1172.0,-0.7966938530461078,100.0,0.11042967767549072,True
G074,generation,avail_gen_mw,1172.0,2025-02-05T17:00:00+00:00,2025-02-08T03:00:00+00:00,2025-02-05T18:00:00+01:00,2025-02-08T04:00:00+01:00,2025-02-08,9,2025-02-08T09:00:00+01:00,2025-02-08T10:00:00+01:00,False,0.0,41.6,50.50298262714227,50.50298262714227,49.980358303127275,8119.0,9177.0,1058.0,-0.5226243240149984,100.0,0.07254103899361297,True
G074,generation,avail_gen_mw,1172.0,2025-02-05T17:00:00+00:00,2025-02-08T03:00:00+00:00,2025-02-05T18:00:00+01:00,2025-02-08T04:00:00+01:00,2025-02-08,10,2025-02-08T10:00:00+01:00,2025-02-08T11:00:00+01:00,False,0.0,55.15,48.66692856377728,48.666928563777276,47.53686703851736,8119.0,9177.0,1058.0,-1.1300615252599187,100.0,0.16096463150410756,True
G074,generation,avail_gen_mw,1172.0,2025-02-05T17:00:00+00:00,2025-02-08T03:00:00+00:00,2025-02-05T18:00:00+01:00,2025-02-08T04:00:00+01:00,2025-02-08,11,2025-02-08T11:00:00+01:00,2025-02-08T12:00:00+01:00,False,0.0,55.04,45.985845188080816,45.98584518808081,45.63248098896461,8119.0,9177.0,1058.0,-0.3533641991162,100.0,0.04904010925897495,True
G074,generation,avail_gen_mw,1172.0,2025-02-05T17:00:00+00:00,2025-02-08T03:00:00+00:00,2025-02-05T18:00:00+01:00,2025-02-08T04:00:00+01:00,2025-02-08,12,2025-02-08T12:00:00+01:00,2025-02-08T13:00:00+01:00,False,0.0,56.7,43.87427990720904,43.874279907209036,43.874279907209036,8119.0,9177.0,1058.0,0.0,100.0,0.0,True
G074,generation,avail_gen_mw,1172.0,2025-02-05T17:00:00+00:00,2025-02-08T03:00:00+00:00,2025-02-05T18:00:00+01:00,2025-02-08T04:00:00+01:00,2025-02-08,13,2025-02-08T13:00:00+01:00,2025-02-08T14:00:00+01:00,False,0.0,56.07,44.23545321807525,44.23545321807524,44.23545321807524,8119.0,9177.0,1058.0,0.0,100.0,0.0,True
G074,generation,avail_gen_mw,1172.0,2025-02-05T17:00:00+00:00,2025-02-08T03:00:00+00:00,2025-02-05T18:00:00+01:00,2025-02-08T04:00:00+01:00,2025-02-08,14,2025-02-08T14:00:00+01:00,2025-02-08T15:00:00+01:00,False,0.0,56.05,47.24485268513965,47.24485268513965,47.24485268513965,8119.0,9177.0,1058.0,0.0,100.0,0.0,True
G074,generation,avail_gen_mw,1172.0,2025-02-05T17:00:00+00:00,2025-02-08T03:00:00+00:00,2025-02-05T18:00:00+01:00,2025-02-08T04:00:00+01:00,2025-02-08,15,2025-02-08T15:00:00+01:00,2025-02-08T16:00:00+01:00,False,0.0,60.52,52.59578523978575,52.595785239785755,52.595785239785755,8119.0,9291.0,1172.0,0.0,100.0,0.0,True
G074,generation,avail_gen_mw,1172.0,2025-02-05T17:00:00+00:00,2025-02-08T03:00:00+00:00,2025-02-05T18:00:00+01:00,2025-02-08T04:00:00+01:00,2025-02-08,16,2025-02-08T16:00:00+01:00,2025-02-08T17:00:00+01:00,False,0.0,75.07,60.21314857128398,60.213148571283966,59.771120166449364,8119.0,9291.0,1172.0,-0.44202840483460193,100.0,0.060742756824353705,True
G074,generation,avail_gen_mw,1172.0,2025-02-05T17:00:00+00:00,2025-02-08T03:00:00+00:00,2025-02-05T18:00:00+01:00,2025-02-08T04:00:00+01:00,2025-02-08,17,2025-02-08T17:00:00+01:00,2025-02-08T18:00:00+01:00,False,0.0,98.04,69.1947426315002,69.1947426315002,66.22416854884827,8119.0,9291.0,1172.0,-2.970574082651936,100.0,0.4194525110803937,True
G074,generation,avail_gen_mw,1172.0,2025-02-05T17:00:00+00:00,2025-02-08T03:00:00+00:00,2025-02-05T18:00:00+01:00,2025-02-08T04:00:00+01:00,2025-02-08,18,2025-02-08T18:00:00+01:00,2025-02-08T19:00:00+01:00,False,0.0,79.41,74.76823420060799,74.76823420060798,70.66074605454665,8119.0,9291.0,1172.0,-4.107488146061328,100.0,0.5857684453460905,True
G074,generation,avail_gen_mw,1172.0,2025-02-05T17:00:00+00:00,2025-02-08T03:00:00+00:00,2025-02-05T18:00:00+01:00,2025-02-08T04:00:00+01:00,2025-02-08,19,2025-02-08T19:00:00+01:00,2025-02-08T20:00:00+01:00,False,0.0,69.69,69.06732543951775,69.06732543951775,66.36120387044107,8119.0,9291.0,1172.0,-2.7061215690766716,100.0,0.383120260627166,True
G074,generation,avail_gen_mw,1172.0,2025-02-05T17:00:00+00:00,2025-02-08T03:00:00+00:00,2025-02-05T18:00:00+01:00,2025-02-08T04:00:00+01:00,2025-02-08,20,2025-02-08T20:00:00+01:00,2025-02-08T21:00:00+01:00,False,0.0,57.91,59.88975717365677,59.88975717365677,57.906305495549695,8119.0,9291.0,1172.0,-1.9834516781070732,100.0,0.6860190416043181,True
G074,generation,avail_gen_mw,1172.0,2025-02-05T17:00:00+00:00,2025-02-08T03:00:00+00:00,2025-02-05T18:00:00+01:00,2025-02-08T04:00:00+01:00,2025-02-08,21,2025-02-08T21:00:00+01:00,2025-02-08T22:00:00+01:00,False,0.0,57.99,53.053668766204744,53.05366876620475,50.522208532315716,8119.0,9291.0,1172.0,-2.5314602338890353,100.0,0.36176055538417984,True
G074,generation,avail_gen_mw,1172.0,2025-02-05T17:00:00+00:00,2025-02-08T03:00:00+00:00,2025-02-05T18:00:00+01:00,2025-02-08T04:00:00+01:00,2025-02-08,22,2025-02-08T22:00:00+01:00,2025-02-08T23:00:00+01:00,False,0.0,54.4,56.15452771012818,56.154527710128185,55.99865374893719,8119.0,9291.0,1172.0,-0.1558739611909985,100.0,0.06275836579408178,True
G074,generation,avail_gen_mw,1172.0,2025-02-05T17:00:00+00:00,2025-02-08T03:00:00+00:00,2025-02-05T18:00:00+01:00,2025-02-08T04:00:00+01:00,2025-02-08,23,2025-02-08T23:00:00+01:00,2025-02-09T00:00:00+01:00,False,0.0,49.09,48.46954435208238,48.46954435208236,48.46954435208236,8119.0,9291.0,1172.0,0.0,100.0,0.0,True
G079,generation,avail_gen_mw,1040.0,2025-05-09T16:00:00+00:00,2025-05-17T04:00:00+00:00,2025-05-09T18:00:00+02:00,2025-05-17T06:00:00+02:00,2025-05-09,0,2025-05-09T00:00:00+02:00,2025-05-09T01:00:00+02:00,False,0.0,73.69,79.68011580399627,79.68011580399629,79.68011580399629,6741.0,7064.0,323.0,0.0,100.0,-0.030329675167607206,True
G079,generation,avail_gen_mw,1040.0,2025-05-09T16:00:00+00:00,2025-05-17T04:00:00+00:00,2025-05-09T18:00:00+02:00,2025-05-17T06:00:00+02:00,2025-05-09,1,2025-05-09T01:00:00+02:00,2025-05-09T02:00:00+02:00,False,0.0,71.84,75.37287314668993,75.37287314668993,75.37287314668993,6741.0,7064.0,323.0,0.0,100.0,-0.08747088672322434,True
G079,generation,avail_gen_mw,1040.0,2025-05-09T16:00:00+00:00,2025-05-17T04:00:00+00:00,2025-05-09T18:00:00+02:00,2025-05-17T06:00:00+02:00,2025-05-09,2,2025-05-09T02:00:00+02:00,2025-05-09T03:00:00+02:00,False,0.0,71.06,68.63986576043109,68.63986576043109,68.63986576043109,6741.0,7064.0,323.0,0.0,100.0,-0.011545428305481664,True
G079,generation,avail_gen_mw,1040.0,2025-05-09T16:00:00+00:00,2025-05-17T04:00:00+00:00,2025-05-09T18:00:00+02:00,2025-05-17T06:00:00+02:00,2025-05-09,3,2025-05-09T03:00:00+02:00,2025-05-09T04:00:00+02:00,False,0.0,68.53,68.50007635829536,68.50007635829535,68.50007635829535,6741.0,7064.0,323.0,0.0,100.0,-0.06427777433167137,True
G079,generation,avail_gen_mw,1040.0,2025-05-09T16:00:00+00:00,2025-05-17T04:00:00+00:00,2025-05-09T18:00:00+02:00,2025-05-17T06:00:00+02:00,2025-05-09,4,2025-05-09T04:00:00+02:00,2025-05-09T05:00:00+02:00,False,0.0,66.5,64.60896599877785,64.60896599877785,64.60896599877785,6741.0,7064.0,323.0,0.0,100.0,-0.05288785724806644,True
G079,generation,avail_gen_mw,1040.0,2025-05-09T16:00:00+00:00,2025-05-17T04:00:00+00:00,2025-05-09T18:00:00+02:00,2025-05-17T06:00:00+02:00,2025-05-09,5,2025-05-09T05:00:00+02:00,2025-05-09T06:00:00+02:00,False,0.0,71.09,68.24585413231638,68.24585413231638,69.22117644090869,6741.0,6741.0,0.0,0.9753223085923111,100.0,-0.435801493098424,False
G079,generation,avail_gen_mw,1040.0,2025-05-09T16:00:00+00:00,2025-05-17T04:00:00+00:00,2025-05-09T18:00:00+02:00,2025-05-17T06:00:00+02:00,2025-05-09,6,2025-05-09T06:00:00+02:00,2025-05-09T07:00:00+02:00,False,0.0,155.7,75.98616770344199,75.98616770344196,75.98616770344196,6741.0,6741.0,0.0,0.0,100.0,-0.18113132587276937,False
G079,generation,avail_gen_mw,1040.0,2025-05-09T16:00:00+00:00,2025-05-17T04:00:00+00:00,2025-05-09T18:00:00+02:00,2025-05-17T06:00:00+02:00,2025-05-09,7,2025-05-09T07:00:00+02:00,2025-05-09T08:00:00+02:00,False,0.0,147.67,90.7523488325206,90.7523488325206,90.7523488325206,6741.0,6741.0,0.0,0.0,100.0,0.0,False
G079,generation,avail_gen_mw,1040.0,2025-05-09T16:00:00+00:00,2025-05-17T04:00:00+00:00,2025-05-09T18:00:00+02:00,2025-05-17T06:00:00+02:00,2025-05-09,8,2025-05-09T08:00:00+02:00,2025-05-09T09:00:00+02:00,False,0.0,96.52,94.23925389774432,94.23925389774432,94.23925389774432,6741.0,6641.0,-100.0,0.0,100.0,0.0,True
G079,generation,avail_gen_mw,1040.0,2025-05-09T16:00:00+00:00,2025-05-17T04:00:00+00:00,2025-05-09T18:00:00+02:00,2025-05-17T06:00:00+02:00,2025-05-09,9,2025-05-09T09:00:00+02:00,2025-05-09T10:00:00+02:00,False,0.0,83.0,77.52820497734561,77.5282049773456,77.5282049773456,6741.0,6641.0,-100.0,0.0,100.0,0.0,True
G079,generation,avail_gen_mw,1040.0,2025-05-09T16:00:00+00:00,2025-05-17T04:00:00+00:00,2025-05-09T18:00:00+02:00,2025-05-17T06:00:00+02:00,2025-05-09,10,2025-05-09T10:00:00+02:00,2025-05-09T11:00:00+02:00,False,0.0,62.3,61.531137651009615,61.5311376510096,61.60069839794379,6741.0,6641.0,-100.0,0.06956074693418657,100.0,-0.07492647427370969,True
G079,generation,avail_gen_mw,1040.0,2025-05-09T16:00:00+00:00,2025-05-17T04:00:00+00:00,2025-05-09T18:00:00+02:00,2025-05-17T06:00:00+02:00,2025-05-09,11,2025-05-09T11:00:00+02:00,2025-05-09T12:00:00+02:00,False,0.0,54.51,53.166722741938784,53.16672274193878,53.16672274193878,6741.0,6641.0,-100.0,0.0,100.0,0.0,True
G079,generation,avail_gen_mw,1040.0,2025-05-09T16:00:00+00:00,2025-05-17T04:00:00+00:00,2025-05-09T18:00:00+02:00,2025-05-17T06:00:00+02:00,2025-05-09,12,2025-05-09T12:00:00+02:00,2025-05-09T13:00:00+02:00,False,0.0,49.44,49.936247098397615,49.9362470983976,49.9362470983976,6741.0,6641.0,-100.0,0.0,100.0,-0.07849051677865049,True
G079,generation,avail_gen_mw,1040.0,2025-05-09T16:00:00+00:00,2025-05-17T04:00:00+00:00,2025-05-09T18:00:00+02:00,2025-05-17T06:00:00+02:00,2025-05-09,13,2025-05-09T13:00:00+02:00,2025-05-09T14:00:00+02:00,False,0.0,44.28,46.025270166723615,46.025270166723615,46.00430650706256,6741.0,6641.0,-100.0,-0.02096365966105651,100.0,-0.15928243604494696,True
G079,generation,avail_gen_mw,1040.0,2025-05-09T16:00:00+00:00,2025-05-17T04:00:00+00:00,2025-05-09T18:00:00+02:00,2025-05-17T06:00:00+02:00,2025-05-09,14,2025-05-09T14:00:00+02:00,2025-05-09T15:00:00+02:00,False,0.0,40.24,46.61101447405658,46.61101447405659,46.61101447405659,6741.0,6641.0,-100.0,0.0,100.0,-0.06977774498017908,True
G079,generation,avail_gen_mw,1040.0,2025-05-09T16:00:00+00:00,2025-05-17T04:00:00+00:00,2025-05-09T18:00:00+02:00,2025-05-17T06:00:00+02:00,2025-05-09,15,2025-05-09T15:00:00+02:00,2025-05-09T16:00:00+02:00,False,0.0,47.06,51.10879608193704,51.108796081937044,51.66197790812473,6741.0,6641.0,-100.0,0.5531818261876893,100.0,-0.17433987946914442,True
G079,generation,avail_gen_mw,1040.0,2025-05-09T16:00:00+00:00,2025-05-17T04:00:00+00:00,2025-05-09T18:00:00+02:00,2025-05-17T06:00:00+02:00,2025-05-09,16,2025-05-09T16:00:00+02:00,2025-05-09T17:00:00+02:00,False,0.0,53.12,51.369101722152095,51.36910172215208,52.18709560956779,6741.0,6641.0,-100.0,0.8179938874157102,100.0,-0.11188915651511877,True
G079,generation,avail_gen_mw,1040.0,2025-05-09T16:00:00+00:00,2025-05-17T04:00:00+00:00,2025-05-09T18:00:00+02:00,2025-05-17T06:00:00+02:00,2025-05-09,17,2025-05-09T17:00:00+02:00,2025-05-09T18:00:00+02:00,False,0.0,84.2,60.549851243797946,60.54985124379797,60.99788952822715,6741.0,6641.0,-100.0,0.44803828442918103,100.0,-0.041834097955934624,True
G079,generation,avail_gen_mw,1040.0,2025-05-09T16:00:00+00:00,2025-05-17T04:00:00+00:00,2025-05-09T18:00:00+02:00,2025-05-17T06:00:00+02:00,2025-05-09,18,2025-05-09T18:00:00+02:00,2025-05-09T19:00:00+02:00,True,1.0,106.36,74.98114179688409,74.98114179688409,75.55008172370401,6741.0,6361.0,-380.0,0.5689399268199224,100.0,0.10464750598974604,True
G079,generation,avail_gen_mw,1040.0,2025-05-09T16:00:00+00:00,2025-05-17T04:00:00+00:00,2025-05-09T18:00:00+02:00,2025-05-17T06:00:00+02:00,2025-05-09,19,2025-05-09T19:00:00+02:00,2025-05-09T20:00:00+02:00,True,1.0,128.53,83.9364462543141,83.93644625431412,85.17555756571483,6741.0,6361.0,-380.0,1.2391113114007055,100.0,0.0002395308082725478,True
G079,generation,avail_gen_mw,1040.0,2025-05-09T16:00:00+00:00,2025-05-17T04:00:00+00:00,2025-05-09T18:00:00+02:00,2025-05-17T06:00:00+02:00,2025-05-09,20,2025-05-09T20:00:00+02:00,2025-05-09T21:00:00+02:00,True,1.0,160.44,81.5877224484494,81.5877224484494,82.29904340999545,6741.0,6361.0,-380.0,0.7113209615460505,100.0,0.2501992109981188,True
G079,generation,avail_gen_mw,1040.0,2025-05-09T16:00:00+00:00,2025-05-17T04:00:00+00:00,2025-05-09T18:00:00+02:00,2025-05-17T06:00:00+02:00,2025-05-09,21,2025-05-09T21:00:00+02:00,2025-05-09T22:00:00+02:00,True,1.0,140.83,75.22485378738239,75.22485378738239,76.46941094611269,6741.0,6461.0,-280.0,1.2445571587303021,100.0,0.09322091211168981,True
G079,generation,avail_gen_mw,1040.0,2025-05-09T16:00:00+00:00,2025-05-17T04:00:00+00:00,2025-05-09T18:00:00+02:00,2025-05-17T06:00:00+02:00,2025-05-09,22,2025-05-09T22:00:00+02:00,2025-05-09T23:00:00+02:00,True,1.0,114.11,65.56776492545283,65.56776492545282,66.56107490210428,6741.0,6461.0,-280.0,0.9933099766514601,100.0,-0.13994903288619298,True
G079,generation,avail_gen_mw,1040.0,2025-05-09T16:00:00+00:00,2025-05-17T04:00:00+00:00,2025-05-09T18:00:00+02:00,2025-05-17T06:00:00+02:00,2025-05-09,23,2025-05-09T23:00:00+02:00,2025-05-10T00:00:00+02:00,True,1.0,104.77,56.36433369470963,56.36433369470962,56.44284016550185,6741.0,6461.0,-280.0,0.07850647079222739,100.0,-0.12205903049765965,True
G079,generation,avail_gen_mw,1040.0,2025-05-09T16:00:00+00:00,2025-05-17T04:00:00+00:00,2025-05-09T18:00:00+02:00,2025-05-17T06:00:00+02:00,2025-05-10,0,2025-05-10T00:00:00+02:00,2025-05-10T01:00:00+02:00,True,1.0,104.15,79.33648716350723,79.33648716350723,79.286321838828,6641.0,6461.0,-180.0,-0.0501653246792273,100.0,-0.028582851826740807,True
G079,generation,avail_gen_mw,1040.0,2025-05-09T16:00:00+00:00,2025-05-17T04:00:00+00:00,2025-05-09T18:00:00+02:00,2025-05-17T06:00:00+02:00,2025-05-10,1,2025-05-10T01:00:00+02:00,2025-05-10T02:00:00+02:00,True,1.0,102.39,75.60552624656665,75.60552624656668,75.47407032706501,6641.0,6461.0,-180.0,-0.13145591950167557,100.0,-0.07492214161479183,True
G079,generation,avail_gen_mw,1040.0,2025-05-09T16:00:00+00:00,2025-05-17T04:00:00+00:00,2025-05-09T18:00:00+02:00,2025-05-17T06:00:00+02:00,2025-05-10,2,2025-05-10T02:00:00+02:00,2025-05-10T03:00:00+02:00,True,1.0,97.92,66.62347215220177,66.62347215220177,66.60292475461713,6641.0,6461.0,-180.0,-0.020547397584635974,100.0,-0.011706328509433206,True
G079,generation,avail_gen_mw,1040.0,2025-05-09T16:00:00+00:00,2025-05-17T04:00:00+00:00,2025-05-09T18:00:00+02:00,2025-05-17T06:00:00+02:00,2025-05-10,3,2025-05-10T03:00:00+02:00,2025-05-10T04:00:00+02:00,True,1.0,95.82,66.38558984665573,66.38558984665573,66.27772279234564,6641.0,6461.0,-180.0,-0.10786705431009125,100.0,-0.06147607733333871,True
G079,generation,avail_gen_mw,1040.0,2025-05-09T16:00:00+00:00,2025-05-17T04:00:00+00:00,2025-05-09T18:00:00+02:00,2025-05-17T06:00:00+02:00,2025-05-10,4,2025-05-10T04:00:00+02:00,2025-05-10T05:00:00+02:00,True,1.0,100.17,60.63899581061103,60.638995810611014,60.56000621462758,6641.0,6461.0,-180.0,-0.0789895959834368,100.0,-0.04501458805292202,True
G079,generation,avail_gen_mw,1040.0,2025-05-09T16:00:00+00:00,2025-05-17T04:00:00+00:00,2025-05-09T18:00:00+02:00,2025-05-17T06:00:00+02:00,2025-05-10,5,2025-05-10T05:00:00+02:00,2025-05-10T06:00:00+02:00,True,1.0,99.79,59.0243123827543,59.02431238275428,58.479058745243485,6641.0,6461.0,-180.0,-0.5452536375107968,100.0,-0.3114253693829738,True
G079,generation,avail_gen_mw,1040.0,2025-05-09T16:00:00+00:00,2025-05-17T04:00:00+00:00,2025-05-09T18:00:00+02:00,2025-05-17T06:00:00+02:00,2025-05-10,6,2025-05-10T06:00:00+02:00,2025-05-10T07:00:00+02:00,True,1.0,94.13,61.40292725367569,61.402927253675685,61.19117395700192,6641.0,6461.0,-180.0,-0.21175329667376275,100.0,-0.12074929387853928,True
G079,generation,avail_gen_mw,1040.0,2025-05-09T16:00:00+00:00,2025-05-17T04:00:00+00:00,2025-05-09T18:00:00+02:00,2025-05-17T06:00:00+02:00,2025-05-10,7,2025-05-10T07:00:00+02:00,2025-05-10T08:00:00+02:00,True,1.0,84.81,57.92590794920828,57.92590794920828,57.92590794920828,6641.0,6461.0,-180.0,0.0,100.0,0.0,True
G079,generation,avail_gen_mw,1040.0,2025-05-09T16:00:00+00:00,2025-05-17T04:00:00+00:00,2025-05-09T18:00:00+02:00,2025-05-17T06:00:00+02:00,2025-05-10,8,2025-05-10T08:00:00+02:00,2025-05-10T09:00:00+02:00,True,1.0,54.13,55.40304355135036,55.40304355135033,55.40304355135033,6641.0,6461.0,-180.0,0.0,100.0,0.0,True
G079,generation,avail_gen_mw,1040.0,2025-05-09T16:00:00+00:00,2025-05-17T04:00:00+00:00,2025-05-09T18:00:00+02:00,2025-05-17T06:00:00+02:00,2025-05-10,9,2025-05-10T09:00:00+02:00,2025-05-10T10:00:00+02:00,True,1.0,27.49,52.09234722523054,52.092347225230526,52.092347225230526,6641.0,6461.0,-180.0,0.0,100.0,0.0,True
G079,generation,avail_gen_mw,1040.0,2025-05-09T16:00:00+00:00,2025-05-17T04:00:00+00:00,2025-05-09T18:00:00+02:00,2025-05-17T06:00:00+02:00,2025-05-10,10,2025-05-10T10:00:00+02:00,2025-05-10T11:00:00+02:00,True,1.0,10.07,44.408870032577,44.40887003257701,44.34300955744253,6641.0,6461.0,-180.0,-0.06586047513448534,100.0,-0.03752614883313754,True
G079,generation,avail_gen_mw,1040.0,2025-05-09T16:00:00+00:00,2025-05-17T04:00:00+00:00,2025-05-09T18:00:00+02:00,2025-05-17T06:00:00+02:00,2025-05-10,11,2025-05-10T11:00:00+02:00,2025-05-10T12:00:00+02:00,True,1.0,8.46,42.332318474008886,42.33231847400888,42.33231847400888,6641.0,6461.0,-180.0,0.0,100.0,0.0,True
G079,generation,avail_gen_mw,1040.0,2025-05-09T16:00:00+00:00,2025-05-17T04:00:00+00:00,2025-05-09T18:00:00+02:00,2025-05-17T06:00:00+02:00,2025-05-10,12,2025-05-10T12:00:00+02:00,2025-05-10T13:00:00+02:00,True,1.0,6.68,38.96207719462307,38.962077194623085,38.85862455766724,6641.0,6461.0,-180.0,-0.1034526369558435,100.0,-0.058955174152167444,True
G079,generation,avail_gen_mw,1040.0,2025-05-09T16:00:00+00:00,2025-05-17T04:00:00+00:00,2025-05-09T18:00:00+02:00,2025-05-17T06:00:00+02:00,2025-05-10,13,2025-05-10T13:00:00+02:00,2025-05-10T14:00:00+02:00,True,1.0,6.06,30.173293152455525,30.17329315245552,29.975052935399752,6641.0,6461.0,-180.0,-0.1982402170557691,100.0,-0.11300334603235385,True
G079,generation,avail_gen_mw,1040.0,2025-05-09T16:00:00+00:00,2025-05-17T04:00:00+00:00,2025-05-09T18:00:00+02:00,2025-05-17T06:00:00+02:00,2025-05-10,14,2025-05-10T14:00:00+02:00,2025-05-10T15:00:00+02:00,True,1.0,8.94,31.439106114597426,31.439106114597433,31.377952566419022,6641.0,6461.0,-180.0,-0.06115354817841023,100.0,-0.0348432936695211,True
G079,generation,avail_gen_mw,1040.0,2025-05-09T16:00:00+00:00,2025-05-17T04:00:00+00:00,2025-05-09T18:00:00+02:00,2025-05-17T06:00:00+02:00,2025-05-10,15,2025-05-10T15:00:00+02:00,2025-05-10T16:00:00+02:00,True,1.0,7.95,37.87223656005823,37.872236560058234,37.772346801387116,6641.0,6461.0,-180.0,-0.09988975867111805,100.0,-0.05692602361403232,True
G079,generation,avail_gen_mw,1040.0,2025-05-09T16:00:00+00:00,2025-05-17T04:00:00+00:00,2025-05-09T18:00:00+02:00,2025-05-17T06:00:00+02:00,2025-05-10,16,2025-05-10T16:00:00+02:00,2025-05-10T17:00:00+02:00,True,1.0,14.82,45.038981783805895,45.0389817838059,44.87891349898599,6641.0,6461.0,-180.0,-0.1600682848199142,100.0,-0.09124801552580664,True
G079,generation,avail_gen_mw,1040.0,2025-05-09T16:00:00+00:00,2025-05-17T04:00:00+00:00,2025-05-09T18:00:00+02:00,2025-05-17T06:00:00+02:00,2025-05-10,17,2025-05-10T17:00:00+02:00,2025-05-10T18:00:00+02:00,True,1.0,45.34,58.07367475098913,58.07367475098913,58.02152901457684,6641.0,6461.0,-180.0,-0.05214573641228526,100.0,-0.029713175221367294,True
G079,generation,avail_gen_mw,1040.0,2025-05-09T16:00:00+00:00,2025-05-17T04:00:00+00:00,2025-05-09T18:00:00+02:00,2025-05-17T06:00:00+02:00,2025-05-10,18,2025-05-10T18:00:00+02:00,2025-05-10T19:00:00+02:00,True,1.0,70.87,74.38391913984634,74.38391913984634,74.5582737072038,6641.0,6461.0,-180.0,0.17435456735745447,100.0,0.09925314094836324,True
G079,generation,avail_gen_mw,1040.0,2025-05-09T16:00:00+00:00,2025-05-17T04:00:00+00:00,2025-05-09T18:00:00+02:00,2025-05-17T06:00:00+02:00,2025-05-10,19,2025-05-10T19:00:00+02:00,2025-05-10T20:00:00+02:00,True,1.0,106.46,87.63333418327903,87.63333418327903,87.9078381145892,6641.0,6461.0,-180.0,0.27450393131016426,100.0,0.1562254492459374,True
G079,generation,avail_gen_mw,1040.0,2025-05-09T16:00:00+00:00,2025-05-17T04:00:00+00:00,2025-05-09T18:00:00+02:00,2025-05-17T06:00:00+02:00,2025-05-10,20,2025-05-10T20:00:00+02:00,2025-05-10T21:00:00+02:00,True,1.0,151.84,88.64240942655542,88.64240942655542,89.12421108849477,6641.0,6461.0,-180.0,0.4818016619393575,100.0,0.27401620319177766,True
G079,generation,avail_gen_mw,1040.0,2025-05-09T16:00:00+00:00,2025-05-17T04:00:00+00:00,2025-05-09T18:00:00+02:00,2025-05-17T06:00:00+02:00,2025-05-10,21,2025-05-10T21:00:00+02:00,2025-05-10T22:00:00+02:00,True,1.0,121.81,84.5106770745561,84.5106770745561,84.61483567983962,6641.0,6461.0,-180.0,0.10415860528351573,100.0,0.05931395786438998,True
G079,generation,avail_gen_mw,1040.0,2025-05-09T16:00:00+00:00,2025-05-17T04:00:00+00:00,2025-05-09T18:00:00+02:00,2025-05-17T06:00:00+02:00,2025-05-10,22,2025-05-10T22:00:00+02:00,2025-05-10T23:00:00+02:00,True,1.0,107.38,82.63229981413448,82.63229981413448,82.3479363660489,6641.0,6461.0,-180.0,-0.28436344808558545,100.0,-0.16215449531574677,True
G079,generation,avail_gen_mw,1040.0,2025-05-09T16:00:00+00:00,2025-05-17T04:00:00+00:00,2025-05-09T18:00:00+02:00,2025-05-17T06:00:00+02:00,2025-05-10,23,2025-05-10T23:00:00+02:00,2025-05-11T00:00:00+02:00,True,1.0,92.58,68.67444297590532,68.67444297590535,68.50006764391475,6641.0,6461.0,-180.0,-0.1743753319906034,100.0,-0.09940804315073137,True
G079,generation,avail_gen_mw,1040.0,2025-05-09T16:00:00+00:00,2025-05-17T04:00:00+00:00,2025-05-09T18:00:00+02:00,2025-05-17T06:00:00+02:00,2025-05-11,0,2025-05-11T00:00:00+02:00,2025-05-11T01:00:00+02:00,True,1.0,94.01,75.50146616347843,75.50146616347843,75.50146616347843,6461.0,6461.0,0.0,0.0,100.0,-0.012827383985950291,False
G079,generation,avail_gen_mw,1040.0,2025-05-09T16:00:00+00:00,2025-05-17T04:00:00+00:00,2025-05-09T18:00:00+02:00,2025-05-17T06:00:00+02:00,2025-05-11,1,2025-05-11T01:00:00+02:00,2025-05-11T02:00:00+02:00,True,1.0,90.27,70.6068619041023,70.6068619041023,70.6068619041023,6461.0,6461.0,0.0,0.0,100.0,-0.05862356406720437,False
G079,generation,avail_gen_mw,1040.0,2025-05-09T16:00:00+00:00,2025-05-17T04:00:00+00:00,2025-05-09T18:00:00+02:00,2025-05-17T06:00:00+02:00,2025-05-11,2,2025-05-11T02:00:00+02:00,2025-05-11T03:00:00+02:00,True,1.0,93.46,63.9189103414398,63.91891034143979,63.91891034143979,6461.0,6461.0,0.0,0.0,100.0,-0.0020503264081810357,False
G079,generation,avail_gen_mw,1040.0,2025-05-09T16:00:00+00:00,2025-05-17T04:00:00+00:00,2025-05-09T18:00:00+02:00,2025-05-17T06:00:00+02:00,2025-05-11,3,2025-05-11T03:00:00+02:00,2025-05-11T04:00:00+02:00,True,1.0,92.23,64.64700185654173,64.64700185654172,64.64700185654172,6461.0,6461.0,0.0,0.0,100.0,-0.043747770797708085,False
G079,generation,avail_gen_mw,1040.0,2025-05-09T16:00:00+00:00,2025-05-17T04:00:00+00:00,2025-05-09T18:00:00+02:00,2025-05-17T06:00:00+02:00,2025-05-11,4,2025-05-11T04:00:00+02:00,2025-05-11T05:00:00+02:00,True,1.0,92.13,54.892808346668566,54.89280834666855,54.89280834666855,6461.0,6461.0,0.0,0.0,100.0,-0.1246053278806869,False
G079,generation,avail_gen_mw,1040.0,2025-05-09T16:00:00+00:00,2025-05-17T04:00:00+00:00,2025-05-09T18:00:00+02:00,2025-05-17T06:00:00+02:00,2025-05-11,5,2025-05-11T05:00:00+02:00,2025-05-11T06:00:00+02:00,True,1.0,89.94,62.222692639720485,62.222692639720485,62.222692639720485,6461.0,6461.0,0.0,0.0,100.0,-0.28549722805362165,False
G079,generation,avail_gen_mw,1040.0,2025-05-09T16:00:00+00:00,2025-05-17T04:00:00+00:00,2025-05-09T18:00:00+02:00,2025-05-17T06:00:00+02:00,2025-05-11,6,2025-05-11T06:00:00+02:00,2025-05-11T07:00:00+02:00,True,1.0,81.25,61.404756826788656,61.404756826788635,61.404756826788635,6461.0,6461.0,0.0,0.0,100.0,-0.06945125327692381,False
G079,generation,avail_gen_mw,1040.0,2025-05-09T16:00:00+00:00,2025-05-17T04:00:00+00:00,2025-05-09T18:00:00+02:00,2025-05-17T06:00:00+02:00,2025-05-11,7,2025-05-11T07:00:00+02:00,2025-05-11T08:00:00+02:00,True,1.0,54.78,60.05249902051842,60.052499020518425,60.052499020518425,6461.0,6461.0,0.0,0.0,100.0,0.0,False
G079,generation,avail_gen_mw,1040.0,2025-05-09T16:00:00+00:00,2025-05-17T04:00:00+00:00,2025-05-09T18:00:00+02:00,2025-05-17T06:00:00+02:00,2025-05-11,8,2025-05-11T08:00:00+02:00,2025-05-11T09:00:00+02:00,True,1.0,14.42,52.59522409627531,52.59522409627532,52.59522409627532,6461.0,6461.0,0.0,0.0,100.0,0.0,False
G079,generation,avail_gen_mw,1040.0,2025-05-09T16:00:00+00:00,2025-05-17T04:00:00+00:00,2025-05-09T18:00:00+02:00,2025-05-17T06:00:00+02:00,2025-05-11,9,2025-05-11T09:00:00+02:00,2025-05-11T10:00:00+02:00,True,1.0,8.96,42.13863119597708,42.138631195977084,42.138631195977084,6461.0,6461.0,0.0,0.0,100.0,0.0,False
G079,generation,avail_gen_mw,1040.0,2025-05-09T16:00:00+00:00,2025-05-17T04:00:00+00:00,2025-05-09T18:00:00+02:00,2025-05-17T06:00:00+02:00,2025-05-11,10,2025-05-11T10:00:00+02:00,2025-05-11T11:00:00+02:00,True,1.0,5.99,31.92775799254474,31.927757992544745,31.927757992544745,6461.0,6461.0,0.0,0.0,100.0,-0.047989598310334,False
G079,generation,avail_gen_mw,1040.0,2025-05-09T16:00:00+00:00,2025-05-17T04:00:00+00:00,2025-05-09T18:00:00+02:00,2025-05-17T06:00:00+02:00,2025-05-11,11,2025-05-11T11:00:00+02:00,2025-05-11T12:00:00+02:00,True,1.0,3.49,28.688212175801237,28.688212175801233,28.688212175801233,6461.0,6461.0,0.0,0.0,100.0,-0.03485247008081771,False
G079,generation,avail_gen_mw,1040.0,2025-05-09T16:00:00+00:00,2025-05-17T04:00:00+00:00,2025-05-09T18:00:00+02:00,2025-05-17T06:00:00+02:00,2025-05-11,12,2025-05-11T12:00:00+02:00,2025-05-11T13:00:00+02:00,True,1.0,3.83,27.796130591988128,27.796130591988128,27.796130591988128,6461.0,6461.0,0.0,0.0,100.0,-0.06911349885710294,False
G079,generation,avail_gen_mw,1040.0,2025-05-09T16:00:00+00:00,2025-05-17T04:00:00+00:00,2025-05-09T18:00:00+02:00,2025-05-17T06:00:00+02:00,2025-05-11,13,2025-05-11T13:00:00+02:00,2025-05-11T14:00:00+02:00,True,1.0,4.39,22.689247016120433,22.68924701612044,22.68924701612044,6461.0,6461.0,0.0,0.0,100.0,-0.1021164834881425,False
G079,generation,avail_gen_mw,1040.0,2025-05-09T16:00:00+00:00,2025-05-17T04:00:00+00:00,2025-05-09T18:00:00+02:00,2025-05-17T06:00:00+02:00,2025-05-11,14,2025-05-11T14:00:00+02:00,2025-05-11T15:00:00+02:00,True,1.0,3.91,23.117574013249843,23.117574013249847,23.117574013249847,6461.0,6461.0,0.0,0.0,100.0,-0.05593297750641213,False
G079,generation,avail_gen_mw,1040.0,2025-05-09T16:00:00+00:00,2025-05-17T04:00:00+00:00,2025-05-09T18:00:00+02:00,2025-05-17T06:00:00+02:00,2025-05-11,15,2025-05-11T15:00:00+02:00,2025-05-11T16:00:00+02:00,True,1.0,4.11,28.868328823602187,28.86832882360219,28.86832882360219,6461.0,6461.0,0.0,0.0,100.0,-0.02822200670217967,False
G079,generation,avail_gen_mw,1040.0,2025-05-09T16:00:00+00:00,2025-05-17T04:00:00+00:00,2025-05-09T18:00:00+02:00,2025-05-17T06:00:00+02:00,2025-05-11,16,2025-05-11T16:00:00+02:00,2025-05-11T17:00:00+02:00,True,1.0,8.15,35.68219236515057,35.68219236515057,35.68219236515057,6461.0,6461.0,0.0,0.0,100.0,0.0,False
G079,generation,avail_gen_mw,1040.0,2025-05-09T16:00:00+00:00,2025-05-17T04:00:00+00:00,2025-05-09T18:00:00+02:00,2025-05-17T06:00:00+02:00,2025-05-11,17,2025-05-11T17:00:00+02:00,2025-05-11T18:00:00+02:00,True,1.0,33.78,48.00059009584252,48.000590095842526,48.000590095842526,6461.0,6461.0,0.0,0.0,100.0,-0.023001375071395103,False
G079,generation,avail_gen_mw,1040.0,2025-05-09T16:00:00+00:00,2025-05-17T04:00:00+00:00,2025-05-09T18:00:00+02:00,2025-05-17T06:00:00+02:00,2025-05-11,18,2025-05-11T18:00:00+02:00,2025-05-11T19:00:00+02:00,True,1.0,77.57,69.6294070715702,69.62940707157017,69.62940707157017,6461.0,6461.0,0.0,0.0,100.0,0.07761237378664987,False
G079,generation,avail_gen_mw,1040.0,2025-05-09T16:00:00+00:00,2025-05-17T04:00:00+00:00,2025-05-09T18:00:00+02:00,2025-05-17T06:00:00+02:00,2025-05-11,19,2025-05-11T19:00:00+02:00,2025-05-11T20:00:00+02:00,True,1.0,115.59,87.40018858985539,87.40018858985542,87.40018858985542,6461.0,6461.0,0.0,0.0,100.0,0.14143693344166763,False
G079,generation,avail_gen_mw,1040.0,2025-05-09T16:00:00+00:00,2025-05-17T04:00:00+00:00,2025-05-09T18:00:00+02:00,2025-05-17T06:00:00+02:00,2025-05-11,20,2025-05-11T20:00:00+02:00,2025-05-11T21:00:00+02:00,True,1.0,131.34,95.20212544227994,95.20212544227994,95.20212544227994,6461.0,6461.0,0.0,0.0,100.0,0.2785399956033814,False
G079,generation,avail_gen_mw,1040.0,2025-05-09T16:00:00+00:00,2025-05-17T04:00:00+00:00,2025-05-09T18:00:00+02:00,2025-05-17T06:00:00+02:00,2025-05-11,21,2025-05-11T21:00:00+02:00,2025-05-11T22:00:00+02:00,True,1.0,114.38,87.2372042116627,87.2372042116627,87.2372042116627,6461.0,6461.0,0.0,0.0,100.0,0.11007017389205487,False
G079,generation,avail_gen_mw,1040.0,2025-05-09T16:00:00+00:00,2025-05-17T04:00:00+00:00,2025-05-09T18:00:00+02:00,2025-05-17T06:00:00+02:00,2025-05-11,22,2025-05-11T22:00:00+02:00,2025-05-11T23:00:00+02:00,True,1.0,102.6,80.74422219643739,80.74422219643739,80.74422219643739,6461.0,6461.0,0.0,0.0,100.0,-0.1072645803365333,False
G079,generation,avail_gen_mw,1040.0,2025-05-09T16:00:00+00:00,2025-05-17T04:00:00+00:00,2025-05-09T18:00:00+02:00,2025-05-17T06:00:00+02:00,2025-05-11,23,2025-05-11T23:00:00+02:00,2025-05-12T00:00:00+02:00,True,1.0,84.52,67.50515227937757,67.50515227937755,67.50515227937755,6461.0,6461.0,0.0,0.0,100.0,-0.08248250374131771,False
G079,generation,avail_gen_mw,1040.0,2025-05-09T16:00:00+00:00,2025-05-17T04:00:00+00:00,2025-05-09T18:00:00+02:00,2025-05-17T06:00:00+02:00,2025-05-12,0,2025-05-12T00:00:00+02:00,2025-05-12T01:00:00+02:00,True,1.0,85.06,69.06735872135684,69.06735872135687,69.06735872135687,6461.0,6461.0,0.0,0.0,100.0,-0.019369677894104598,False
G079,generation,avail_gen_mw,1040.0,2025-05-09T16:00:00+00:00,2025-05-17T04:00:00+00:00,2025-05-09T18:00:00+02:00,2025-05-17T06:00:00+02:00,2025-05-12,1,2025-05-12T01:00:00+02:00,2025-05-12T02:00:00+02:00,True,1.0,80.28,68.83499855284862,68.83499855284862,68.83499855284862,6461.0,6461.0,0.0,0.0,100.0,-0.057920879037425266,False
G079,generation,avail_gen_mw,1040.0,2025-05-09T16:00:00+00:00,2025-05-17T04:00:00+00:00,2025-05-09T18:00:00+02:00,2025-05-17T06:00:00+02:00,2025-05-12,2,2025-05-12T02:00:00+02:00,2025-05-12T03:00:00+02:00,True,1.0,80.81,65.78894650081197,65.78894650081197,65.78894650081197,6461.0,6461.0,0.0,0.0,100.0,-0.024150185402859847,False
G079,generation,avail_gen_mw,1040.0,2025-05-09T16:00:00+00:00,2025-05-17T04:00:00+00:00,2025-05-09T18:00:00+02:00,2025-05-17T06:00:00+02:00,2025-05-12,3,2025-05-12T03:00:00+02:00,2025-05-12T04:00:00+02:00,True,1.0,80.98,59.4910243371565,59.4910243371565,59.4910243371565,6461.0,6461.0,0.0,0.0,100.0,-0.0493048072029012,False
G079,generation,avail_gen_mw,1040.0,2025-05-09T16:00:00+00:00,2025-05-17T04:00:00+00:00,2025-05-09T18:00:00+02:00,2025-05-17T06:00:00+02:00,2025-05-12,4,2025-05-12T04:00:00+02:00,2025-05-12T05:00:00+02:00,True,1.0,85.26,53.10326009742684,53.10326009742684,53.10326009742684,6461.0,6461.0,0.0,0.0,100.0,-0.1210998870140898,False
G079,generation,avail_gen_mw,1040.0,2025-05-09T16:00:00+00:00,2025-05-17T04:00:00+00:00,2025-05-09T18:00:00+02:00,2025-05-17T06:00:00+02:00,2025-05-12,5,2025-05-12T05:00:00+02:00,2025-05-12T06:00:00+02:00,True,1.0,97.18,68.41894483260617,68.4189448326062,68.4189448326062,6461.0,6461.0,0.0,0.0,100.0,-0.045452193106257255,False
G079,generation,avail_gen_mw,1040.0,2025-05-09T16:00:00+00:00,2025-05-17T04:00:00+00:00,2025-05-09T18:00:00+02:00,2025-05-17T06:00:00+02:00,2025-05-12,6,2025-05-12T06:00:00+02:00,2025-05-12T07:00:00+02:00,True,1.0,141.67,92.478136276344,92.47813627634396,92.47813627634396,6461.0,6461.0,0.0,0.0,100.0,-0.27156190213406717,False
G079,generation,avail_gen_mw,1040.0,2025-05-09T16:00:00+00:00,2025-05-17T04:00:00+00:00,2025-05-09T18:00:00+02:00,2025-05-17T06:00:00+02:00,2025-05-12,7,2025-05-12T07:00:00+02:00,2025-05-12T08:00:00+02:00,True,1.0,144.08,128.4509521818547,128.4509521818547,128.4509521818547,6461.0,6461.0,0.0,0.0,100.0,0.0,False
G079,generation,avail_gen_mw,1040.0,2025-05-09T16:00:00+00:00,2025-05-17T04:00:00+00:00,2025-05-09T18:00:00+02:00,2025-05-17T06:00:00+02:00,2025-05-12,8,2025-05-12T08:00:00+02:00,2025-05-12T09:00:00+02:00,True,1.0,109.43,105.25616981879809,105.25616981879809,105.25616981879809,6461.0,6461.0,0.0,0.0,100.0,0.0,False
G079,generation,avail_gen_mw,1040.0,2025-05-09T16:00:00+00:00,2025-05-17T04:00:00+00:00,2025-05-09T18:00:00+02:00,2025-05-17T06:00:00+02:00,2025-05-12,9,2025-05-12T09:00:00+02:00,2025-05-12T10:00:00+02:00,True,1.0,69.46,85.03063075414357,85.03063075414356,85.03063075414356,6461.0,6461.0,0.0,0.0,100.0,0.0,False
G079,generation,avail_gen_mw,1040.0,2025-05-09T16:00:00+00:00,2025-05-17T04:00:00+00:00,2025-05-09T18:00:00+02:00,2025-05-17T06:00:00+02:00,2025-05-12,10,2025-05-12T10:00:00+02:00,2025-05-12T11:00:00+02:00,True,1.0,41.12,63.71041730524328,63.71041730524327,63.71041730524327,6461.0,6461.0,0.0,0.0,100.0,-0.045734601273551334,False
G079,generation,avail_gen_mw,1040.0,2025-05-09T16:00:00+00:00,2025-05-17T04:00:00+00:00,2025-05-09T18:00:00+02:00,2025-05-17T06:00:00+02:00,2025-05-12,11,2025-05-12T11:00:00+02:00,2025-05-12T12:00:00+02:00,True,1.0,39.23,54.559200808042235,54.559200808042235,54.559200808042235,6461.0,6461.0,0.0,0.0,100.0,-0.050372873950024655,False
G079,generation,avail_gen_mw,1040.0,2025-05-09T16:00:00+00:00,2025-05-17T04:00:00+00:00,2025-05-09T18:00:00+02:00,2025-05-17T06:00:00+02:00,2025-05-12,12,2025-05-12T12:00:00+02:00,2025-05-12T13:00:00+02:00,True,1.0,32.51,46.92093854741741,46.92093854741741,46.92093854741741,6461.0,6461.0,0.0,0.0,100.0,-0.10109419934779851,False
G079,generation,avail_gen_mw,1040.0,2025-05-09T16:00:00+00:00,2025-05-17T04:00:00+00:00,2025-05-09T18:00:00+02:00,2025-05-17T06:00:00+02:00,2025-05-12,13,2025-05-12T13:00:00+02:00,2025-05-12T14:00:00+02:00,True,1.0,16.41,34.93719889394509,34.937198893945094,34.937198893945094,6461.0,6461.0,0.0,0.0,100.0,-0.10551397893465264,False
G079,generation,avail_gen_mw,1040.0,2025-05-09T16:00:00+00:00,2025-05-17T04:00:00+00:00,2025-05-09T18:00:00+02:00,2025-05-17T06:00:00+02:00,2025-05-12,14,2025-05-12T14:00:00+02:00,2025-05-12T15:00:00+02:00,True,1.0,21.17,36.5873596179086,36.587359617908604,36.587359617908604,6461.0,6461.0,0.0,0.0,100.0,-0.05362139121213261,False
G079,generation,avail_gen_mw,1040.0,2025-05-09T16:00:00+00:00,2025-05-17T04:00:00+00:00,2025-05-09T18:00:00+02:00,2025-05-17T06:00:00+02:00,2025-05-12,15,2025-05-12T15:00:00+02:00,2025-05-12T16:00:00+02:00,True,1.0,35.81,42.5248548015032,42.52485480150318,42.52485480150318,6461.0,6461.0,0.0,0.0,100.0,-0.08743714941091696,False
G079,generation,avail_gen_mw,1040.0,2025-05-09T16:00:00+00:00,2025-05-17T04:00:00+00:00,2025-05-09T18:00:00+02:00,2025-05-17T06:00:00+02:00,2025-05-12,16,2025-05-12T16:00:00+02:00,2025-05-12T17:00:00+02:00,True,1.0,44.61,48.49543606673258,48.49543606673257,48.49543606673257,6461.0,6461.0,0.0,0.0,100.0,0.0,False
G079,generation,avail_gen_mw,1040.0,2025-05-09T16:00:00+00:00,2025-05-17T04:00:00+00:00,2025-05-09T18:00:00+02:00,2025-05-17T06:00:00+02:00,2025-05-12,17,2025-05-12T17:00:00+02:00,2025-05-12T18:00:00+02:00,True,1.0,78.95,64.67333362503422,64.67333362503423,64.67333362503423,6461.0,6461.0,0.0,0.0,100.0,-0.024035450390272217,False
G079,generation,avail_gen_mw,1040.0,2025-05-09T16:00:00+00:00,2025-05-17T04:00:00+00:00,2025-05-09T18:00:00+02:00,2025-05-17T06:00:00+02:00,2025-05-12,18,2025-05-12T18:00:00+02:00,2025-05-12T19:00:00+02:00,True,1.0,106.0,90.5521201394392,90.55212013943921,90.55212013943921,6461.0,6461.0,0.0,0.0,100.0,0.1073896396185745,False
G079,generation,avail_gen_mw,1040.0,2025-05-09T16:00:00+00:00,2025-05-17T04:00:00+00:00,2025-05-09T18:00:00+02:00,2025-05-17T06:00:00+02:00,2025-05-12,19,2025-05-12T19:00:00+02:00,2025-05-12T20:00:00+02:00,True,1.0,147.86,108.33496852662113,108.33496852662113,108.33496852662113,6461.0,6461.0,0.0,0.0,100.0,0.12467919664405258,False
G079,generation,avail_gen_mw,1040.0,2025-05-09T16:00:00+00:00,2025-05-17T04:00:00+00:00,2025-05-09T18:00:00+02:00,2025-05-17T06:00:00+02:00,2025-05-12,20,2025-05-12T20:00:00+02:00,2025-05-12T21:00:00+02:00,True,1.0,179.54,132.06123776805532,132.06123776805532,132.06123776805532,6461.0,6461.0,0.0,0.0,100.0,0.4280578630551872,False
G079,generation,avail_gen_mw,1040.0,2025-05-09T16:00:00+00:00,2025-05-17T04:00:00+00:00,2025-05-09T18:00:00+02:00,2025-05-17T06:00:00+02:00,2025-05-12,21,2025-05-12T21:00:00+02:00,2025-05-12T22:00:00+02:00,True,1.0,118.63,125.8234459068442,125.82344590684421,125.82344590684421,6461.0,6461.0,0.0,0.0,100.0,0.07137965660970735,False
G079,generation,avail_gen_mw,1040.0,2025-05-09T16:00:00+00:00,2025-05-17T04:00:00+00:00,2025-05-09T18:00:00+02:00,2025-05-17T06:00:00+02:00,2025-05-12,22,2025-05-12T22:00:00+02:00,2025-05-12T23:00:00+02:00,True,1.0,100.51,87.50434853303454,87.50434853303452,87.50434853303452,6461.0,6461.0,0.0,0.0,100.0,-0.12151436145259709,False
G079,generation,avail_gen_mw,1040.0,2025-05-09T16:00:00+00:00,2025-05-17T04:00:00+00:00,2025-05-09T18:00:00+02:00,2025-05-17T06:00:00+02:00,2025-05-12,23,2025-05-12T23:00:00+02:00,2025-05-13T00:00:00+02:00,True,1.0,84.41,73.97885282969426,73.97885282969426,73.97885282969426,6461.0,6461.0,0.0,0.0,100.0,-0.10550834515868246,False
G079,generation,avail_gen_mw,1040.0,2025-05-09T16:00:00+00:00,2025-05-17T04:00:00+00:00,2025-05-09T18:00:00+02:00,2025-05-17T06:00:00+02:00,2025-05-13,0,2025-05-13T00:00:00+02:00,2025-05-13T01:00:00+02:00,True,1.0,57.76,70.9092364618032,70.9092364618032,70.9092364618032,6461.0,6461.0,0.0,0.0,100.0,-0.007442893696492092,False
G079,generation,avail_gen_mw,1040.0,2025-05-09T16:00:00+00:00,2025-05-17T04:00:00+00:00,2025-05-09T18:00:00+02:00,2025-05-17T06:00:00+02:00,2025-05-13,1,2025-05-13T01:00:00+02:00,2025-05-13T02:00:00+02:00,True,1.0,46.58,67.09103797801339,67.09103797801339,67.09103797801339,6461.0,6461.0,0.0,0.0,100.0,-0.05133663430552815,False
G079,generation,avail_gen_mw,1040.0,2025-05-09T16:00:00+00:00,2025-05-17T04:00:00+00:00,2025-05-09T18:00:00+02:00,2025-05-17T06:00:00+02:00,2025-05-13,2,2025-05-13T02:00:00+02:00,2025-05-13T03:00:00+02:00,True,1.0,53.71,65.77575106101472,65.77575106101472,65.77575106101472,6461.0,6461.0,0.0,0.0,100.0,-0.020820242313092763,False
G079,generation,avail_gen_mw,1040.0,2025-05-09T16:00:00+00:00,2025-05-17T04:00:00+00:00,2025-05-09T18:00:00+02:00,2025-05-17T06:00:00+02:00,2025-05-13,3,2025-05-13T03:00:00+02:00,2025-05-13T04:00:00+02:00,True,1.0,76.44,62.94700561736234,62.947005617362365,62.947005617362365,6461.0,6461.0,0.0,0.0,100.0,-0.03879511526248791,False
G079,generation,avail_gen_mw,1040.0,2025-05-09T16:00:00+00:00,2025-05-17T04:00:00+00:00,2025-05-09T18:00:00+02:00,2025-05-17T06:00:00+02:00,2025-05-13,4,2025-05-13T04:00:00+02:00,2025-05-13T05:00:00+02:00,True,1.0,89.44,65.71485813194158,65.71485813194155,65.71485813194155,6461.0,6461.0,0.0,0.0,100.0,-0.0790173980160489,False
G079,generation,avail_gen_mw,1040.0,2025-05-09T16:00:00+00:00,2025-05-17T04:00:00+00:00,2025-05-09T18:00:00+02:00,2025-05-17T06:00:00+02:00,2025-05-13,5,2025-05-13T05:00:00+02:00,2025-05-13T06:00:00+02:00,True,1.0,100.28,66.87040155339511,66.87040155339514,66.87040155339514,6461.0,6461.0,0.0,0.0,100.0,-0.04017822984548047,False
G079,generation,avail_gen_mw,1040.0,2025-05-09T16:00:00+00:00,2025-05-17T04:00:00+00:00,2025-05-09T18:00:00+02:00,2025-05-17T06:00:00+02:00,2025-05-13,6,2025-05-13T06:00:00+02:00,2025-05-13T07:00:00+02:00,True,1.0,120.58,63.231232970777825,63.231232970777825,63.231232970777825,6461.0,6461.0,0.0,0.0,100.0,-0.1027746716569311,False
G079,generation,avail_gen_mw,1040.0,2025-05-09T16:00:00+00:00,2025-05-17T04:00:00+00:00,2025-05-09T18:00:00+02:00,2025-05-17T06:00:00+02:00,2025-05-13,7,2025-05-13T07:00:00+02:00,2025-05-13T08:00:00+02:00,True,1.0,121.42,70.4807950956535,70.4807950956535,70.4807950956535,6461.0,6461.0,0.0,0.0,100.0,0.0,False
G079,generation,avail_gen_mw,1040.0,2025-05-09T16:00:00+00:00,2025-05-17T04:00:00+00:00,2025-05-09T18:00:00+02:00,2025-05-17T06:00:00+02:00,2025-05-13,8,2025-05-13T08:00:00+02:00,2025-05-13T09:00:00+02:00,True,1.0,94.27,55.17891379862134,55.17891379862134,55.17891379862134,6461.0,6461.0,0.0,0.0,100.0,0.0,False
G079,generation,avail_gen_mw,1040.0,2025-05-09T16:00:00+00:00,2025-05-17T04:00:00+00:00,2025-05-09T18:00:00+02:00,2025-05-17T06:00:00+02:00,2025-05-13,9,2025-05-13T09:00:00+02:00,2025-05-13T10:00:00+02:00,True,1.0,76.58,45.78695185929429,45.78695185929429,45.78695185929429,6461.0,6461.0,0.0,0.0,100.0,0.0,False
G079,generation,avail_gen_mw,1040.0,2025-05-09T16:00:00+00:00,2025-05-17T04:00:00+00:00,2025-05-09T18:00:00+02:00,2025-05-17T06:00:00+02:00,2025-05-13,10,2025-05-13T10:00:00+02:00,2025-05-13T11:00:00+02:00,True,1.0,16.47,33.455249013717314,33.455249013717314,33.455249013717314,6461.0,6461.0,0.0,0.0,100.0,-0.0504788594799237,False
G079,generation,avail_gen_mw,1040.0,2025-05-09T16:00:00+00:00,2025-05-17T04:00:00+00:00,2025-05-09T18:00:00+02:00,2025-05-17T06:00:00+02:00,2025-05-13,11,2025-05-13T11:00:00+02:00,2025-05-13T12:00:00+02:00,True,1.0,6.55,30.840832427136537,30.84083242713654,30.84083242713654,6461.0,6461.0,0.0,0.0,100.0,-0.04084040774656117,False
G079,generation,avail_gen_mw,1040.0,2025-05-09T16:00:00+00:00,2025-05-17T04:00:00+00:00,2025-05-09T18:00:00+02:00,2025-05-17T06:00:00+02:00,2025-05-13,12,2025-05-13T12:00:00+02:00,2025-05-13T13:00:00+02:00,True,1.0,5.83,18.866876290130357,18.86687629013034,18.86687629013034,6461.0,6461.0,0.0,0.0,100.0,-0.06371292892658076,False
G079,generation,avail_gen_mw,1040.0,2025-05-09T16:00:00+00:00,2025-05-17T04:00:00+00:00,2025-05-09T18:00:00+02:00,2025-05-17T06:00:00+02:00,2025-05-13,13,2025-05-13T13:00:00+02:00,2025-05-13T14:00:00+02:00,True,1.0,9.9,30.058420781806173,30.058420781806173,30.058420781806173,6461.0,6461.0,0.0,0.0,100.0,-0.08362532625416108,False
G079,generation,avail_gen_mw,1040.0,2025-05-09T16:00:00+00:00,2025-05-17T04:00:00+00:00,2025-05-09T18:00:00+02:00,2025-05-17T06:00:00+02:00,2025-05-13,14,2025-05-13T14:00:00+02:00,2025-05-13T15:00:00+02:00,True,1.0,1.34,33.00949100705779,33.0094910070578,33.0094910070578,6461.0,6461.0,0.0,0.0,100.0,-0.04385162894970307,False
G079,generation,avail_gen_mw,1040.0,2025-05-09T16:00:00+00:00,2025-05-17T04:00:00+00:00,2025-05-09T18:00:00+02:00,2025-05-17T06:00:00+02:00,2025-05-13,15,2025-05-13T15:00:00+02:00,2025-05-13T16:00:00+02:00,True,1.0,4.29,34.954800459879735,34.95480045987973,34.95480045987973,6461.0,6461.0,0.0,0.0,100.0,-0.0663072043226407,False
G079,generation,avail_gen_mw,1040.0,2025-05-09T16:00:00+00:00,2025-05-17T04:00:00+00:00,2025-05-09T18:00:00+02:00,2025-05-17T06:00:00+02:00,2025-05-13,16,2025-05-13T16:00:00+02:00,2025-05-13T17:00:00+02:00,True,1.0,4.48,42.30695079286488,42.306950792864875,42.306950792864875,6461.0,6461.0,0.0,0.0,100.0,0.0,False
G079,generation,avail_gen_mw,1040.0,2025-05-09T16:00:00+00:00,2025-05-17T04:00:00+00:00,2025-05-09T18:00:00+02:00,2025-05-17T06:00:00+02:00,2025-05-13,17,2025-05-13T17:00:00+02:00,2025-05-13T18:00:00+02:00,True,1.0,57.87,61.67690330729965,61.67690330729968,61.67690330729968,6461.0,6461.0,0.0,0.0,100.0,-0.024831944857382382,False
G079,generation,avail_gen_mw,1040.0,2025-05-09T16:00:00+00:00,2025-05-17T04:00:00+00:00,2025-05-09T18:00:00+02:00,2025-05-17T06:00:00+02:00,2025-05-13,18,2025-05-13T18:00:00+02:00,2025-05-13T19:00:00+02:00,True,1.0,101.49,73.7175144895642,73.71751448956422,73.71751448956422,6461.0,6461.0,0.0,0.0,100.0,0.07750666240883675,False
G079,generation,avail_gen_mw,1040.0,2025-05-09T16:00:00+00:00,2025-05-17T04:00:00+00:00,2025-05-09T18:00:00+02:00,2025-05-17T06:00:00+02:00,2025-05-13,19,2025-05-13T19:00:00+02:00,2025-05-13T20:00:00+02:00,True,1.0,137.05,87.25970556574143,87.25970556574141,87.25970556574141,6461.0,6461.0,0.0,0.0,100.0,0.05732851760798496,False
G079,generation,avail_gen_mw,1040.0,2025-05-09T16:00:00+00:00,2025-05-17T04:00:00+00:00,2025-05-09T18:00:00+02:00,2025-05-17T06:00:00+02:00,2025-05-13,20,2025-05-13T20:00:00+02:00,2025-05-13T21:00:00+02:00,True,1.0,207.72,93.00725395948857,93.00725395948857,93.00725395948857,6461.0,6461.0,0.0,0.0,100.0,0.2791554785772803,False
G079,generation,avail_gen_mw,1040.0,2025-05-09T16:00:00+00:00,2025-05-17T04:00:00+00:00,2025-05-09T18:00:00+02:00,2025-05-17T06:00:00+02:00,2025-05-13,21,2025-05-13T21:00:00+02:00,2025-05-13T22:00:00+02:00,True,1.0,139.25,85.98638637925103,85.98638637925103,85.98638637925103,6461.0,6461.0,0.0,0.0,100.0,0.03650541159419163,False
G079,generation,avail_gen_mw,1040.0,2025-05-09T16:00:00+00:00,2025-05-17T04:00:00+00:00,2025-05-09T18:00:00+02:00,2025-05-17T06:00:00+02:00,2025-05-13,22,2025-05-13T22:00:00+02:00,2025-05-13T23:00:00+02:00,True,1.0,92.04,88.35310753154303,88.35310753154303,88.35310753154303,6461.0,6461.0,0.0,0.0,100.0,-0.1292235519881615,False
G079,generation,avail_gen_mw,1040.0,2025-05-09T16:00:00+00:00,2025-05-17T04:00:00+00:00,2025-05-09T18:00:00+02:00,2025-05-17T06:00:00+02:00,2025-05-13,23,2025-05-13T23:00:00+02:00,2025-05-14T00:00:00+02:00,True,1.0,85.04,62.46876211634309,62.46876211634309,62.46876211634309,6461.0,6461.0,0.0,0.0,100.0,0.0,False
G079,generation,avail_gen_mw,1040.0,2025-05-09T16:00:00+00:00,2025-05-17T04:00:00+00:00,2025-05-09T18:00:00+02:00,2025-05-17T06:00:00+02:00,2025-05-14,0,2025-05-14T00:00:00+02:00,2025-05-14T01:00:00+02:00,True,1.0,41.03,64.74423691771692,64.7442369177169,64.7442369177169,6461.0,6461.0,0.0,0.0,100.0,-0.0052848902368793915,False
G079,generation,avail_gen_mw,1040.0,2025-05-09T16:00:00+00:00,2025-05-17T04:00:00+00:00,2025-05-09T18:00:00+02:00,2025-05-17T06:00:00+02:00,2025-05-14,1,2025-05-14T01:00:00+02:00,2025-05-14T02:00:00+02:00,True,1.0,39.37,61.595441796193526,61.59544179619352,61.59544179619352,6461.0,6461.0,0.0,0.0,100.0,-0.04614234929301375,False
G079,generation,avail_gen_mw,1040.0,2025-05-09T16:00:00+00:00,2025-05-17T04:00:00+00:00,2025-05-09T18:00:00+02:00,2025-05-17T06:00:00+02:00,2025-05-14,2,2025-05-14T02:00:00+02:00,2025-05-14T03:00:00+02:00,True,1.0,39.65,56.43796959721335,56.43796959721335,56.43796959721335,6461.0,6461.0,0.0,0.0,100.0,-0.016743108263199247,False
G079,generation,avail_gen_mw,1040.0,2025-05-09T16:00:00+00:00,2025-05-17T04:00:00+00:00,2025-05-09T18:00:00+02:00,2025-05-17T06:00:00+02:00,2025-05-14,3,2025-05-14T03:00:00+02:00,2025-05-14T04:00:00+02:00,True,1.0,41.13,52.00978854202071,52.009788542020715,52.009788542020715,6461.0,6461.0,0.0,0.0,100.0,-0.028690830807569512,False
G079,generation,avail_gen_mw,1040.0,2025-05-09T16:00:00+00:00,2025-05-17T04:00:00+00:00,2025-05-09T18:00:00+02:00,2025-05-17T06:00:00+02:00,2025-05-14,4,2025-05-14T04:00:00+02:00,2025-05-14T05:00:00+02:00,True,1.0,37.6,54.23138907434137,54.23138907434138,54.23138907434138,6461.0,6461.0,0.0,0.0,100.0,-0.030798777165649938,False
G079,generation,avail_gen_mw,1040.0,2025-05-09T16:00:00+00:00,2025-05-17T04:00:00+00:00,2025-05-09T18:00:00+02:00,2025-05-17T06:00:00+02:00,2025-05-14,5,2025-05-14T05:00:00+02:00,2025-05-14T06:00:00+02:00,True,1.0,40.91,58.26471839901754,58.26471839901753,58.26471839901753,6461.0,6461.0,0.0,0.0,100.0,-0.020939478083590757,False
G079,generation,avail_gen_mw,1040.0,2025-05-09T16:00:00+00:00,2025-05-17T04:00:00+00:00,2025-05-09T18:00:00+02:00,2025-05-17T06:00:00+02:00,2025-05-14,6,2025-05-14T06:00:00+02:00,2025-05-14T07:00:00+02:00,True,1.0,60.53,68.1560067448118,68.1560067448118,68.1560067448118,6461.0,6461.0,0.0,0.0,100.0,-0.12216406699897675,False
G079,generation,avail_gen_mw,1040.0,2025-05-09T16:00:00+00:00,2025-05-17T04:00:00+00:00,2025-05-09T18:00:00+02:00,2025-05-17T06:00:00+02:00,2025-05-14,7,2025-05-14T07:00:00+02:00,2025-05-14T08:00:00+02:00,True,1.0,117.89,65.88141423514747,65.88141423514747,65.88141423514747,6461.0,6461.0,0.0,0.0,100.0,0.0,False
G079,generation,avail_gen_mw,1040.0,2025-05-09T16:00:00+00:00,2025-05-17T04:00:00+00:00,2025-05-09T18:00:00+02:00,2025-05-17T06:00:00+02:00,2025-05-14,8,2025-05-14T08:00:00+02:00,2025-05-14T09:00:00+02:00,True,1.0,98.2,51.132795459512,51.132795459511996,51.132795459511996,6461.0,6461.0,0.0,0.0,100.0,0.0,False
G079,generation,avail_gen_mw,1040.0,2025-05-09T16:00:00+00:00,2025-05-17T04:00:00+00:00,2025-05-09T18:00:00+02:00,2025-05-17T06:00:00+02:00,2025-05-14,9,2025-05-14T09:00:00+02:00,2025-05-14T10:00:00+02:00,True,1.0,71.04,37.12399656118902,37.12399656118902,37.12399656118902,6461.0,6461.0,0.0,0.0,100.0,0.0,False
G079,generation,avail_gen_mw,1040.0,2025-05-09T16:00:00+00:00,2025-05-17T04:00:00+00:00,2025-05-09T18:00:00+02:00,2025-05-17T06:00:00+02:00,2025-05-14,10,2025-05-14T10:00:00+02:00,2025-05-14T11:00:00+02:00,True,1.0,2.38,15.662263415116003,15.662263415116001,15.662263415116001,6461.0,6461.0,0.0,0.0,100.0,-0.04472510186183598,False
G079,generation,avail_gen_mw,1040.0,2025-05-09T16:00:00+00:00,2025-05-17T04:00:00+00:00,2025-05-09T18:00:00+02:00,2025-05-17T06:00:00+02:00,2025-05-14,11,2025-05-14T11:00:00+02:00,2025-05-14T12:00:00+02:00,True,1.0,-0.56,10.808047576799796,10.808047576799797,10.808047576799797,6461.0,6461.0,0.0,0.0,100.0,-0.05577654361519535,False
G079,generation,avail_gen_mw,1040.0,2025-05-09T16:00:00+00:00,2025-05-17T04:00:00+00:00,2025-05-09T18:00:00+02:00,2025-05-17T06:00:00+02:00,2025-05-14,12,2025-05-14T12:00:00+02:00,2025-05-14T13:00:00+02:00,True,1.0,-2.58,11.840427422789071,11.840427422789073,11.840427422789073,6461.0,6461.0,0.0,0.0,100.0,-0.06990677417164015,False
G079,generation,avail_gen_mw,1040.0,2025-05-09T16:00:00+00:00,2025-05-17T04:00:00+00:00,2025-05-09T18:00:00+02:00,2025-05-17T06:00:00+02:00,2025-05-14,13,2025-05-14T13:00:00+02:00,2025-05-14T14:00:00+02:00,True,1.0,-2.85,4.522778953660691,4.522778953660705,4.537858204377926,6461.0,6461.0,0.0,0.01507925071722127,100.0,-0.11165665450806017,False
G079,generation,avail_gen_mw,1040.0,2025-05-09T16:00:00+00:00,2025-05-17T04:00:00+00:00,2025-05-09T18:00:00+02:00,2025-05-17T06:00:00+02:00,2025-05-14,14,2025-05-14T14:00:00+02:00,2025-05-14T15:00:00+02:00,True,1.0,-3.0,6.60685886285308,6.606858862853077,6.606858862853077,6461.0,6461.0,0.0,0.0,100.0,-0.05201106536024369,False
G079,generation,avail_gen_mw,1040.0,2025-05-09T16:00:00+00:00,2025-05-17T04:00:00+00:00,2025-05-09T18:00:00+02:00,2025-05-17T06:00:00+02:00,2025-05-14,15,2025-05-14T15:00:00+02:00,2025-05-14T16:00:00+02:00,True,1.0,-0.99,12.810506441278848,12.810506441278848,12.810506441278848,6461.0,6461.0,0.0,0.0,100.0,-0.0752760761811544,False
G079,generation,avail_gen_mw,1040.0,2025-05-09T16:00:00+00:00,2025-05-17T04:00:00+00:00,2025-05-09T18:00:00+02:00,2025-05-17T06:00:00+02:00,2025-05-14,16,2025-05-14T16:00:00+02:00,2025-05-14T17:00:00+02:00,True,1.0,4.67,19.535925987546683,19.535925987546687,19.372869922890203,6461.0,6721.0,260.0,-0.1630560646564838,100.0,-0.04470634606795798,True
G079,generation,avail_gen_mw,1040.0,2025-05-09T16:00:00+00:00,2025-05-17T04:00:00+00:00,2025-05-09T18:00:00+02:00,2025-05-17T06:00:00+02:00,2025-05-14,17,2025-05-14T17:00:00+02:00,2025-05-14T18:00:00+02:00,True,1.0,31.22,36.23213403387149,36.23213403387148,36.01525981198109,6461.0,6721.0,260.0,-0.21687422189039296,100.0,-0.01538428696380123,True
G079,generation,avail_gen_mw,1040.0,2025-05-09T16:00:00+00:00,2025-05-17T04:00:00+00:00,2025-05-09T18:00:00+02:00,2025-05-17T06:00:00+02:00,2025-05-14,18,2025-05-14T18:00:00+02:00,2025-05-14T19:00:00+02:00,True,1.0,86.48,46.289674416562875,46.28967441656287,46.05921059833875,6461.0,6721.0,260.0,-0.23046381822411632,100.0,0.05942135271647686,True
G079,generation,avail_gen_mw,1040.0,2025-05-09T16:00:00+00:00,2025-05-17T04:00:00+00:00,2025-05-09T18:00:00+02:00,2025-05-17T06:00:00+02:00,2025-05-14,19,2025-05-14T19:00:00+02:00,2025-05-14T20:00:00+02:00,True,1.0,95.36,54.198142361322766,54.198142361322766,53.970501537480885,6461.0,6721.0,260.0,-0.227640823841881,100.0,0.07834780762561877,True
G079,generation,avail_gen_mw,1040.0,2025-05-09T16:00:00+00:00,2025-05-17T04:00:00+00:00,2025-05-09T18:00:00+02:00,2025-05-17T06:00:00+02:00,2025-05-14,20,2025-05-14T20:00:00+02:00,2025-05-14T21:00:00+02:00,True,1.0,112.91,61.065121450740705,61.06512145074069,60.61975977456483,6461.0,6721.0,260.0,-0.44536167617586386,100.0,0.15386598925275763,True
G079,generation,avail_gen_mw,1040.0,2025-05-09T16:00:00+00:00,2025-05-17T04:00:00+00:00,2025-05-09T18:00:00+02:00,2025-05-17T06:00:00+02:00,2025-05-14,21,2025-05-14T21:00:00+02:00,2025-05-14T22:00:00+02:00,True,1.0,129.85,54.560307083979126,54.560307083979126,53.663503425080904,6461.0,6721.0,260.0,-0.8968036588982216,100.0,0.006278598546735736,True
G079,generation,avail_gen_mw,1040.0,2025-05-09T16:00:00+00:00,2025-05-17T04:00:00+00:00,2025-05-09T18:00:00+02:00,2025-05-17T06:00:00+02:00,2025-05-14,22,2025-05-14T22:00:00+02:00,2025-05-14T23:00:00+02:00,True,1.0,108.34,47.338358846168,47.338358846168006,47.02595601386429,6461.0,6721.0,260.0,-0.312402832303718,100.0,-0.043074409445161166,True
G079,generation,avail_gen_mw,1040.0,2025-05-09T16:00:00+00:00,2025-05-17T04:00:00+00:00,2025-05-09T18:00:00+02:00,2025-05-17T06:00:00+02:00,2025-05-14,23,2025-05-14T23:00:00+02:00,2025-05-15T00:00:00+02:00,True,1.0,94.6,39.6490240429058,39.64902404290581,39.64902404290581,6461.0,6721.0,260.0,0.0,100.0,0.0,True
G079,generation,avail_gen_mw,1040.0,2025-05-09T16:00:00+00:00,2025-05-17T04:00:00+00:00,2025-05-09T18:00:00+02:00,2025-05-17T06:00:00+02:00,2025-05-15,0,2025-05-15T00:00:00+02:00,2025-05-15T01:00:00+02:00,True,1.0,69.28,64.6174363330195,64.6174363330195,64.63439627251003,6461.0,6721.0,260.0,0.016959939490533316,100.0,-0.0058200218898321054,True
G079,generation,avail_gen_mw,1040.0,2025-05-09T16:00:00+00:00,2025-05-17T04:00:00+00:00,2025-05-09T18:00:00+02:00,2025-05-17T06:00:00+02:00,2025-05-15,1,2025-05-15T01:00:00+02:00,2025-05-15T02:00:00+02:00,True,1.0,59.83,57.898080329829355,57.898080329829355,58.02202034087453,6461.0,6721.0,260.0,0.12394001104517827,100.0,-0.042463141735169074,True
G079,generation,avail_gen_mw,1040.0,2025-05-09T16:00:00+00:00,2025-05-17T04:00:00+00:00,2025-05-09T18:00:00+02:00,2025-05-17T06:00:00+02:00,2025-05-15,2,2025-05-15T02:00:00+02:00,2025-05-15T03:00:00+02:00,True,1.0,69.99,52.72445340620568,52.72445340620568,52.72445340620568,6461.0,6721.0,260.0,0.0,100.0,0.0,True
G079,generation,avail_gen_mw,1040.0,2025-05-09T16:00:00+00:00,2025-05-17T04:00:00+00:00,2025-05-09T18:00:00+02:00,2025-05-17T06:00:00+02:00,2025-05-15,3,2025-05-15T03:00:00+02:00,2025-05-15T04:00:00+02:00,True,1.0,75.96,52.20517002036107,52.20517002036105,52.268293743000555,6461.0,6721.0,260.0,0.06312372263950294,100.0,-0.03432669588913484,True
G079,generation,avail_gen_mw,1040.0,2025-05-09T16:00:00+00:00,2025-05-17T04:00:00+00:00,2025-05-09T18:00:00+02:00,2025-05-17T06:00:00+02:00,2025-05-15,4,2025-05-15T04:00:00+02:00,2025-05-15T05:00:00+02:00,True,1.0,74.33,52.74810215623524,52.748102156235255,52.80442118597415,6461.0,6721.0,260.0,0.056319029738894244,100.0,-0.030630261934824432,True
G079,generation,avail_gen_mw,1040.0,2025-05-09T16:00:00+00:00,2025-05-17T04:00:00+00:00,2025-05-09T18:00:00+02:00,2025-05-17T06:00:00+02:00,2025-05-15,5,2025-05-15T05:00:00+02:00,2025-05-15T06:00:00+02:00,True,1.0,69.96,65.71752886169021,65.71752886169023,65.75670736483094,6461.0,6721.0,260.0,0.039178503140718135,100.0,-0.02131787042463884,True
G079,generation,avail_gen_mw,1040.0,2025-05-09T16:00:00+00:00,2025-05-17T04:00:00+00:00,2025-05-09T18:00:00+02:00,2025-05-17T06:00:00+02:00,2025-05-15,6,2025-05-15T06:00:00+02:00,2025-05-15T07:00:00+02:00,True,1.0,62.03,79.78551475339162,79.78551475339162,79.96793254130195,6461.0,6721.0,260.0,0.1824177879103246,100.0,-0.09908610669313589,True
G079,generation,avail_gen_mw,1040.0,2025-05-09T16:00:00+00:00,2025-05-17T04:00:00+00:00,2025-05-09T18:00:00+02:00,2025-05-17T06:00:00+02:00,2025-05-15,7,2025-05-15T07:00:00+02:00,2025-05-15T08:00:00+02:00,True,1.0,88.37,80.6059864948666,80.6059864948666,80.6059864948666,6461.0,6630.0,169.0,0.0,100.0,0.0,True
G079,generation,avail_gen_mw,1040.0,2025-05-09T16:00:00+00:00,2025-05-17T04:00:00+00:00,2025-05-09T18:00:00+02:00,2025-05-17T06:00:00+02:00,2025-05-15,8,2025-05-15T08:00:00+02:00,2025-05-15T09:00:00+02:00,True,1.0,83.5,54.51115095434283,54.51115095434283,54.51115095434283,6461.0,6630.0,169.0,0.0,100.0,0.0,True
G079,generation,avail_gen_mw,1040.0,2025-05-09T16:00:00+00:00,2025-05-17T04:00:00+00:00,2025-05-09T18:00:00+02:00,2025-05-17T06:00:00+02:00,2025-05-15,9,2025-05-15T09:00:00+02:00,2025-05-15T10:00:00+02:00,True,1.0,42.69,41.780847220822835,41.780847220822835,41.780847220822835,6461.0,6630.0,169.0,0.0,100.0,0.0,True
G079,generation,avail_gen_mw,1040.0,2025-05-09T16:00:00+00:00,2025-05-17T04:00:00+00:00,2025-05-09T18:00:00+02:00,2025-05-17T06:00:00+02:00,2025-05-15,10,2025-05-15T10:00:00+02:00,2025-05-15T11:00:00+02:00,True,1.0,4.05,16.120349057704235,16.120349057704242,16.292456443546556,6461.0,6630.0,169.0,0.17210738584231322,100.0,-0.06251414927873711,True
G079,generation,avail_gen_mw,1040.0,2025-05-09T16:00:00+00:00,2025-05-17T04:00:00+00:00,2025-05-09T18:00:00+02:00,2025-05-17T06:00:00+02:00,2025-05-15,11,2025-05-15T11:00:00+02:00,2025-05-15T12:00:00+02:00,True,1.0,0.33,5.693512030559532,5.693512030559525,5.842986037330945,6461.0,6630.0,169.0,0.14947400677142042,100.0,-0.08156466434828502,True
G079,generation,avail_gen_mw,1040.0,2025-05-09T16:00:00+00:00,2025-05-17T04:00:00+00:00,2025-05-09T18:00:00+02:00,2025-05-17T06:00:00+02:00,2025-05-15,12,2025-05-15T12:00:00+02:00,2025-05-15T13:00:00+02:00,True,1.0,-2.47,8.499493116671054,8.49949311667105,8.642686697210422,6461.0,6527.0,66.0,0.14319358053937137,100.0,-0.07813273308310187,True
G079,generation,avail_gen_mw,1040.0,2025-05-09T16:00:00+00:00,2025-05-17T04:00:00+00:00,2025-05-09T18:00:00+02:00,2025-05-17T06:00:00+02:00,2025-05-15,13,2025-05-15T13:00:00+02:00,2025-05-15T14:00:00+02:00,True,1.0,-4.34,3.716050799777019,3.716050799777012,3.9151738996852323,6461.0,6527.0,66.0,0.19912309990822052,100.0,-0.11085835504142949,True
G079,generation,avail_gen_mw,1040.0,2025-05-09T16:00:00+00:00,2025-05-17T04:00:00+00:00,2025-05-09T18:00:00+02:00,2025-05-17T06:00:00+02:00,2025-05-15,14,2025-05-15T14:00:00+02:00,2025-05-15T15:00:00+02:00,True,1.0,-3.38,5.071427496102693,5.071427496102686,5.318624158235366,6461.0,6527.0,66.0,0.24719666213268,100.0,-0.08710975178123093,True
G079,generation,avail_gen_mw,1040.0,2025-05-09T16:00:00+00:00,2025-05-17T04:00:00+00:00,2025-05-09T18:00:00+02:00,2025-05-17T06:00:00+02:00,2025-05-15,15,2025-05-15T15:00:00+02:00,2025-05-15T16:00:00+02:00,True,1.0,-1.61,12.102803611641365,12.102803611641358,12.241578835448339,6461.0,6527.0,66.0,0.13877522380698082,100.0,-0.07571686171323222,True
G079,generation,avail_gen_mw,1040.0,2025-05-09T16:00:00+00:00,2025-05-17T04:00:00+00:00,2025-05-09T18:00:00+02:00,2025-05-17T06:00:00+02:00,2025-05-15,16,2025-05-15T16:00:00+02:00,2025-05-15T17:00:00+02:00,True,1.0,0.23,17.740278173071076,17.74027817307108,17.929193569479935,6461.0,6527.0,66.0,0.18891539640885568,100.0,-0.05488912409016322,True
G079,generation,avail_gen_mw,1040.0,2025-05-09T16:00:00+00:00,2025-05-17T04:00:00+00:00,2025-05-09T18:00:00+02:00,2025-05-17T06:00:00+02:00,2025-05-15,17,2025-05-15T17:00:00+02:00,2025-05-15T18:00:00+02:00,True,1.0,3.87,35.34143479913493,35.34143479913494,35.52064428617962,6461.0,6527.0,66.0,0.17920948704468032,100.0,-0.024026173844987397,True
G079,generation,avail_gen_mw,1040.0,2025-05-09T16:00:00+00:00,2025-05-17T04:00:00+00:00,2025-05-09T18:00:00+02:00,2025-05-17T06:00:00+02:00,2025-05-15,18,2025-05-15T18:00:00+02:00,2025-05-15T19:00:00+02:00,True,1.0,76.39,56.93142024854906,56.93142024854906,56.89084972421084,6461.0,6527.0,66.0,-0.0405705243382215,100.0,0.05851841708174277,True
G079,generation,avail_gen_mw,1040.0,2025-05-09T16:00:00+00:00,2025-05-17T04:00:00+00:00,2025-05-09T18:00:00+02:00,2025-05-17T06:00:00+02:00,2025-05-15,19,2025-05-15T19:00:00+02:00,2025-05-15T20:00:00+02:00,True,1.0,98.85,71.5036148803623,71.5036148803623,71.87799685681743,6461.0,6527.0,66.0,0.37438197645512616,100.0,-0.02069080511361676,True
G079,generation,avail_gen_mw,1040.0,2025-05-09T16:00:00+00:00,2025-05-17T04:00:00+00:00,2025-05-09T18:00:00+02:00,2025-05-17T06:00:00+02:00,2025-05-15,20,2025-05-15T20:00:00+02:00,2025-05-15T21:00:00+02:00,True,1.0,112.83,79.8679792827499,79.86797928274989,79.72541966329963,6461.0,6527.0,66.0,-0.1425596194502532,100.0,0.20606834373622007,True
G079,generation,avail_gen_mw,1040.0,2025-05-09T16:00:00+00:00,2025-05-17T04:00:00+00:00,2025-05-09T18:00:00+02:00,2025-05-17T06:00:00+02:00,2025-05-15,21,2025-05-15T21:00:00+02:00,2025-05-15T22:00:00+02:00,True,1.0,73.52,73.91898629601934,73.91898629601937,74.09818820537197,6461.0,6527.0,66.0,0.1792019093525994,100.0,0.087742789135973,True
G079,generation,avail_gen_mw,1040.0,2025-05-09T16:00:00+00:00,2025-05-17T04:00:00+00:00,2025-05-09T18:00:00+02:00,2025-05-17T06:00:00+02:00,2025-05-15,22,2025-05-15T22:00:00+02:00,2025-05-15T23:00:00+02:00,True,1.0,45.15,61.639445189032266,61.63944518903229,61.95430669569494,6461.0,6527.0,66.0,0.3148615066626519,100.0,-0.06975980584776664,True
G079,generation,avail_gen_mw,1040.0,2025-05-09T16:00:00+00:00,2025-05-17T04:00:00+00:00,2025-05-09T18:00:00+02:00,2025-05-17T06:00:00+02:00,2025-05-15,23,2025-05-15T23:00:00+02:00,2025-05-16T00:00:00+02:00,True,1.0,28.7,53.18475467052376,53.18475467052378,53.399939634466925,6461.0,6527.0,66.0,0.21518496394314468,100.0,-0.07360073491668828,True
G079,generation,avail_gen_mw,1040.0,2025-05-09T16:00:00+00:00,2025-05-17T04:00:00+00:00,2025-05-09T18:00:00+02:00,2025-05-17T06:00:00+02:00,2025-05-16,0,2025-05-16T00:00:00+02:00,2025-05-16T01:00:00+02:00,True,1.0,29.32,24.93229245190362,24.93229245190362,24.93229245190362,6527.0,6527.0,0.0,0.0,100.0,-0.001967917335765179,False
G079,generation,avail_gen_mw,1040.0,2025-05-09T16:00:00+00:00,2025-05-17T04:00:00+00:00,2025-05-09T18:00:00+02:00,2025-05-17T06:00:00+02:00,2025-05-16,1,2025-05-16T01:00:00+02:00,2025-05-16T02:00:00+02:00,True,1.0,13.51,22.55017236666725,22.55017236666725,22.55017236666725,6527.0,6527.0,0.0,0.0,100.0,-0.017528929797567372,False
G079,generation,avail_gen_mw,1040.0,2025-05-09T16:00:00+00:00,2025-05-17T04:00:00+00:00,2025-05-09T18:00:00+02:00,2025-05-17T06:00:00+02:00,2025-05-16,2,2025-05-16T02:00:00+02:00,2025-05-16T03:00:00+02:00,True,1.0,7.12,22.13215190868688,22.13215190868688,22.13215190868688,6527.0,6527.0,0.0,0.0,100.0,-0.005157865873517409,False
G079,generation,avail_gen_mw,1040.0,2025-05-09T16:00:00+00:00,2025-05-17T04:00:00+00:00,2025-05-09T18:00:00+02:00,2025-05-17T06:00:00+02:00,2025-05-16,3,2025-05-16T03:00:00+02:00,2025-05-16T04:00:00+02:00,True,1.0,6.23,21.82820837928161,21.82820837928161,21.82820837928161,6527.0,6527.0,0.0,0.0,100.0,-0.01832889170639973,False
G079,generation,avail_gen_mw,1040.0,2025-05-09T16:00:00+00:00,2025-05-17T04:00:00+00:00,2025-05-09T18:00:00+02:00,2025-05-17T06:00:00+02:00,2025-05-16,4,2025-05-16T04:00:00+02:00,2025-05-16T05:00:00+02:00,True,1.0,7.32,23.77963857923751,23.77963857923751,23.77963857923751,6527.0,6527.0,0.0,0.0,100.0,-0.013603792969686168,False
G079,generation,avail_gen_mw,1040.0,2025-05-09T16:00:00+00:00,2025-05-17T04:00:00+00:00,2025-05-09T18:00:00+02:00,2025-05-17T06:00:00+02:00,2025-05-16,5,2025-05-16T05:00:00+02:00,2025-05-16T06:00:00+02:00,True,1.0,29.74,29.30309222347839,29.30309222347839,29.30309222347839,6527.0,6527.0,0.0,0.0,100.0,-0.12203845488547671,False
G079,generation,avail_gen_mw,1040.0,2025-05-09T16:00:00+00:00,2025-05-17T04:00:00+00:00,2025-05-09T18:00:00+02:00,2025-05-17T06:00:00+02:00,2025-05-16,6,2025-05-16T06:00:00+02:00,2025-05-16T07:00:00+02:00,True,1.0,50.66,41.794008812902696,41.794008812902696,41.794008812902696,6527.0,6527.0,0.0,0.0,100.0,-0.04196179456040028,False
G079,generation,avail_gen_mw,1040.0,2025-05-09T16:00:00+00:00,2025-05-17T04:00:00+00:00,2025-05-09T18:00:00+02:00,2025-05-17T06:00:00+02:00,2025-05-16,7,2025-05-16T07:00:00+02:00,2025-05-16T08:00:00+02:00,True,1.0,63.93,46.87055233860098,46.87055233860097,46.87055233860097,6527.0,6527.0,0.0,0.0,100.0,0.0,False
G079,generation,avail_gen_mw,1040.0,2025-05-09T16:00:00+00:00,2025-05-17T04:00:00+00:00,2025-05-09T18:00:00+02:00,2025-05-17T06:00:00+02:00,2025-05-16,8,2025-05-16T08:00:00+02:00,2025-05-16T09:00:00+02:00,True,1.0,75.02,37.52630438959039,37.52630438959039,37.52630438959039,6527.0,6527.0,0.0,0.0,100.0,0.0010895157938080047,False
G079,generation,avail_gen_mw,1040.0,2025-05-09T16:00:00+00:00,2025-05-17T04:00:00+00:00,2025-05-09T18:00:00+02:00,2025-05-17T06:00:00+02:00,2025-05-16,9,2025-05-16T09:00:00+02:00,2025-05-16T10:00:00+02:00,True,1.0,34.28,16.01615371008522,16.016153710085224,16.016153710085224,6527.0,6527.0,0.0,0.0,100.0,0.0,False
G079,generation,avail_gen_mw,1040.0,2025-05-09T16:00:00+00:00,2025-05-17T04:00:00+00:00,2025-05-09T18:00:00+02:00,2025-05-17T06:00:00+02:00,2025-05-16,10,2025-05-16T10:00:00+02:00,2025-05-16T11:00:00+02:00,True,1.0,9.39,-19.224361686805132,-19.22436168680514,-19.22436168680514,6527.0,6527.0,0.0,0.0,100.0,-0.12304937331932564,False
G079,generation,avail_gen_mw,1040.0,2025-05-09T16:00:00+00:00,2025-05-17T04:00:00+00:00,2025-05-09T18:00:00+02:00,2025-05-17T06:00:00+02:00,2025-05-16,11,2025-05-16T11:00:00+02:00,2025-05-16T12:00:00+02:00,True,1.0,2.16,-18.09744270460607,-18.097442704606074,-18.097442704606074,6527.0,6527.0,0.0,0.0,100.0,-0.07902423736778985,False
G079,generation,avail_gen_mw,1040.0,2025-05-09T16:00:00+00:00,2025-05-17T04:00:00+00:00,2025-05-09T18:00:00+02:00,2025-05-17T06:00:00+02:00,2025-05-16,12,2025-05-16T12:00:00+02:00,2025-05-16T13:00:00+02:00,True,1.0,0.09,-23.714689621376145,-23.71468962137613,-23.71468962137613,6527.0,6527.0,0.0,0.0,100.0,-0.269409736782265,False
G079,generation,avail_gen_mw,1040.0,2025-05-09T16:00:00+00:00,2025-05-17T04:00:00+00:00,2025-05-09T18:00:00+02:00,2025-05-17T06:00:00+02:00,2025-05-16,13,2025-05-16T13:00:00+02:00,2025-05-16T14:00:00+02:00,True,1.0,0.17,-25.05573900914473,-25.055739009144695,-25.055739009144695,6527.0,6527.0,0.0,0.0,100.0,-0.21003831162815345,False
G079,generation,avail_gen_mw,1040.0,2025-05-09T16:00:00+00:00,2025-05-17T04:00:00+00:00,2025-05-09T18:00:00+02:00,2025-05-17T06:00:00+02:00,2025-05-16,14,2025-05-16T14:00:00+02:00,2025-05-16T15:00:00+02:00,True,1.0,0.2,-20.75635526260992,-20.756355262609908,-20.756355262609908,6527.0,6527.0,0.0,0.0,100.0,-0.15756447903314807,False
G079,generation,avail_gen_mw,1040.0,2025-05-09T16:00:00+00:00,2025-05-17T04:00:00+00:00,2025-05-09T18:00:00+02:00,2025-05-17T06:00:00+02:00,2025-05-16,15,2025-05-16T15:00:00+02:00,2025-05-16T16:00:00+02:00,True,1.0,1.74,-12.256457492078267,-12.256457492078276,-12.256457492078276,6527.0,6527.0,0.0,0.0,100.0,-0.1623179372603616,False
G079,generation,avail_gen_mw,1040.0,2025-05-09T16:00:00+00:00,2025-05-17T04:00:00+00:00,2025-05-09T18:00:00+02:00,2025-05-17T06:00:00+02:00,2025-05-16,16,2025-05-16T16:00:00+02:00,2025-05-16T17:00:00+02:00,True,1.0,3.88,-8.949240504273654,-8.949240504273632,-8.949240504273632,6527.0,6527.0,0.0,0.0,100.0,-0.0805317799780596,False
G079,generation,avail_gen_mw,1040.0,2025-05-09T16:00:00+00:00,2025-05-17T04:00:00+00:00,2025-05-09T18:00:00+02:00,2025-05-17T06:00:00+02:00,2025-05-16,17,2025-05-16T17:00:00+02:00,2025-05-16T18:00:00+02:00,True,1.0,30.66,10.39268256545506,10.392682565455072,10.392682565455072,6527.0,6527.0,0.0,0.0,100.0,-0.03806884132938748,False
G079,generation,avail_gen_mw,1040.0,2025-05-09T16:00:00+00:00,2025-05-17T04:00:00+00:00,2025-05-09T18:00:00+02:00,2025-05-17T06:00:00+02:00,2025-05-16,18,2025-05-16T18:00:00+02:00,2025-05-16T19:00:00+02:00,True,1.0,32.55,39.490126299401,39.490126299401005,39.490126299401005,6527.0,6527.0,0.0,0.0,100.0,0.03886328120162119,False
G079,generation,avail_gen_mw,1040.0,2025-05-09T16:00:00+00:00,2025-05-17T04:00:00+00:00,2025-05-09T18:00:00+02:00,2025-05-17T06:00:00+02:00,2025-05-16,19,2025-05-16T19:00:00+02:00,2025-05-16T20:00:00+02:00,True,1.0,33.81,44.79608332076334,44.79608332076333,44.79608332076333,6527.0,6527.0,0.0,0.0,100.0,-0.016508559828537273,False
G079,generation,avail_gen_mw,1040.0,2025-05-09T16:00:00+00:00,2025-05-17T04:00:00+00:00,2025-05-09T18:00:00+02:00,2025-05-17T06:00:00+02:00,2025-05-16,20,2025-05-16T20:00:00+02:00,2025-05-16T21:00:00+02:00,True,1.0,35.47,51.98551805347792,51.98551805347792,51.98551805347792,6527.0,6527.0,0.0,0.0,100.0,0.11842165246871161,False
G079,generation,avail_gen_mw,1040.0,2025-05-09T16:00:00+00:00,2025-05-17T04:00:00+00:00,2025-05-09T18:00:00+02:00,2025-05-17T06:00:00+02:00,2025-05-16,21,2025-05-16T21:00:00+02:00,2025-05-16T22:00:00+02:00,True,1.0,36.71,51.95323938955438,51.95323938955439,51.95323938955439,6527.0,6527.0,0.0,0.0,100.0,0.05561991645435427,False
G079,generation,avail_gen_mw,1040.0,2025-05-09T16:00:00+00:00,2025-05-17T04:00:00+00:00,2025-05-09T18:00:00+02:00,2025-05-17T06:00:00+02:00,2025-05-16,22,2025-05-16T22:00:00+02:00,2025-05-16T23:00:00+02:00,True,1.0,34.29,38.41949555126437,38.419495551264376,38.419495551264376,6527.0,6527.0,0.0,0.0,100.0,-0.04524820606695812,False
G079,generation,avail_gen_mw,1040.0,2025-05-09T16:00:00+00:00,2025-05-17T04:00:00+00:00,2025-05-09T18:00:00+02:00,2025-05-17T06:00:00+02:00,2025-05-16,23,2025-05-16T23:00:00+02:00,2025-05-17T00:00:00+02:00,True,1.0,31.19,28.553114224141567,28.55311422414156,28.55311422414156,6527.0,6527.0,0.0,0.0,100.0,0.0,False
G079,generation,avail_gen_mw,1040.0,2025-05-09T16:00:00+00:00,2025-05-17T04:00:00+00:00,2025-05-09T18:00:00+02:00,2025-05-17T06:00:00+02:00,2025-05-17,0,2025-05-17T00:00:00+02:00,2025-05-17T01:00:00+02:00,True,1.0,24.6,25.484582003255685,25.484582003255685,25.51810968312904,6527.0,6527.0,0.0,0.033527679873355254,100.0,-0.00206089626995265,False
G079,generation,avail_gen_mw,1040.0,2025-05-09T16:00:00+00:00,2025-05-17T04:00:00+00:00,2025-05-09T18:00:00+02:00,2025-05-17T06:00:00+02:00,2025-05-17,1,2025-05-17T01:00:00+02:00,2025-05-17T02:00:00+02:00,True,1.0,24.53,23.79235948710828,23.792359487108282,24.085976983554545,6527.0,6527.0,0.0,0.293617496446263,100.0,-0.018014614375935878,False
G079,generation,avail_gen_mw,1040.0,2025-05-09T16:00:00+00:00,2025-05-17T04:00:00+00:00,2025-05-09T18:00:00+02:00,2025-05-17T06:00:00+02:00,2025-05-17,2,2025-05-17T02:00:00+02:00,2025-05-17T03:00:00+02:00,True,1.0,19.02,20.13065096559188,20.13065096559188,20.13065096559188,6527.0,6527.0,0.0,0.0,100.0,0.0,False
G079,generation,avail_gen_mw,1040.0,2025-05-09T16:00:00+00:00,2025-05-17T04:00:00+00:00,2025-05-09T18:00:00+02:00,2025-05-17T06:00:00+02:00,2025-05-17,3,2025-05-17T03:00:00+02:00,2025-05-17T04:00:00+02:00,True,1.0,23.04,19.5269469082717,19.5269469082717,19.726561530703393,6527.0,6527.0,0.0,0.19961462243169237,100.0,-0.012267305839845477,False
G079,generation,avail_gen_mw,1040.0,2025-05-09T16:00:00+00:00,2025-05-17T04:00:00+00:00,2025-05-09T18:00:00+02:00,2025-05-17T06:00:00+02:00,2025-05-17,4,2025-05-17T04:00:00+02:00,2025-05-17T05:00:00+02:00,True,1.0,19.23,21.27566229894235,21.275662298942354,21.440019830073997,6527.0,6527.0,0.0,0.16435753113164253,100.0,-0.01009718261235193,False
G079,generation,avail_gen_mw,1040.0,2025-05-09T16:00:00+00:00,2025-05-17T04:00:00+00:00,2025-05-09T18:00:00+02:00,2025-05-17T06:00:00+02:00,2025-05-17,5,2025-05-17T05:00:00+02:00,2025-05-17T06:00:00+02:00,True,1.0,23.93,25.145635888367252,25.145635888367252,27.29228097741681,6527.0,6527.0,0.0,2.1466450890495565,100.0,-0.11642822991386836,False
G079,generation,avail_gen_mw,1040.0,2025-05-09T16:00:00+00:00,2025-05-17T04:00:00+00:00,2025-05-09T18:00:00+02:00,2025-05-17T06:00:00+02:00,2025-05-17,6,2025-05-17T06:00:00+02:00,2025-05-17T07:00:00+02:00,False,0.0,25.03,26.58943203025937,26.589432030259367,27.303955328893423,6527.0,7567.0,1040.0,0.714523298634056,100.0,-0.04397119931856963,True
G079,generation,avail_gen_mw,1040.0,2025-05-09T16:00:00+00:00,2025-05-17T04:00:00+00:00,2025-05-09T18:00:00+02:00,2025-05-17T06:00:00+02:00,2025-05-17,7,2025-05-17T07:00:00+02:00,2025-05-17T08:00:00+02:00,False,0.0,24.61,23.58916966135917,23.589169661359172,23.589169661359172,6527.0,7567.0,1040.0,0.0,100.0,0.0,True
G079,generation,avail_gen_mw,1040.0,2025-05-09T16:00:00+00:00,2025-05-17T04:00:00+00:00,2025-05-09T18:00:00+02:00,2025-05-17T06:00:00+02:00,2025-05-17,8,2025-05-17T08:00:00+02:00,2025-05-17T09:00:00+02:00,False,0.0,25.93,10.390942718083105,10.390942718083085,10.322504986097446,6527.0,7567.0,1040.0,-0.06843773198563952,100.0,0.005105635123133112,True
G079,generation,avail_gen_mw,1040.0,2025-05-09T16:00:00+00:00,2025-05-17T04:00:00+00:00,2025-05-09T18:00:00+02:00,2025-05-17T06:00:00+02:00,2025-05-17,9,2025-05-17T09:00:00+02:00,2025-05-17T10:00:00+02:00,False,0.0,4.08,0.472676136251998,0.4726761362519909,0.4726761362519909,6527.0,7567.0,1040.0,0.0,100.0,0.0,True
G079,generation,avail_gen_mw,1040.0,2025-05-09T16:00:00+00:00,2025-05-17T04:00:00+00:00,2025-05-09T18:00:00+02:00,2025-05-17T06:00:00+02:00,2025-05-17,10,2025-05-17T10:00:00+02:00,2025-05-17T11:00:00+02:00,False,0.0,0.73,-39.32126121734498,-39.32126121734501,-37.60741869552689,6527.0,7567.0,1040.0,1.7138425218181226,100.0,-0.10611864233931101,True
G079,generation,avail_gen_mw,1040.0,2025-05-09T16:00:00+00:00,2025-05-17T04:00:00+00:00,2025-05-09T18:00:00+02:00,2025-05-17T06:00:00+02:00,2025-05-17,11,2025-05-17T11:00:00+02:00,2025-05-17T12:00:00+02:00,False,0.0,-2.15,-37.28371270169541,-37.28371270169538,-34.55789782150629,6527.0,7567.0,1040.0,2.725814880189091,100.0,-0.17018171344209065,True
G079,generation,avail_gen_mw,1040.0,2025-05-09T16:00:00+00:00,2025-05-17T04:00:00+00:00,2025-05-09T18:00:00+02:00,2025-05-17T06:00:00+02:00,2025-05-17,12,2025-05-17T12:00:00+02:00,2025-05-17T13:00:00+02:00,False,0.0,-2.24,-31.99110480890225,-31.99110480890227,-29.145225404820906,6527.0,7567.0,1040.0,2.8458794040813657,100.0,-0.17888261977478237,True
G079,generation,avail_gen_mw,1040.0,2025-05-09T16:00:00+00:00,2025-05-17T04:00:00+00:00,2025-05-09T18:00:00+02:00,2025-05-17T06:00:00+02:00,2025-05-17,13,2025-05-17T13:00:00+02:00,2025-05-17T14:00:00+02:00,False,0.0,-1.97,-28.76323386157093,-28.763233861570946,-26.079497411553803,6527.0,7567.0,1040.0,2.6837364500171432,100.0,-0.16880384631524237,True
G079,generation,avail_gen_mw,1040.0,2025-05-09T16:00:00+00:00,2025-05-17T04:00:00+00:00,2025-05-09T18:00:00+02:00,2025-05-17T06:00:00+02:00,2025-05-17,14,2025-05-17T14:00:00+02:00,2025-05-17T15:00:00+02:00,False,0.0,-1.8,-20.81119596134282,-20.811195961342833,-18.619836165606245,6527.0,7567.0,1040.0,2.191359795736588,100.0,-0.13655670325694302,True
G079,generation,avail_gen_mw,1040.0,2025-05-09T16:00:00+00:00,2025-05-17T04:00:00+00:00,2025-05-09T18:00:00+02:00,2025-05-17T06:00:00+02:00,2025-05-17,15,2025-05-17T15:00:00+02:00,2025-05-17T16:00:00+02:00,False,0.0,-0.13,-9.773073662429177,-9.77307366242917,-6.407699486858782,6527.0,7437.0,910.0,3.3653741755703876,100.0,-0.18488284528692844,True
G079,generation,avail_gen_mw,1040.0,2025-05-09T16:00:00+00:00,2025-05-17T04:00:00+00:00,2025-05-09T18:00:00+02:00,2025-05-17T06:00:00+02:00,2025-05-17,16,2025-05-17T16:00:00+02:00,2025-05-17T17:00:00+02:00,False,0.0,1.76,-0.15260758385147,-0.15260758385145934,1.458789223053099,6527.0,7437.0,910.0,1.6113968069045583,100.0,-0.07917398193977121,True
G079,generation,avail_gen_mw,1040.0,2025-05-09T16:00:00+00:00,2025-05-17T04:00:00+00:00,2025-05-09T18:00:00+02:00,2025-05-17T06:00:00+02:00,2025-05-17,17,2025-05-17T17:00:00+02:00,2025-05-17T18:00:00+02:00,False,0.0,9.9,17.40024434024545,17.400244340245443,18.078371125280654,6527.0,7437.0,910.0,0.6781267850352108,100.0,-0.024595209381732985,True
G079,generation,avail_gen_mw,1040.0,2025-05-09T16:00:00+00:00,2025-05-17T04:00:00+00:00,2025-05-09T18:00:00+02:00,2025-05-17T06:00:00+02:00,2025-05-17,18,2025-05-17T18:00:00+02:00,2025-05-17T19:00:00+02:00,False,0.0,31.18,32.25674246772618,32.256742467726184,31.72266846785328,6527.0,7437.0,910.0,-0.5340739998729056,100.0,0.03973910140811654,True
G079,generation,avail_gen_mw,1040.0,2025-05-09T16:00:00+00:00,2025-05-17T04:00:00+00:00,2025-05-09T18:00:00+02:00,2025-05-17T06:00:00+02:00,2025-05-17,19,2025-05-17T19:00:00+02:00,2025-05-17T20:00:00+02:00,False,0.0,44.72,46.75111791037707,46.75111791037708,47.356216758909675,6527.0,7437.0,910.0,0.6050988485325917,100.0,-0.005858549080308251,True
G079,generation,avail_gen_mw,1040.0,2025-05-09T16:00:00+00:00,2025-05-17T04:00:00+00:00,2025-05-09T18:00:00+02:00,2025-05-17T06:00:00+02:00,2025-05-17,20,2025-05-17T20:00:00+02:00,2025-05-17T21:00:00+02:00,False,0.0,44.67,49.941845320334366,49.94184532033437,48.4440917645016,6527.0,7437.0,910.0,-1.497753555832773,100.0,0.11354980318667174,True
G079,generation,avail_gen_mw,1040.0,2025-05-09T16:00:00+00:00,2025-05-17T04:00:00+00:00,2025-05-09T18:00:00+02:00,2025-05-17T06:00:00+02:00,2025-05-17,21,2025-05-17T21:00:00+02:00,2025-05-17T22:00:00+02:00,False,0.0,44.22,46.86775940709592,46.86775940709592,46.55168340819331,6527.0,7437.0,910.0,-0.31607599890260474,100.0,0.05078150466977149,True
G079,generation,avail_gen_mw,1040.0,2025-05-09T16:00:00+00:00,2025-05-17T04:00:00+00:00,2025-05-09T18:00:00+02:00,2025-05-17T06:00:00+02:00,2025-05-17,22,2025-05-17T22:00:00+02:00,2025-05-17T23:00:00+02:00,False,0.0,44.48,40.62253601996704,40.62253601996704,41.58591065633788,6527.0,7437.0,910.0,0.9633746363708369,100.0,-0.04046198914807064,True
G079,generation,avail_gen_mw,1040.0,2025-05-09T16:00:00+00:00,2025-05-17T04:00:00+00:00,2025-05-09T18:00:00+02:00,2025-05-17T06:00:00+02:00,2025-05-17,23,2025-05-17T23:00:00+02:00,2025-05-18T00:00:00+02:00,False,0.0,42.95,34.5550891684234,34.55508916842341,34.55508916842341,6527.0,7437.0,910.0,0.0,100.0,0.0,True
G085,generation,avail_gen_mw,1121.0,2025-08-14T01:00:00+00:00,2025-08-16T12:00:00+00:00,2025-08-14T03:00:00+02:00,2025-08-16T14:00:00+02:00,2025-08-14,0,2025-08-14T00:00:00+02:00,2025-08-14T01:00:00+02:00,False,0.0,36.03,41.20225298673685,41.20225298673685,41.20225298673685,6497.0,6497.0,0.0,0.0,100.0,0.0,False
G085,generation,avail_gen_mw,1121.0,2025-08-14T01:00:00+00:00,2025-08-16T12:00:00+00:00,2025-08-14T03:00:00+02:00,2025-08-16T14:00:00+02:00,2025-08-14,1,2025-08-14T01:00:00+02:00,2025-08-14T02:00:00+02:00,False,0.0,33.74,33.35335278571486,33.35335278571486,33.09201103606034,6497.0,6497.0,0.0,-0.2613417496545196,100.0,-0.029999938336061405,False
G085,generation,avail_gen_mw,1121.0,2025-08-14T01:00:00+00:00,2025-08-16T12:00:00+00:00,2025-08-14T03:00:00+02:00,2025-08-16T14:00:00+02:00,2025-08-14,2,2025-08-14T02:00:00+02:00,2025-08-14T03:00:00+02:00,False,0.0,32.5,29.72488487152016,29.724884871520157,29.614138896324228,6497.0,6497.0,0.0,-0.11074597519592899,100.0,-0.012687637779301042,False
G085,generation,avail_gen_mw,1121.0,2025-08-14T01:00:00+00:00,2025-08-16T12:00:00+00:00,2025-08-14T03:00:00+02:00,2025-08-16T14:00:00+02:00,2025-08-14,3,2025-08-14T03:00:00+02:00,2025-08-14T04:00:00+02:00,True,1.0,32.34,30.16911140079836,30.169111400798364,30.33145352462716,6497.0,5376.0,-1121.0,0.16234212382879676,100.0,0.01852812413497773,True
G085,generation,avail_gen_mw,1121.0,2025-08-14T01:00:00+00:00,2025-08-16T12:00:00+00:00,2025-08-14T03:00:00+02:00,2025-08-16T14:00:00+02:00,2025-08-14,4,2025-08-14T04:00:00+02:00,2025-08-14T05:00:00+02:00,True,1.0,32.57,31.70183969064361,31.70183969064361,31.917291932421712,6497.0,5376.0,-1121.0,0.2154522417781024,100.0,0.02457062277110822,True
G085,generation,avail_gen_mw,1121.0,2025-08-14T01:00:00+00:00,2025-08-16T12:00:00+00:00,2025-08-14T03:00:00+02:00,2025-08-16T14:00:00+02:00,2025-08-14,5,2025-08-14T05:00:00+02:00,2025-08-14T06:00:00+02:00,True,1.0,33.41,35.87786239876771,35.87786239876772,36.09356387408094,6497.0,5376.0,-1121.0,0.21570147531322448,100.0,0.02460705182714662,True
G085,generation,avail_gen_mw,1121.0,2025-08-14T01:00:00+00:00,2025-08-16T12:00:00+00:00,2025-08-14T03:00:00+02:00,2025-08-16T14:00:00+02:00,2025-08-14,6,2025-08-14T06:00:00+02:00,2025-08-14T07:00:00+02:00,True,1.0,38.24,44.3646262386911,44.3646262386911,44.3646262386911,6497.0,5376.0,-1121.0,0.0,100.0,0.0,True
G085,generation,avail_gen_mw,1121.0,2025-08-14T01:00:00+00:00,2025-08-16T12:00:00+00:00,2025-08-14T03:00:00+02:00,2025-08-16T14:00:00+02:00,2025-08-14,7,2025-08-14T07:00:00+02:00,2025-08-14T08:00:00+02:00,True,1.0,40.88,55.86987883000618,55.86987883000618,54.90782580786732,6497.0,5376.0,-1121.0,-0.9620530221388606,100.0,-0.062192307250107604,True
G085,generation,avail_gen_mw,1121.0,2025-08-14T01:00:00+00:00,2025-08-16T12:00:00+00:00,2025-08-14T03:00:00+02:00,2025-08-16T14:00:00+02:00,2025-08-14,8,2025-08-14T08:00:00+02:00,2025-08-14T09:00:00+02:00,True,1.0,60.0,60.26254117652597,60.26254117652597,60.26254117652597,6497.0,5376.0,-1121.0,0.0,100.0,0.0,True
G085,generation,avail_gen_mw,1121.0,2025-08-14T01:00:00+00:00,2025-08-16T12:00:00+00:00,2025-08-14T03:00:00+02:00,2025-08-16T14:00:00+02:00,2025-08-14,9,2025-08-14T09:00:00+02:00,2025-08-14T10:00:00+02:00,True,1.0,55.0,53.12867458734654,53.12867458734654,53.39443568457695,6497.0,5376.0,-1121.0,0.26576109723040986,100.0,0.030388962410853537,True
G085,generation,avail_gen_mw,1121.0,2025-08-14T01:00:00+00:00,2025-08-16T12:00:00+00:00,2025-08-14T03:00:00+02:00,2025-08-16T14:00:00+02:00,2025-08-14,10,2025-08-14T10:00:00+02:00,2025-08-14T11:00:00+02:00,True,1.0,53.8,40.137009629003025,40.137009629003025,40.137009629003025,6497.0,5376.0,-1121.0,0.0,100.0,0.0,True
G085,generation,avail_gen_mw,1121.0,2025-08-14T01:00:00+00:00,2025-08-16T12:00:00+00:00,2025-08-14T03:00:00+02:00,2025-08-16T14:00:00+02:00,2025-08-14,11,2025-08-14T11:00:00+02:00,2025-08-14T12:00:00+02:00,True,1.0,35.65,30.54539080578677,30.545390805786777,29.66185094960209,6497.0,5376.0,-1121.0,-0.8835398561846866,100.0,0.02708417799701124,True
G085,generation,avail_gen_mw,1121.0,2025-08-14T01:00:00+00:00,2025-08-16T12:00:00+00:00,2025-08-14T03:00:00+02:00,2025-08-16T14:00:00+02:00,2025-08-14,12,2025-08-14T12:00:00+02:00,2025-08-14T13:00:00+02:00,True,1.0,27.92,25.141741990045833,25.141741990045837,24.646274392115217,6497.0,5376.0,-1121.0,-0.49546759793062023,100.0,-0.05687858813185187,True
G085,generation,avail_gen_mw,1121.0,2025-08-14T01:00:00+00:00,2025-08-16T12:00:00+00:00,2025-08-14T03:00:00+02:00,2025-08-16T14:00:00+02:00,2025-08-14,13,2025-08-14T13:00:00+02:00,2025-08-14T14:00:00+02:00,True,1.0,22.34,20.094052363803673,20.094052363803673,19.973690731942977,6497.0,5376.0,-1121.0,-0.12036163186069615,100.0,-0.013793979677949153,True
G085,generation,avail_gen_mw,1121.0,2025-08-14T01:00:00+00:00,2025-08-16T12:00:00+00:00,2025-08-14T03:00:00+02:00,2025-08-16T14:00:00+02:00,2025-08-14,14,2025-08-14T14:00:00+02:00,2025-08-14T15:00:00+02:00,True,1.0,27.08,24.15403143141949,24.15403143141949,24.15403143141949,6497.0,5376.0,-1121.0,0.0,100.0,0.0,True
G085,generation,avail_gen_mw,1121.0,2025-08-14T01:00:00+00:00,2025-08-16T12:00:00+00:00,2025-08-14T03:00:00+02:00,2025-08-16T14:00:00+02:00,2025-08-14,15,2025-08-14T15:00:00+02:00,2025-08-14T16:00:00+02:00,True,1.0,26.6,28.34500850118749,28.345008501187493,28.345008501187493,6497.0,5376.0,-1121.0,0.0,100.0,0.0,True
G085,generation,avail_gen_mw,1121.0,2025-08-14T01:00:00+00:00,2025-08-16T12:00:00+00:00,2025-08-14T03:00:00+02:00,2025-08-16T14:00:00+02:00,2025-08-14,16,2025-08-14T16:00:00+02:00,2025-08-14T17:00:00+02:00,True,1.0,31.92,37.93025245548856,37.93025245548856,38.10105847691248,6497.0,5376.0,-1121.0,0.1708060214239211,100.0,0.019550383648052616,True
G085,generation,avail_gen_mw,1121.0,2025-08-14T01:00:00+00:00,2025-08-16T12:00:00+00:00,2025-08-14T03:00:00+02:00,2025-08-16T14:00:00+02:00,2025-08-14,17,2025-08-14T17:00:00+02:00,2025-08-14T18:00:00+02:00,True,1.0,36.1,42.22831897628345,42.228318976283454,42.60366862203005,6497.0,5376.0,-1121.0,0.3753496457465957,100.0,0.04291881762858907,True
G085,generation,avail_gen_mw,1121.0,2025-08-14T01:00:00+00:00,2025-08-16T12:00:00+00:00,2025-08-14T03:00:00+02:00,2025-08-16T14:00:00+02:00,2025-08-14,18,2025-08-14T18:00:00+02:00,2025-08-14T19:00:00+02:00,True,1.0,43.53,54.980754891429235,54.98075489142923,55.554229096526136,6497.0,5376.0,-1121.0,0.5734742050969075,100.0,0.06525188364138046,True
G085,generation,avail_gen_mw,1121.0,2025-08-14T01:00:00+00:00,2025-08-16T12:00:00+00:00,2025-08-14T03:00:00+02:00,2025-08-16T14:00:00+02:00,2025-08-14,19,2025-08-14T19:00:00+02:00,2025-08-14T20:00:00+02:00,True,1.0,84.0,64.86908693147547,64.8690869314755,65.43172086960651,6497.0,5376.0,-1121.0,0.5626339381310146,100.0,0.06382283538185618,True
G085,generation,avail_gen_mw,1121.0,2025-08-14T01:00:00+00:00,2025-08-16T12:00:00+00:00,2025-08-14T03:00:00+02:00,2025-08-16T14:00:00+02:00,2025-08-14,20,2025-08-14T20:00:00+02:00,2025-08-14T21:00:00+02:00,True,1.0,88.47,62.00687808934303,62.00687808934303,63.46432753531239,6497.0,5376.0,-1121.0,1.4574494459693597,100.0,0.16411675064240683,True
G085,generation,avail_gen_mw,1121.0,2025-08-14T01:00:00+00:00,2025-08-16T12:00:00+00:00,2025-08-14T03:00:00+02:00,2025-08-16T14:00:00+02:00,2025-08-14,21,2025-08-14T21:00:00+02:00,2025-08-14T22:00:00+02:00,True,1.0,44.72,57.5010707375092,57.50107073750921,57.81230736700928,6497.0,5376.0,-1121.0,0.3112366295000726,100.0,0.03474358143584766,True
G085,generation,avail_gen_mw,1121.0,2025-08-14T01:00:00+00:00,2025-08-16T12:00:00+00:00,2025-08-14T03:00:00+02:00,2025-08-16T14:00:00+02:00,2025-08-14,22,2025-08-14T22:00:00+02:00,2025-08-14T23:00:00+02:00,True,1.0,33.22,47.96356947491519,47.9635694749152,48.427717370024524,6497.0,5376.0,-1121.0,0.46414789510932764,100.0,0.052912540273105435,True
G085,generation,avail_gen_mw,1121.0,2025-08-14T01:00:00+00:00,2025-08-16T12:00:00+00:00,2025-08-14T03:00:00+02:00,2025-08-16T14:00:00+02:00,2025-08-14,23,2025-08-14T23:00:00+02:00,2025-08-15T00:00:00+02:00,True,1.0,31.2,39.37224717633024,39.37224717633025,39.389044736273185,6497.0,5376.0,-1121.0,0.016797559942936857,100.0,0.0019242925207549888,True
G085,generation,avail_gen_mw,1121.0,2025-08-14T01:00:00+00:00,2025-08-16T12:00:00+00:00,2025-08-14T03:00:00+02:00,2025-08-16T14:00:00+02:00,2025-08-15,0,2025-08-15T00:00:00+02:00,2025-08-15T01:00:00+02:00,True,1.0,31.99,27.738787183750127,27.738787183750127,27.738787183750127,5376.0,5506.0,130.0,0.0,100.0,0.0,True
G085,generation,avail_gen_mw,1121.0,2025-08-14T01:00:00+00:00,2025-08-16T12:00:00+00:00,2025-08-14T03:00:00+02:00,2025-08-16T14:00:00+02:00,2025-08-15,1,2025-08-15T01:00:00+02:00,2025-08-15T02:00:00+02:00,True,1.0,31.56,24.33536910835025,24.335369108350253,24.354768017494536,5376.0,5506.0,130.0,0.019398909144282328,100.0,-0.01427131232052048,True
G085,generation,avail_gen_mw,1121.0,2025-08-14T01:00:00+00:00,2025-08-16T12:00:00+00:00,2025-08-14T03:00:00+02:00,2025-08-16T14:00:00+02:00,2025-08-15,2,2025-08-15T02:00:00+02:00,2025-08-15T03:00:00+02:00,True,1.0,31.66,20.9716196220641,20.9716196220641,20.97750829679261,5376.0,5506.0,130.0,0.005888674728510068,100.0,-0.0043329775238625245,True
G085,generation,avail_gen_mw,1121.0,2025-08-14T01:00:00+00:00,2025-08-16T12:00:00+00:00,2025-08-14T03:00:00+02:00,2025-08-16T14:00:00+02:00,2025-08-15,3,2025-08-15T03:00:00+02:00,2025-08-15T04:00:00+02:00,True,1.0,30.83,20.15276642309753,20.15276642309753,20.140176989315297,5376.0,5506.0,130.0,-0.012589433782231652,100.0,0.009265134037779177,True
G085,generation,avail_gen_mw,1121.0,2025-08-14T01:00:00+00:00,2025-08-16T12:00:00+00:00,2025-08-14T03:00:00+02:00,2025-08-16T14:00:00+02:00,2025-08-15,4,2025-08-15T04:00:00+02:00,2025-08-15T05:00:00+02:00,True,1.0,29.51,19.85036078237842,19.85036078237842,19.834216385111922,5376.0,5506.0,130.0,-0.016144397266497634,100.0,0.011881019442544272,True
G085,generation,avail_gen_mw,1121.0,2025-08-14T01:00:00+00:00,2025-08-16T12:00:00+00:00,2025-08-14T03:00:00+02:00,2025-08-16T14:00:00+02:00,2025-08-15,5,2025-08-15T05:00:00+02:00,2025-08-15T06:00:00+02:00,True,1.0,27.85,23.654305843231526,23.654305843231526,23.63937055725921,5376.0,5506.0,130.0,-0.014935285972317303,100.0,0.010991105143332902,True
G085,generation,avail_gen_mw,1121.0,2025-08-14T01:00:00+00:00,2025-08-16T12:00:00+00:00,2025-08-14T03:00:00+02:00,2025-08-16T14:00:00+02:00,2025-08-15,6,2025-08-15T06:00:00+02:00,2025-08-15T07:00:00+02:00,True,1.0,29.82,34.793137995660715,34.79313799566072,34.79313799566072,5376.0,5506.0,130.0,0.0,100.0,0.0,True
G085,generation,avail_gen_mw,1121.0,2025-08-14T01:00:00+00:00,2025-08-16T12:00:00+00:00,2025-08-14T03:00:00+02:00,2025-08-16T14:00:00+02:00,2025-08-15,7,2025-08-15T07:00:00+02:00,2025-08-15T08:00:00+02:00,True,1.0,40.54,42.9633042470278,42.96330424702779,43.01578130799441,5376.0,5506.0,130.0,0.05247706096661631,100.0,-0.03858976326360164,True
G085,generation,avail_gen_mw,1121.0,2025-08-14T01:00:00+00:00,2025-08-16T12:00:00+00:00,2025-08-14T03:00:00+02:00,2025-08-16T14:00:00+02:00,2025-08-15,8,2025-08-15T08:00:00+02:00,2025-08-15T09:00:00+02:00,True,1.0,47.93,48.85766368423035,48.85766368423036,48.85766368423036,5376.0,5506.0,130.0,0.0,100.0,0.0,True
G085,generation,avail_gen_mw,1121.0,2025-08-14T01:00:00+00:00,2025-08-16T12:00:00+00:00,2025-08-14T03:00:00+02:00,2025-08-16T14:00:00+02:00,2025-08-15,9,2025-08-15T09:00:00+02:00,2025-08-15T10:00:00+02:00,True,1.0,43.53,40.35821366588132,40.35821366588132,40.337047950815766,5376.0,5506.0,130.0,-0.021165715065556867,100.0,0.015574764892548387,True
G085,generation,avail_gen_mw,1121.0,2025-08-14T01:00:00+00:00,2025-08-16T12:00:00+00:00,2025-08-14T03:00:00+02:00,2025-08-16T14:00:00+02:00,2025-08-15,10,2025-08-15T10:00:00+02:00,2025-08-15T11:00:00+02:00,True,1.0,24.05,30.47233024884797,30.472330248847975,30.472330248847975,5376.0,5506.0,130.0,0.0,100.0,0.0,True
G085,generation,avail_gen_mw,1121.0,2025-08-14T01:00:00+00:00,2025-08-16T12:00:00+00:00,2025-08-14T03:00:00+02:00,2025-08-16T14:00:00+02:00,2025-08-15,11,2025-08-15T11:00:00+02:00,2025-08-15T12:00:00+02:00,True,1.0,3.07,23.88606656707017,23.886066567070166,23.863984532830848,5376.0,5506.0,130.0,-0.022082034239318205,100.0,0.016253396136811205,True
G085,generation,avail_gen_mw,1121.0,2025-08-14T01:00:00+00:00,2025-08-16T12:00:00+00:00,2025-08-14T03:00:00+02:00,2025-08-16T14:00:00+02:00,2025-08-15,12,2025-08-15T12:00:00+02:00,2025-08-15T13:00:00+02:00,True,1.0,1.05,19.22405521862769,19.224055218627694,19.264139490660668,5376.0,5506.0,130.0,0.040084272032974155,100.0,-0.029502164436994605,True
G085,generation,avail_gen_mw,1121.0,2025-08-14T01:00:00+00:00,2025-08-16T12:00:00+00:00,2025-08-14T03:00:00+02:00,2025-08-16T14:00:00+02:00,2025-08-15,13,2025-08-15T13:00:00+02:00,2025-08-15T14:00:00+02:00,True,1.0,0.6,13.799176400354266,13.799176400354273,13.799176400354273,5376.0,5506.0,130.0,0.0,100.0,0.0,True
G085,generation,avail_gen_mw,1121.0,2025-08-14T01:00:00+00:00,2025-08-16T12:00:00+00:00,2025-08-14T03:00:00+02:00,2025-08-16T14:00:00+02:00,2025-08-15,14,2025-08-15T14:00:00+02:00,2025-08-15T15:00:00+02:00,True,1.0,0.01,15.30111262043285,15.301112620432846,15.301112620432846,5376.0,5506.0,130.0,0.0,100.0,0.0,True
G085,generation,avail_gen_mw,1121.0,2025-08-14T01:00:00+00:00,2025-08-16T12:00:00+00:00,2025-08-14T03:00:00+02:00,2025-08-16T14:00:00+02:00,2025-08-15,15,2025-08-15T15:00:00+02:00,2025-08-15T16:00:00+02:00,True,1.0,1.45,16.89506094017966,16.89506094017967,16.89506094017967,5376.0,5506.0,130.0,0.0,100.0,0.0,True
G085,generation,avail_gen_mw,1121.0,2025-08-14T01:00:00+00:00,2025-08-16T12:00:00+00:00,2025-08-14T03:00:00+02:00,2025-08-16T14:00:00+02:00,2025-08-15,16,2025-08-15T16:00:00+02:00,2025-08-15T17:00:00+02:00,True,1.0,10.0,21.648502672997257,21.648502672997257,21.637861815686396,5376.0,5506.0,130.0,-0.010640857310860952,100.0,0.007828315775242345,True
G085,generation,avail_gen_mw,1121.0,2025-08-14T01:00:00+00:00,2025-08-16T12:00:00+00:00,2025-08-14T03:00:00+02:00,2025-08-16T14:00:00+02:00,2025-08-15,17,2025-08-15T17:00:00+02:00,2025-08-15T18:00:00+02:00,True,1.0,23.17,23.155300952083348,23.15530095208336,23.12405407662564,5376.0,5506.0,130.0,-0.031246875457718204,100.0,0.022979767553529484,True
G085,generation,avail_gen_mw,1121.0,2025-08-14T01:00:00+00:00,2025-08-16T12:00:00+00:00,2025-08-14T03:00:00+02:00,2025-08-16T14:00:00+02:00,2025-08-15,18,2025-08-15T18:00:00+02:00,2025-08-15T19:00:00+02:00,True,1.0,30.36,28.521164447039663,28.521164447039666,28.480244984494504,5376.0,5506.0,130.0,-0.04091946254516188,100.0,0.03010627890409978,True
G085,generation,avail_gen_mw,1121.0,2025-08-14T01:00:00+00:00,2025-08-16T12:00:00+00:00,2025-08-14T03:00:00+02:00,2025-08-16T14:00:00+02:00,2025-08-15,19,2025-08-15T19:00:00+02:00,2025-08-15T20:00:00+02:00,True,1.0,34.83,36.99396137697427,36.993961376974276,36.926523217554006,5376.0,5506.0,130.0,-0.06743815942026998,100.0,0.04960323802409761,True
G085,generation,avail_gen_mw,1121.0,2025-08-14T01:00:00+00:00,2025-08-16T12:00:00+00:00,2025-08-14T03:00:00+02:00,2025-08-16T14:00:00+02:00,2025-08-15,20,2025-08-15T20:00:00+02:00,2025-08-15T21:00:00+02:00,True,1.0,36.81,36.66600877681349,36.666008776813484,36.55486174502711,5376.0,5506.0,130.0,-0.11114703178637342,100.0,0.08177007271613945,True
G085,generation,avail_gen_mw,1121.0,2025-08-14T01:00:00+00:00,2025-08-16T12:00:00+00:00,2025-08-14T03:00:00+02:00,2025-08-16T14:00:00+02:00,2025-08-15,21,2025-08-15T21:00:00+02:00,2025-08-15T22:00:00+02:00,True,1.0,31.22,29.27109668972398,29.271096689723986,29.255817623825763,5376.0,5506.0,130.0,-0.015279065898223365,100.0,0.011288534769903436,True
G085,generation,avail_gen_mw,1121.0,2025-08-14T01:00:00+00:00,2025-08-16T12:00:00+00:00,2025-08-14T03:00:00+02:00,2025-08-16T14:00:00+02:00,2025-08-15,22,2025-08-15T22:00:00+02:00,2025-08-15T23:00:00+02:00,True,1.0,30.46,27.34223620029563,27.342236200295634,27.316010022707047,5376.0,5506.0,130.0,-0.026226177588586808,100.0,0.019293277532508313,True
G085,generation,avail_gen_mw,1121.0,2025-08-14T01:00:00+00:00,2025-08-16T12:00:00+00:00,2025-08-14T03:00:00+02:00,2025-08-16T14:00:00+02:00,2025-08-15,23,2025-08-15T23:00:00+02:00,2025-08-16T00:00:00+02:00,True,1.0,28.77,21.30810994102288,21.308109941022884,21.308109941022884,5376.0,5506.0,130.0,0.0,100.0,0.0,True
G085,generation,avail_gen_mw,1121.0,2025-08-14T01:00:00+00:00,2025-08-16T12:00:00+00:00,2025-08-14T03:00:00+02:00,2025-08-16T14:00:00+02:00,2025-08-16,0,2025-08-16T00:00:00+02:00,2025-08-16T01:00:00+02:00,True,1.0,30.55,24.25874185530111,24.25874185530111,24.25874185530111,5506.0,5506.0,0.0,0.0,100.0,0.0,False
G085,generation,avail_gen_mw,1121.0,2025-08-14T01:00:00+00:00,2025-08-16T12:00:00+00:00,2025-08-14T03:00:00+02:00,2025-08-16T14:00:00+02:00,2025-08-16,1,2025-08-16T01:00:00+02:00,2025-08-16T02:00:00+02:00,True,1.0,29.45,20.31247907807726,20.312479078077256,20.312479078077256,5506.0,5506.0,0.0,0.0,100.0,-0.014293297271127159,False
G085,generation,avail_gen_mw,1121.0,2025-08-14T01:00:00+00:00,2025-08-16T12:00:00+00:00,2025-08-14T03:00:00+02:00,2025-08-16T14:00:00+02:00,2025-08-16,2,2025-08-16T02:00:00+02:00,2025-08-16T03:00:00+02:00,True,1.0,29.95,17.761687915357964,17.761687915357964,17.761687915357964,5506.0,5506.0,0.0,0.0,100.0,0.0,False
G085,generation,avail_gen_mw,1121.0,2025-08-14T01:00:00+00:00,2025-08-16T12:00:00+00:00,2025-08-14T03:00:00+02:00,2025-08-16T14:00:00+02:00,2025-08-16,3,2025-08-16T03:00:00+02:00,2025-08-16T04:00:00+02:00,True,1.0,29.97,17.345549312734803,17.345549312734807,17.240075716765098,5506.0,5506.0,0.0,-0.10547359596970907,100.0,0.007004368503295666,False
G085,generation,avail_gen_mw,1121.0,2025-08-14T01:00:00+00:00,2025-08-16T12:00:00+00:00,2025-08-14T03:00:00+02:00,2025-08-16T14:00:00+02:00,2025-08-16,4,2025-08-16T04:00:00+02:00,2025-08-16T05:00:00+02:00,True,1.0,37.18,16.99244507037977,16.992445070379766,16.769799223703156,5506.0,5506.0,0.0,-0.2226458466766097,100.0,0.014773814613363356,False
G085,generation,avail_gen_mw,1121.0,2025-08-14T01:00:00+00:00,2025-08-16T12:00:00+00:00,2025-08-14T03:00:00+02:00,2025-08-16T14:00:00+02:00,2025-08-16,5,2025-08-16T05:00:00+02:00,2025-08-16T06:00:00+02:00,True,1.0,37.57,18.0111254697476,18.011125469747597,17.3222567861525,5506.0,5506.0,0.0,-0.6888686835950963,100.0,-0.018082420651673203,False
G085,generation,avail_gen_mw,1121.0,2025-08-14T01:00:00+00:00,2025-08-16T12:00:00+00:00,2025-08-14T03:00:00+02:00,2025-08-16T14:00:00+02:00,2025-08-16,6,2025-08-16T06:00:00+02:00,2025-08-16T07:00:00+02:00,True,1.0,39.09,19.969245488734657,19.969245488734664,19.969245488734664,5506.0,5506.0,0.0,0.0,100.0,0.0,False
G085,generation,avail_gen_mw,1121.0,2025-08-14T01:00:00+00:00,2025-08-16T12:00:00+00:00,2025-08-14T03:00:00+02:00,2025-08-16T14:00:00+02:00,2025-08-16,7,2025-08-16T07:00:00+02:00,2025-08-16T08:00:00+02:00,True,1.0,37.01,20.35477512957947,20.354775129579465,21.07587900703174,5506.0,5506.0,0.0,0.7211038774522756,100.0,-0.04539366088243213,False
G085,generation,avail_gen_mw,1121.0,2025-08-14T01:00:00+00:00,2025-08-16T12:00:00+00:00,2025-08-14T03:00:00+02:00,2025-08-16T14:00:00+02:00,2025-08-16,8,2025-08-16T08:00:00+02:00,2025-08-16T09:00:00+02:00,True,1.0,35.5,10.69581354600593,10.695813546005922,10.695813546005922,5506.0,5506.0,0.0,0.0,100.0,0.0,False
G085,generation,avail_gen_mw,1121.0,2025-08-14T01:00:00+00:00,2025-08-16T12:00:00+00:00,2025-08-14T03:00:00+02:00,2025-08-16T14:00:00+02:00,2025-08-16,9,2025-08-16T09:00:00+02:00,2025-08-16T10:00:00+02:00,True,1.0,32.67,7.986390315910381,7.986390315910377,7.605458490551179,5506.0,5506.0,0.0,-0.38093182535919823,100.0,0.02515855119163035,False
G085,generation,avail_gen_mw,1121.0,2025-08-14T01:00:00+00:00,2025-08-16T12:00:00+00:00,2025-08-14T03:00:00+02:00,2025-08-16T14:00:00+02:00,2025-08-16,10,2025-08-16T10:00:00+02:00,2025-08-16T11:00:00+02:00,True,1.0,14.9,-1.2193389580087342,-1.21933895800872,-1.21933895800872,5506.0,5506.0,0.0,0.0,100.0,0.0,False
G085,generation,avail_gen_mw,1121.0,2025-08-14T01:00:00+00:00,2025-08-16T12:00:00+00:00,2025-08-14T03:00:00+02:00,2025-08-16T14:00:00+02:00,2025-08-16,11,2025-08-16T11:00:00+02:00,2025-08-16T12:00:00+02:00,True,1.0,3.31,-15.25755465254921,-15.25755465254921,-15.718654316325676,5506.0,5506.0,0.0,-0.4610996637764657,100.0,-0.013177661230095339,False
G085,generation,avail_gen_mw,1121.0,2025-08-14T01:00:00+00:00,2025-08-16T12:00:00+00:00,2025-08-14T03:00:00+02:00,2025-08-16T14:00:00+02:00,2025-08-16,12,2025-08-16T12:00:00+02:00,2025-08-16T13:00:00+02:00,True,1.0,0.46,-23.65364313192204,-23.65364313192204,-23.861465302589338,5506.0,5506.0,0.0,-0.20782217066729913,100.0,-0.07301441132693043,False
G085,generation,avail_gen_mw,1121.0,2025-08-14T01:00:00+00:00,2025-08-16T12:00:00+00:00,2025-08-14T03:00:00+02:00,2025-08-16T14:00:00+02:00,2025-08-16,13,2025-08-16T13:00:00+02:00,2025-08-16T14:00:00+02:00,True,1.0,0.05,-20.97078801084348,-20.970788010843478,-20.970788010843478,5506.0,5506.0,0.0,0.0,100.0,0.0,False
G085,generation,avail_gen_mw,1121.0,2025-08-14T01:00:00+00:00,2025-08-16T12:00:00+00:00,2025-08-14T03:00:00+02:00,2025-08-16T14:00:00+02:00,2025-08-16,14,2025-08-16T14:00:00+02:00,2025-08-16T15:00:00+02:00,False,0.0,0.02,-11.99248696555344,-11.992486965553447,-11.992486965553447,5506.0,6627.0,1121.0,0.0,100.0,0.0,True
G085,generation,avail_gen_mw,1121.0,2025-08-14T01:00:00+00:00,2025-08-16T12:00:00+00:00,2025-08-14T03:00:00+02:00,2025-08-16T14:00:00+02:00,2025-08-16,15,2025-08-16T15:00:00+02:00,2025-08-16T16:00:00+02:00,False,0.0,0.06,-7.572925554588707,-7.572925554588714,-7.572925554588714,5506.0,6627.0,1121.0,0.0,100.0,0.0,True
G085,generation,avail_gen_mw,1121.0,2025-08-14T01:00:00+00:00,2025-08-16T12:00:00+00:00,2025-08-14T03:00:00+02:00,2025-08-16T14:00:00+02:00,2025-08-16,16,2025-08-16T16:00:00+02:00,2025-08-16T17:00:00+02:00,False,0.0,1.5,2.9914890571907016,2.9914890571907016,2.1489043218607122,5506.0,6627.0,1121.0,-0.8425847353299893,100.0,0.009155007955886418,True
G085,generation,avail_gen_mw,1121.0,2025-08-14T01:00:00+00:00,2025-08-16T12:00:00+00:00,2025-08-14T03:00:00+02:00,2025-08-16T14:00:00+02:00,2025-08-16,17,2025-08-16T17:00:00+02:00,2025-08-16T18:00:00+02:00,False,0.0,11.47,11.977114965584969,11.97711496558497,11.479632162799117,5506.0,6627.0,1121.0,-0.49748280278585355,100.0,0.032795922228345376,True
G085,generation,avail_gen_mw,1121.0,2025-08-14T01:00:00+00:00,2025-08-16T12:00:00+00:00,2025-08-14T03:00:00+02:00,2025-08-16T14:00:00+02:00,2025-08-16,18,2025-08-16T18:00:00+02:00,2025-08-16T19:00:00+02:00,False,0.0,36.36,27.026442740014787,27.026442740014787,24.372239956811576,5506.0,6627.0,1121.0,-2.6542027832032105,100.0,0.023593905311336982,True
G085,generation,avail_gen_mw,1121.0,2025-08-14T01:00:00+00:00,2025-08-16T12:00:00+00:00,2025-08-14T03:00:00+02:00,2025-08-16T14:00:00+02:00,2025-08-16,19,2025-08-16T19:00:00+02:00,2025-08-16T20:00:00+02:00,False,0.0,38.6,34.278330273819556,34.27833027381955,33.02069653001199,5506.0,6627.0,1121.0,-1.2576337438075598,100.0,0.049001397365756816,True
G085,generation,avail_gen_mw,1121.0,2025-08-14T01:00:00+00:00,2025-08-16T12:00:00+00:00,2025-08-14T03:00:00+02:00,2025-08-16T14:00:00+02:00,2025-08-16,20,2025-08-16T20:00:00+02:00,2025-08-16T21:00:00+02:00,False,0.0,41.75,34.63930780079557,34.63930780079557,32.895278521289825,5506.0,6627.0,1121.0,-1.744029279505746,100.0,0.08028085661230477,True
G085,generation,avail_gen_mw,1121.0,2025-08-14T01:00:00+00:00,2025-08-16T12:00:00+00:00,2025-08-14T03:00:00+02:00,2025-08-16T14:00:00+02:00,2025-08-16,21,2025-08-16T21:00:00+02:00,2025-08-16T22:00:00+02:00,False,0.0,44.24,31.40570450659437,31.405704506594372,28.83026800247842,5506.0,6627.0,1121.0,-2.5754365041159524,100.0,0.010291611631433994,True
G085,generation,avail_gen_mw,1121.0,2025-08-14T01:00:00+00:00,2025-08-16T12:00:00+00:00,2025-08-14T03:00:00+02:00,2025-08-16T14:00:00+02:00,2025-08-16,22,2025-08-16T22:00:00+02:00,2025-08-16T23:00:00+02:00,False,0.0,42.91,24.033072015080045,24.03307201508005,23.701956275263804,5506.0,6627.0,1121.0,-0.33111573981624787,100.0,0.021897164143709347,True
G085,generation,avail_gen_mw,1121.0,2025-08-14T01:00:00+00:00,2025-08-16T12:00:00+00:00,2025-08-14T03:00:00+02:00,2025-08-16T14:00:00+02:00,2025-08-16,23,2025-08-16T23:00:00+02:00,2025-08-17T00:00:00+02:00,False,0.0,41.28,18.563929812404226,18.563929812404233,18.563929812404233,5506.0,6627.0,1121.0,0.0,100.0,0.0,True
G090,generation,avail_gen_mw,1040.0,2025-12-22T19:28:00+00:00,2025-12-24T09:30:00+00:00,2025-12-22T20:28:00+01:00,2025-12-24T10:30:00+01:00,2025-12-22,0,2025-12-22T00:00:00+01:00,2025-12-22T01:00:00+01:00,False,0.0,43.535,40.19658847153349,40.19658847153348,40.19658847153348,9161.0,9161.0,0.0,0.0,100.0,0.0,False
G090,generation,avail_gen_mw,1040.0,2025-12-22T19:28:00+00:00,2025-12-24T09:30:00+00:00,2025-12-22T20:28:00+01:00,2025-12-24T10:30:00+01:00,2025-12-22,1,2025-12-22T01:00:00+01:00,2025-12-22T02:00:00+01:00,False,0.0,44.2075,36.64908007803152,36.64908007803152,36.64908007803152,9161.0,9161.0,0.0,0.0,100.0,-0.031249013798230862,False
G090,generation,avail_gen_mw,1040.0,2025-12-22T19:28:00+00:00,2025-12-24T09:30:00+00:00,2025-12-22T20:28:00+01:00,2025-12-24T10:30:00+01:00,2025-12-22,2,2025-12-22T02:00:00+01:00,2025-12-22T03:00:00+01:00,False,0.0,43.86,35.82696290221638,35.82696290221637,35.82696290221637,9161.0,9161.0,0.0,0.0,100.0,0.0,False
G090,generation,avail_gen_mw,1040.0,2025-12-22T19:28:00+00:00,2025-12-24T09:30:00+00:00,2025-12-22T20:28:00+01:00,2025-12-24T10:30:00+01:00,2025-12-22,3,2025-12-22T03:00:00+01:00,2025-12-22T04:00:00+01:00,False,0.0,44.385,36.68114315374946,36.68114315374946,36.68114315374946,9161.0,9161.0,0.0,0.0,100.0,0.0,False
G090,generation,avail_gen_mw,1040.0,2025-12-22T19:28:00+00:00,2025-12-24T09:30:00+00:00,2025-12-22T20:28:00+01:00,2025-12-24T10:30:00+01:00,2025-12-22,4,2025-12-22T04:00:00+01:00,2025-12-22T05:00:00+01:00,False,0.0,44.615,36.47561731018064,36.47561731018064,36.47561731018064,9161.0,9161.0,0.0,0.0,100.0,0.0,False
G090,generation,avail_gen_mw,1040.0,2025-12-22T19:28:00+00:00,2025-12-24T09:30:00+00:00,2025-12-22T20:28:00+01:00,2025-12-24T10:30:00+01:00,2025-12-22,5,2025-12-22T05:00:00+01:00,2025-12-22T06:00:00+01:00,False,0.0,49.995,43.5975387500806,43.5975387500806,44.68701214182077,9161.0,9161.0,0.0,1.0894733917401709,100.0,0.07643805973941653,False
G090,generation,avail_gen_mw,1040.0,2025-12-22T19:28:00+00:00,2025-12-24T09:30:00+00:00,2025-12-22T20:28:00+01:00,2025-12-24T10:30:00+01:00,2025-12-22,6,2025-12-22T06:00:00+01:00,2025-12-22T07:00:00+01:00,False,0.0,57.675,71.26248659139429,71.26248659139429,73.16465388721636,9161.0,9161.0,0.0,1.9021672958220677,100.0,0.1329752460133875,False
G090,generation,avail_gen_mw,1040.0,2025-12-22T19:28:00+00:00,2025-12-24T09:30:00+00:00,2025-12-22T20:28:00+01:00,2025-12-24T10:30:00+01:00,2025-12-22,7,2025-12-22T07:00:00+01:00,2025-12-22T08:00:00+01:00,False,0.0,64.435,103.73929052335284,103.73929052335284,105.99970864418687,9161.0,9161.0,0.0,2.260418120834032,100.0,0.1587002444145753,False
G090,generation,avail_gen_mw,1040.0,2025-12-22T19:28:00+00:00,2025-12-24T09:30:00+00:00,2025-12-22T20:28:00+01:00,2025-12-24T10:30:00+01:00,2025-12-22,8,2025-12-22T08:00:00+01:00,2025-12-22T09:00:00+01:00,False,0.0,67.3275,116.75023151806424,116.75023151806421,118.29516669307147,9161.0,9161.0,0.0,1.5449351750072537,100.0,0.10908843121141842,False
G090,generation,avail_gen_mw,1040.0,2025-12-22T19:28:00+00:00,2025-12-24T09:30:00+00:00,2025-12-22T20:28:00+01:00,2025-12-24T10:30:00+01:00,2025-12-22,9,2025-12-22T09:00:00+01:00,2025-12-22T10:00:00+01:00,False,0.0,73.3375,122.56032822620328,122.56032822620327,122.56032822620327,9161.0,9161.0,0.0,0.0,100.0,-0.10778064357801043,False
G090,generation,avail_gen_mw,1040.0,2025-12-22T19:28:00+00:00,2025-12-24T09:30:00+00:00,2025-12-22T20:28:00+01:00,2025-12-24T10:30:00+01:00,2025-12-22,10,2025-12-22T10:00:00+01:00,2025-12-22T11:00:00+01:00,False,0.0,73.8975,96.90412393762782,96.90412393762779,96.90412393762779,9161.0,9161.0,0.0,0.0,100.0,0.0,False
G090,generation,avail_gen_mw,1040.0,2025-12-22T19:28:00+00:00,2025-12-24T09:30:00+00:00,2025-12-22T20:28:00+01:00,2025-12-24T10:30:00+01:00,2025-12-22,11,2025-12-22T11:00:00+01:00,2025-12-22T12:00:00+01:00,False,0.0,74.7325,95.73395022975424,95.73395022975423,95.73395022975423,9161.0,9161.0,0.0,0.0,100.0,0.0,False
G090,generation,avail_gen_mw,1040.0,2025-12-22T19:28:00+00:00,2025-12-24T09:30:00+00:00,2025-12-22T20:28:00+01:00,2025-12-24T10:30:00+01:00,2025-12-22,12,2025-12-22T12:00:00+01:00,2025-12-22T13:00:00+01:00,False,0.0,74.8425,93.20800071116923,93.20800071116922,93.20800071116922,9161.0,9161.0,0.0,0.0,100.0,-0.11841059071829818,False
G090,generation,avail_gen_mw,1040.0,2025-12-22T19:28:00+00:00,2025-12-24T09:30:00+00:00,2025-12-22T20:28:00+01:00,2025-12-24T10:30:00+01:00,2025-12-22,13,2025-12-22T13:00:00+01:00,2025-12-22T14:00:00+01:00,False,0.0,74.64,94.41893026648782,94.41893026648783,94.41893026648783,9161.0,9161.0,0.0,0.0,100.0,0.0,False
G090,generation,avail_gen_mw,1040.0,2025-12-22T19:28:00+00:00,2025-12-24T09:30:00+00:00,2025-12-22T20:28:00+01:00,2025-12-24T10:30:00+01:00,2025-12-22,14,2025-12-22T14:00:00+01:00,2025-12-22T15:00:00+01:00,False,0.0,77.815,86.56443697338784,86.56443697338784,86.56443697338784,9161.0,9161.0,0.0,0.0,100.0,0.0,False
G090,generation,avail_gen_mw,1040.0,2025-12-22T19:28:00+00:00,2025-12-24T09:30:00+00:00,2025-12-22T20:28:00+01:00,2025-12-24T10:30:00+01:00,2025-12-22,15,2025-12-22T15:00:00+01:00,2025-12-22T16:00:00+01:00,False,0.0,87.7525,88.4725092749617,88.47250927496171,88.47250927496171,9161.0,9161.0,0.0,0.0,100.0,0.12702066315588922,False
G090,generation,avail_gen_mw,1040.0,2025-12-22T19:28:00+00:00,2025-12-24T09:30:00+00:00,2025-12-22T20:28:00+01:00,2025-12-24T10:30:00+01:00,2025-12-22,16,2025-12-22T16:00:00+01:00,2025-12-22T17:00:00+01:00,False,0.0,96.7975,97.44535261256496,97.445352612565,97.445352612565,9161.0,9161.0,0.0,0.0,100.0,0.0,False
G090,generation,avail_gen_mw,1040.0,2025-12-22T19:28:00+00:00,2025-12-24T09:30:00+00:00,2025-12-22T20:28:00+01:00,2025-12-24T10:30:00+01:00,2025-12-22,17,2025-12-22T17:00:00+01:00,2025-12-22T18:00:00+01:00,False,0.0,88.1075,105.7824579447228,105.78245794472282,105.78245794472282,9161.0,9161.0,0.0,0.0,100.0,0.0,False
G090,generation,avail_gen_mw,1040.0,2025-12-22T19:28:00+00:00,2025-12-24T09:30:00+00:00,2025-12-22T20:28:00+01:00,2025-12-24T10:30:00+01:00,2025-12-22,18,2025-12-22T18:00:00+01:00,2025-12-22T19:00:00+01:00,False,0.0,80.2475,99.48149236702687,99.48149236702687,99.48149236702687,9161.0,9161.0,0.0,0.0,100.0,0.0,False
G090,generation,avail_gen_mw,1040.0,2025-12-22T19:28:00+00:00,2025-12-24T09:30:00+00:00,2025-12-22T20:28:00+01:00,2025-12-24T10:30:00+01:00,2025-12-22,19,2025-12-22T19:00:00+01:00,2025-12-22T20:00:00+01:00,False,0.0,74.4975,87.44778975700396,87.44778975700396,87.44778975700396,9161.0,9161.0,0.0,0.0,100.0,0.0507460510436033,False
G090,generation,avail_gen_mw,1040.0,2025-12-22T19:28:00+00:00,2025-12-24T09:30:00+00:00,2025-12-22T20:28:00+01:00,2025-12-24T10:30:00+01:00,2025-12-22,20,2025-12-22T20:00:00+01:00,2025-12-22T21:00:00+01:00,True,0.5333333333333333,72.955,70.1764508203034,70.17645082030342,72.06318934508525,9161.0,9161.0,0.0,1.8867385247818333,100.0,0.13174382030544507,False
G090,generation,avail_gen_mw,1040.0,2025-12-22T19:28:00+00:00,2025-12-24T09:30:00+00:00,2025-12-22T20:28:00+01:00,2025-12-24T10:30:00+01:00,2025-12-22,21,2025-12-22T21:00:00+01:00,2025-12-22T22:00:00+01:00,True,1.0,71.35,61.86588459049564,61.865884590495654,63.1323331959493,9161.0,8121.0,-1040.0,1.2664486054536468,100.0,0.08890746737672828,True
G090,generation,avail_gen_mw,1040.0,2025-12-22T19:28:00+00:00,2025-12-24T09:30:00+00:00,2025-12-22T20:28:00+01:00,2025-12-24T10:30:00+01:00,2025-12-22,22,2025-12-22T22:00:00+01:00,2025-12-22T23:00:00+01:00,True,1.0,67.64750000000001,51.89863099225285,51.89863099225285,51.89863099225285,9161.0,8121.0,-1040.0,0.0,100.0,0.04211080736003936,True
G090,generation,avail_gen_mw,1040.0,2025-12-22T19:28:00+00:00,2025-12-24T09:30:00+00:00,2025-12-22T20:28:00+01:00,2025-12-24T10:30:00+01:00,2025-12-22,23,2025-12-22T23:00:00+01:00,2025-12-23T00:00:00+01:00,True,1.0,60.8675,43.24313636676176,43.24313636676176,43.328341157649184,9161.0,8121.0,-1040.0,0.08520479088742405,100.0,-0.010230277223428175,True
G090,generation,avail_gen_mw,1040.0,2025-12-22T19:28:00+00:00,2025-12-24T09:30:00+00:00,2025-12-22T20:28:00+01:00,2025-12-24T10:30:00+01:00,2025-12-23,0,2025-12-23T00:00:00+01:00,2025-12-23T01:00:00+01:00,True,1.0,58.255,54.48877841595896,54.48877841595896,54.48877841595896,9161.0,8121.0,-1040.0,0.0,100.0,0.0,True
G090,generation,avail_gen_mw,1040.0,2025-12-22T19:28:00+00:00,2025-12-24T09:30:00+00:00,2025-12-22T20:28:00+01:00,2025-12-24T10:30:00+01:00,2025-12-23,1,2025-12-23T01:00:00+01:00,2025-12-23T02:00:00+01:00,True,1.0,54.03,48.37620508673135,48.37620508673135,47.372139866967174,9161.0,8121.0,-1040.0,-1.004065219764179,100.0,-0.0724428632222498,True
G090,generation,avail_gen_mw,1040.0,2025-12-22T19:28:00+00:00,2025-12-24T09:30:00+00:00,2025-12-22T20:28:00+01:00,2025-12-24T10:30:00+01:00,2025-12-23,2,2025-12-23T02:00:00+01:00,2025-12-23T03:00:00+01:00,True,1.0,42.34,46.772842283197534,46.772842283197534,46.772842283197534,9161.0,8121.0,-1040.0,0.0,100.0,0.0,True
G090,generation,avail_gen_mw,1040.0,2025-12-22T19:28:00+00:00,2025-12-24T09:30:00+00:00,2025-12-22T20:28:00+01:00,2025-12-24T10:30:00+01:00,2025-12-23,3,2025-12-23T03:00:00+01:00,2025-12-23T04:00:00+01:00,True,1.0,35.3675,47.95627325205379,47.95627325205379,47.95627325205379,9161.0,8121.0,-1040.0,0.0,100.0,0.0,True
G090,generation,avail_gen_mw,1040.0,2025-12-22T19:28:00+00:00,2025-12-24T09:30:00+00:00,2025-12-22T20:28:00+01:00,2025-12-24T10:30:00+01:00,2025-12-23,4,2025-12-23T04:00:00+01:00,2025-12-23T05:00:00+01:00,True,1.0,34.695,47.56742942945202,47.567429429452034,47.567429429452034,9161.0,8121.0,-1040.0,0.0,100.0,0.0,True
G090,generation,avail_gen_mw,1040.0,2025-12-22T19:28:00+00:00,2025-12-24T09:30:00+00:00,2025-12-22T20:28:00+01:00,2025-12-24T10:30:00+01:00,2025-12-23,5,2025-12-23T05:00:00+01:00,2025-12-23T06:00:00+01:00,True,1.0,37.3325,53.45708636817272,53.45708636817271,54.81826239862515,9161.0,8121.0,-1040.0,1.361176030452441,100.0,0.0952691870533755,True
G090,generation,avail_gen_mw,1040.0,2025-12-22T19:28:00+00:00,2025-12-24T09:30:00+00:00,2025-12-22T20:28:00+01:00,2025-12-24T10:30:00+01:00,2025-12-23,6,2025-12-23T06:00:00+01:00,2025-12-23T07:00:00+01:00,True,1.0,53.3575,70.30467352213711,70.30467352213711,71.42350816397827,9161.0,8121.0,-1040.0,1.1188346418411612,100.0,0.07879588903730905,True
G090,generation,avail_gen_mw,1040.0,2025-12-22T19:28:00+00:00,2025-12-24T09:30:00+00:00,2025-12-22T20:28:00+01:00,2025-12-24T10:30:00+01:00,2025-12-23,7,2025-12-23T07:00:00+01:00,2025-12-23T08:00:00+01:00,True,1.0,59.4475,96.70695101154924,96.70695101154925,98.12820740775766,9161.0,8121.0,-1040.0,1.4212563962084062,100.0,0.10005711432481235,True
G090,generation,avail_gen_mw,1040.0,2025-12-22T19:28:00+00:00,2025-12-24T09:30:00+00:00,2025-12-22T20:28:00+01:00,2025-12-24T10:30:00+01:00,2025-12-23,8,2025-12-23T08:00:00+01:00,2025-12-23T09:00:00+01:00,True,1.0,60.725,100.3937737746548,100.39377377465482,101.70364385575792,9161.0,8121.0,-1040.0,1.3098700811030994,100.0,0.09129653395616799,True
G090,generation,avail_gen_mw,1040.0,2025-12-22T19:28:00+00:00,2025-12-24T09:30:00+00:00,2025-12-22T20:28:00+01:00,2025-12-24T10:30:00+01:00,2025-12-23,9,2025-12-23T09:00:00+01:00,2025-12-23T10:00:00+01:00,True,1.0,61.125,121.48202043206972,121.48202043206975,119.61995091252321,9161.0,8121.0,-1040.0,-1.8620695195465373,100.0,-0.14214561573966478,True
G090,generation,avail_gen_mw,1040.0,2025-12-22T19:28:00+00:00,2025-12-24T09:30:00+00:00,2025-12-22T20:28:00+01:00,2025-12-24T10:30:00+01:00,2025-12-23,10,2025-12-23T10:00:00+01:00,2025-12-23T11:00:00+01:00,True,1.0,60.4325,103.71941891602312,103.71941891602314,103.71941891602314,9161.0,8121.0,-1040.0,0.0,100.0,0.0,True
G090,generation,avail_gen_mw,1040.0,2025-12-22T19:28:00+00:00,2025-12-24T09:30:00+00:00,2025-12-22T20:28:00+01:00,2025-12-24T10:30:00+01:00,2025-12-23,11,2025-12-23T11:00:00+01:00,2025-12-23T12:00:00+01:00,True,1.0,57.98,108.0842736350422,108.0842736350422,108.0842736350422,9161.0,8121.0,-1040.0,0.0,100.0,0.0,True
G090,generation,avail_gen_mw,1040.0,2025-12-22T19:28:00+00:00,2025-12-24T09:30:00+00:00,2025-12-22T20:28:00+01:00,2025-12-24T10:30:00+01:00,2025-12-23,12,2025-12-23T12:00:00+01:00,2025-12-23T13:00:00+01:00,True,1.0,59.1075,111.94170821714408,111.94170821714408,109.77224817476957,9161.0,8121.0,-1040.0,-2.16946004237451,100.0,-0.15620699228871615,True
G090,generation,avail_gen_mw,1040.0,2025-12-22T19:28:00+00:00,2025-12-24T09:30:00+00:00,2025-12-22T20:28:00+01:00,2025-12-24T10:30:00+01:00,2025-12-23,13,2025-12-23T13:00:00+01:00,2025-12-23T14:00:00+01:00,True,1.0,58.4475,103.53882753205995,103.53882753205997,103.53882753205997,9161.0,8121.0,-1040.0,0.0,100.0,0.0,True
G090,generation,avail_gen_mw,1040.0,2025-12-22T19:28:00+00:00,2025-12-24T09:30:00+00:00,2025-12-22T20:28:00+01:00,2025-12-24T10:30:00+01:00,2025-12-23,14,2025-12-23T14:00:00+01:00,2025-12-23T15:00:00+01:00,True,1.0,58.695,108.1844392343726,108.18443923437255,108.18443923437255,9161.0,8121.0,-1040.0,0.0,100.0,0.0,True
G090,generation,avail_gen_mw,1040.0,2025-12-22T19:28:00+00:00,2025-12-24T09:30:00+00:00,2025-12-22T20:28:00+01:00,2025-12-24T10:30:00+01:00,2025-12-23,15,2025-12-23T15:00:00+01:00,2025-12-23T16:00:00+01:00,True,1.0,59.0225,117.10554249123192,117.10554249123192,117.10554249123192,9161.0,8121.0,-1040.0,0.0,100.0,0.0,True
G090,generation,avail_gen_mw,1040.0,2025-12-22T19:28:00+00:00,2025-12-24T09:30:00+00:00,2025-12-22T20:28:00+01:00,2025-12-24T10:30:00+01:00,2025-12-23,16,2025-12-23T16:00:00+01:00,2025-12-23T17:00:00+01:00,True,1.0,59.98,129.57632355113793,129.57632355113793,129.57632355113793,9161.0,8121.0,-1040.0,0.0,100.0,0.0,True
G090,generation,avail_gen_mw,1040.0,2025-12-22T19:28:00+00:00,2025-12-24T09:30:00+00:00,2025-12-22T20:28:00+01:00,2025-12-24T10:30:00+01:00,2025-12-23,17,2025-12-23T17:00:00+01:00,2025-12-23T18:00:00+01:00,True,1.0,58.9325,136.03528998305438,136.03528998305444,136.03528998305444,9161.0,8121.0,-1040.0,0.0,100.0,0.0,True
G090,generation,avail_gen_mw,1040.0,2025-12-22T19:28:00+00:00,2025-12-24T09:30:00+00:00,2025-12-22T20:28:00+01:00,2025-12-24T10:30:00+01:00,2025-12-23,18,2025-12-23T18:00:00+01:00,2025-12-23T19:00:00+01:00,True,1.0,58.7175,121.89331893460714,121.89331893460714,121.89331893460714,9161.0,8121.0,-1040.0,0.0,100.0,0.0,True
G090,generation,avail_gen_mw,1040.0,2025-12-22T19:28:00+00:00,2025-12-24T09:30:00+00:00,2025-12-22T20:28:00+01:00,2025-12-24T10:30:00+01:00,2025-12-23,19,2025-12-23T19:00:00+01:00,2025-12-23T20:00:00+01:00,True,1.0,57.6425,101.3114713335774,101.31147133357743,102.21601286291002,9161.0,8121.0,-1040.0,0.9045415293325902,100.0,0.06319905633196754,True
G090,generation,avail_gen_mw,1040.0,2025-12-22T19:28:00+00:00,2025-12-24T09:30:00+00:00,2025-12-22T20:28:00+01:00,2025-12-24T10:30:00+01:00,2025-12-23,20,2025-12-23T20:00:00+01:00,2025-12-23T21:00:00+01:00,True,1.0,52.77,96.83134645330244,96.83134645330244,100.090663225112,9161.0,8121.0,-1040.0,3.2593167718095515,100.0,0.22661172835668708,True
G090,generation,avail_gen_mw,1040.0,2025-12-22T19:28:00+00:00,2025-12-24T09:30:00+00:00,2025-12-22T20:28:00+01:00,2025-12-24T10:30:00+01:00,2025-12-23,21,2025-12-23T21:00:00+01:00,2025-12-23T22:00:00+01:00,True,1.0,46.645,81.97708212868436,81.97708212868437,84.08087005124321,9161.0,8121.0,-1040.0,2.103787922558837,100.0,0.14712873049205655,True
G090,generation,avail_gen_mw,1040.0,2025-12-22T19:28:00+00:00,2025-12-24T09:30:00+00:00,2025-12-22T20:28:00+01:00,2025-12-24T10:30:00+01:00,2025-12-23,22,2025-12-23T22:00:00+01:00,2025-12-23T23:00:00+01:00,True,1.0,46.5225,70.95612020515216,70.95612020515215,71.92300901890232,9161.0,8121.0,-1040.0,0.9668888137501739,100.0,0.0682061542533745,True
G090,generation,avail_gen_mw,1040.0,2025-12-22T19:28:00+00:00,2025-12-24T09:30:00+00:00,2025-12-22T20:28:00+01:00,2025-12-24T10:30:00+01:00,2025-12-23,23,2025-12-23T23:00:00+01:00,2025-12-24T00:00:00+01:00,True,1.0,42.0575,62.339940040201334,62.33994004020135,62.59274799328579,9161.0,8121.0,-1040.0,0.25280795308444226,100.0,0.017955792523082437,True
G090,generation,avail_gen_mw,1040.0,2025-12-22T19:28:00+00:00,2025-12-24T09:30:00+00:00,2025-12-22T20:28:00+01:00,2025-12-24T10:30:00+01:00,2025-12-24,0,2025-12-24T00:00:00+01:00,2025-12-24T01:00:00+01:00,True,1.0,46.515,40.2313870631398,40.2313870631398,40.2313870631398,8121.0,8121.0,0.0,0.0,100.0,0.0,False
G090,generation,avail_gen_mw,1040.0,2025-12-22T19:28:00+00:00,2025-12-24T09:30:00+00:00,2025-12-22T20:28:00+01:00,2025-12-24T10:30:00+01:00,2025-12-24,1,2025-12-24T01:00:00+01:00,2025-12-24T02:00:00+01:00,True,1.0,37.6975,39.409020550263534,39.40902055026353,39.40902055026353,8121.0,8121.0,0.0,0.0,100.0,-0.08897686093871471,False
G090,generation,avail_gen_mw,1040.0,2025-12-22T19:28:00+00:00,2025-12-24T09:30:00+00:00,2025-12-22T20:28:00+01:00,2025-12-24T10:30:00+01:00,2025-12-24,2,2025-12-24T02:00:00+01:00,2025-12-24T03:00:00+01:00,True,1.0,36.8325,35.91505777074066,35.91505777074066,35.91505777074066,8121.0,8121.0,0.0,0.0,100.0,0.0,False
G090,generation,avail_gen_mw,1040.0,2025-12-22T19:28:00+00:00,2025-12-24T09:30:00+00:00,2025-12-22T20:28:00+01:00,2025-12-24T10:30:00+01:00,2025-12-24,3,2025-12-24T03:00:00+01:00,2025-12-24T04:00:00+01:00,True,1.0,40.3825,34.30806412265781,34.30806412265781,34.30806412265781,8121.0,8121.0,0.0,0.0,100.0,0.0,False
G090,generation,avail_gen_mw,1040.0,2025-12-22T19:28:00+00:00,2025-12-24T09:30:00+00:00,2025-12-22T20:28:00+01:00,2025-12-24T10:30:00+01:00,2025-12-24,4,2025-12-24T04:00:00+01:00,2025-12-24T05:00:00+01:00,True,1.0,44.685,33.2892985600646,33.2892985600646,33.2892985600646,8121.0,8121.0,0.0,0.0,100.0,0.0,False
G090,generation,avail_gen_mw,1040.0,2025-12-22T19:28:00+00:00,2025-12-24T09:30:00+00:00,2025-12-22T20:28:00+01:00,2025-12-24T10:30:00+01:00,2025-12-24,5,2025-12-24T05:00:00+01:00,2025-12-24T06:00:00+01:00,True,1.0,48.39,34.30877631686258,34.30877631686258,33.10690694347308,8121.0,8121.0,0.0,-1.2018693733894992,100.0,0.05672048269990171,False
G090,generation,avail_gen_mw,1040.0,2025-12-22T19:28:00+00:00,2025-12-24T09:30:00+00:00,2025-12-22T20:28:00+01:00,2025-12-24T10:30:00+01:00,2025-12-24,6,2025-12-24T06:00:00+01:00,2025-12-24T07:00:00+01:00,True,1.0,50.775,37.41897015737728,37.41897015737728,37.17841325056526,8121.0,8121.0,0.0,-0.24055690681202435,100.0,0.03480135386644889,False
G090,generation,avail_gen_mw,1040.0,2025-12-22T19:28:00+00:00,2025-12-24T09:30:00+00:00,2025-12-22T20:28:00+01:00,2025-12-24T10:30:00+01:00,2025-12-24,7,2025-12-24T07:00:00+01:00,2025-12-24T08:00:00+01:00,True,1.0,62.01,49.215187221021594,49.215187221021594,48.90414016472933,8121.0,8121.0,0.0,-0.31104705629226714,100.0,0.04512942479951931,False
G090,generation,avail_gen_mw,1040.0,2025-12-22T19:28:00+00:00,2025-12-24T09:30:00+00:00,2025-12-22T20:28:00+01:00,2025-12-24T10:30:00+01:00,2025-12-24,8,2025-12-24T08:00:00+01:00,2025-12-24T09:00:00+01:00,True,1.0,68.5025,51.50076327520398,51.50076327520397,51.21270888173652,8121.0,8121.0,0.0,-0.2880543934674549,100.0,0.04292120572647917,False
G090,generation,avail_gen_mw,1040.0,2025-12-22T19:28:00+00:00,2025-12-24T09:30:00+00:00,2025-12-22T20:28:00+01:00,2025-12-24T10:30:00+01:00,2025-12-24,9,2025-12-24T09:00:00+01:00,2025-12-24T10:00:00+01:00,True,1.0,69.43,53.54973079080583,53.54973079080584,53.32379658865733,8121.0,8121.0,0.0,-0.22593420214850823,100.0,0.033676760427425734,False
G090,generation,avail_gen_mw,1040.0,2025-12-22T19:28:00+00:00,2025-12-24T09:30:00+00:00,2025-12-22T20:28:00+01:00,2025-12-24T10:30:00+01:00,2025-12-24,10,2025-12-24T10:00:00+01:00,2025-12-24T11:00:00+01:00,True,0.5,67.67,53.408539670244544,53.40853967024454,53.40853967024454,8121.0,8121.0,0.0,0.0,100.0,0.0,False
G090,generation,avail_gen_mw,1040.0,2025-12-22T19:28:00+00:00,2025-12-24T09:30:00+00:00,2025-12-22T20:28:00+01:00,2025-12-24T10:30:00+01:00,2025-12-24,11,2025-12-24T11:00:00+01:00,2025-12-24T12:00:00+01:00,False,0.0,55.05,54.976361644159255,54.97636164415924,54.97636164415924,8121.0,9051.0,930.0,0.0,100.0,0.0,True
G090,generation,avail_gen_mw,1040.0,2025-12-22T19:28:00+00:00,2025-12-24T09:30:00+00:00,2025-12-22T20:28:00+01:00,2025-12-24T10:30:00+01:00,2025-12-24,12,2025-12-24T12:00:00+01:00,2025-12-24T13:00:00+01:00,False,0.0,41.0375,53.13139713890034,53.13139713890034,53.13139713890034,8121.0,9051.0,930.0,0.0,100.0,-0.14386840610949747,True
G090,generation,avail_gen_mw,1040.0,2025-12-22T19:28:00+00:00,2025-12-24T09:30:00+00:00,2025-12-22T20:28:00+01:00,2025-12-24T10:30:00+01:00,2025-12-24,13,2025-12-24T13:00:00+01:00,2025-12-24T14:00:00+01:00,False,0.0,40.82,52.76051039417983,52.76051039417983,52.76051039417983,8121.0,9051.0,930.0,0.0,100.0,0.0,True
G090,generation,avail_gen_mw,1040.0,2025-12-22T19:28:00+00:00,2025-12-24T09:30:00+00:00,2025-12-22T20:28:00+01:00,2025-12-24T10:30:00+01:00,2025-12-24,14,2025-12-24T14:00:00+01:00,2025-12-24T15:00:00+01:00,False,0.0,44.58,51.4226986782171,51.4226986782171,51.4226986782171,8121.0,9051.0,930.0,0.0,100.0,0.0,True
G090,generation,avail_gen_mw,1040.0,2025-12-22T19:28:00+00:00,2025-12-24T09:30:00+00:00,2025-12-22T20:28:00+01:00,2025-12-24T10:30:00+01:00,2025-12-24,15,2025-12-24T15:00:00+01:00,2025-12-24T16:00:00+01:00,False,0.0,49.73,56.717540454393784,56.71754045439379,56.71754045439379,8121.0,9051.0,930.0,0.0,100.0,0.0,True
G090,generation,avail_gen_mw,1040.0,2025-12-22T19:28:00+00:00,2025-12-24T09:30:00+00:00,2025-12-22T20:28:00+01:00,2025-12-24T10:30:00+01:00,2025-12-24,16,2025-12-24T16:00:00+01:00,2025-12-24T17:00:00+01:00,False,0.0,52.47,60.18445220198133,60.18445220198133,60.18445220198133,8121.0,9051.0,930.0,0.0,100.0,0.0,True
G090,generation,avail_gen_mw,1040.0,2025-12-22T19:28:00+00:00,2025-12-24T09:30:00+00:00,2025-12-22T20:28:00+01:00,2025-12-24T10:30:00+01:00,2025-12-24,17,2025-12-24T17:00:00+01:00,2025-12-24T18:00:00+01:00,False,0.0,52.325,63.92088529670112,63.92088529670112,63.92088529670112,8121.0,9051.0,930.0,0.0,100.0,0.0,True
G090,generation,avail_gen_mw,1040.0,2025-12-22T19:28:00+00:00,2025-12-24T09:30:00+00:00,2025-12-22T20:28:00+01:00,2025-12-24T10:30:00+01:00,2025-12-24,18,2025-12-24T18:00:00+01:00,2025-12-24T19:00:00+01:00,False,0.0,46.59,62.39409615947638,62.39409615947639,62.39409615947639,8121.0,9051.0,930.0,0.0,100.0,0.0,True
G090,generation,avail_gen_mw,1040.0,2025-12-22T19:28:00+00:00,2025-12-24T09:30:00+00:00,2025-12-22T20:28:00+01:00,2025-12-24T10:30:00+01:00,2025-12-24,19,2025-12-24T19:00:00+01:00,2025-12-24T20:00:00+01:00,False,0.0,42.2625,61.24074007756643,61.24074007756643,61.18528149337883,8121.0,9051.0,930.0,-0.05545858418759764,100.0,0.008253391472926808,True
G090,generation,avail_gen_mw,1040.0,2025-12-22T19:28:00+00:00,2025-12-24T09:30:00+00:00,2025-12-22T20:28:00+01:00,2025-12-24T10:30:00+01:00,2025-12-24,20,2025-12-24T20:00:00+01:00,2025-12-24T21:00:00+01:00,False,0.0,39.1075,53.75394352793869,53.75394352793868,52.81975926493965,8121.0,9051.0,930.0,-0.9341842629990325,100.0,0.13638993814910094,True
G090,generation,avail_gen_mw,1040.0,2025-12-22T19:28:00+00:00,2025-12-24T09:30:00+00:00,2025-12-22T20:28:00+01:00,2025-12-24T10:30:00+01:00,2025-12-24,21,2025-12-24T21:00:00+01:00,2025-12-24T22:00:00+01:00,False,0.0,38.9275,50.51354226058098,50.513542260580984,49.797688788486724,8121.0,9051.0,930.0,-0.7158534720942598,100.0,0.10432799270824233,True
G090,generation,avail_gen_mw,1040.0,2025-12-22T19:28:00+00:00,2025-12-24T09:30:00+00:00,2025-12-22T20:28:00+01:00,2025-12-24T10:30:00+01:00,2025-12-24,22,2025-12-24T22:00:00+01:00,2025-12-24T23:00:00+01:00,False,0.0,39.5725,46.180870293837586,46.18087029383758,45.85923932031003,8121.0,9051.0,930.0,-0.3216309735275473,100.0,0.04665738044573686,True
G090,generation,avail_gen_mw,1040.0,2025-12-22T19:28:00+00:00,2025-12-24T09:30:00+00:00,2025-12-22T20:28:00+01:00,2025-12-24T10:30:00+01:00,2025-12-24,23,2025-12-24T23:00:00+01:00,2025-12-25T00:00:00+01:00,False,0.0,37.225,41.80005653333745,41.80005653333745,41.5341947402276,8121.0,9051.0,930.0,-0.26586179310984903,100.0,0.039508523491633696,True
G097,generation,avail_gen_mw,1172.0,2026-04-09T01:00:00+00:00,2026-04-10T23:30:00+00:00,2026-04-09T03:00:00+02:00,2026-04-11T01:30:00+02:00,2026-04-09,0,2026-04-09T00:00:00+02:00,2026-04-09T01:00:00+02:00,False,0.0,53.3775,52.2421692853316,52.242169285331606,52.242169285331606,7377.0,7377.0,0.0,0.0,100.0,0.0,False
G097,generation,avail_gen_mw,1172.0,2026-04-09T01:00:00+00:00,2026-04-10T23:30:00+00:00,2026-04-09T03:00:00+02:00,2026-04-11T01:30:00+02:00,2026-04-09,1,2026-04-09T01:00:00+02:00,2026-04-09T02:00:00+02:00,False,0.0,50.24,51.98367953290913,51.98367953290913,51.56426075499682,7377.0,7377.0,0.0,-0.41941877791230553,100.0,-0.26708570829920575,False
G097,generation,avail_gen_mw,1172.0,2026-04-09T01:00:00+00:00,2026-04-10T23:30:00+00:00,2026-04-09T03:00:00+02:00,2026-04-11T01:30:00+02:00,2026-04-09,2,2026-04-09T02:00:00+02:00,2026-04-09T03:00:00+02:00,False,0.0,51.045,49.94523898031149,49.9452389803115,49.54227034631268,7377.0,7377.0,0.0,-0.40296863399882454,100.0,-0.25633402179227005,False
G097,generation,avail_gen_mw,1172.0,2026-04-09T01:00:00+00:00,2026-04-10T23:30:00+00:00,2026-04-09T03:00:00+02:00,2026-04-11T01:30:00+02:00,2026-04-09,3,2026-04-09T03:00:00+02:00,2026-04-09T04:00:00+02:00,True,1.0,58.045,46.11878338782856,46.11878338782857,46.11878338782857,7377.0,7217.0,-160.0,0.0,100.0,0.0,True
G097,generation,avail_gen_mw,1172.0,2026-04-09T01:00:00+00:00,2026-04-10T23:30:00+00:00,2026-04-09T03:00:00+02:00,2026-04-11T01:30:00+02:00,2026-04-09,4,2026-04-09T04:00:00+02:00,2026-04-09T05:00:00+02:00,True,1.0,72.4225,49.70366768006459,49.7036676800646,49.754871124334784,7377.0,7217.0,-160.0,0.05120344427018608,100.0,0.03250270059059801,True
G097,generation,avail_gen_mw,1172.0,2026-04-09T01:00:00+00:00,2026-04-10T23:30:00+00:00,2026-04-09T03:00:00+02:00,2026-04-11T01:30:00+02:00,2026-04-09,5,2026-04-09T05:00:00+02:00,2026-04-09T06:00:00+02:00,True,1.0,98.395,65.57226284367212,65.57226284367212,65.68811922324025,7377.0,7217.0,-160.0,0.11585637956812889,100.0,0.07352842178228514,True
G097,generation,avail_gen_mw,1172.0,2026-04-09T01:00:00+00:00,2026-04-10T23:30:00+00:00,2026-04-09T03:00:00+02:00,2026-04-11T01:30:00+02:00,2026-04-09,6,2026-04-09T06:00:00+02:00,2026-04-09T07:00:00+02:00,True,1.0,117.4675,99.74103433329437,99.74103433329438,99.06066876941756,7377.0,7217.0,-160.0,-0.6803655638768191,100.0,-0.4329964897022336,True
G097,generation,avail_gen_mw,1172.0,2026-04-09T01:00:00+00:00,2026-04-10T23:30:00+00:00,2026-04-09T03:00:00+02:00,2026-04-11T01:30:00+02:00,2026-04-09,7,2026-04-09T07:00:00+02:00,2026-04-09T08:00:00+02:00,True,1.0,129.3275,147.93012078744056,147.93012078744061,147.16515179496702,7377.0,7217.0,-160.0,-0.7649689924735981,100.0,-0.4863654637478021,True
G097,generation,avail_gen_mw,1172.0,2026-04-09T01:00:00+00:00,2026-04-10T23:30:00+00:00,2026-04-09T03:00:00+02:00,2026-04-11T01:30:00+02:00,2026-04-09,8,2026-04-09T08:00:00+02:00,2026-04-09T09:00:00+02:00,True,1.0,111.07,102.82922184737296,102.82922184737296,102.82922184737296,7377.0,7217.0,-160.0,0.0,100.0,0.0,True
G097,generation,avail_gen_mw,1172.0,2026-04-09T01:00:00+00:00,2026-04-10T23:30:00+00:00,2026-04-09T03:00:00+02:00,2026-04-11T01:30:00+02:00,2026-04-09,9,2026-04-09T09:00:00+02:00,2026-04-09T10:00:00+02:00,True,1.0,86.83,62.7743190862372,62.774319086237185,62.41154112785341,7377.0,7217.0,-160.0,-0.3627779583837736,100.0,-0.23068177108082466,True
G097,generation,avail_gen_mw,1172.0,2026-04-09T01:00:00+00:00,2026-04-10T23:30:00+00:00,2026-04-09T03:00:00+02:00,2026-04-11T01:30:00+02:00,2026-04-09,10,2026-04-09T10:00:00+02:00,2026-04-09T11:00:00+02:00,True,1.0,46.29,47.64030552468924,47.64030552468923,47.64030552468923,7377.0,7217.0,-160.0,0.0,100.0,0.0,True
G097,generation,avail_gen_mw,1172.0,2026-04-09T01:00:00+00:00,2026-04-10T23:30:00+00:00,2026-04-09T03:00:00+02:00,2026-04-11T01:30:00+02:00,2026-04-09,11,2026-04-09T11:00:00+02:00,2026-04-09T12:00:00+02:00,True,1.0,16.3425,36.06770087113717,36.06770087113717,36.06770087113717,7377.0,7217.0,-160.0,0.0,100.0,0.0,True
G097,generation,avail_gen_mw,1172.0,2026-04-09T01:00:00+00:00,2026-04-10T23:30:00+00:00,2026-04-09T03:00:00+02:00,2026-04-11T01:30:00+02:00,2026-04-09,12,2026-04-09T12:00:00+02:00,2026-04-09T13:00:00+02:00,True,1.0,14.375,28.168355104480877,28.168355104480888,28.011709664860643,7377.0,7217.0,-160.0,-0.15664543962024524,100.0,-0.09955191156084808,True
G097,generation,avail_gen_mw,1172.0,2026-04-09T01:00:00+00:00,2026-04-10T23:30:00+00:00,2026-04-09T03:00:00+02:00,2026-04-11T01:30:00+02:00,2026-04-09,13,2026-04-09T13:00:00+02:00,2026-04-09T14:00:00+02:00,True,1.0,10.51,24.124684080791983,24.12468408079198,24.170634575017825,7377.0,7217.0,-160.0,0.04595049422584552,100.0,0.029115141494944652,True
G097,generation,avail_gen_mw,1172.0,2026-04-09T01:00:00+00:00,2026-04-10T23:30:00+00:00,2026-04-09T03:00:00+02:00,2026-04-11T01:30:00+02:00,2026-04-09,14,2026-04-09T14:00:00+02:00,2026-04-09T15:00:00+02:00,True,1.0,11.25,25.193733307933247,25.193733307933247,25.193733307933247,7377.0,7217.0,-160.0,0.0,100.0,0.0,True
G097,generation,avail_gen_mw,1172.0,2026-04-09T01:00:00+00:00,2026-04-10T23:30:00+00:00,2026-04-09T03:00:00+02:00,2026-04-11T01:30:00+02:00,2026-04-09,15,2026-04-09T15:00:00+02:00,2026-04-09T16:00:00+02:00,True,1.0,12.48,30.848801025256147,30.848801025256144,30.848801025256144,7377.0,7217.0,-160.0,0.0,100.0,0.0,True
G097,generation,avail_gen_mw,1172.0,2026-04-09T01:00:00+00:00,2026-04-10T23:30:00+00:00,2026-04-09T03:00:00+02:00,2026-04-11T01:30:00+02:00,2026-04-09,16,2026-04-09T16:00:00+02:00,2026-04-09T17:00:00+02:00,True,1.0,23.025,44.6290030368025,44.6290030368025,44.79556749987529,7377.0,7217.0,-160.0,0.16656446307278827,100.0,0.10582709056663475,True
G097,generation,avail_gen_mw,1172.0,2026-04-09T01:00:00+00:00,2026-04-10T23:30:00+00:00,2026-04-09T03:00:00+02:00,2026-04-11T01:30:00+02:00,2026-04-09,17,2026-04-09T17:00:00+02:00,2026-04-09T18:00:00+02:00,True,1.0,66.60499999999999,57.07910098590688,57.07910098590689,57.2760768217081,7377.0,7217.0,-160.0,0.19697583580121147,100.0,0.12510708222377787,True
G097,generation,avail_gen_mw,1172.0,2026-04-09T01:00:00+00:00,2026-04-10T23:30:00+00:00,2026-04-09T03:00:00+02:00,2026-04-11T01:30:00+02:00,2026-04-09,18,2026-04-09T18:00:00+02:00,2026-04-09T19:00:00+02:00,True,1.0,94.9475,77.99588375653269,77.99588375653269,78.15545836423074,7377.0,7217.0,-160.0,0.15957460769804754,100.0,0.10141318589535331,True
G097,generation,avail_gen_mw,1172.0,2026-04-09T01:00:00+00:00,2026-04-10T23:30:00+00:00,2026-04-09T03:00:00+02:00,2026-04-11T01:30:00+02:00,2026-04-09,19,2026-04-09T19:00:00+02:00,2026-04-09T20:00:00+02:00,True,1.0,104.885,89.0763520344149,89.07635203441484,90.53765552783591,7377.0,7217.0,-160.0,1.4613034934210702,100.0,0.9248912711757384,True
G097,generation,avail_gen_mw,1172.0,2026-04-09T01:00:00+00:00,2026-04-10T23:30:00+00:00,2026-04-09T03:00:00+02:00,2026-04-11T01:30:00+02:00,2026-04-09,20,2026-04-09T20:00:00+02:00,2026-04-09T21:00:00+02:00,True,1.0,92.22,76.38998607372811,76.38998607372811,76.68395126108325,7377.0,7217.0,-160.0,0.2939651873551412,100.0,0.18645090212517346,True
G097,generation,avail_gen_mw,1172.0,2026-04-09T01:00:00+00:00,2026-04-10T23:30:00+00:00,2026-04-09T03:00:00+02:00,2026-04-11T01:30:00+02:00,2026-04-09,21,2026-04-09T21:00:00+02:00,2026-04-09T22:00:00+02:00,True,1.0,71.9025,63.86411255755592,63.86411255755591,63.92700862146613,7377.0,7217.0,-160.0,0.06289606391021607,100.0,0.040076352051386266,True
G097,generation,avail_gen_mw,1172.0,2026-04-09T01:00:00+00:00,2026-04-10T23:30:00+00:00,2026-04-09T03:00:00+02:00,2026-04-11T01:30:00+02:00,2026-04-09,22,2026-04-09T22:00:00+02:00,2026-04-09T23:00:00+02:00,True,1.0,47.035,49.38752461930601,49.387524619306,49.50841623263315,7377.0,7217.0,-160.0,0.12089161332715292,100.0,0.07664064542017712,True
G097,generation,avail_gen_mw,1172.0,2026-04-09T01:00:00+00:00,2026-04-10T23:30:00+00:00,2026-04-09T03:00:00+02:00,2026-04-11T01:30:00+02:00,2026-04-09,23,2026-04-09T23:00:00+02:00,2026-04-10T00:00:00+02:00,True,1.0,27.9675,38.40726403364306,38.40726403364307,38.65193739460007,7377.0,7217.0,-160.0,0.24467336095700176,100.0,0.1552270624926635,True
G097,generation,avail_gen_mw,1172.0,2026-04-09T01:00:00+00:00,2026-04-10T23:30:00+00:00,2026-04-09T03:00:00+02:00,2026-04-11T01:30:00+02:00,2026-04-10,0,2026-04-10T00:00:00+02:00,2026-04-10T01:00:00+02:00,True,1.0,35.5575,25.14169370296298,25.14169370296298,25.14169370296298,7217.0,7217.0,0.0,0.0,100.0,0.0,False
G097,generation,avail_gen_mw,1172.0,2026-04-09T01:00:00+00:00,2026-04-10T23:30:00+00:00,2026-04-09T03:00:00+02:00,2026-04-11T01:30:00+02:00,2026-04-10,1,2026-04-10T01:00:00+02:00,2026-04-10T02:00:00+02:00,True,1.0,32.185,23.93483228262784,23.934832282627845,23.934832282627845,7217.0,7217.0,0.0,0.0,100.0,-0.11789634457000986,False
G097,generation,avail_gen_mw,1172.0,2026-04-09T01:00:00+00:00,2026-04-10T23:30:00+00:00,2026-04-09T03:00:00+02:00,2026-04-11T01:30:00+02:00,2026-04-10,2,2026-04-10T02:00:00+02:00,2026-04-10T03:00:00+02:00,True,1.0,29.755,22.257827259030467,22.257827259030467,22.257827259030467,7217.0,7217.0,0.0,0.0,100.0,0.0,False
G097,generation,avail_gen_mw,1172.0,2026-04-09T01:00:00+00:00,2026-04-10T23:30:00+00:00,2026-04-09T03:00:00+02:00,2026-04-11T01:30:00+02:00,2026-04-10,3,2026-04-10T03:00:00+02:00,2026-04-10T04:00:00+02:00,True,1.0,28.605,21.1102411796142,21.1102411796142,21.1102411796142,7217.0,7217.0,0.0,0.0,100.0,0.0,False
G097,generation,avail_gen_mw,1172.0,2026-04-09T01:00:00+00:00,2026-04-10T23:30:00+00:00,2026-04-09T03:00:00+02:00,2026-04-11T01:30:00+02:00,2026-04-10,4,2026-04-10T04:00:00+02:00,2026-04-10T05:00:00+02:00,True,1.0,38.6375,23.173652950888,23.173652950888002,23.173652950888002,7217.0,7217.0,0.0,0.0,100.0,0.0,False
G097,generation,avail_gen_mw,1172.0,2026-04-09T01:00:00+00:00,2026-04-10T23:30:00+00:00,2026-04-09T03:00:00+02:00,2026-04-11T01:30:00+02:00,2026-04-10,5,2026-04-10T05:00:00+02:00,2026-04-10T06:00:00+02:00,True,1.0,53.86,35.17379026243536,35.17379026243537,35.17379026243537,7217.0,7217.0,0.0,0.0,100.0,0.037923278567241425,False
G097,generation,avail_gen_mw,1172.0,2026-04-09T01:00:00+00:00,2026-04-10T23:30:00+00:00,2026-04-09T03:00:00+02:00,2026-04-11T01:30:00+02:00,2026-04-10,6,2026-04-10T06:00:00+02:00,2026-04-10T07:00:00+02:00,True,1.0,89.99249999999999,53.366594931967185,53.36659493196718,53.36659493196718,7217.0,7217.0,0.0,0.0,100.0,-0.16429592654647962,False
G097,generation,avail_gen_mw,1172.0,2026-04-09T01:00:00+00:00,2026-04-10T23:30:00+00:00,2026-04-09T03:00:00+02:00,2026-04-11T01:30:00+02:00,2026-04-10,7,2026-04-10T07:00:00+02:00,2026-04-10T08:00:00+02:00,True,1.0,108.595,68.31843507770503,68.31843507770503,68.31843507770503,7217.0,7217.0,0.0,0.0,100.0,-0.159866417036028,False
G097,generation,avail_gen_mw,1172.0,2026-04-09T01:00:00+00:00,2026-04-10T23:30:00+00:00,2026-04-09T03:00:00+02:00,2026-04-11T01:30:00+02:00,2026-04-10,8,2026-04-10T08:00:00+02:00,2026-04-10T09:00:00+02:00,True,1.0,105.34,68.89370932756346,68.89370932756346,68.89370932756346,7217.0,7217.0,0.0,0.0,100.0,0.0,False
G097,generation,avail_gen_mw,1172.0,2026-04-09T01:00:00+00:00,2026-04-10T23:30:00+00:00,2026-04-09T03:00:00+02:00,2026-04-11T01:30:00+02:00,2026-04-10,9,2026-04-10T09:00:00+02:00,2026-04-10T10:00:00+02:00,True,1.0,66.49,38.956677174146634,38.95667717414663,38.95667717414663,7217.0,7217.0,0.0,0.0,100.0,-0.1520948198392773,False
G097,generation,avail_gen_mw,1172.0,2026-04-09T01:00:00+00:00,2026-04-10T23:30:00+00:00,2026-04-09T03:00:00+02:00,2026-04-11T01:30:00+02:00,2026-04-10,10,2026-04-10T10:00:00+02:00,2026-04-10T11:00:00+02:00,True,1.0,51.875,23.96269793836787,23.962697938367878,23.962697938367878,7217.0,7217.0,0.0,0.0,100.0,0.0,False
G097,generation,avail_gen_mw,1172.0,2026-04-09T01:00:00+00:00,2026-04-10T23:30:00+00:00,2026-04-09T03:00:00+02:00,2026-04-11T01:30:00+02:00,2026-04-10,11,2026-04-10T11:00:00+02:00,2026-04-10T12:00:00+02:00,True,1.0,46.1,3.8627980286985135,3.8627980286985135,3.8627980286985135,7217.0,7217.0,0.0,0.0,100.0,-0.10583580526769154,False
G097,generation,avail_gen_mw,1172.0,2026-04-09T01:00:00+00:00,2026-04-10T23:30:00+00:00,2026-04-09T03:00:00+02:00,2026-04-11T01:30:00+02:00,2026-04-10,12,2026-04-10T12:00:00+02:00,2026-04-10T13:00:00+02:00,True,1.0,43.2825,-4.694626666936102,-4.694626666936102,-4.694626666936102,7217.0,7217.0,0.0,0.0,100.0,-0.15892408080936704,False
G097,generation,avail_gen_mw,1172.0,2026-04-09T01:00:00+00:00,2026-04-10T23:30:00+00:00,2026-04-09T03:00:00+02:00,2026-04-11T01:30:00+02:00,2026-04-10,13,2026-04-10T13:00:00+02:00,2026-04-10T14:00:00+02:00,True,1.0,38.057500000000005,-8.488253652713432,-8.48825365271341,-8.48825365271341,7217.0,7217.0,0.0,0.0,100.0,0.03233484604607284,False
G097,generation,avail_gen_mw,1172.0,2026-04-09T01:00:00+00:00,2026-04-10T23:30:00+00:00,2026-04-09T03:00:00+02:00,2026-04-11T01:30:00+02:00,2026-04-10,14,2026-04-10T14:00:00+02:00,2026-04-10T15:00:00+02:00,True,1.0,41.9275,3.927743429778971,3.927743429778971,3.927743429778971,7217.0,7217.0,0.0,0.0,100.0,0.0,False
G097,generation,avail_gen_mw,1172.0,2026-04-09T01:00:00+00:00,2026-04-10T23:30:00+00:00,2026-04-09T03:00:00+02:00,2026-04-11T01:30:00+02:00,2026-04-10,15,2026-04-10T15:00:00+02:00,2026-04-10T16:00:00+02:00,True,1.0,43.51,10.5184843988876,10.518484398887608,10.518484398887608,7217.0,7217.0,0.0,0.0,100.0,0.0,False
G097,generation,avail_gen_mw,1172.0,2026-04-09T01:00:00+00:00,2026-04-10T23:30:00+00:00,2026-04-09T03:00:00+02:00,2026-04-11T01:30:00+02:00,2026-04-10,16,2026-04-10T16:00:00+02:00,2026-04-10T17:00:00+02:00,True,1.0,56.785,22.786783683242525,22.786783683242525,22.786783683242525,7217.0,7217.0,0.0,0.0,100.0,0.0,False
G097,generation,avail_gen_mw,1172.0,2026-04-09T01:00:00+00:00,2026-04-10T23:30:00+00:00,2026-04-09T03:00:00+02:00,2026-04-11T01:30:00+02:00,2026-04-10,17,2026-04-10T17:00:00+02:00,2026-04-10T18:00:00+02:00,True,1.0,82.71,34.59987385242961,34.59987385242961,34.59987385242961,7217.0,7217.0,0.0,0.0,100.0,0.10363586270556624,False
G097,generation,avail_gen_mw,1172.0,2026-04-09T01:00:00+00:00,2026-04-10T23:30:00+00:00,2026-04-09T03:00:00+02:00,2026-04-11T01:30:00+02:00,2026-04-10,18,2026-04-10T18:00:00+02:00,2026-04-10T19:00:00+02:00,True,1.0,101.4775,51.868744694223366,51.868744694223366,51.868744694223366,7217.0,7217.0,0.0,0.0,100.0,0.06411624121290771,False
G097,generation,avail_gen_mw,1172.0,2026-04-09T01:00:00+00:00,2026-04-10T23:30:00+00:00,2026-04-09T03:00:00+02:00,2026-04-11T01:30:00+02:00,2026-04-10,19,2026-04-10T19:00:00+02:00,2026-04-10T20:00:00+02:00,True,1.0,135.49,67.77514995983758,67.77514995983758,67.77514995983758,7217.0,7217.0,0.0,0.0,100.0,0.47838352833056774,False
G097,generation,avail_gen_mw,1172.0,2026-04-09T01:00:00+00:00,2026-04-10T23:30:00+00:00,2026-04-09T03:00:00+02:00,2026-04-11T01:30:00+02:00,2026-04-10,20,2026-04-10T20:00:00+02:00,2026-04-10T21:00:00+02:00,True,1.0,135.585,68.54492339690114,68.54492339690114,68.54492339690114,7217.0,7217.0,0.0,0.0,100.0,0.1529090096983765,False
G097,generation,avail_gen_mw,1172.0,2026-04-09T01:00:00+00:00,2026-04-10T23:30:00+00:00,2026-04-09T03:00:00+02:00,2026-04-11T01:30:00+02:00,2026-04-10,21,2026-04-10T21:00:00+02:00,2026-04-10T22:00:00+02:00,True,1.0,106.8875,57.48226403777622,57.48226403777623,57.48226403777623,7217.0,7217.0,0.0,0.0,100.0,0.0325193783194635,False
G097,generation,avail_gen_mw,1172.0,2026-04-09T01:00:00+00:00,2026-04-10T23:30:00+00:00,2026-04-09T03:00:00+02:00,2026-04-11T01:30:00+02:00,2026-04-10,22,2026-04-10T22:00:00+02:00,2026-04-10T23:00:00+02:00,True,1.0,88.7075,45.13146603609699,45.13146603609699,45.13146603609699,7217.0,7217.0,0.0,0.0,100.0,0.06874085938824948,False
G097,generation,avail_gen_mw,1172.0,2026-04-09T01:00:00+00:00,2026-04-10T23:30:00+00:00,2026-04-09T03:00:00+02:00,2026-04-11T01:30:00+02:00,2026-04-10,23,2026-04-10T23:00:00+02:00,2026-04-11T00:00:00+02:00,True,1.0,78.7075,40.51370319133927,40.51370319133927,40.51370319133927,7217.0,7217.0,0.0,0.0,100.0,0.1466618064746683,False
G097,generation,avail_gen_mw,1172.0,2026-04-09T01:00:00+00:00,2026-04-10T23:30:00+00:00,2026-04-09T03:00:00+02:00,2026-04-11T01:30:00+02:00,2026-04-11,0,2026-04-11T00:00:00+02:00,2026-04-11T01:00:00+02:00,True,1.0,75.88,68.79005787535723,68.79005787535723,68.79005787535723,7217.0,7217.0,0.0,0.0,100.0,0.0,False
G097,generation,avail_gen_mw,1172.0,2026-04-09T01:00:00+00:00,2026-04-10T23:30:00+00:00,2026-04-09T03:00:00+02:00,2026-04-11T01:30:00+02:00,2026-04-11,1,2026-04-11T01:00:00+02:00,2026-04-11T02:00:00+02:00,True,0.5,85.39750000000001,61.31778526788414,61.31778526788415,64.7075383366429,7217.0,7217.0,0.0,3.3897530687587505,100.0,-0.25352799987458496,False
G097,generation,avail_gen_mw,1172.0,2026-04-09T01:00:00+00:00,2026-04-10T23:30:00+00:00,2026-04-09T03:00:00+02:00,2026-04-11T01:30:00+02:00,2026-04-11,2,2026-04-11T02:00:00+02:00,2026-04-11T03:00:00+02:00,False,0.0,88.76,61.32411148358871,61.324111483588716,65.07122769905817,7217.0,8389.0,1172.0,3.747116215469454,100.0,-0.28339927546664967,True
G097,generation,avail_gen_mw,1172.0,2026-04-09T01:00:00+00:00,2026-04-10T23:30:00+00:00,2026-04-09T03:00:00+02:00,2026-04-11T01:30:00+02:00,2026-04-11,3,2026-04-11T03:00:00+02:00,2026-04-11T04:00:00+02:00,False,0.0,94.64,63.45416241196391,63.4541624119639,63.4541624119639,7217.0,8389.0,1172.0,0.0,100.0,0.0,True
G097,generation,avail_gen_mw,1172.0,2026-04-09T01:00:00+00:00,2026-04-10T23:30:00+00:00,2026-04-09T03:00:00+02:00,2026-04-11T01:30:00+02:00,2026-04-11,4,2026-04-11T04:00:00+02:00,2026-04-11T05:00:00+02:00,False,0.0,96.535,64.41845741624036,64.41845741624036,64.41845741624036,7217.0,8389.0,1172.0,0.0,100.0,0.0,True
G097,generation,avail_gen_mw,1172.0,2026-04-09T01:00:00+00:00,2026-04-10T23:30:00+00:00,2026-04-09T03:00:00+02:00,2026-04-11T01:30:00+02:00,2026-04-11,5,2026-04-11T05:00:00+02:00,2026-04-11T06:00:00+02:00,False,0.0,94.76,81.0368617709216,81.0368617709216,79.91502007661475,7217.0,8389.0,1172.0,-1.1218416943068519,100.0,0.08922561831036546,True
G097,generation,avail_gen_mw,1172.0,2026-04-09T01:00:00+00:00,2026-04-10T23:30:00+00:00,2026-04-09T03:00:00+02:00,2026-04-11T01:30:00+02:00,2026-04-11,6,2026-04-11T06:00:00+02:00,2026-04-11T07:00:00+02:00,False,0.0,93.375,83.10507129700342,83.10507129700345,87.2309288735089,7217.0,8389.0,1172.0,4.125857576505453,100.0,-0.31033807537592395,True
G097,generation,avail_gen_mw,1172.0,2026-04-09T01:00:00+00:00,2026-04-10T23:30:00+00:00,2026-04-09T03:00:00+02:00,2026-04-11T01:30:00+02:00,2026-04-11,7,2026-04-11T07:00:00+02:00,2026-04-11T08:00:00+02:00,False,0.0,80.4675,83.22468626866953,83.22468626866953,83.22468626866953,7217.0,8389.0,1172.0,0.0,100.0,0.0,True
G097,generation,avail_gen_mw,1172.0,2026-04-09T01:00:00+00:00,2026-04-10T23:30:00+00:00,2026-04-09T03:00:00+02:00,2026-04-11T01:30:00+02:00,2026-04-11,8,2026-04-11T08:00:00+02:00,2026-04-11T09:00:00+02:00,False,0.0,61.0525,74.17080096092114,74.17080096092116,74.17080096092116,7217.0,8389.0,1172.0,0.0,100.0,0.0,True
G097,generation,avail_gen_mw,1172.0,2026-04-09T01:00:00+00:00,2026-04-10T23:30:00+00:00,2026-04-09T03:00:00+02:00,2026-04-11T01:30:00+02:00,2026-04-11,9,2026-04-11T09:00:00+02:00,2026-04-11T10:00:00+02:00,False,0.0,30.695,59.26976967867654,59.26976967867654,59.871388531834526,7217.0,8389.0,1172.0,0.6016188531579871,100.0,-0.04700881755022124,True
G097,generation,avail_gen_mw,1172.0,2026-04-09T01:00:00+00:00,2026-04-10T23:30:00+00:00,2026-04-09T03:00:00+02:00,2026-04-11T01:30:00+02:00,2026-04-11,10,2026-04-11T10:00:00+02:00,2026-04-11T11:00:00+02:00,False,0.0,20.54,48.78477226618638,48.78477226618639,50.47163310851872,7217.0,8389.0,1172.0,1.6868608423323366,100.0,-0.13054633855984576,True
G097,generation,avail_gen_mw,1172.0,2026-04-09T01:00:00+00:00,2026-04-10T23:30:00+00:00,2026-04-09T03:00:00+02:00,2026-04-11T01:30:00+02:00,2026-04-11,11,2026-04-11T11:00:00+02:00,2026-04-11T12:00:00+02:00,False,0.0,13.22,30.534395604997545,30.53439560499755,30.53439560499755,7217.0,8389.0,1172.0,0.0,100.0,0.0,True
G097,generation,avail_gen_mw,1172.0,2026-04-09T01:00:00+00:00,2026-04-10T23:30:00+00:00,2026-04-09T03:00:00+02:00,2026-04-11T01:30:00+02:00,2026-04-11,12,2026-04-11T12:00:00+02:00,2026-04-11T13:00:00+02:00,False,0.0,15.3675,25.84040227360438,25.840402273604383,25.840402273604383,7217.0,8389.0,1172.0,0.0,100.0,0.0,True
G097,generation,avail_gen_mw,1172.0,2026-04-09T01:00:00+00:00,2026-04-10T23:30:00+00:00,2026-04-09T03:00:00+02:00,2026-04-11T01:30:00+02:00,2026-04-11,13,2026-04-11T13:00:00+02:00,2026-04-11T14:00:00+02:00,False,0.0,10.4225,21.768918089612235,21.768918089612246,21.768918089612246,7217.0,8389.0,1172.0,0.0,100.0,0.0,True
G097,generation,avail_gen_mw,1172.0,2026-04-09T01:00:00+00:00,2026-04-10T23:30:00+00:00,2026-04-09T03:00:00+02:00,2026-04-11T01:30:00+02:00,2026-04-11,14,2026-04-11T14:00:00+02:00,2026-04-11T15:00:00+02:00,False,0.0,13.135,22.57751126255508,22.57751126255507,22.57751126255507,7217.0,8389.0,1172.0,0.0,100.0,0.0,True
G097,generation,avail_gen_mw,1172.0,2026-04-09T01:00:00+00:00,2026-04-10T23:30:00+00:00,2026-04-09T03:00:00+02:00,2026-04-11T01:30:00+02:00,2026-04-11,15,2026-04-11T15:00:00+02:00,2026-04-11T16:00:00+02:00,False,0.0,16.25,29.269653847913908,29.269653847913904,29.269653847913904,7217.0,8389.0,1172.0,0.0,100.0,0.0,True
G097,generation,avail_gen_mw,1172.0,2026-04-09T01:00:00+00:00,2026-04-10T23:30:00+00:00,2026-04-09T03:00:00+02:00,2026-04-11T01:30:00+02:00,2026-04-11,16,2026-04-11T16:00:00+02:00,2026-04-11T17:00:00+02:00,False,0.0,20.0325,33.648302773737896,33.648302773737896,33.648302773737896,7217.0,8389.0,1172.0,0.0,100.0,0.0,True
G097,generation,avail_gen_mw,1172.0,2026-04-09T01:00:00+00:00,2026-04-10T23:30:00+00:00,2026-04-09T03:00:00+02:00,2026-04-11T01:30:00+02:00,2026-04-11,17,2026-04-11T17:00:00+02:00,2026-04-11T18:00:00+02:00,False,0.0,22.27,62.2348894486826,62.234889448682594,61.53415927463992,7217.0,8389.0,1172.0,-0.7007301740426755,100.0,0.056191624909828874,True
G097,generation,avail_gen_mw,1172.0,2026-04-09T01:00:00+00:00,2026-04-10T23:30:00+00:00,2026-04-09T03:00:00+02:00,2026-04-11T01:30:00+02:00,2026-04-11,18,2026-04-11T18:00:00+02:00,2026-04-11T19:00:00+02:00,False,0.0,36.365,86.34558325463858,86.34558325463854,83.41056286890174,7217.0,8389.0,1172.0,-2.935020385736806,100.0,-0.01345415135182293,True
G097,generation,avail_gen_mw,1172.0,2026-04-09T01:00:00+00:00,2026-04-10T23:30:00+00:00,2026-04-09T03:00:00+02:00,2026-04-11T01:30:00+02:00,2026-04-11,19,2026-04-11T19:00:00+02:00,2026-04-11T20:00:00+02:00,False,0.0,45.88,100.2116848267032,100.21168482670319,89.18958251827527,7217.0,8389.0,1172.0,-11.022102308427918,100.0,0.953028460437821,True
G097,generation,avail_gen_mw,1172.0,2026-04-09T01:00:00+00:00,2026-04-10T23:30:00+00:00,2026-04-09T03:00:00+02:00,2026-04-11T01:30:00+02:00,2026-04-11,20,2026-04-11T20:00:00+02:00,2026-04-11T21:00:00+02:00,False,0.0,40.0,74.82912362705673,74.82912362705675,73.01093636923802,7217.0,8389.0,1172.0,-1.818187257818721,100.0,0.14598665754421347,True
G097,generation,avail_gen_mw,1172.0,2026-04-09T01:00:00+00:00,2026-04-10T23:30:00+00:00,2026-04-09T03:00:00+02:00,2026-04-11T01:30:00+02:00,2026-04-11,21,2026-04-11T21:00:00+02:00,2026-04-11T22:00:00+02:00,False,0.0,35.26,61.75268504905304,61.75268504905304,61.17147200999145,7217.0,8389.0,1172.0,-0.5812130390615948,100.0,0.04358419664941238,True
G097,generation,avail_gen_mw,1172.0,2026-04-09T01:00:00+00:00,2026-04-10T23:30:00+00:00,2026-04-09T03:00:00+02:00,2026-04-11T01:30:00+02:00,2026-04-11,22,2026-04-11T22:00:00+02:00,2026-04-11T23:00:00+02:00,False,0.0,33.5475,52.884209962344,52.884209962344016,52.205080780975834,7217.0,8389.0,1172.0,-0.6791291813681823,100.0,0.05562184480754695,True
G097,generation,avail_gen_mw,1172.0,2026-04-09T01:00:00+00:00,2026-04-10T23:30:00+00:00,2026-04-09T03:00:00+02:00,2026-04-11T01:30:00+02:00,2026-04-11,23,2026-04-11T23:00:00+02:00,2026-04-12T00:00:00+02:00,False,0.0,30.950000000000003,44.46815610500858,44.46815610500859,42.47267739929942,7217.0,8389.0,1172.0,-1.9954787057091679,100.0,0.16119112658562074,True
T060,transmission,unavail_tx_import_mw,1200.0,2023-11-29T00:25:00+00:00,2023-12-04T22:59:00+00:00,2023-11-29T01:25:00+01:00,2023-12-04T23:59:00+01:00,2023-11-29,0,2023-11-29T00:00:00+01:00,2023-11-29T01:00:00+01:00,False,0.0,98.43,118.40308336970156,118.4030833697016,116.17278905841074,800.0,800.0,0.0,-2.230294311290862,100.0,0.2739852015880757,False
T060,transmission,unavail_tx_import_mw,1200.0,2023-11-29T00:25:00+00:00,2023-12-04T22:59:00+00:00,2023-11-29T01:25:00+01:00,2023-12-04T23:59:00+01:00,2023-11-29,1,2023-11-29T01:00:00+01:00,2023-11-29T02:00:00+01:00,True,0.5833333333333334,74.95,107.37405872614576,107.37405872614569,102.99820215135426,800.0,800.0,0.0,-4.3758565747914275,100.0,0.23896630919034578,False
T060,transmission,unavail_tx_import_mw,1200.0,2023-11-29T00:25:00+00:00,2023-12-04T22:59:00+00:00,2023-11-29T01:25:00+01:00,2023-12-04T23:59:00+01:00,2023-11-29,2,2023-11-29T02:00:00+01:00,2023-11-29T03:00:00+01:00,True,1.0,36.4,97.74569224373694,97.745692243737,92.92690686014149,800.0,2200.0,1400.0,-4.818785383595511,100.0,-0.05438351587888235,True
T060,transmission,unavail_tx_import_mw,1200.0,2023-11-29T00:25:00+00:00,2023-12-04T22:59:00+00:00,2023-11-29T01:25:00+01:00,2023-12-04T23:59:00+01:00,2023-11-29,3,2023-11-29T03:00:00+01:00,2023-11-29T04:00:00+01:00,True,1.0,34.42,98.05925268332857,98.05925268332857,92.05733699283533,800.0,2200.0,1400.0,-6.0019156904932345,100.0,-0.15384271218712797,True
T060,transmission,unavail_tx_import_mw,1200.0,2023-11-29T00:25:00+00:00,2023-12-04T22:59:00+00:00,2023-11-29T01:25:00+01:00,2023-12-04T23:59:00+01:00,2023-11-29,4,2023-11-29T04:00:00+01:00,2023-11-29T05:00:00+01:00,True,1.0,55.65,104.15662521102924,104.15662521102917,98.47713123518396,800.0,2200.0,1400.0,-5.6794939758452045,100.0,-0.27974298847907164,True
T060,transmission,unavail_tx_import_mw,1200.0,2023-11-29T00:25:00+00:00,2023-12-04T22:59:00+00:00,2023-11-29T01:25:00+01:00,2023-12-04T23:59:00+01:00,2023-11-29,5,2023-11-29T05:00:00+01:00,2023-11-29T06:00:00+01:00,True,1.0,93.92,110.59676287434188,110.59676287434188,115.87601328121818,800.0,2200.0,1400.0,5.279250406876301,100.0,0.25209595460432865,True
T060,transmission,unavail_tx_import_mw,1200.0,2023-11-29T00:25:00+00:00,2023-12-04T22:59:00+00:00,2023-11-29T01:25:00+01:00,2023-12-04T23:59:00+01:00,2023-11-29,6,2023-11-29T06:00:00+01:00,2023-11-29T07:00:00+01:00,True,1.0,102.84,113.3105262254488,113.3105262254488,116.4928213824025,800.0,2200.0,1400.0,3.1822951569536997,100.0,0.18219683440027268,True
T060,transmission,unavail_tx_import_mw,1200.0,2023-11-29T00:25:00+00:00,2023-12-04T22:59:00+00:00,2023-11-29T01:25:00+01:00,2023-12-04T23:59:00+01:00,2023-11-29,7,2023-11-29T07:00:00+01:00,2023-11-29T08:00:00+01:00,True,1.0,132.59,134.8925315147481,134.8925315147481,137.0065406296992,800.0,2200.0,1400.0,2.114009114951102,100.0,0.1239035255469787,True
T060,transmission,unavail_tx_import_mw,1200.0,2023-11-29T00:25:00+00:00,2023-12-04T22:59:00+00:00,2023-11-29T01:25:00+01:00,2023-12-04T23:59:00+01:00,2023-11-29,8,2023-11-29T08:00:00+01:00,2023-11-29T09:00:00+01:00,True,1.0,149.33,148.40504683089176,148.40504683089176,151.02386194557948,800.0,2200.0,1400.0,2.6188151146877203,100.0,0.2063756614485328,True
T060,transmission,unavail_tx_import_mw,1200.0,2023-11-29T00:25:00+00:00,2023-12-04T22:59:00+00:00,2023-11-29T01:25:00+01:00,2023-12-04T23:59:00+01:00,2023-11-29,9,2023-11-29T09:00:00+01:00,2023-11-29T10:00:00+01:00,True,1.0,142.55,156.05674182753935,156.05674182753935,163.68224420527113,800.0,2200.0,1400.0,7.625502377731777,100.0,0.4930039382846019,True
T060,transmission,unavail_tx_import_mw,1200.0,2023-11-29T00:25:00+00:00,2023-12-04T22:59:00+00:00,2023-11-29T01:25:00+01:00,2023-12-04T23:59:00+01:00,2023-11-29,10,2023-11-29T10:00:00+01:00,2023-11-29T11:00:00+01:00,True,1.0,137.01,145.49358115284696,145.49358115284693,152.19684835237695,800.0,2200.0,1400.0,6.703267199530018,100.0,0.37561212752942197,True
T060,transmission,unavail_tx_import_mw,1200.0,2023-11-29T00:25:00+00:00,2023-12-04T22:59:00+00:00,2023-11-29T01:25:00+01:00,2023-12-04T23:59:00+01:00,2023-11-29,11,2023-11-29T11:00:00+01:00,2023-11-29T12:00:00+01:00,True,1.0,130.37,143.32988460879025,143.32988460879022,148.79726235150954,800.0,2200.0,1400.0,5.4673777427193215,100.0,0.31194636447142443,True
T060,transmission,unavail_tx_import_mw,1200.0,2023-11-29T00:25:00+00:00,2023-12-04T22:59:00+00:00,2023-11-29T01:25:00+01:00,2023-12-04T23:59:00+01:00,2023-11-29,12,2023-11-29T12:00:00+01:00,2023-11-29T13:00:00+01:00,True,1.0,131.24,142.9255569175108,142.92555691751082,146.98705202568527,800.0,2200.0,1400.0,4.061495108174455,100.0,0.2292503712052678,True
T060,transmission,unavail_tx_import_mw,1200.0,2023-11-29T00:25:00+00:00,2023-12-04T22:59:00+00:00,2023-11-29T01:25:00+01:00,2023-12-04T23:59:00+01:00,2023-11-29,13,2023-11-29T13:00:00+01:00,2023-11-29T14:00:00+01:00,True,1.0,136.13,142.1841697286531,142.1841697286531,146.17740079510298,800.0,2200.0,1400.0,3.99323106644988,100.0,0.21551992100336292,True
T060,transmission,unavail_tx_import_mw,1200.0,2023-11-29T00:25:00+00:00,2023-12-04T22:59:00+00:00,2023-11-29T01:25:00+01:00,2023-12-04T23:59:00+01:00,2023-11-29,14,2023-11-29T14:00:00+01:00,2023-11-29T15:00:00+01:00,True,1.0,149.95,141.37907234048572,141.37907234048572,144.15742162442888,800.0,2200.0,1400.0,2.7783492839431574,100.0,0.15851916585467052,True
T060,transmission,unavail_tx_import_mw,1200.0,2023-11-29T00:25:00+00:00,2023-12-04T22:59:00+00:00,2023-11-29T01:25:00+01:00,2023-12-04T23:59:00+01:00,2023-11-29,15,2023-11-29T15:00:00+01:00,2023-11-29T16:00:00+01:00,True,1.0,168.0,141.64825406093428,141.64825406093428,145.29301317555522,800.0,2200.0,1400.0,3.644759114620939,100.0,0.22282589605185876,True
T060,transmission,unavail_tx_import_mw,1200.0,2023-11-29T00:25:00+00:00,2023-12-04T22:59:00+00:00,2023-11-29T01:25:00+01:00,2023-12-04T23:59:00+01:00,2023-11-29,16,2023-11-29T16:00:00+01:00,2023-11-29T17:00:00+01:00,True,1.0,200.0,146.81011218622965,146.81011218622967,151.12049180951072,800.0,2200.0,1400.0,4.310379623281051,100.0,0.28723506055331427,True
T060,transmission,unavail_tx_import_mw,1200.0,2023-11-29T00:25:00+00:00,2023-12-04T22:59:00+00:00,2023-11-29T01:25:00+01:00,2023-12-04T23:59:00+01:00,2023-11-29,17,2023-11-29T17:00:00+01:00,2023-11-29T18:00:00+01:00,True,1.0,250.0,159.4000696181892,159.4000696181892,165.35256331040256,800.0,1800.0,1000.0,5.952493692213352,100.0,0.37298487017423554,True
T060,transmission,unavail_tx_import_mw,1200.0,2023-11-29T00:25:00+00:00,2023-12-04T22:59:00+00:00,2023-11-29T01:25:00+01:00,2023-12-04T23:59:00+01:00,2023-11-29,18,2023-11-29T18:00:00+01:00,2023-11-29T19:00:00+01:00,True,1.0,250.0,149.78462034064023,149.7846203406402,153.60557356148288,800.0,1800.0,1000.0,3.820953220842682,100.0,0.28715924139257254,True
T060,transmission,unavail_tx_import_mw,1200.0,2023-11-29T00:25:00+00:00,2023-12-04T22:59:00+00:00,2023-11-29T01:25:00+01:00,2023-12-04T23:59:00+01:00,2023-11-29,19,2023-11-29T19:00:00+01:00,2023-11-29T20:00:00+01:00,True,1.0,200.0,138.18447995111757,138.18447995111757,140.3075102076156,800.0,1800.0,1000.0,2.1230302564980263,100.0,0.16356493660842375,True
T060,transmission,unavail_tx_import_mw,1200.0,2023-11-29T00:25:00+00:00,2023-12-04T22:59:00+00:00,2023-11-29T01:25:00+01:00,2023-12-04T23:59:00+01:00,2023-11-29,20,2023-11-29T20:00:00+01:00,2023-11-29T21:00:00+01:00,True,1.0,161.0,113.53281241227334,113.53281241227334,115.31269687579781,800.0,1800.0,1000.0,1.7798844635244677,100.0,0.14046031158004268,True
T060,transmission,unavail_tx_import_mw,1200.0,2023-11-29T00:25:00+00:00,2023-12-04T22:59:00+00:00,2023-11-29T01:25:00+01:00,2023-12-04T23:59:00+01:00,2023-11-29,21,2023-11-29T21:00:00+01:00,2023-11-29T22:00:00+01:00,True,1.0,139.01,102.02043940164424,102.02043940164424,103.44111747434789,800.0,1800.0,1000.0,1.4206780727036517,100.0,0.11206863394279765,True
T060,transmission,unavail_tx_import_mw,1200.0,2023-11-29T00:25:00+00:00,2023-12-04T22:59:00+00:00,2023-11-29T01:25:00+01:00,2023-12-04T23:59:00+01:00,2023-11-29,22,2023-11-29T22:00:00+01:00,2023-11-29T23:00:00+01:00,True,1.0,125.05,97.48764606519325,97.48764606519323,101.95802465727343,800.0,1800.0,1000.0,4.470378592080195,100.0,0.2514166710214596,True
T060,transmission,unavail_tx_import_mw,1200.0,2023-11-29T00:25:00+00:00,2023-12-04T22:59:00+00:00,2023-11-29T01:25:00+01:00,2023-12-04T23:59:00+01:00,2023-11-29,23,2023-11-29T23:00:00+01:00,2023-11-30T00:00:00+01:00,True,1.0,110.72,76.29390878922138,76.29390878922138,79.1593233316175,800.0,1800.0,1000.0,2.865414542396124,100.0,0.22263283250968868,True
T060,transmission,unavail_tx_import_mw,1200.0,2023-11-29T00:25:00+00:00,2023-12-04T22:59:00+00:00,2023-11-29T01:25:00+01:00,2023-12-04T23:59:00+01:00,2023-11-30,0,2023-11-30T00:00:00+01:00,2023-11-30T01:00:00+01:00,True,1.0,101.96,109.88731772710884,109.88731772710885,107.39381194011328,2200.0,1800.0,-400.0,-2.49350578699557,100.0,0.6128773364389701,True
T060,transmission,unavail_tx_import_mw,1200.0,2023-11-29T00:25:00+00:00,2023-12-04T22:59:00+00:00,2023-11-29T01:25:00+01:00,2023-12-04T23:59:00+01:00,2023-11-30,1,2023-11-30T01:00:00+01:00,2023-11-30T02:00:00+01:00,True,1.0,101.28,95.26151068478887,95.2615106847889,93.28476991460221,2200.0,1800.0,-400.0,-1.9767407701866944,100.0,0.4821447271959016,True
T060,transmission,unavail_tx_import_mw,1200.0,2023-11-29T00:25:00+00:00,2023-12-04T22:59:00+00:00,2023-11-29T01:25:00+01:00,2023-12-04T23:59:00+01:00,2023-11-30,2,2023-11-30T02:00:00+01:00,2023-11-30T03:00:00+01:00,True,1.0,99.03,82.46524010816542,82.46524010816537,82.11170798760978,2200.0,1800.0,-400.0,-0.3535321205555988,100.0,-0.013710533869016217,True
T060,transmission,unavail_tx_import_mw,1200.0,2023-11-29T00:25:00+00:00,2023-12-04T22:59:00+00:00,2023-11-29T01:25:00+01:00,2023-12-04T23:59:00+01:00,2023-11-30,3,2023-11-30T03:00:00+01:00,2023-11-30T04:00:00+01:00,True,1.0,97.1,87.34843784689599,87.34843784689599,87.17005815378988,2200.0,1800.0,-400.0,-0.17837969310610902,100.0,-0.18493106252471136,True
T060,transmission,unavail_tx_import_mw,1200.0,2023-11-29T00:25:00+00:00,2023-12-04T22:59:00+00:00,2023-11-29T01:25:00+01:00,2023-12-04T23:59:00+01:00,2023-11-30,4,2023-11-30T04:00:00+01:00,2023-11-30T05:00:00+01:00,True,1.0,98.68,87.61867952925013,87.61867952925013,88.27583910916071,2200.0,1800.0,-400.0,0.6571595799105836,100.0,-0.4034890670783682,True
T060,transmission,unavail_tx_import_mw,1200.0,2023-11-29T00:25:00+00:00,2023-12-04T22:59:00+00:00,2023-11-29T01:25:00+01:00,2023-12-04T23:59:00+01:00,2023-11-30,5,2023-11-30T05:00:00+01:00,2023-11-30T06:00:00+01:00,True,1.0,103.22,90.955893200475,90.95589320047496,88.44742264696214,2200.0,1800.0,-400.0,-2.508470553512822,100.0,0.4023616815676263,True
T060,transmission,unavail_tx_import_mw,1200.0,2023-11-29T00:25:00+00:00,2023-12-04T22:59:00+00:00,2023-11-29T01:25:00+01:00,2023-12-04T23:59:00+01:00,2023-11-30,6,2023-11-30T06:00:00+01:00,2023-11-30T07:00:00+01:00,True,1.0,129.41,121.27844472858702,121.27844472858699,119.99313267260804,2200.0,1800.0,-400.0,-1.2853120559789488,100.0,0.4705535125717688,True
T060,transmission,unavail_tx_import_mw,1200.0,2023-11-29T00:25:00+00:00,2023-12-04T22:59:00+00:00,2023-11-29T01:25:00+01:00,2023-12-04T23:59:00+01:00,2023-11-30,7,2023-11-30T07:00:00+01:00,2023-11-30T08:00:00+01:00,True,1.0,168.09,161.58133086866172,161.58133086866172,160.61802553896007,2200.0,1800.0,-400.0,-0.9633053297016545,100.0,0.37347187766243906,True
T060,transmission,unavail_tx_import_mw,1200.0,2023-11-29T00:25:00+00:00,2023-12-04T22:59:00+00:00,2023-11-29T01:25:00+01:00,2023-12-04T23:59:00+01:00,2023-11-30,8,2023-11-30T08:00:00+01:00,2023-11-30T09:00:00+01:00,True,1.0,219.27,183.48812135486747,183.48812135486745,181.18148940476567,2200.0,1800.0,-400.0,-2.3066319501017745,100.0,1.048821445162531,True
T060,transmission,unavail_tx_import_mw,1200.0,2023-11-29T00:25:00+00:00,2023-12-04T22:59:00+00:00,2023-11-29T01:25:00+01:00,2023-12-04T23:59:00+01:00,2023-11-30,9,2023-11-30T09:00:00+01:00,2023-11-30T10:00:00+01:00,True,1.0,237.13,198.78164195343265,198.78164195343265,194.94170789814342,2200.0,2000.0,-200.0,-3.839934055289234,100.0,1.655620823047684,True
T060,transmission,unavail_tx_import_mw,1200.0,2023-11-29T00:25:00+00:00,2023-12-04T22:59:00+00:00,2023-11-29T01:25:00+01:00,2023-12-04T23:59:00+01:00,2023-11-30,10,2023-11-30T10:00:00+01:00,2023-11-30T11:00:00+01:00,True,1.0,222.5,182.60899058555884,182.6089905855588,179.92473668147107,2200.0,2000.0,-200.0,-2.6842539040877114,100.0,0.9536190720498894,True
T060,transmission,unavail_tx_import_mw,1200.0,2023-11-29T00:25:00+00:00,2023-12-04T22:59:00+00:00,2023-11-29T01:25:00+01:00,2023-12-04T23:59:00+01:00,2023-11-30,11,2023-11-30T11:00:00+01:00,2023-11-30T12:00:00+01:00,True,1.0,223.34,167.4597446195131,167.45974461951306,165.7066612518609,2200.0,2000.0,-200.0,-1.7530833676521524,100.0,0.6584996343489706,True
T060,transmission,unavail_tx_import_mw,1200.0,2023-11-29T00:25:00+00:00,2023-12-04T22:59:00+00:00,2023-11-29T01:25:00+01:00,2023-12-04T23:59:00+01:00,2023-11-30,12,2023-11-30T12:00:00+01:00,2023-11-30T13:00:00+01:00,True,1.0,195.21,164.25012245649398,164.25012245649395,162.47955309647386,2200.0,2000.0,-200.0,-1.7705693600200902,100.0,0.6286545446759533,True
T060,transmission,unavail_tx_import_mw,1200.0,2023-11-29T00:25:00+00:00,2023-12-04T22:59:00+00:00,2023-11-29T01:25:00+01:00,2023-12-04T23:59:00+01:00,2023-11-30,13,2023-11-30T13:00:00+01:00,2023-11-30T14:00:00+01:00,True,1.0,189.81,155.60417497253414,155.60417497253414,153.82920617332582,2200.0,2000.0,-200.0,-1.7749687992083238,100.0,0.6554004808818661,True
T060,transmission,unavail_tx_import_mw,1200.0,2023-11-29T00:25:00+00:00,2023-12-04T22:59:00+00:00,2023-11-29T01:25:00+01:00,2023-12-04T23:59:00+01:00,2023-11-30,14,2023-11-30T14:00:00+01:00,2023-11-30T15:00:00+01:00,True,1.0,195.0,161.10453522859513,161.10453522859518,159.6777888503521,2200.0,2000.0,-200.0,-1.426746378243081,100.0,0.495642363482375,True
T060,transmission,unavail_tx_import_mw,1200.0,2023-11-29T00:25:00+00:00,2023-12-04T22:59:00+00:00,2023-11-29T01:25:00+01:00,2023-12-04T23:59:00+01:00,2023-11-30,15,2023-11-30T15:00:00+01:00,2023-11-30T16:00:00+01:00,True,1.0,189.35,160.4625053180945,160.46250531809443,158.85014543117586,2200.0,2000.0,-200.0,-1.6123598869185685,100.0,0.6083256218861379,True
T060,transmission,unavail_tx_import_mw,1200.0,2023-11-29T00:25:00+00:00,2023-12-04T22:59:00+00:00,2023-11-29T01:25:00+01:00,2023-12-04T23:59:00+01:00,2023-11-30,16,2023-11-30T16:00:00+01:00,2023-11-30T17:00:00+01:00,True,1.0,226.0,170.5065625726054,170.5065625726054,168.8449134353782,2200.0,2000.0,-200.0,-1.6616491372271867,100.0,0.7466728960941111,True
T060,transmission,unavail_tx_import_mw,1200.0,2023-11-29T00:25:00+00:00,2023-12-04T22:59:00+00:00,2023-11-29T01:25:00+01:00,2023-12-04T23:59:00+01:00,2023-11-30,17,2023-11-30T17:00:00+01:00,2023-11-30T18:00:00+01:00,True,1.0,259.86,173.95206388261855,173.95206388261855,171.75763112224467,2200.0,2000.0,-200.0,-2.1944327603738714,100.0,0.8849912719900033,True
T060,transmission,unavail_tx_import_mw,1200.0,2023-11-29T00:25:00+00:00,2023-12-04T22:59:00+00:00,2023-11-29T01:25:00+01:00,2023-12-04T23:59:00+01:00,2023-11-30,18,2023-11-30T18:00:00+01:00,2023-11-30T19:00:00+01:00,True,1.0,241.43,160.55984516752125,160.55984516752125,159.22751585125894,2200.0,2000.0,-200.0,-1.332329316262303,100.0,0.6730906481279249,True
T060,transmission,unavail_tx_import_mw,1200.0,2023-11-29T00:25:00+00:00,2023-12-04T22:59:00+00:00,2023-11-29T01:25:00+01:00,2023-12-04T23:59:00+01:00,2023-11-30,19,2023-11-30T19:00:00+01:00,2023-11-30T20:00:00+01:00,True,1.0,188.85,138.042202086136,138.042202086136,137.31421509166887,2200.0,2000.0,-200.0,-0.7279869944671304,100.0,0.35716775929080313,True
T060,transmission,unavail_tx_import_mw,1200.0,2023-11-29T00:25:00+00:00,2023-12-04T22:59:00+00:00,2023-11-29T01:25:00+01:00,2023-12-04T23:59:00+01:00,2023-11-30,20,2023-11-30T20:00:00+01:00,2023-11-30T21:00:00+01:00,True,1.0,149.72,111.91462178301776,111.91462178301776,111.4041887228521,2200.0,2000.0,-200.0,-0.510433060165667,100.0,0.2807709521436266,True
T060,transmission,unavail_tx_import_mw,1200.0,2023-11-29T00:25:00+00:00,2023-12-04T22:59:00+00:00,2023-11-29T01:25:00+01:00,2023-12-04T23:59:00+01:00,2023-11-30,21,2023-11-30T21:00:00+01:00,2023-11-30T22:00:00+01:00,True,1.0,128.61,93.46356148345996,93.46356148345996,93.06138729367902,2200.0,2000.0,-200.0,-0.40217418978093633,100.0,0.22122200108375978,True
T060,transmission,unavail_tx_import_mw,1200.0,2023-11-29T00:25:00+00:00,2023-12-04T22:59:00+00:00,2023-11-29T01:25:00+01:00,2023-12-04T23:59:00+01:00,2023-11-30,22,2023-11-30T22:00:00+01:00,2023-11-30T23:00:00+01:00,True,1.0,120.86,88.10669625768466,88.10669625768463,86.75390056515681,2200.0,2000.0,-200.0,-1.3527956925278204,100.0,0.49084312712328426,True
T060,transmission,unavail_tx_import_mw,1200.0,2023-11-29T00:25:00+00:00,2023-12-04T22:59:00+00:00,2023-11-29T01:25:00+01:00,2023-12-04T23:59:00+01:00,2023-11-30,23,2023-11-30T23:00:00+01:00,2023-12-01T00:00:00+01:00,True,1.0,110.27,63.04814390321984,63.04814390321982,62.38487686990092,2200.0,2000.0,-200.0,-0.6632670333188955,100.0,0.3678695164650705,True
T060,transmission,unavail_tx_import_mw,1200.0,2023-11-29T00:25:00+00:00,2023-12-04T22:59:00+00:00,2023-11-29T01:25:00+01:00,2023-12-04T23:59:00+01:00,2023-12-01,0,2023-12-01T00:00:00+01:00,2023-12-01T01:00:00+01:00,True,1.0,72.68,90.14481819877987,90.14481819877986,90.14481819877986,2000.0,2000.0,0.0,0.0,100.0,0.42061291599932815,False
T060,transmission,unavail_tx_import_mw,1200.0,2023-11-29T00:25:00+00:00,2023-12-04T22:59:00+00:00,2023-11-29T01:25:00+01:00,2023-12-04T23:59:00+01:00,2023-12-01,1,2023-12-01T01:00:00+01:00,2023-12-01T02:00:00+01:00,True,1.0,70.06,87.80901151248892,87.80901151248895,87.80901151248895,2000.0,2000.0,0.0,0.0,100.0,0.3844500949314238,False
T060,transmission,unavail_tx_import_mw,1200.0,2023-11-29T00:25:00+00:00,2023-12-04T22:59:00+00:00,2023-11-29T01:25:00+01:00,2023-12-04T23:59:00+01:00,2023-12-01,2,2023-12-01T02:00:00+01:00,2023-12-01T03:00:00+01:00,True,1.0,68.99,83.30408075230719,83.30408075230717,83.30408075230717,2000.0,2000.0,0.0,0.0,100.0,-0.011233235157803279,False
T060,transmission,unavail_tx_import_mw,1200.0,2023-11-29T00:25:00+00:00,2023-12-04T22:59:00+00:00,2023-11-29T01:25:00+01:00,2023-12-04T23:59:00+01:00,2023-12-01,3,2023-12-01T03:00:00+01:00,2023-12-01T04:00:00+01:00,True,1.0,68.94,86.52753725031974,86.52753725031971,86.52753725031971,2000.0,2000.0,0.0,0.0,100.0,-0.1584946760134187,False
T060,transmission,unavail_tx_import_mw,1200.0,2023-11-29T00:25:00+00:00,2023-12-04T22:59:00+00:00,2023-11-29T01:25:00+01:00,2023-12-04T23:59:00+01:00,2023-12-01,4,2023-12-01T04:00:00+01:00,2023-12-01T05:00:00+01:00,True,1.0,73.46,97.08320768973554,97.08320768973557,97.08320768973557,2000.0,2000.0,0.0,0.0,100.0,-0.40914231244444466,False
T060,transmission,unavail_tx_import_mw,1200.0,2023-11-29T00:25:00+00:00,2023-12-04T22:59:00+00:00,2023-11-29T01:25:00+01:00,2023-12-04T23:59:00+01:00,2023-12-01,5,2023-12-01T05:00:00+01:00,2023-12-01T06:00:00+01:00,True,1.0,79.99,95.59651736374292,95.59651736374295,95.59651736374295,2000.0,2000.0,0.0,0.0,100.0,0.42519720214571066,False
T060,transmission,unavail_tx_import_mw,1200.0,2023-11-29T00:25:00+00:00,2023-12-04T22:59:00+00:00,2023-11-29T01:25:00+01:00,2023-12-04T23:59:00+01:00,2023-12-01,6,2023-12-01T06:00:00+01:00,2023-12-01T07:00:00+01:00,True,1.0,116.13,111.4086850882196,111.40868508821963,111.40868508821963,2000.0,2000.0,0.0,0.0,100.0,0.39933057744265454,False
T060,transmission,unavail_tx_import_mw,1200.0,2023-11-29T00:25:00+00:00,2023-12-04T22:59:00+00:00,2023-11-29T01:25:00+01:00,2023-12-04T23:59:00+01:00,2023-12-01,7,2023-12-01T07:00:00+01:00,2023-12-01T08:00:00+01:00,True,1.0,147.4,153.6413296407308,153.6413296407308,153.6413296407308,2000.0,2000.0,0.0,0.0,100.0,0.3253458801689817,False
T060,transmission,unavail_tx_import_mw,1200.0,2023-11-29T00:25:00+00:00,2023-12-04T22:59:00+00:00,2023-11-29T01:25:00+01:00,2023-12-04T23:59:00+01:00,2023-12-01,8,2023-12-01T08:00:00+01:00,2023-12-01T09:00:00+01:00,True,1.0,198.29,188.9498727848948,188.9498727848948,188.9498727848948,2000.0,2000.0,0.0,0.0,100.0,1.0946483326972611,False
T060,transmission,unavail_tx_import_mw,1200.0,2023-11-29T00:25:00+00:00,2023-12-04T22:59:00+00:00,2023-11-29T01:25:00+01:00,2023-12-04T23:59:00+01:00,2023-12-01,9,2023-12-01T09:00:00+01:00,2023-12-01T10:00:00+01:00,True,1.0,216.18,189.4936948044975,189.4936948044975,189.4936948044975,2000.0,2000.0,0.0,0.0,100.0,1.357302929613212,False
T060,transmission,unavail_tx_import_mw,1200.0,2023-11-29T00:25:00+00:00,2023-12-04T22:59:00+00:00,2023-11-29T01:25:00+01:00,2023-12-04T23:59:00+01:00,2023-12-01,10,2023-12-01T10:00:00+01:00,2023-12-01T11:00:00+01:00,True,1.0,209.12,189.22283112629137,189.22283112629134,189.22283112629134,2000.0,2000.0,0.0,0.0,100.0,0.8825538360706275,False
T060,transmission,unavail_tx_import_mw,1200.0,2023-11-29T00:25:00+00:00,2023-12-04T22:59:00+00:00,2023-11-29T01:25:00+01:00,2023-12-04T23:59:00+01:00,2023-12-01,11,2023-12-01T11:00:00+01:00,2023-12-01T12:00:00+01:00,True,1.0,207.33,183.46966554395448,183.46966554395448,183.46966554395448,2000.0,2000.0,0.0,0.0,100.0,0.6668939706433719,False
T060,transmission,unavail_tx_import_mw,1200.0,2023-11-29T00:25:00+00:00,2023-12-04T22:59:00+00:00,2023-11-29T01:25:00+01:00,2023-12-04T23:59:00+01:00,2023-12-01,12,2023-12-01T12:00:00+01:00,2023-12-01T13:00:00+01:00,True,1.0,197.09,189.81156177466735,189.8115617746673,189.8115617746673,2000.0,2000.0,0.0,0.0,100.0,0.6089818916141496,False
T060,transmission,unavail_tx_import_mw,1200.0,2023-11-29T00:25:00+00:00,2023-12-04T22:59:00+00:00,2023-11-29T01:25:00+01:00,2023-12-04T23:59:00+01:00,2023-12-01,13,2023-12-01T13:00:00+01:00,2023-12-01T14:00:00+01:00,True,1.0,170.11,175.366356773937,175.3663567739371,175.3663567739371,2000.0,2000.0,0.0,0.0,100.0,0.685875335284237,False
T060,transmission,unavail_tx_import_mw,1200.0,2023-11-29T00:25:00+00:00,2023-12-04T22:59:00+00:00,2023-11-29T01:25:00+01:00,2023-12-04T23:59:00+01:00,2023-12-01,14,2023-12-01T14:00:00+01:00,2023-12-01T15:00:00+01:00,True,1.0,174.32,177.63368106861384,177.63368106861387,177.63368106861387,2000.0,2000.0,0.0,0.0,100.0,0.6149773635470694,False
T060,transmission,unavail_tx_import_mw,1200.0,2023-11-29T00:25:00+00:00,2023-12-04T22:59:00+00:00,2023-11-29T01:25:00+01:00,2023-12-04T23:59:00+01:00,2023-12-01,15,2023-12-01T15:00:00+01:00,2023-12-01T16:00:00+01:00,True,1.0,184.4,192.5906778474033,192.5906778474033,192.5906778474033,2000.0,2000.0,0.0,0.0,100.0,0.6814967466324902,False
T060,transmission,unavail_tx_import_mw,1200.0,2023-11-29T00:25:00+00:00,2023-12-04T22:59:00+00:00,2023-11-29T01:25:00+01:00,2023-12-04T23:59:00+01:00,2023-12-01,16,2023-12-01T16:00:00+01:00,2023-12-01T17:00:00+01:00,True,1.0,200.05,209.99647690747145,209.9964769074715,209.9964769074715,2000.0,2000.0,0.0,0.0,100.0,0.9267398756250316,False
T060,transmission,unavail_tx_import_mw,1200.0,2023-11-29T00:25:00+00:00,2023-12-04T22:59:00+00:00,2023-11-29T01:25:00+01:00,2023-12-04T23:59:00+01:00,2023-12-01,17,2023-12-01T17:00:00+01:00,2023-12-01T18:00:00+01:00,True,1.0,225.15,213.434165404312,213.434165404312,213.434165404312,2000.0,2000.0,0.0,0.0,100.0,1.0597769415784057,False
T060,transmission,unavail_tx_import_mw,1200.0,2023-11-29T00:25:00+00:00,2023-12-04T22:59:00+00:00,2023-11-29T01:25:00+01:00,2023-12-04T23:59:00+01:00,2023-12-01,18,2023-12-01T18:00:00+01:00,2023-12-01T19:00:00+01:00,True,1.0,199.16,200.24173984000032,200.24173984000038,200.24173984000038,2000.0,2000.0,0.0,0.0,100.0,0.804257385750617,False
T060,transmission,unavail_tx_import_mw,1200.0,2023-11-29T00:25:00+00:00,2023-12-04T22:59:00+00:00,2023-11-29T01:25:00+01:00,2023-12-04T23:59:00+01:00,2023-12-01,19,2023-12-01T19:00:00+01:00,2023-12-01T20:00:00+01:00,True,1.0,163.33,171.7908190984259,171.79081909842586,171.79081909842586,2000.0,2000.0,0.0,0.0,100.0,0.4059102303505142,False
T060,transmission,unavail_tx_import_mw,1200.0,2023-11-29T00:25:00+00:00,2023-12-04T22:59:00+00:00,2023-11-29T01:25:00+01:00,2023-12-04T23:59:00+01:00,2023-12-01,20,2023-12-01T20:00:00+01:00,2023-12-01T21:00:00+01:00,True,1.0,138.49,144.4273844196784,144.4273844196784,144.4273844196784,2000.0,2000.0,0.0,0.0,100.0,0.3309973642806483,False
T060,transmission,unavail_tx_import_mw,1200.0,2023-11-29T00:25:00+00:00,2023-12-04T22:59:00+00:00,2023-11-29T01:25:00+01:00,2023-12-04T23:59:00+01:00,2023-12-01,21,2023-12-01T21:00:00+01:00,2023-12-01T22:00:00+01:00,True,1.0,121.25,138.6185785141538,138.6185785141538,138.6185785141538,2000.0,2000.0,0.0,0.0,100.0,0.3687740454672337,False
T060,transmission,unavail_tx_import_mw,1200.0,2023-11-29T00:25:00+00:00,2023-12-04T22:59:00+00:00,2023-11-29T01:25:00+01:00,2023-12-04T23:59:00+01:00,2023-12-01,22,2023-12-01T22:00:00+01:00,2023-12-01T23:00:00+01:00,True,1.0,114.96,137.98141606191103,137.98141606191098,137.98141606191098,2000.0,2000.0,0.0,0.0,100.0,0.8188832007945166,False
T060,transmission,unavail_tx_import_mw,1200.0,2023-11-29T00:25:00+00:00,2023-12-04T22:59:00+00:00,2023-11-29T01:25:00+01:00,2023-12-04T23:59:00+01:00,2023-12-01,23,2023-12-01T23:00:00+01:00,2023-12-02T00:00:00+01:00,True,1.0,105.0,111.11839344173268,111.11839344173269,111.11839344173269,2000.0,2000.0,0.0,0.0,100.0,0.6694986565553478,False
T060,transmission,unavail_tx_import_mw,1200.0,2023-11-29T00:25:00+00:00,2023-12-04T22:59:00+00:00,2023-11-29T01:25:00+01:00,2023-12-04T23:59:00+01:00,2023-12-02,0,2023-12-02T00:00:00+01:00,2023-12-02T01:00:00+01:00,True,1.0,102.17,117.89776785053084,117.8977678505309,117.8977678505309,2000.0,2000.0,0.0,0.0,100.0,0.5866593819212653,False
T060,transmission,unavail_tx_import_mw,1200.0,2023-11-29T00:25:00+00:00,2023-12-04T22:59:00+00:00,2023-11-29T01:25:00+01:00,2023-12-04T23:59:00+01:00,2023-12-02,1,2023-12-02T01:00:00+01:00,2023-12-02T02:00:00+01:00,True,1.0,97.76,113.41866959422649,113.41866959422649,113.41866959422649,2000.0,2000.0,0.0,0.0,100.0,0.5424845534366796,False
T060,transmission,unavail_tx_import_mw,1200.0,2023-11-29T00:25:00+00:00,2023-12-04T22:59:00+00:00,2023-11-29T01:25:00+01:00,2023-12-04T23:59:00+01:00,2023-12-02,2,2023-12-02T02:00:00+01:00,2023-12-02T03:00:00+01:00,True,1.0,91.55,110.5909397617844,110.59093976178443,110.59093976178443,2000.0,2000.0,0.0,0.0,100.0,-0.02880465700023649,False
T060,transmission,unavail_tx_import_mw,1200.0,2023-11-29T00:25:00+00:00,2023-12-04T22:59:00+00:00,2023-11-29T01:25:00+01:00,2023-12-04T23:59:00+01:00,2023-12-02,3,2023-12-02T03:00:00+01:00,2023-12-02T04:00:00+01:00,True,1.0,89.97,124.40842609096906,124.40842609096912,124.40842609096912,2000.0,2000.0,0.0,0.0,100.0,-0.2692680589117913,False
T060,transmission,unavail_tx_import_mw,1200.0,2023-11-29T00:25:00+00:00,2023-12-04T22:59:00+00:00,2023-11-29T01:25:00+01:00,2023-12-04T23:59:00+01:00,2023-12-02,4,2023-12-02T04:00:00+01:00,2023-12-02T05:00:00+01:00,True,1.0,95.12,132.72293251038093,132.72293251038093,132.72293251038093,2000.0,2000.0,0.0,0.0,100.0,-0.6085552285961171,False
T060,transmission,unavail_tx_import_mw,1200.0,2023-11-29T00:25:00+00:00,2023-12-04T22:59:00+00:00,2023-11-29T01:25:00+01:00,2023-12-04T23:59:00+01:00,2023-12-02,5,2023-12-02T05:00:00+01:00,2023-12-02T06:00:00+01:00,True,1.0,95.72,148.3823889378308,148.3823889378308,148.3823889378308,2000.0,2000.0,0.0,0.0,100.0,0.7859419209609655,False
T060,transmission,unavail_tx_import_mw,1200.0,2023-11-29T00:25:00+00:00,2023-12-04T22:59:00+00:00,2023-11-29T01:25:00+01:00,2023-12-04T23:59:00+01:00,2023-12-02,6,2023-12-02T06:00:00+01:00,2023-12-02T07:00:00+01:00,True,1.0,96.55,125.81152837960944,125.81152837960943,125.81152837960943,2000.0,2000.0,0.0,0.0,100.0,0.482474699884591,False
T060,transmission,unavail_tx_import_mw,1200.0,2023-11-29T00:25:00+00:00,2023-12-04T22:59:00+00:00,2023-11-29T01:25:00+01:00,2023-12-04T23:59:00+01:00,2023-12-02,7,2023-12-02T07:00:00+01:00,2023-12-02T08:00:00+01:00,True,1.0,101.63,144.19254873002296,144.192548730023,144.192548730023,2000.0,2000.0,0.0,0.0,100.0,0.3159499807644295,False
T060,transmission,unavail_tx_import_mw,1200.0,2023-11-29T00:25:00+00:00,2023-12-04T22:59:00+00:00,2023-11-29T01:25:00+01:00,2023-12-04T23:59:00+01:00,2023-12-02,8,2023-12-02T08:00:00+01:00,2023-12-02T09:00:00+01:00,True,1.0,116.61,167.91026812179894,167.91026812179894,167.91026812179894,2000.0,2000.0,0.0,0.0,100.0,1.0672802493255347,False
T060,transmission,unavail_tx_import_mw,1200.0,2023-11-29T00:25:00+00:00,2023-12-04T22:59:00+00:00,2023-11-29T01:25:00+01:00,2023-12-04T23:59:00+01:00,2023-12-02,9,2023-12-02T09:00:00+01:00,2023-12-02T10:00:00+01:00,True,1.0,124.52,187.73259512390112,187.7325951239011,187.7325951239011,2000.0,2000.0,0.0,0.0,100.0,1.2591914621014837,False
T060,transmission,unavail_tx_import_mw,1200.0,2023-11-29T00:25:00+00:00,2023-12-04T22:59:00+00:00,2023-11-29T01:25:00+01:00,2023-12-04T23:59:00+01:00,2023-12-02,10,2023-12-02T10:00:00+01:00,2023-12-02T11:00:00+01:00,True,1.0,131.02,188.81567530718507,188.81567530718507,188.81567530718507,2000.0,2000.0,0.0,0.0,100.0,0.8902441867609241,False
T060,transmission,unavail_tx_import_mw,1200.0,2023-11-29T00:25:00+00:00,2023-12-04T22:59:00+00:00,2023-11-29T01:25:00+01:00,2023-12-04T23:59:00+01:00,2023-12-02,11,2023-12-02T11:00:00+01:00,2023-12-02T12:00:00+01:00,True,1.0,127.22,184.8062670765108,184.8062670765107,184.8062670765107,2000.0,2000.0,0.0,0.0,100.0,0.9548162896874715,False
T060,transmission,unavail_tx_import_mw,1200.0,2023-11-29T00:25:00+00:00,2023-12-04T22:59:00+00:00,2023-11-29T01:25:00+01:00,2023-12-04T23:59:00+01:00,2023-12-02,12,2023-12-02T12:00:00+01:00,2023-12-02T13:00:00+01:00,True,1.0,121.58,176.8146473523179,176.81464735231788,176.81464735231788,2000.0,2000.0,0.0,0.0,100.0,0.5970112964752161,False
T060,transmission,unavail_tx_import_mw,1200.0,2023-11-29T00:25:00+00:00,2023-12-04T22:59:00+00:00,2023-11-29T01:25:00+01:00,2023-12-04T23:59:00+01:00,2023-12-02,13,2023-12-02T13:00:00+01:00,2023-12-02T14:00:00+01:00,True,1.0,114.58,172.7348595377946,172.7348595377946,172.7348595377946,2000.0,2000.0,0.0,0.0,100.0,0.6925870483399876,False
T060,transmission,unavail_tx_import_mw,1200.0,2023-11-29T00:25:00+00:00,2023-12-04T22:59:00+00:00,2023-11-29T01:25:00+01:00,2023-12-04T23:59:00+01:00,2023-12-02,14,2023-12-02T14:00:00+01:00,2023-12-02T15:00:00+01:00,True,1.0,118.52,179.73821988039856,179.7382198803985,179.7382198803985,2000.0,2000.0,0.0,0.0,100.0,0.6592529485537568,False
T060,transmission,unavail_tx_import_mw,1200.0,2023-11-29T00:25:00+00:00,2023-12-04T22:59:00+00:00,2023-11-29T01:25:00+01:00,2023-12-04T23:59:00+01:00,2023-12-02,15,2023-12-02T15:00:00+01:00,2023-12-02T16:00:00+01:00,True,1.0,123.5,196.91650708773375,196.91650708773375,196.91650708773375,2000.0,2000.0,0.0,0.0,100.0,0.7122685954277017,False
T060,transmission,unavail_tx_import_mw,1200.0,2023-11-29T00:25:00+00:00,2023-12-04T22:59:00+00:00,2023-11-29T01:25:00+01:00,2023-12-04T23:59:00+01:00,2023-12-02,16,2023-12-02T16:00:00+01:00,2023-12-02T17:00:00+01:00,True,1.0,129.79,220.3484181109837,220.34841811098366,220.34841811098366,2000.0,2000.0,0.0,0.0,100.0,1.0421618947836748,False
T060,transmission,unavail_tx_import_mw,1200.0,2023-11-29T00:25:00+00:00,2023-12-04T22:59:00+00:00,2023-11-29T01:25:00+01:00,2023-12-04T23:59:00+01:00,2023-12-02,17,2023-12-02T17:00:00+01:00,2023-12-02T18:00:00+01:00,True,1.0,144.04,228.4792255882141,228.47922558821406,228.47922558821406,2000.0,2000.0,0.0,0.0,100.0,1.221583723650781,False
T060,transmission,unavail_tx_import_mw,1200.0,2023-11-29T00:25:00+00:00,2023-12-04T22:59:00+00:00,2023-11-29T01:25:00+01:00,2023-12-04T23:59:00+01:00,2023-12-02,18,2023-12-02T18:00:00+01:00,2023-12-02T19:00:00+01:00,True,1.0,144.96,217.46007663336724,217.46007663336718,217.46007663336718,2000.0,2000.0,0.0,0.0,100.0,1.1163704275020905,False
T060,transmission,unavail_tx_import_mw,1200.0,2023-11-29T00:25:00+00:00,2023-12-04T22:59:00+00:00,2023-11-29T01:25:00+01:00,2023-12-04T23:59:00+01:00,2023-12-02,19,2023-12-02T19:00:00+01:00,2023-12-02T20:00:00+01:00,True,1.0,129.56,198.35726878888187,198.35726878888187,198.35726878888187,2000.0,2000.0,0.0,0.0,100.0,0.6496483296404563,False
T060,transmission,unavail_tx_import_mw,1200.0,2023-11-29T00:25:00+00:00,2023-12-04T22:59:00+00:00,2023-11-29T01:25:00+01:00,2023-12-04T23:59:00+01:00,2023-12-02,20,2023-12-02T20:00:00+01:00,2023-12-02T21:00:00+01:00,True,1.0,119.58,176.36240065175122,176.36240065175122,176.36240065175122,2000.0,2000.0,0.0,0.0,100.0,0.4447600354186818,False
T060,transmission,unavail_tx_import_mw,1200.0,2023-11-29T00:25:00+00:00,2023-12-04T22:59:00+00:00,2023-11-29T01:25:00+01:00,2023-12-04T23:59:00+01:00,2023-12-02,21,2023-12-02T21:00:00+01:00,2023-12-02T22:00:00+01:00,True,1.0,112.08,190.24738738447803,190.24738738447803,190.24738738447803,2000.0,2000.0,0.0,0.0,100.0,0.5857286741731969,False
T060,transmission,unavail_tx_import_mw,1200.0,2023-11-29T00:25:00+00:00,2023-12-04T22:59:00+00:00,2023-11-29T01:25:00+01:00,2023-12-04T23:59:00+01:00,2023-12-02,22,2023-12-02T22:00:00+01:00,2023-12-02T23:00:00+01:00,True,1.0,106.7,169.57869032884906,169.57869032884906,169.57869032884906,2000.0,2000.0,0.0,0.0,100.0,0.703233113737042,False
T060,transmission,unavail_tx_import_mw,1200.0,2023-11-29T00:25:00+00:00,2023-12-04T22:59:00+00:00,2023-11-29T01:25:00+01:00,2023-12-04T23:59:00+01:00,2023-12-02,23,2023-12-02T23:00:00+01:00,2023-12-03T00:00:00+01:00,True,1.0,102.94,148.43130691080034,148.43130691080034,148.43130691080034,2000.0,2000.0,0.0,0.0,100.0,0.9463298316263717,False
T060,transmission,unavail_tx_import_mw,1200.0,2023-11-29T00:25:00+00:00,2023-12-04T22:59:00+00:00,2023-11-29T01:25:00+01:00,2023-12-04T23:59:00+01:00,2023-12-03,0,2023-12-03T00:00:00+01:00,2023-12-03T01:00:00+01:00,True,1.0,105.15,120.11945269672218,120.11945269672218,120.11945269672218,2000.0,2000.0,0.0,0.0,100.0,0.5969463463470106,False
T060,transmission,unavail_tx_import_mw,1200.0,2023-11-29T00:25:00+00:00,2023-12-04T22:59:00+00:00,2023-11-29T01:25:00+01:00,2023-12-04T23:59:00+01:00,2023-12-03,1,2023-12-03T01:00:00+01:00,2023-12-03T02:00:00+01:00,True,1.0,99.7,111.93113397316944,111.93113397316944,111.93113397316944,2000.0,2000.0,0.0,0.0,100.0,0.5310619134164369,False
T060,transmission,unavail_tx_import_mw,1200.0,2023-11-29T00:25:00+00:00,2023-12-04T22:59:00+00:00,2023-11-29T01:25:00+01:00,2023-12-04T23:59:00+01:00,2023-12-03,2,2023-12-03T02:00:00+01:00,2023-12-03T03:00:00+01:00,True,1.0,94.97,107.10175034018548,107.10175034018556,107.10175034018556,2000.0,2000.0,0.0,0.0,100.0,-0.03405188339677068,False
T060,transmission,unavail_tx_import_mw,1200.0,2023-11-29T00:25:00+00:00,2023-12-04T22:59:00+00:00,2023-11-29T01:25:00+01:00,2023-12-04T23:59:00+01:00,2023-12-03,3,2023-12-03T03:00:00+01:00,2023-12-03T04:00:00+01:00,True,1.0,88.83,99.6969781459632,99.6969781459632,99.6969781459632,2000.0,2000.0,0.0,0.0,100.0,-0.22042601357874503,False
T060,transmission,unavail_tx_import_mw,1200.0,2023-11-29T00:25:00+00:00,2023-12-04T22:59:00+00:00,2023-11-29T01:25:00+01:00,2023-12-04T23:59:00+01:00,2023-12-03,4,2023-12-03T04:00:00+01:00,2023-12-03T05:00:00+01:00,True,1.0,92.35,101.43821350619832,101.4382135061983,101.4382135061983,2000.0,2000.0,0.0,0.0,100.0,-0.46922112241814773,False
T060,transmission,unavail_tx_import_mw,1200.0,2023-11-29T00:25:00+00:00,2023-12-04T22:59:00+00:00,2023-11-29T01:25:00+01:00,2023-12-04T23:59:00+01:00,2023-12-03,5,2023-12-03T05:00:00+01:00,2023-12-03T06:00:00+01:00,True,1.0,89.52,105.40528569682525,105.40528569682523,105.40528569682523,2000.0,2000.0,0.0,0.0,100.0,0.4643117530045373,False
T060,transmission,unavail_tx_import_mw,1200.0,2023-11-29T00:25:00+00:00,2023-12-04T22:59:00+00:00,2023-11-29T01:25:00+01:00,2023-12-04T23:59:00+01:00,2023-12-03,6,2023-12-03T06:00:00+01:00,2023-12-03T07:00:00+01:00,True,1.0,88.86,107.89431501245136,107.89431501245136,107.89431501245136,2000.0,2000.0,0.0,0.0,100.0,0.3605901359465946,False
T060,transmission,unavail_tx_import_mw,1200.0,2023-11-29T00:25:00+00:00,2023-12-04T22:59:00+00:00,2023-11-29T01:25:00+01:00,2023-12-04T23:59:00+01:00,2023-12-03,7,2023-12-03T07:00:00+01:00,2023-12-03T08:00:00+01:00,True,1.0,92.13,122.32194224072832,122.3219422407283,122.3219422407283,2000.0,2000.0,0.0,0.0,100.0,0.28603557173539684,False
T060,transmission,unavail_tx_import_mw,1200.0,2023-11-29T00:25:00+00:00,2023-12-04T22:59:00+00:00,2023-11-29T01:25:00+01:00,2023-12-04T23:59:00+01:00,2023-12-03,8,2023-12-03T08:00:00+01:00,2023-12-03T09:00:00+01:00,True,1.0,97.02,135.77282020731008,135.77282020731008,135.77282020731008,2000.0,2000.0,0.0,0.0,100.0,0.9038390748974052,False
T060,transmission,unavail_tx_import_mw,1200.0,2023-11-29T00:25:00+00:00,2023-12-04T22:59:00+00:00,2023-11-29T01:25:00+01:00,2023-12-04T23:59:00+01:00,2023-12-03,9,2023-12-03T09:00:00+01:00,2023-12-03T10:00:00+01:00,True,1.0,100.15,143.50819822363576,143.5081982236358,143.5081982236358,2000.0,2000.0,0.0,0.0,100.0,0.9176018101122736,False
T060,transmission,unavail_tx_import_mw,1200.0,2023-11-29T00:25:00+00:00,2023-12-04T22:59:00+00:00,2023-11-29T01:25:00+01:00,2023-12-04T23:59:00+01:00,2023-12-03,10,2023-12-03T10:00:00+01:00,2023-12-03T11:00:00+01:00,True,1.0,104.96,145.31253540731095,145.31253540731097,145.31253540731097,2000.0,2000.0,0.0,0.0,100.0,0.6273033103288412,False
T060,transmission,unavail_tx_import_mw,1200.0,2023-11-29T00:25:00+00:00,2023-12-04T22:59:00+00:00,2023-11-29T01:25:00+01:00,2023-12-04T23:59:00+01:00,2023-12-03,11,2023-12-03T11:00:00+01:00,2023-12-03T12:00:00+01:00,True,1.0,105.07,149.1486438831746,149.14864388317457,149.14864388317457,2000.0,2000.0,0.0,0.0,100.0,0.7053694674617361,False
T060,transmission,unavail_tx_import_mw,1200.0,2023-11-29T00:25:00+00:00,2023-12-04T22:59:00+00:00,2023-11-29T01:25:00+01:00,2023-12-04T23:59:00+01:00,2023-12-03,12,2023-12-03T12:00:00+01:00,2023-12-03T13:00:00+01:00,True,1.0,103.68,146.63513834847828,146.6351383484783,146.6351383484783,2000.0,2000.0,0.0,0.0,100.0,0.49512033188872806,False
T060,transmission,unavail_tx_import_mw,1200.0,2023-11-29T00:25:00+00:00,2023-12-04T22:59:00+00:00,2023-11-29T01:25:00+01:00,2023-12-04T23:59:00+01:00,2023-12-03,13,2023-12-03T13:00:00+01:00,2023-12-03T14:00:00+01:00,True,1.0,102.46,146.0217921776686,146.02179217766857,146.02179217766857,2000.0,2000.0,0.0,0.0,100.0,0.5607697734006365,False
T060,transmission,unavail_tx_import_mw,1200.0,2023-11-29T00:25:00+00:00,2023-12-04T22:59:00+00:00,2023-11-29T01:25:00+01:00,2023-12-04T23:59:00+01:00,2023-12-03,14,2023-12-03T14:00:00+01:00,2023-12-03T15:00:00+01:00,True,1.0,105.68,151.21646754334205,151.21646754334205,151.21646754334205,2000.0,2000.0,0.0,0.0,100.0,0.4602724165116001,False
T060,transmission,unavail_tx_import_mw,1200.0,2023-11-29T00:25:00+00:00,2023-12-04T22:59:00+00:00,2023-11-29T01:25:00+01:00,2023-12-04T23:59:00+01:00,2023-12-03,15,2023-12-03T15:00:00+01:00,2023-12-03T16:00:00+01:00,True,1.0,117.83,165.32983483277994,165.32983483277997,165.32983483277997,2000.0,2000.0,0.0,0.0,100.0,0.5740256172467468,False
T060,transmission,unavail_tx_import_mw,1200.0,2023-11-29T00:25:00+00:00,2023-12-04T22:59:00+00:00,2023-11-29T01:25:00+01:00,2023-12-04T23:59:00+01:00,2023-12-03,16,2023-12-03T16:00:00+01:00,2023-12-03T17:00:00+01:00,True,1.0,125.2,181.19892113100565,181.19892113100556,181.19892113100556,2000.0,2000.0,0.0,0.0,100.0,0.7763688902051911,False
T060,transmission,unavail_tx_import_mw,1200.0,2023-11-29T00:25:00+00:00,2023-12-04T22:59:00+00:00,2023-11-29T01:25:00+01:00,2023-12-04T23:59:00+01:00,2023-12-03,17,2023-12-03T17:00:00+01:00,2023-12-03T18:00:00+01:00,True,1.0,131.72,189.68581811580697,189.68581811580697,189.68581811580697,2000.0,2000.0,0.0,0.0,100.0,0.9249739456389534,False
T060,transmission,unavail_tx_import_mw,1200.0,2023-11-29T00:25:00+00:00,2023-12-04T22:59:00+00:00,2023-11-29T01:25:00+01:00,2023-12-04T23:59:00+01:00,2023-12-03,18,2023-12-03T18:00:00+01:00,2023-12-03T19:00:00+01:00,True,1.0,132.22,190.73060120043004,190.73060120043004,190.73060120043004,2000.0,2000.0,0.0,0.0,100.0,0.7853083564804137,False
T060,transmission,unavail_tx_import_mw,1200.0,2023-11-29T00:25:00+00:00,2023-12-04T22:59:00+00:00,2023-11-29T01:25:00+01:00,2023-12-04T23:59:00+01:00,2023-12-03,19,2023-12-03T19:00:00+01:00,2023-12-03T20:00:00+01:00,True,1.0,126.07,183.83650893383023,183.83650893383026,183.83650893383026,2000.0,2000.0,0.0,0.0,100.0,0.4667126876651082,False
T060,transmission,unavail_tx_import_mw,1200.0,2023-11-29T00:25:00+00:00,2023-12-04T22:59:00+00:00,2023-11-29T01:25:00+01:00,2023-12-04T23:59:00+01:00,2023-12-03,20,2023-12-03T20:00:00+01:00,2023-12-03T21:00:00+01:00,True,1.0,112.33,166.53687594952638,166.5368759495264,166.5368759495264,2000.0,2000.0,0.0,0.0,100.0,0.4102067150996618,False
T060,transmission,unavail_tx_import_mw,1200.0,2023-11-29T00:25:00+00:00,2023-12-04T22:59:00+00:00,2023-11-29T01:25:00+01:00,2023-12-04T23:59:00+01:00,2023-12-03,21,2023-12-03T21:00:00+01:00,2023-12-03T22:00:00+01:00,True,1.0,101.95,156.29808998290764,156.29808998290764,156.29808998290764,2000.0,2000.0,0.0,0.0,100.0,0.3771391968018065,False
T060,transmission,unavail_tx_import_mw,1200.0,2023-11-29T00:25:00+00:00,2023-12-04T22:59:00+00:00,2023-11-29T01:25:00+01:00,2023-12-04T23:59:00+01:00,2023-12-03,22,2023-12-03T22:00:00+01:00,2023-12-03T23:00:00+01:00,True,1.0,99.09,139.21643281574802,139.21643281574802,139.21643281574802,2000.0,2000.0,0.0,0.0,100.0,0.5401867715284538,False
T060,transmission,unavail_tx_import_mw,1200.0,2023-11-29T00:25:00+00:00,2023-12-04T22:59:00+00:00,2023-11-29T01:25:00+01:00,2023-12-04T23:59:00+01:00,2023-12-03,23,2023-12-03T23:00:00+01:00,2023-12-04T00:00:00+01:00,True,1.0,91.12,147.06700493195052,147.06700493195052,147.06700493195052,2000.0,2000.0,0.0,0.0,100.0,0.9458797841242585,False
T060,transmission,unavail_tx_import_mw,1200.0,2023-11-29T00:25:00+00:00,2023-12-04T22:59:00+00:00,2023-11-29T01:25:00+01:00,2023-12-04T23:59:00+01:00,2023-12-04,0,2023-12-04T00:00:00+01:00,2023-12-04T01:00:00+01:00,True,1.0,96.17,98.64381099233094,98.64381099233093,98.1993783830638,2000.0,1900.0,-100.0,-0.4444326092671247,100.0,0.4765204446617304,True
T060,transmission,unavail_tx_import_mw,1200.0,2023-11-29T00:25:00+00:00,2023-12-04T22:59:00+00:00,2023-11-29T01:25:00+01:00,2023-12-04T23:59:00+01:00,2023-12-04,1,2023-12-04T01:00:00+01:00,2023-12-04T02:00:00+01:00,True,1.0,92.49,91.48264602114592,91.48264602114591,91.07781649403354,2000.0,1900.0,-100.0,-0.4048295271123692,100.0,0.4354571427915772,True
T060,transmission,unavail_tx_import_mw,1200.0,2023-11-29T00:25:00+00:00,2023-12-04T22:59:00+00:00,2023-11-29T01:25:00+01:00,2023-12-04T23:59:00+01:00,2023-12-04,2,2023-12-04T02:00:00+01:00,2023-12-04T03:00:00+01:00,True,1.0,90.46,94.84196466550776,94.84196466550777,94.87540600263445,2000.0,1900.0,-100.0,0.03344133712667485,100.0,-0.03403460259791302,True
T060,transmission,unavail_tx_import_mw,1200.0,2023-11-29T00:25:00+00:00,2023-12-04T22:59:00+00:00,2023-11-29T01:25:00+01:00,2023-12-04T23:59:00+01:00,2023-12-04,3,2023-12-04T03:00:00+01:00,2023-12-04T04:00:00+01:00,True,1.0,88.12,90.29826633053764,90.29826633053766,90.48293713625863,2000.0,1900.0,-100.0,0.1846708057209696,100.0,-0.19407105130396474,True
T060,transmission,unavail_tx_import_mw,1200.0,2023-11-29T00:25:00+00:00,2023-12-04T22:59:00+00:00,2023-11-29T01:25:00+01:00,2023-12-04T23:59:00+01:00,2023-12-04,4,2023-12-04T04:00:00+01:00,2023-12-04T05:00:00+01:00,True,1.0,88.58,99.76286522673554,99.76286522673554,100.19368950947401,2000.0,1900.0,-100.0,0.4308242827384703,100.0,-0.45403910051551577,True
T060,transmission,unavail_tx_import_mw,1200.0,2023-11-29T00:25:00+00:00,2023-12-04T22:59:00+00:00,2023-11-29T01:25:00+01:00,2023-12-04T23:59:00+01:00,2023-12-04,5,2023-12-04T05:00:00+01:00,2023-12-04T06:00:00+01:00,True,1.0,94.99,127.593391970783,127.59339197078302,127.07547253177864,2000.0,1900.0,-100.0,-0.5179194390043733,100.0,0.5610508276947712,True
T060,transmission,unavail_tx_import_mw,1200.0,2023-11-29T00:25:00+00:00,2023-12-04T22:59:00+00:00,2023-11-29T01:25:00+01:00,2023-12-04T23:59:00+01:00,2023-12-04,6,2023-12-04T06:00:00+01:00,2023-12-04T07:00:00+01:00,True,1.0,106.82,148.45964038282753,148.4596403828275,147.9689600867428,2000.0,1900.0,-100.0,-0.4906802960846903,100.0,0.5253210079045516,True
T060,transmission,unavail_tx_import_mw,1200.0,2023-11-29T00:25:00+00:00,2023-12-04T22:59:00+00:00,2023-11-29T01:25:00+01:00,2023-12-04T23:59:00+01:00,2023-12-04,7,2023-12-04T07:00:00+01:00,2023-12-04T08:00:00+01:00,True,1.0,199.03,186.0082087635007,186.0082087635007,185.60110160747934,2000.0,1900.0,-100.0,-0.40710715602136816,100.0,0.43524683848480095,True
T060,transmission,unavail_tx_import_mw,1200.0,2023-11-29T00:25:00+00:00,2023-12-04T22:59:00+00:00,2023-11-29T01:25:00+01:00,2023-12-04T23:59:00+01:00,2023-12-04,8,2023-12-04T08:00:00+01:00,2023-12-04T09:00:00+01:00,True,1.0,235.61,201.54182268410415,201.54182268410415,200.89520068894006,2000.0,1900.0,-100.0,-0.6466219951640824,100.0,0.6915515893868474,True
T060,transmission,unavail_tx_import_mw,1200.0,2023-11-29T00:25:00+00:00,2023-12-04T22:59:00+00:00,2023-11-29T01:25:00+01:00,2023-12-04T23:59:00+01:00,2023-12-04,9,2023-12-04T09:00:00+01:00,2023-12-04T10:00:00+01:00,True,1.0,236.49,200.47862146647424,200.47862146647424,199.14657696749316,2000.0,1900.0,-100.0,-1.3320444989810767,100.0,1.4325401892356524,True
T060,transmission,unavail_tx_import_mw,1200.0,2023-11-29T00:25:00+00:00,2023-12-04T22:59:00+00:00,2023-11-29T01:25:00+01:00,2023-12-04T23:59:00+01:00,2023-12-04,10,2023-12-04T10:00:00+01:00,2023-12-04T11:00:00+01:00,True,1.0,206.33,190.55622875609492,190.55622875609498,189.79389478716433,2000.0,1900.0,-100.0,-0.7623339689306476,100.0,0.8173354422632428,True
T060,transmission,unavail_tx_import_mw,1200.0,2023-11-29T00:25:00+00:00,2023-12-04T22:59:00+00:00,2023-11-29T01:25:00+01:00,2023-12-04T23:59:00+01:00,2023-12-04,11,2023-12-04T11:00:00+01:00,2023-12-04T12:00:00+01:00,True,1.0,166.09,199.81301690316403,199.8130169031641,198.86636341549746,2000.0,1900.0,-100.0,-0.9466534876666515,100.0,1.0161466753986872,True
T060,transmission,unavail_tx_import_mw,1200.0,2023-11-29T00:25:00+00:00,2023-12-04T22:59:00+00:00,2023-11-29T01:25:00+01:00,2023-12-04T23:59:00+01:00,2023-12-04,12,2023-12-04T12:00:00+01:00,2023-12-04T13:00:00+01:00,True,1.0,160.07,196.94900840757688,196.94900840757686,196.30986601105838,2000.0,1900.0,-100.0,-0.6391423965184799,100.0,0.6844262498850071,True
T060,transmission,unavail_tx_import_mw,1200.0,2023-11-29T00:25:00+00:00,2023-12-04T22:59:00+00:00,2023-11-29T01:25:00+01:00,2023-12-04T23:59:00+01:00,2023-12-04,13,2023-12-04T13:00:00+01:00,2023-12-04T14:00:00+01:00,True,1.0,167.0,199.34861343310237,199.34861343310243,198.59857013540403,2000.0,1900.0,-100.0,-0.7500432976983973,100.0,0.8034862675260399,True
T060,transmission,unavail_tx_import_mw,1200.0,2023-11-29T00:25:00+00:00,2023-12-04T22:59:00+00:00,2023-11-29T01:25:00+01:00,2023-12-04T23:59:00+01:00,2023-12-04,14,2023-12-04T14:00:00+01:00,2023-12-04T15:00:00+01:00,True,1.0,175.04,209.24179873077517,209.24179873077517,208.44563645781164,2000.0,1900.0,-100.0,-0.796162272963528,100.0,0.8528684170200904,True
T060,transmission,unavail_tx_import_mw,1200.0,2023-11-29T00:25:00+00:00,2023-12-04T22:59:00+00:00,2023-11-29T01:25:00+01:00,2023-12-04T23:59:00+01:00,2023-12-04,15,2023-12-04T15:00:00+01:00,2023-12-04T16:00:00+01:00,True,1.0,209.76,215.11392542102027,215.11392542102024,214.29524319343258,2000.0,1900.0,-100.0,-0.818682227587658,100.0,0.8769953258267265,True
T060,transmission,unavail_tx_import_mw,1200.0,2023-11-29T00:25:00+00:00,2023-12-04T22:59:00+00:00,2023-11-29T01:25:00+01:00,2023-12-04T23:59:00+01:00,2023-12-04,16,2023-12-04T16:00:00+01:00,2023-12-04T17:00:00+01:00,True,1.0,262.73,222.5050023509729,222.50500235097292,221.56693105454238,2000.0,1900.0,-100.0,-0.938071296430536,100.0,1.0054124819440915,True
T060,transmission,unavail_tx_import_mw,1200.0,2023-11-29T00:25:00+00:00,2023-12-04T22:59:00+00:00,2023-11-29T01:25:00+01:00,2023-12-04T23:59:00+01:00,2023-12-04,17,2023-12-04T17:00:00+01:00,2023-12-04T18:00:00+01:00,True,1.0,206.35,223.4988736409092,223.49887364090918,222.43284939014526,2000.0,1900.0,-100.0,-1.0660242507639168,100.0,1.1437611547026165,True
T060,transmission,unavail_tx_import_mw,1200.0,2023-11-29T00:25:00+00:00,2023-12-04T22:59:00+00:00,2023-11-29T01:25:00+01:00,2023-12-04T23:59:00+01:00,2023-12-04,18,2023-12-04T18:00:00+01:00,2023-12-04T19:00:00+01:00,True,1.0,184.29,214.1738065864556,214.17380658645564,213.31117296344456,2000.0,1900.0,-100.0,-0.862633623011078,100.0,0.9239675524646884,True
T060,transmission,unavail_tx_import_mw,1200.0,2023-11-29T00:25:00+00:00,2023-12-04T22:59:00+00:00,2023-11-29T01:25:00+01:00,2023-12-04T23:59:00+01:00,2023-12-04,19,2023-12-04T19:00:00+01:00,2023-12-04T20:00:00+01:00,True,1.0,151.05,210.25550170393495,210.25550170393495,209.6144703653053,2000.0,1900.0,-100.0,-0.6410313386296593,100.0,0.6858045994443387,True
T060,transmission,unavail_tx_import_mw,1200.0,2023-11-29T00:25:00+00:00,2023-12-04T22:59:00+00:00,2023-11-29T01:25:00+01:00,2023-12-04T23:59:00+01:00,2023-12-04,20,2023-12-04T20:00:00+01:00,2023-12-04T21:00:00+01:00,True,1.0,124.49,182.79048344479943,182.79048344479946,182.35400746154903,2000.0,1900.0,-100.0,-0.4364759832504319,100.0,0.4662884718758278,True
T060,transmission,unavail_tx_import_mw,1200.0,2023-11-29T00:25:00+00:00,2023-12-04T22:59:00+00:00,2023-11-29T01:25:00+01:00,2023-12-04T23:59:00+01:00,2023-12-04,21,2023-12-04T21:00:00+01:00,2023-12-04T22:00:00+01:00,True,1.0,108.46,164.92474851455415,164.9247485145541,164.53155756835375,2000.0,1900.0,-100.0,-0.3931909462003489,100.0,0.42002503184505713,True
T060,transmission,unavail_tx_import_mw,1200.0,2023-11-29T00:25:00+00:00,2023-12-04T22:59:00+00:00,2023-11-29T01:25:00+01:00,2023-12-04T23:59:00+01:00,2023-12-04,22,2023-12-04T22:00:00+01:00,2023-12-04T23:00:00+01:00,True,1.0,102.69,154.89404928308954,154.8940492830895,154.1109197541804,2000.0,1900.0,-100.0,-0.783129528909086,100.0,0.8406637933549632,True
T060,transmission,unavail_tx_import_mw,1200.0,2023-11-29T00:25:00+00:00,2023-12-04T22:59:00+00:00,2023-11-29T01:25:00+01:00,2023-12-04T23:59:00+01:00,2023-12-04,23,2023-12-04T23:00:00+01:00,2023-12-05T00:00:00+01:00,True,0.9833333333333333,94.79,165.93807248785953,165.93807248785947,164.9330141222579,2000.0,1900.0,-100.0,-1.0050583656015704,100.0,1.0782503559261727,True
T064,transmission,unavail_tx_import_mw,1000.0,2024-05-10T19:08:00+00:00,2024-05-15T12:40:00+00:00,2024-05-10T21:08:00+02:00,2024-05-15T14:40:00+02:00,2024-05-10,0,2024-05-10T00:00:00+02:00,2024-05-10T01:00:00+02:00,False,0.0,0.01,10.72190626219632,10.721906262196317,10.721906262196317,4100.0,4100.0,0.0,0.0,100.0,0.06253185448155563,False
T064,transmission,unavail_tx_import_mw,1000.0,2024-05-10T19:08:00+00:00,2024-05-15T12:40:00+00:00,2024-05-10T21:08:00+02:00,2024-05-15T14:40:00+02:00,2024-05-10,1,2024-05-10T01:00:00+02:00,2024-05-10T02:00:00+02:00,False,0.0,0.31,12.266640268346489,12.266640268346485,12.16131493744814,4100.0,4100.0,0.0,-0.10532533089834573,100.0,0.2165218126922852,False
T064,transmission,unavail_tx_import_mw,1000.0,2024-05-10T19:08:00+00:00,2024-05-15T12:40:00+00:00,2024-05-10T21:08:00+02:00,2024-05-15T14:40:00+02:00,2024-05-10,2,2024-05-10T02:00:00+02:00,2024-05-10T03:00:00+02:00,False,0.0,-0.06,12.03315030753608,12.03315030753608,11.988942726231013,4100.0,4100.0,0.0,-0.04420758130506641,100.0,0.07371171273817723,False
T064,transmission,unavail_tx_import_mw,1000.0,2024-05-10T19:08:00+00:00,2024-05-15T12:40:00+00:00,2024-05-10T21:08:00+02:00,2024-05-15T14:40:00+02:00,2024-05-10,3,2024-05-10T03:00:00+02:00,2024-05-10T04:00:00+02:00,False,0.0,-0.16,13.738489457039083,13.738489457039083,13.70946741907321,4100.0,4100.0,0.0,-0.029022037965873437,100.0,0.14565914389587853,False
T064,transmission,unavail_tx_import_mw,1000.0,2024-05-10T19:08:00+00:00,2024-05-15T12:40:00+00:00,2024-05-10T21:08:00+02:00,2024-05-15T14:40:00+02:00,2024-05-10,4,2024-05-10T04:00:00+02:00,2024-05-10T05:00:00+02:00,False,0.0,-0.59,15.142520346257388,15.142520346257387,15.142520346257387,4100.0,4100.0,0.0,0.0,100.0,0.03536109092275197,False
T064,transmission,unavail_tx_import_mw,1000.0,2024-05-10T19:08:00+00:00,2024-05-15T12:40:00+00:00,2024-05-10T21:08:00+02:00,2024-05-15T14:40:00+02:00,2024-05-10,5,2024-05-10T05:00:00+02:00,2024-05-10T06:00:00+02:00,False,0.0,-0.16,13.000450779278772,13.000450779278758,13.000450779278758,4100.0,4100.0,0.0,0.0,100.0,0.198420935777591,False
T064,transmission,unavail_tx_import_mw,1000.0,2024-05-10T19:08:00+00:00,2024-05-15T12:40:00+00:00,2024-05-10T21:08:00+02:00,2024-05-15T14:40:00+02:00,2024-05-10,6,2024-05-10T06:00:00+02:00,2024-05-10T07:00:00+02:00,False,0.0,0.39,32.220138850276165,32.22013885027617,32.22013885027617,4100.0,4100.0,0.0,0.0,100.0,0.025608510949510332,False
T064,transmission,unavail_tx_import_mw,1000.0,2024-05-10T19:08:00+00:00,2024-05-15T12:40:00+00:00,2024-05-10T21:08:00+02:00,2024-05-15T14:40:00+02:00,2024-05-10,7,2024-05-10T07:00:00+02:00,2024-05-10T08:00:00+02:00,False,0.0,2.86,42.68990920838953,42.689909208389516,42.689909208389516,4100.0,4100.0,0.0,0.0,100.0,0.2834509331066144,False
T064,transmission,unavail_tx_import_mw,1000.0,2024-05-10T19:08:00+00:00,2024-05-15T12:40:00+00:00,2024-05-10T21:08:00+02:00,2024-05-15T14:40:00+02:00,2024-05-10,8,2024-05-10T08:00:00+02:00,2024-05-10T09:00:00+02:00,False,0.0,4.17,51.4506091442572,51.4506091442572,51.4506091442572,4100.0,4100.0,0.0,0.0,100.0,0.21350069679557748,False
T064,transmission,unavail_tx_import_mw,1000.0,2024-05-10T19:08:00+00:00,2024-05-15T12:40:00+00:00,2024-05-10T21:08:00+02:00,2024-05-15T14:40:00+02:00,2024-05-10,9,2024-05-10T09:00:00+02:00,2024-05-10T10:00:00+02:00,False,0.0,4.17,41.2778832051668,41.27788320516679,41.27788320516679,4100.0,4100.0,0.0,0.0,100.0,0.70793707606434,False
T064,transmission,unavail_tx_import_mw,1000.0,2024-05-10T19:08:00+00:00,2024-05-15T12:40:00+00:00,2024-05-10T21:08:00+02:00,2024-05-15T14:40:00+02:00,2024-05-10,10,2024-05-10T10:00:00+02:00,2024-05-10T11:00:00+02:00,False,0.0,3.91,32.769670043340405,32.769670043340405,32.769670043340405,4100.0,4100.0,0.0,0.0,100.0,0.5676773499847982,False
T064,transmission,unavail_tx_import_mw,1000.0,2024-05-10T19:08:00+00:00,2024-05-15T12:40:00+00:00,2024-05-10T21:08:00+02:00,2024-05-15T14:40:00+02:00,2024-05-10,11,2024-05-10T11:00:00+02:00,2024-05-10T12:00:00+02:00,False,0.0,1.96,25.041738203087966,25.041738203087966,25.041738203087966,4100.0,4100.0,0.0,0.0,100.0,0.4181290683094403,False
T064,transmission,unavail_tx_import_mw,1000.0,2024-05-10T19:08:00+00:00,2024-05-15T12:40:00+00:00,2024-05-10T21:08:00+02:00,2024-05-15T14:40:00+02:00,2024-05-10,12,2024-05-10T12:00:00+02:00,2024-05-10T13:00:00+02:00,False,0.0,0.34,22.62425751394759,22.624257513947576,22.624257513947576,4100.0,4100.0,0.0,0.0,100.0,0.34139298116699024,False
T064,transmission,unavail_tx_import_mw,1000.0,2024-05-10T19:08:00+00:00,2024-05-15T12:40:00+00:00,2024-05-10T21:08:00+02:00,2024-05-15T14:40:00+02:00,2024-05-10,13,2024-05-10T13:00:00+02:00,2024-05-10T14:00:00+02:00,False,0.0,0.01,15.570942896272832,15.570942896272825,15.570942896272825,4100.0,4100.0,0.0,0.0,100.0,0.31769866320340157,False
T064,transmission,unavail_tx_import_mw,1000.0,2024-05-10T19:08:00+00:00,2024-05-15T12:40:00+00:00,2024-05-10T21:08:00+02:00,2024-05-15T14:40:00+02:00,2024-05-10,14,2024-05-10T14:00:00+02:00,2024-05-10T15:00:00+02:00,False,0.0,0.02,19.07986616393599,19.07986616393599,19.07986616393599,4100.0,4100.0,0.0,0.0,100.0,0.27333192400169537,False
T064,transmission,unavail_tx_import_mw,1000.0,2024-05-10T19:08:00+00:00,2024-05-15T12:40:00+00:00,2024-05-10T21:08:00+02:00,2024-05-15T14:40:00+02:00,2024-05-10,15,2024-05-10T15:00:00+02:00,2024-05-10T16:00:00+02:00,False,0.0,2.7,22.220969738257388,22.220969738257388,22.220969738257388,4100.0,4100.0,0.0,0.0,100.0,0.29396300637870354,False
T064,transmission,unavail_tx_import_mw,1000.0,2024-05-10T19:08:00+00:00,2024-05-15T12:40:00+00:00,2024-05-10T21:08:00+02:00,2024-05-15T14:40:00+02:00,2024-05-10,16,2024-05-10T16:00:00+02:00,2024-05-10T17:00:00+02:00,False,0.0,4.15,35.87373261824711,35.87373261824711,35.87373261824711,4100.0,4100.0,0.0,0.0,100.0,0.32361837832480234,False
T064,transmission,unavail_tx_import_mw,1000.0,2024-05-10T19:08:00+00:00,2024-05-15T12:40:00+00:00,2024-05-10T21:08:00+02:00,2024-05-15T14:40:00+02:00,2024-05-10,17,2024-05-10T17:00:00+02:00,2024-05-10T18:00:00+02:00,False,0.0,42.16,52.425251368007864,52.425251368007864,52.425251368007864,4100.0,4100.0,0.0,0.0,100.0,0.34897316171499426,False
T064,transmission,unavail_tx_import_mw,1000.0,2024-05-10T19:08:00+00:00,2024-05-15T12:40:00+00:00,2024-05-10T21:08:00+02:00,2024-05-15T14:40:00+02:00,2024-05-10,18,2024-05-10T18:00:00+02:00,2024-05-10T19:00:00+02:00,False,0.0,49.82,64.8466344041546,64.8466344041546,64.8466344041546,4100.0,4100.0,0.0,0.0,100.0,0.40615171258863825,False
T064,transmission,unavail_tx_import_mw,1000.0,2024-05-10T19:08:00+00:00,2024-05-15T12:40:00+00:00,2024-05-10T21:08:00+02:00,2024-05-15T14:40:00+02:00,2024-05-10,19,2024-05-10T19:00:00+02:00,2024-05-10T20:00:00+02:00,False,0.0,50.48,69.8150382130593,69.8150382130593,69.8150382130593,4100.0,4100.0,0.0,0.0,100.0,0.2620408127970961,False
T064,transmission,unavail_tx_import_mw,1000.0,2024-05-10T19:08:00+00:00,2024-05-15T12:40:00+00:00,2024-05-10T21:08:00+02:00,2024-05-15T14:40:00+02:00,2024-05-10,20,2024-05-10T20:00:00+02:00,2024-05-10T21:00:00+02:00,False,0.0,50.5,65.27131995052176,65.27131995052176,65.27131995052176,4100.0,4100.0,0.0,0.0,100.0,0.10112157187467119,False
T064,transmission,unavail_tx_import_mw,1000.0,2024-05-10T19:08:00+00:00,2024-05-15T12:40:00+00:00,2024-05-10T21:08:00+02:00,2024-05-15T14:40:00+02:00,2024-05-10,21,2024-05-10T21:00:00+02:00,2024-05-10T22:00:00+02:00,True,0.8666666666666667,49.99,55.37966494934326,55.37966494934326,55.37966494934326,4100.0,4000.0,-100.0,0.0,100.0,0.09795450143057138,True
T064,transmission,unavail_tx_import_mw,1000.0,2024-05-10T19:08:00+00:00,2024-05-15T12:40:00+00:00,2024-05-10T21:08:00+02:00,2024-05-15T14:40:00+02:00,2024-05-10,22,2024-05-10T22:00:00+02:00,2024-05-10T23:00:00+02:00,True,1.0,49.92,49.38829463322933,49.388294633229336,49.388294633229336,4100.0,4100.0,0.0,0.0,100.0,0.14591012096678924,False
T064,transmission,unavail_tx_import_mw,1000.0,2024-05-10T19:08:00+00:00,2024-05-15T12:40:00+00:00,2024-05-10T21:08:00+02:00,2024-05-15T14:40:00+02:00,2024-05-10,23,2024-05-10T23:00:00+02:00,2024-05-11T00:00:00+02:00,True,1.0,19.97,40.888397306409864,40.888397306409864,40.888397306409864,4100.0,4100.0,0.0,0.0,100.0,0.1641293212180841,False
T064,transmission,unavail_tx_import_mw,1000.0,2024-05-10T19:08:00+00:00,2024-05-15T12:40:00+00:00,2024-05-10T21:08:00+02:00,2024-05-15T14:40:00+02:00,2024-05-11,0,2024-05-11T00:00:00+02:00,2024-05-11T01:00:00+02:00,True,1.0,5.0,20.29619785982051,20.296197859820516,21.156252515405992,4100.0,4100.0,0.0,0.8600546555854756,100.0,0.19127035504968148,False
T064,transmission,unavail_tx_import_mw,1000.0,2024-05-10T19:08:00+00:00,2024-05-15T12:40:00+00:00,2024-05-10T21:08:00+02:00,2024-05-15T14:40:00+02:00,2024-05-11,1,2024-05-11T01:00:00+02:00,2024-05-11T02:00:00+02:00,True,1.0,12.73,21.217647471018324,21.217647471018324,21.217647471018324,4100.0,4100.0,0.0,0.0,100.0,0.020578098538933887,False
T064,transmission,unavail_tx_import_mw,1000.0,2024-05-10T19:08:00+00:00,2024-05-15T12:40:00+00:00,2024-05-10T21:08:00+02:00,2024-05-15T14:40:00+02:00,2024-05-11,2,2024-05-11T02:00:00+02:00,2024-05-11T03:00:00+02:00,True,1.0,18.66,21.689998199471603,21.689998199471603,21.560032051146578,4100.0,4100.0,0.0,-0.12996614832502473,100.0,0.08458737663566751,False
T064,transmission,unavail_tx_import_mw,1000.0,2024-05-10T19:08:00+00:00,2024-05-15T12:40:00+00:00,2024-05-10T21:08:00+02:00,2024-05-15T14:40:00+02:00,2024-05-11,3,2024-05-11T03:00:00+02:00,2024-05-11T04:00:00+02:00,True,1.0,20.0,21.070246270478087,21.070246270478087,21.01597746844218,4100.0,4800.0,700.0,-0.05426880203590656,100.0,0.020109440336348428,True
T064,transmission,unavail_tx_import_mw,1000.0,2024-05-10T19:08:00+00:00,2024-05-15T12:40:00+00:00,2024-05-10T21:08:00+02:00,2024-05-15T14:40:00+02:00,2024-05-11,4,2024-05-11T04:00:00+02:00,2024-05-11T05:00:00+02:00,True,1.0,22.4,22.77713407448718,22.77713407448718,23.087391123077282,4100.0,4800.0,700.0,0.3102570485901026,100.0,0.029901286212748346,True
T064,transmission,unavail_tx_import_mw,1000.0,2024-05-10T19:08:00+00:00,2024-05-15T12:40:00+00:00,2024-05-10T21:08:00+02:00,2024-05-15T14:40:00+02:00,2024-05-11,5,2024-05-11T05:00:00+02:00,2024-05-11T06:00:00+02:00,True,1.0,22.8,27.660291091185627,27.66029109118563,29.1417930099332,4100.0,4800.0,700.0,1.4815019187475684,100.0,0.15691476297349283,True
T064,transmission,unavail_tx_import_mw,1000.0,2024-05-10T19:08:00+00:00,2024-05-15T12:40:00+00:00,2024-05-10T21:08:00+02:00,2024-05-15T14:40:00+02:00,2024-05-11,6,2024-05-11T06:00:00+02:00,2024-05-11T07:00:00+02:00,True,1.0,25.16,39.79749897687782,39.79749897687782,40.06323973373731,4100.0,4800.0,700.0,0.2657407568594934,100.0,0.051185872284804645,True
T064,transmission,unavail_tx_import_mw,1000.0,2024-05-10T19:08:00+00:00,2024-05-15T12:40:00+00:00,2024-05-10T21:08:00+02:00,2024-05-15T14:40:00+02:00,2024-05-11,7,2024-05-11T07:00:00+02:00,2024-05-11T08:00:00+02:00,True,1.0,30.66,40.659773780948456,40.659773780948456,41.92203734248339,4100.0,5200.0,1100.0,1.2622635615349367,100.0,0.33202732574532945,True
T064,transmission,unavail_tx_import_mw,1000.0,2024-05-10T19:08:00+00:00,2024-05-15T12:40:00+00:00,2024-05-10T21:08:00+02:00,2024-05-15T14:40:00+02:00,2024-05-11,8,2024-05-11T08:00:00+02:00,2024-05-11T09:00:00+02:00,True,1.0,33.93,44.74202736614998,44.74202736614997,44.74202736614997,4100.0,4500.0,400.0,0.0,100.0,0.2837198464607482,True
T064,transmission,unavail_tx_import_mw,1000.0,2024-05-10T19:08:00+00:00,2024-05-15T12:40:00+00:00,2024-05-10T21:08:00+02:00,2024-05-15T14:40:00+02:00,2024-05-11,9,2024-05-11T09:00:00+02:00,2024-05-11T10:00:00+02:00,True,1.0,6.97,34.493764312234156,34.49376431223413,36.57246511347074,4100.0,4500.0,400.0,2.0787008012366144,100.0,0.5724667135229282,True
T064,transmission,unavail_tx_import_mw,1000.0,2024-05-10T19:08:00+00:00,2024-05-15T12:40:00+00:00,2024-05-10T21:08:00+02:00,2024-05-15T14:40:00+02:00,2024-05-11,10,2024-05-11T10:00:00+02:00,2024-05-11T11:00:00+02:00,True,1.0,0.79,25.903433795178756,25.90343379517875,29.56057004491229,4100.0,4500.0,400.0,3.65713624973354,100.0,0.6691745148846877,True
T064,transmission,unavail_tx_import_mw,1000.0,2024-05-10T19:08:00+00:00,2024-05-15T12:40:00+00:00,2024-05-10T21:08:00+02:00,2024-05-15T14:40:00+02:00,2024-05-11,11,2024-05-11T11:00:00+02:00,2024-05-11T12:00:00+02:00,True,1.0,0.0,20.232648615581972,20.232648615581972,22.832833829317224,4100.0,4500.0,400.0,2.6001852137352515,100.0,0.5420572021709802,True
T064,transmission,unavail_tx_import_mw,1000.0,2024-05-10T19:08:00+00:00,2024-05-15T12:40:00+00:00,2024-05-10T21:08:00+02:00,2024-05-15T14:40:00+02:00,2024-05-11,12,2024-05-11T12:00:00+02:00,2024-05-11T13:00:00+02:00,True,1.0,-0.58,18.071233697852136,18.07123369785213,20.05087744715304,4100.0,4500.0,400.0,1.9796437493009122,100.0,0.35812172779529305,True
T064,transmission,unavail_tx_import_mw,1000.0,2024-05-10T19:08:00+00:00,2024-05-15T12:40:00+00:00,2024-05-10T21:08:00+02:00,2024-05-15T14:40:00+02:00,2024-05-11,13,2024-05-11T13:00:00+02:00,2024-05-11T14:00:00+02:00,True,1.0,-0.88,12.526925767402254,12.526925767402261,14.450174097801899,4100.0,4500.0,400.0,1.9232483303996375,100.0,0.3373606864055887,True
T064,transmission,unavail_tx_import_mw,1000.0,2024-05-10T19:08:00+00:00,2024-05-15T12:40:00+00:00,2024-05-10T21:08:00+02:00,2024-05-15T14:40:00+02:00,2024-05-11,14,2024-05-11T14:00:00+02:00,2024-05-11T15:00:00+02:00,True,1.0,-0.91,12.992284966709818,12.992284966709818,14.54230148579554,4100.0,4500.0,400.0,1.5500165190857231,100.0,0.2953484410406517,True
T064,transmission,unavail_tx_import_mw,1000.0,2024-05-10T19:08:00+00:00,2024-05-15T12:40:00+00:00,2024-05-10T21:08:00+02:00,2024-05-15T14:40:00+02:00,2024-05-11,15,2024-05-11T15:00:00+02:00,2024-05-11T16:00:00+02:00,True,1.0,-0.07,19.177802786257516,19.177802786257516,20.73898318218381,4100.0,4500.0,400.0,1.5611803959262929,100.0,0.3238401669422828,True
T064,transmission,unavail_tx_import_mw,1000.0,2024-05-10T19:08:00+00:00,2024-05-15T12:40:00+00:00,2024-05-10T21:08:00+02:00,2024-05-15T14:40:00+02:00,2024-05-11,16,2024-05-11T16:00:00+02:00,2024-05-11T17:00:00+02:00,True,1.0,2.98,34.396041805408956,34.39604180540895,34.81738595836384,4100.0,4500.0,400.0,0.42134415295489447,100.0,0.24154794962262116,True
T064,transmission,unavail_tx_import_mw,1000.0,2024-05-10T19:08:00+00:00,2024-05-15T12:40:00+00:00,2024-05-10T21:08:00+02:00,2024-05-15T14:40:00+02:00,2024-05-11,17,2024-05-11T17:00:00+02:00,2024-05-11T18:00:00+02:00,True,1.0,30.92,43.25895070278485,43.258950702784844,45.6521084091968,4100.0,4500.0,400.0,2.393157706411955,100.0,0.5550856307275751,True
T064,transmission,unavail_tx_import_mw,1000.0,2024-05-10T19:08:00+00:00,2024-05-15T12:40:00+00:00,2024-05-10T21:08:00+02:00,2024-05-15T14:40:00+02:00,2024-05-11,18,2024-05-11T18:00:00+02:00,2024-05-11T19:00:00+02:00,True,1.0,35.28,55.62874086694243,55.62874086694242,57.257860107199065,4100.0,4500.0,400.0,1.6291192402566423,100.0,0.37948726945307953,True
T064,transmission,unavail_tx_import_mw,1000.0,2024-05-10T19:08:00+00:00,2024-05-15T12:40:00+00:00,2024-05-10T21:08:00+02:00,2024-05-15T14:40:00+02:00,2024-05-11,19,2024-05-11T19:00:00+02:00,2024-05-11T20:00:00+02:00,True,1.0,37.07,64.71031859437245,64.71031859437245,66.10744251016196,4100.0,4100.0,0.0,1.397123915789507,100.0,0.22954799219373,False
T064,transmission,unavail_tx_import_mw,1000.0,2024-05-10T19:08:00+00:00,2024-05-15T12:40:00+00:00,2024-05-10T21:08:00+02:00,2024-05-15T14:40:00+02:00,2024-05-11,20,2024-05-11T20:00:00+02:00,2024-05-11T21:00:00+02:00,True,1.0,33.47,61.95142002869774,61.95142002869774,62.35794723444175,4100.0,4100.0,0.0,0.4065272057440126,100.0,0.15875984453366243,False
T064,transmission,unavail_tx_import_mw,1000.0,2024-05-10T19:08:00+00:00,2024-05-15T12:40:00+00:00,2024-05-10T21:08:00+02:00,2024-05-15T14:40:00+02:00,2024-05-11,21,2024-05-11T21:00:00+02:00,2024-05-11T22:00:00+02:00,True,1.0,32.51,60.21084266502701,60.210842665027,60.96514932600827,4100.0,4100.0,0.0,0.7543066609812712,100.0,0.12355453119875648,False
T064,transmission,unavail_tx_import_mw,1000.0,2024-05-10T19:08:00+00:00,2024-05-15T12:40:00+00:00,2024-05-10T21:08:00+02:00,2024-05-15T14:40:00+02:00,2024-05-11,22,2024-05-11T22:00:00+02:00,2024-05-11T23:00:00+02:00,True,1.0,28.28,49.12188939413315,49.121889394133156,49.90701017568599,4100.0,4100.0,0.0,0.785120781552834,100.0,0.1285959170892781,False
T064,transmission,unavail_tx_import_mw,1000.0,2024-05-10T19:08:00+00:00,2024-05-15T12:40:00+00:00,2024-05-10T21:08:00+02:00,2024-05-15T14:40:00+02:00,2024-05-11,23,2024-05-11T23:00:00+02:00,2024-05-12T00:00:00+02:00,True,1.0,25.21,40.73624681989824,40.73624681989824,40.73624681989824,4100.0,4100.0,0.0,0.0,100.0,0.056305731231418576,False
T064,transmission,unavail_tx_import_mw,1000.0,2024-05-10T19:08:00+00:00,2024-05-15T12:40:00+00:00,2024-05-10T21:08:00+02:00,2024-05-15T14:40:00+02:00,2024-05-12,0,2024-05-12T00:00:00+02:00,2024-05-12T01:00:00+02:00,True,1.0,24.36,42.11599936955892,42.11599936955893,41.29974287852487,4500.0,4100.0,-400.0,-0.8162564910340606,100.0,0.16847194703102986,True
T064,transmission,unavail_tx_import_mw,1000.0,2024-05-10T19:08:00+00:00,2024-05-15T12:40:00+00:00,2024-05-10T21:08:00+02:00,2024-05-15T14:40:00+02:00,2024-05-12,1,2024-05-12T01:00:00+02:00,2024-05-12T02:00:00+02:00,True,1.0,19.25,23.613939508378113,23.613939508378117,23.600227225660397,4500.0,4100.0,-400.0,-0.013712282717719404,100.0,0.004182687382591865,True
T064,transmission,unavail_tx_import_mw,1000.0,2024-05-10T19:08:00+00:00,2024-05-15T12:40:00+00:00,2024-05-10T21:08:00+02:00,2024-05-15T14:40:00+02:00,2024-05-12,2,2024-05-12T02:00:00+02:00,2024-05-12T03:00:00+02:00,True,1.0,14.22,21.05449752231892,21.05449752231892,21.05449752231892,4500.0,4100.0,-400.0,0.0,100.0,0.0,True
T064,transmission,unavail_tx_import_mw,1000.0,2024-05-10T19:08:00+00:00,2024-05-15T12:40:00+00:00,2024-05-10T21:08:00+02:00,2024-05-15T14:40:00+02:00,2024-05-12,3,2024-05-12T03:00:00+02:00,2024-05-12T04:00:00+02:00,True,1.0,9.02,24.769278044564913,24.769278044564913,24.61813820310896,4500.0,4100.0,-400.0,-0.15113984145595438,100.0,0.027939783555883224,True
T064,transmission,unavail_tx_import_mw,1000.0,2024-05-10T19:08:00+00:00,2024-05-15T12:40:00+00:00,2024-05-10T21:08:00+02:00,2024-05-15T14:40:00+02:00,2024-05-12,4,2024-05-12T04:00:00+02:00,2024-05-12T05:00:00+02:00,True,1.0,4.91,34.52643559058015,34.52643559058015,34.05186024322666,4500.0,4100.0,-400.0,-0.47457534735348617,100.0,0.10075974413179267,True
T064,transmission,unavail_tx_import_mw,1000.0,2024-05-10T19:08:00+00:00,2024-05-15T12:40:00+00:00,2024-05-10T21:08:00+02:00,2024-05-15T14:40:00+02:00,2024-05-12,5,2024-05-12T05:00:00+02:00,2024-05-12T06:00:00+02:00,True,1.0,4.11,35.49825746227603,35.49825746227603,35.09513963095151,4500.0,4100.0,-400.0,-0.40311783132452206,100.0,0.12235204638499653,True
T064,transmission,unavail_tx_import_mw,1000.0,2024-05-10T19:08:00+00:00,2024-05-15T12:40:00+00:00,2024-05-10T21:08:00+02:00,2024-05-15T14:40:00+02:00,2024-05-12,6,2024-05-12T06:00:00+02:00,2024-05-12T07:00:00+02:00,True,1.0,4.16,30.239935596457457,30.239935596457457,30.063072274261543,4500.0,4200.0,-300.0,-0.1768633221959135,100.0,0.05359275811544606,True
T064,transmission,unavail_tx_import_mw,1000.0,2024-05-10T19:08:00+00:00,2024-05-15T12:40:00+00:00,2024-05-10T21:08:00+02:00,2024-05-15T14:40:00+02:00,2024-05-12,7,2024-05-12T07:00:00+02:00,2024-05-12T08:00:00+02:00,True,1.0,4.54,31.746060650133103,31.746060650133103,30.73524732564818,4500.0,4200.0,-300.0,-1.0108133244849213,100.0,0.30486774937757843,True
T064,transmission,unavail_tx_import_mw,1000.0,2024-05-10T19:08:00+00:00,2024-05-15T12:40:00+00:00,2024-05-10T21:08:00+02:00,2024-05-15T14:40:00+02:00,2024-05-12,8,2024-05-12T08:00:00+02:00,2024-05-12T09:00:00+02:00,True,1.0,1.48,15.015043537515687,15.015043537515645,13.207800714197916,4500.0,4200.0,-300.0,-1.8072428233177291,100.0,0.5442367425789811,True
T064,transmission,unavail_tx_import_mw,1000.0,2024-05-10T19:08:00+00:00,2024-05-15T12:40:00+00:00,2024-05-10T21:08:00+02:00,2024-05-15T14:40:00+02:00,2024-05-12,9,2024-05-12T09:00:00+02:00,2024-05-12T10:00:00+02:00,True,1.0,-1.23,4.375294383520085,4.375294383520057,1.8083645505788155,4500.0,4200.0,-300.0,-2.5669298329412413,100.0,0.767052543059279,True
T064,transmission,unavail_tx_import_mw,1000.0,2024-05-10T19:08:00+00:00,2024-05-15T12:40:00+00:00,2024-05-10T21:08:00+02:00,2024-05-15T14:40:00+02:00,2024-05-12,10,2024-05-12T10:00:00+02:00,2024-05-12T11:00:00+02:00,True,1.0,-2.57,5.682012257123702,5.682012257123702,3.630402788597081,4500.0,4200.0,-300.0,-2.051609468526621,100.0,0.6132986039077224,True
T064,transmission,unavail_tx_import_mw,1000.0,2024-05-10T19:08:00+00:00,2024-05-15T12:40:00+00:00,2024-05-10T21:08:00+02:00,2024-05-15T14:40:00+02:00,2024-05-12,11,2024-05-12T11:00:00+02:00,2024-05-12T12:00:00+02:00,True,1.0,-4.07,8.70033347177477,8.700333471774755,7.239886375589165,4500.0,4200.0,-300.0,-1.4604470961855895,100.0,0.4384392666173582,True
T064,transmission,unavail_tx_import_mw,1000.0,2024-05-10T19:08:00+00:00,2024-05-15T12:40:00+00:00,2024-05-10T21:08:00+02:00,2024-05-15T14:40:00+02:00,2024-05-12,12,2024-05-12T12:00:00+02:00,2024-05-12T13:00:00+02:00,True,1.0,-5.09,7.764620014237813,7.7646200142378135,6.806045306733999,4500.0,4200.0,-300.0,-0.9585747075038142,100.0,0.28846838970802935,True
T064,transmission,unavail_tx_import_mw,1000.0,2024-05-10T19:08:00+00:00,2024-05-15T12:40:00+00:00,2024-05-10T21:08:00+02:00,2024-05-15T14:40:00+02:00,2024-05-12,13,2024-05-12T13:00:00+02:00,2024-05-12T14:00:00+02:00,True,1.0,-6.58,8.691235970745886,8.691235970745886,7.791564868046031,4500.0,4200.0,-300.0,-0.8996711026998554,100.0,0.27070511565505484,True
T064,transmission,unavail_tx_import_mw,1000.0,2024-05-10T19:08:00+00:00,2024-05-15T12:40:00+00:00,2024-05-10T21:08:00+02:00,2024-05-15T14:40:00+02:00,2024-05-12,14,2024-05-12T14:00:00+02:00,2024-05-12T15:00:00+02:00,True,1.0,-5.16,9.609438873319888,9.609438873319888,8.854900485709912,4500.0,4200.0,-300.0,-0.7545383876099763,100.0,0.22738965087282992,True
T064,transmission,unavail_tx_import_mw,1000.0,2024-05-10T19:08:00+00:00,2024-05-15T12:40:00+00:00,2024-05-10T21:08:00+02:00,2024-05-15T14:40:00+02:00,2024-05-12,15,2024-05-12T15:00:00+02:00,2024-05-12T16:00:00+02:00,True,1.0,-2.09,19.51701682249464,19.517016822494632,18.70274277466507,4500.0,4200.0,-300.0,-0.8142740478295636,100.0,0.24545771409378148,True
T064,transmission,unavail_tx_import_mw,1000.0,2024-05-10T19:08:00+00:00,2024-05-15T12:40:00+00:00,2024-05-10T21:08:00+02:00,2024-05-15T14:40:00+02:00,2024-05-12,16,2024-05-12T16:00:00+02:00,2024-05-12T17:00:00+02:00,True,1.0,-0.09,24.701690726078432,24.701690726078432,24.037028625495424,4500.0,4200.0,-300.0,-0.6646621005830085,100.0,0.20139962023442592,True
T064,transmission,unavail_tx_import_mw,1000.0,2024-05-10T19:08:00+00:00,2024-05-15T12:40:00+00:00,2024-05-10T21:08:00+02:00,2024-05-15T14:40:00+02:00,2024-05-12,17,2024-05-12T17:00:00+02:00,2024-05-12T18:00:00+02:00,True,1.0,2.59,26.224365140377408,26.224365140377422,25.061971619732965,4500.0,4200.0,-300.0,-1.1623935206444571,100.0,0.3501274795063125,True
T064,transmission,unavail_tx_import_mw,1000.0,2024-05-10T19:08:00+00:00,2024-05-15T12:40:00+00:00,2024-05-10T21:08:00+02:00,2024-05-15T14:40:00+02:00,2024-05-12,18,2024-05-12T18:00:00+02:00,2024-05-12T19:00:00+02:00,True,1.0,24.72,36.063561272491626,36.06356127249163,35.17741039244718,4500.0,4200.0,-300.0,-0.886150880044454,100.0,0.26765018112590155,True
T064,transmission,unavail_tx_import_mw,1000.0,2024-05-10T19:08:00+00:00,2024-05-15T12:40:00+00:00,2024-05-10T21:08:00+02:00,2024-05-15T14:40:00+02:00,2024-05-12,19,2024-05-12T19:00:00+02:00,2024-05-12T20:00:00+02:00,True,1.0,40.09,43.74748823939565,43.74748823939565,43.084441772534674,4500.0,4200.0,-300.0,-0.6630464668609761,100.0,0.20013091206803324,True
T064,transmission,unavail_tx_import_mw,1000.0,2024-05-10T19:08:00+00:00,2024-05-15T12:40:00+00:00,2024-05-10T21:08:00+02:00,2024-05-15T14:40:00+02:00,2024-05-12,20,2024-05-12T20:00:00+02:00,2024-05-12T21:00:00+02:00,True,1.0,43.18,46.730617400084626,46.730617400084626,46.26480749994355,4500.0,4200.0,-300.0,-0.4658099001410747,100.0,0.14134196469979088,True
T064,transmission,unavail_tx_import_mw,1000.0,2024-05-10T19:08:00+00:00,2024-05-15T12:40:00+00:00,2024-05-10T21:08:00+02:00,2024-05-15T14:40:00+02:00,2024-05-12,21,2024-05-12T21:00:00+02:00,2024-05-12T22:00:00+02:00,True,1.0,42.13,41.64582936618004,41.64582936618005,41.239813184189316,4500.0,4200.0,-300.0,-0.4060161819907364,100.0,0.12272282316727967,True
T064,transmission,unavail_tx_import_mw,1000.0,2024-05-10T19:08:00+00:00,2024-05-15T12:40:00+00:00,2024-05-10T21:08:00+02:00,2024-05-15T14:40:00+02:00,2024-05-12,22,2024-05-12T22:00:00+02:00,2024-05-12T23:00:00+02:00,True,1.0,35.94,34.68707168889139,34.687071688891386,34.277946490040364,4500.0,4200.0,-300.0,-0.4091251988510223,100.0,0.12360588996647692,True
T064,transmission,unavail_tx_import_mw,1000.0,2024-05-10T19:08:00+00:00,2024-05-15T12:40:00+00:00,2024-05-10T21:08:00+02:00,2024-05-15T14:40:00+02:00,2024-05-12,23,2024-05-12T23:00:00+02:00,2024-05-13T00:00:00+02:00,True,1.0,27.95,28.90359793703445,28.90359793703445,28.467022058116104,4500.0,4200.0,-300.0,-0.43657587891834737,100.0,0.13241401571647415,True
T064,transmission,unavail_tx_import_mw,1000.0,2024-05-10T19:08:00+00:00,2024-05-15T12:40:00+00:00,2024-05-10T21:08:00+02:00,2024-05-15T14:40:00+02:00,2024-05-13,0,2024-05-13T00:00:00+02:00,2024-05-13T01:00:00+02:00,True,1.0,26.2,24.893858210961763,24.893858210961763,24.732104208622275,4200.0,4200.0,0.0,-0.16175400233948878,100.0,0.0653938333047428,False
T064,transmission,unavail_tx_import_mw,1000.0,2024-05-10T19:08:00+00:00,2024-05-15T12:40:00+00:00,2024-05-10T21:08:00+02:00,2024-05-15T14:40:00+02:00,2024-05-13,1,2024-05-13T01:00:00+02:00,2024-05-13T02:00:00+02:00,True,1.0,25.25,23.63139875353903,23.63139875353903,23.493110962560962,4200.0,4200.0,0.0,-0.13828779097806887,100.0,0.18440944827332117,False
T064,transmission,unavail_tx_import_mw,1000.0,2024-05-10T19:08:00+00:00,2024-05-15T12:40:00+00:00,2024-05-10T21:08:00+02:00,2024-05-15T14:40:00+02:00,2024-05-13,2,2024-05-13T02:00:00+02:00,2024-05-13T03:00:00+02:00,True,1.0,25.01,23.316767877650243,23.316767877650243,23.316767877650243,4200.0,4200.0,0.0,0.0,100.0,0.0,False
T064,transmission,unavail_tx_import_mw,1000.0,2024-05-10T19:08:00+00:00,2024-05-15T12:40:00+00:00,2024-05-10T21:08:00+02:00,2024-05-15T14:40:00+02:00,2024-05-13,3,2024-05-13T03:00:00+02:00,2024-05-13T04:00:00+02:00,True,1.0,24.11,24.301037273975133,24.301037273975133,24.301037273975133,4200.0,4200.0,0.0,0.0,100.0,0.0,False
T064,transmission,unavail_tx_import_mw,1000.0,2024-05-10T19:08:00+00:00,2024-05-15T12:40:00+00:00,2024-05-10T21:08:00+02:00,2024-05-15T14:40:00+02:00,2024-05-13,4,2024-05-13T04:00:00+02:00,2024-05-13T05:00:00+02:00,True,1.0,26.36,26.48043243466754,26.48043243466754,26.442922365435404,4200.0,4200.0,0.0,-0.03751006923213751,100.0,0.0228990944572125,False
T064,transmission,unavail_tx_import_mw,1000.0,2024-05-10T19:08:00+00:00,2024-05-15T12:40:00+00:00,2024-05-10T21:08:00+02:00,2024-05-15T14:40:00+02:00,2024-05-13,5,2024-05-13T05:00:00+02:00,2024-05-13T06:00:00+02:00,True,1.0,33.92,35.55882700643061,35.55882700643062,35.662219663388626,4200.0,4200.0,0.0,0.10339265695800748,100.0,0.12210866538906373,False
T064,transmission,unavail_tx_import_mw,1000.0,2024-05-10T19:08:00+00:00,2024-05-15T12:40:00+00:00,2024-05-10T21:08:00+02:00,2024-05-15T14:40:00+02:00,2024-05-13,6,2024-05-13T06:00:00+02:00,2024-05-13T07:00:00+02:00,True,1.0,37.28,50.57556182163575,50.575561821635745,50.78674634409498,4200.0,4400.0,200.0,0.21118452245923436,100.0,0.07456925542414439,True
T064,transmission,unavail_tx_import_mw,1000.0,2024-05-10T19:08:00+00:00,2024-05-15T12:40:00+00:00,2024-05-10T21:08:00+02:00,2024-05-15T14:40:00+02:00,2024-05-13,7,2024-05-13T07:00:00+02:00,2024-05-13T08:00:00+02:00,True,1.0,44.73,72.442934255238,72.442934255238,73.11565404402278,4200.0,4565.0,365.0,0.6727197887847751,100.0,0.2513253713935768,True
T064,transmission,unavail_tx_import_mw,1000.0,2024-05-10T19:08:00+00:00,2024-05-15T12:40:00+00:00,2024-05-10T21:08:00+02:00,2024-05-15T14:40:00+02:00,2024-05-13,8,2024-05-13T08:00:00+02:00,2024-05-13T09:00:00+02:00,True,1.0,45.19,70.01635628598812,70.01635628598812,71.09065046126418,4200.0,4565.0,365.0,1.0742941752760515,100.0,0.31254041394493015,True
T064,transmission,unavail_tx_import_mw,1000.0,2024-05-10T19:08:00+00:00,2024-05-15T12:40:00+00:00,2024-05-10T21:08:00+02:00,2024-05-15T14:40:00+02:00,2024-05-13,9,2024-05-13T09:00:00+02:00,2024-05-13T10:00:00+02:00,True,1.0,37.59,54.615142803943804,54.61514280394381,55.74077134067804,4200.0,4565.0,365.0,1.1256285367342258,100.0,0.37181208961292356,True
T064,transmission,unavail_tx_import_mw,1000.0,2024-05-10T19:08:00+00:00,2024-05-15T12:40:00+00:00,2024-05-10T21:08:00+02:00,2024-05-15T14:40:00+02:00,2024-05-13,10,2024-05-13T10:00:00+02:00,2024-05-13T11:00:00+02:00,True,1.0,18.19,42.55213414461076,42.55213414461075,43.55030943119517,4200.0,4565.0,365.0,0.99817528658442,100.0,0.4575986797927101,True
T064,transmission,unavail_tx_import_mw,1000.0,2024-05-10T19:08:00+00:00,2024-05-15T12:40:00+00:00,2024-05-10T21:08:00+02:00,2024-05-15T14:40:00+02:00,2024-05-13,11,2024-05-13T11:00:00+02:00,2024-05-13T12:00:00+02:00,True,1.0,7.04,31.20375054913906,31.203750549139052,32.120152089180145,4200.0,4565.0,365.0,0.9164015400410932,100.0,0.3793667554792144,True
T064,transmission,unavail_tx_import_mw,1000.0,2024-05-10T19:08:00+00:00,2024-05-15T12:40:00+00:00,2024-05-10T21:08:00+02:00,2024-05-15T14:40:00+02:00,2024-05-13,12,2024-05-13T12:00:00+02:00,2024-05-13T13:00:00+02:00,True,1.0,1.59,28.843802413720415,28.843802413720415,29.400737361690016,4200.0,4565.0,365.0,0.5569349479696015,100.0,0.25960002700132634,True
T064,transmission,unavail_tx_import_mw,1000.0,2024-05-10T19:08:00+00:00,2024-05-15T12:40:00+00:00,2024-05-10T21:08:00+02:00,2024-05-15T14:40:00+02:00,2024-05-13,13,2024-05-13T13:00:00+02:00,2024-05-13T14:00:00+02:00,True,1.0,1.01,22.90504314338885,22.90504314338884,23.42060251125085,4200.0,4565.0,365.0,0.5155593678620072,100.0,0.2550376286918947,True
T064,transmission,unavail_tx_import_mw,1000.0,2024-05-10T19:08:00+00:00,2024-05-15T12:40:00+00:00,2024-05-10T21:08:00+02:00,2024-05-15T14:40:00+02:00,2024-05-13,14,2024-05-13T14:00:00+02:00,2024-05-13T15:00:00+02:00,True,1.0,0.3,18.652336526911668,18.652336526911668,19.116179815011023,4200.0,4565.0,365.0,0.4638432880993548,100.0,0.22885695816908225,True
T064,transmission,unavail_tx_import_mw,1000.0,2024-05-10T19:08:00+00:00,2024-05-15T12:40:00+00:00,2024-05-10T21:08:00+02:00,2024-05-15T14:40:00+02:00,2024-05-13,15,2024-05-13T15:00:00+02:00,2024-05-13T16:00:00+02:00,True,1.0,1.51,21.847737227491,21.84773722749101,22.46602601680781,4200.0,4565.0,365.0,0.6182887893168001,100.0,0.28160674064660185,True
T064,transmission,unavail_tx_import_mw,1000.0,2024-05-10T19:08:00+00:00,2024-05-15T12:40:00+00:00,2024-05-10T21:08:00+02:00,2024-05-15T14:40:00+02:00,2024-05-13,16,2024-05-13T16:00:00+02:00,2024-05-13T17:00:00+02:00,True,1.0,17.19,31.819089154334623,31.819089154334616,32.46334849841091,4200.0,4565.0,365.0,0.6442593440762927,100.0,0.2129628950740603,True
T064,transmission,unavail_tx_import_mw,1000.0,2024-05-10T19:08:00+00:00,2024-05-15T12:40:00+00:00,2024-05-10T21:08:00+02:00,2024-05-15T14:40:00+02:00,2024-05-13,17,2024-05-13T17:00:00+02:00,2024-05-13T18:00:00+02:00,True,1.0,33.93,34.094018821484276,34.094018821484276,35.00683835343137,4200.0,4565.0,365.0,0.9128195319470933,100.0,0.37701976429348605,True
T064,transmission,unavail_tx_import_mw,1000.0,2024-05-10T19:08:00+00:00,2024-05-15T12:40:00+00:00,2024-05-10T21:08:00+02:00,2024-05-15T14:40:00+02:00,2024-05-13,18,2024-05-13T18:00:00+02:00,2024-05-13T19:00:00+02:00,True,1.0,37.6,41.14479721421207,41.14479721421207,42.160798668829074,4200.0,4565.0,365.0,1.0160014546170046,100.0,0.3709448988362354,True
T064,transmission,unavail_tx_import_mw,1000.0,2024-05-10T19:08:00+00:00,2024-05-15T12:40:00+00:00,2024-05-10T21:08:00+02:00,2024-05-15T14:40:00+02:00,2024-05-13,19,2024-05-13T19:00:00+02:00,2024-05-13T20:00:00+02:00,True,1.0,37.53,52.93889397876771,52.93889397876772,53.34762792178116,4200.0,4565.0,365.0,0.4087339430134378,100.0,0.20947695281503798,True
T064,transmission,unavail_tx_import_mw,1000.0,2024-05-10T19:08:00+00:00,2024-05-15T12:40:00+00:00,2024-05-10T21:08:00+02:00,2024-05-15T14:40:00+02:00,2024-05-13,20,2024-05-13T20:00:00+02:00,2024-05-13T21:00:00+02:00,True,1.0,37.09,46.52247478602904,46.522474786029036,46.921644637159794,4200.0,4565.0,365.0,0.39916985113075754,100.0,0.14761744145658895,True
T064,transmission,unavail_tx_import_mw,1000.0,2024-05-10T19:08:00+00:00,2024-05-15T12:40:00+00:00,2024-05-10T21:08:00+02:00,2024-05-15T14:40:00+02:00,2024-05-13,21,2024-05-13T21:00:00+02:00,2024-05-13T22:00:00+02:00,True,1.0,34.1,42.55676203485267,42.55676203485266,42.81437402805453,4200.0,4565.0,365.0,0.2576119932018699,100.0,0.13200895498774656,True
T064,transmission,unavail_tx_import_mw,1000.0,2024-05-10T19:08:00+00:00,2024-05-15T12:40:00+00:00,2024-05-10T21:08:00+02:00,2024-05-15T14:40:00+02:00,2024-05-13,22,2024-05-13T22:00:00+02:00,2024-05-13T23:00:00+02:00,True,1.0,29.58,35.013004008671814,35.01300400867182,35.28850998334348,4200.0,4565.0,365.0,0.2755059746716597,100.0,0.14120147200335254,True
T064,transmission,unavail_tx_import_mw,1000.0,2024-05-10T19:08:00+00:00,2024-05-15T12:40:00+00:00,2024-05-10T21:08:00+02:00,2024-05-15T14:40:00+02:00,2024-05-13,23,2024-05-13T23:00:00+02:00,2024-05-14T00:00:00+02:00,True,1.0,22.82,29.52991057884947,29.529910578849474,29.948758061899177,4200.0,4565.0,365.0,0.4188474830497029,100.0,0.14542599525516664,True
T064,transmission,unavail_tx_import_mw,1000.0,2024-05-10T19:08:00+00:00,2024-05-15T12:40:00+00:00,2024-05-10T21:08:00+02:00,2024-05-15T14:40:00+02:00,2024-05-14,0,2024-05-14T00:00:00+02:00,2024-05-14T01:00:00+02:00,True,1.0,12.35,25.29450958038351,25.294509580383504,25.270793067886135,4565.0,4565.0,0.0,-0.02371651249736928,100.0,0.15303271685078457,False
T064,transmission,unavail_tx_import_mw,1000.0,2024-05-10T19:08:00+00:00,2024-05-15T12:40:00+00:00,2024-05-10T21:08:00+02:00,2024-05-15T14:40:00+02:00,2024-05-14,1,2024-05-14T01:00:00+02:00,2024-05-14T02:00:00+02:00,True,1.0,12.99,23.72666482383059,23.72666482383059,23.560167529625318,4565.0,4565.0,0.0,-0.16649729420527137,100.0,0.1648256747126453,False
T064,transmission,unavail_tx_import_mw,1000.0,2024-05-10T19:08:00+00:00,2024-05-15T12:40:00+00:00,2024-05-10T21:08:00+02:00,2024-05-15T14:40:00+02:00,2024-05-14,2,2024-05-14T02:00:00+02:00,2024-05-14T03:00:00+02:00,True,1.0,12.55,21.27346447894567,21.27346447894567,21.25334968298854,4565.0,4565.0,0.0,-0.020114795957130838,100.0,0.04364016784034419,False
T064,transmission,unavail_tx_import_mw,1000.0,2024-05-10T19:08:00+00:00,2024-05-15T12:40:00+00:00,2024-05-10T21:08:00+02:00,2024-05-15T14:40:00+02:00,2024-05-14,3,2024-05-14T03:00:00+02:00,2024-05-14T04:00:00+02:00,True,1.0,9.88,21.197061612314315,21.19706161231432,21.19706161231432,4565.0,4565.0,0.0,0.0,100.0,0.035740943608487896,False
T064,transmission,unavail_tx_import_mw,1000.0,2024-05-10T19:08:00+00:00,2024-05-15T12:40:00+00:00,2024-05-10T21:08:00+02:00,2024-05-15T14:40:00+02:00,2024-05-14,4,2024-05-14T04:00:00+02:00,2024-05-14T05:00:00+02:00,True,1.0,9.78,23.122905767265205,23.122905767265202,23.122905767265202,4565.0,4565.0,0.0,0.0,100.0,0.02146567440953362,False
T064,transmission,unavail_tx_import_mw,1000.0,2024-05-10T19:08:00+00:00,2024-05-15T12:40:00+00:00,2024-05-10T21:08:00+02:00,2024-05-15T14:40:00+02:00,2024-05-14,5,2024-05-14T05:00:00+02:00,2024-05-14T06:00:00+02:00,True,1.0,12.76,30.223214323747673,30.223214323747676,30.223214323747676,4565.0,4565.0,0.0,0.0,100.0,0.10231665096152298,False
T064,transmission,unavail_tx_import_mw,1000.0,2024-05-10T19:08:00+00:00,2024-05-15T12:40:00+00:00,2024-05-10T21:08:00+02:00,2024-05-15T14:40:00+02:00,2024-05-14,6,2024-05-14T06:00:00+02:00,2024-05-14T07:00:00+02:00,True,1.0,36.59,40.06971646646062,40.06971646646061,40.03710674988262,4565.0,4565.0,0.0,-0.03260971657799416,100.0,0.13502905836046608,False
T064,transmission,unavail_tx_import_mw,1000.0,2024-05-10T19:08:00+00:00,2024-05-15T12:40:00+00:00,2024-05-10T21:08:00+02:00,2024-05-15T14:40:00+02:00,2024-05-14,7,2024-05-14T07:00:00+02:00,2024-05-14T08:00:00+02:00,True,1.0,37.96,53.57828981929756,53.57828981929756,53.485953831381366,4565.0,4565.0,0.0,-0.09233598791619357,100.0,0.29064659950006444,False
T064,transmission,unavail_tx_import_mw,1000.0,2024-05-10T19:08:00+00:00,2024-05-15T12:40:00+00:00,2024-05-10T21:08:00+02:00,2024-05-15T14:40:00+02:00,2024-05-14,8,2024-05-14T08:00:00+02:00,2024-05-14T09:00:00+02:00,True,1.0,37.39,54.51717211512228,54.51717211512228,54.263746633919176,4565.0,4565.0,0.0,-0.25342548120310227,100.0,0.18203120171868648,False
T064,transmission,unavail_tx_import_mw,1000.0,2024-05-10T19:08:00+00:00,2024-05-15T12:40:00+00:00,2024-05-10T21:08:00+02:00,2024-05-15T14:40:00+02:00,2024-05-14,9,2024-05-14T09:00:00+02:00,2024-05-14T10:00:00+02:00,True,1.0,7.73,32.1619489201404,32.1619489201404,31.818497168362157,4565.0,4565.0,0.0,-0.3434517517782396,100.0,0.41933507843374684,False
T064,transmission,unavail_tx_import_mw,1000.0,2024-05-10T19:08:00+00:00,2024-05-15T12:40:00+00:00,2024-05-10T21:08:00+02:00,2024-05-15T14:40:00+02:00,2024-05-14,10,2024-05-14T10:00:00+02:00,2024-05-14T11:00:00+02:00,True,1.0,0.33,18.982158143814424,18.982158143814424,18.858094337608847,4565.0,4565.0,0.0,-0.12406380620557655,100.0,0.4095202036675403,False
T064,transmission,unavail_tx_import_mw,1000.0,2024-05-10T19:08:00+00:00,2024-05-15T12:40:00+00:00,2024-05-10T21:08:00+02:00,2024-05-15T14:40:00+02:00,2024-05-14,11,2024-05-14T11:00:00+02:00,2024-05-14T12:00:00+02:00,True,1.0,-1.46,17.26799109725519,17.267991097255212,17.069723203463468,4565.0,4565.0,0.0,-0.19826789379174414,100.0,0.2487356211769125,False
T064,transmission,unavail_tx_import_mw,1000.0,2024-05-10T19:08:00+00:00,2024-05-15T12:40:00+00:00,2024-05-10T21:08:00+02:00,2024-05-15T14:40:00+02:00,2024-05-14,12,2024-05-14T12:00:00+02:00,2024-05-14T13:00:00+02:00,True,1.0,-3.0,12.198891193554893,12.198891193554893,12.173137781398388,4565.0,4565.0,0.0,-0.025753412156504396,100.0,0.25618685807427966,False
T064,transmission,unavail_tx_import_mw,1000.0,2024-05-10T19:08:00+00:00,2024-05-15T12:40:00+00:00,2024-05-10T21:08:00+02:00,2024-05-15T14:40:00+02:00,2024-05-14,13,2024-05-14T13:00:00+02:00,2024-05-14T14:00:00+02:00,True,1.0,-3.72,3.183714204166378,3.1837142041663853,3.1688514391164233,4565.0,4565.0,0.0,-0.014862765049961979,100.0,0.27860029281197285,False
T064,transmission,unavail_tx_import_mw,1000.0,2024-05-10T19:08:00+00:00,2024-05-15T12:40:00+00:00,2024-05-10T21:08:00+02:00,2024-05-15T14:40:00+02:00,2024-05-14,14,2024-05-14T14:00:00+02:00,2024-05-14T15:00:00+02:00,True,1.0,-4.99,0.1206320501334232,0.12063205013342326,0.1150491303065877,4565.0,4565.0,0.0,-0.005582919826835564,100.0,0.23583637946770608,False
T064,transmission,unavail_tx_import_mw,1000.0,2024-05-10T19:08:00+00:00,2024-05-15T12:40:00+00:00,2024-05-10T21:08:00+02:00,2024-05-15T14:40:00+02:00,2024-05-14,15,2024-05-14T15:00:00+02:00,2024-05-14T16:00:00+02:00,True,1.0,-3.99,-1.8622924236461245,-1.8622924236460818,-1.8985924936374374,4565.0,4565.0,0.0,-0.0363000699913556,100.0,0.32846538236166367,False
T064,transmission,unavail_tx_import_mw,1000.0,2024-05-10T19:08:00+00:00,2024-05-15T12:40:00+00:00,2024-05-10T21:08:00+02:00,2024-05-15T14:40:00+02:00,2024-05-14,16,2024-05-14T16:00:00+02:00,2024-05-14T17:00:00+02:00,True,1.0,-0.92,1.1445167758238313,1.1445167758238313,1.0100848743439528,4565.0,4400.0,-165.0,-0.1344319014798785,100.0,0.34925263898582415,True
T064,transmission,unavail_tx_import_mw,1000.0,2024-05-10T19:08:00+00:00,2024-05-15T12:40:00+00:00,2024-05-10T21:08:00+02:00,2024-05-15T14:40:00+02:00,2024-05-14,17,2024-05-14T17:00:00+02:00,2024-05-14T18:00:00+02:00,True,1.0,1.49,9.605232733538031,9.605232733538053,9.51307535474833,4565.0,4400.0,-165.0,-0.09215737878972163,100.0,0.46375276655344067,True
T064,transmission,unavail_tx_import_mw,1000.0,2024-05-10T19:08:00+00:00,2024-05-15T12:40:00+00:00,2024-05-10T21:08:00+02:00,2024-05-15T14:40:00+02:00,2024-05-14,18,2024-05-14T18:00:00+02:00,2024-05-14T19:00:00+02:00,True,1.0,7.76,16.847465335750357,16.847465335750357,16.751062836977773,4565.0,4400.0,-165.0,-0.09640249877258356,100.0,0.369658870351266,True
T064,transmission,unavail_tx_import_mw,1000.0,2024-05-10T19:08:00+00:00,2024-05-15T12:40:00+00:00,2024-05-10T21:08:00+02:00,2024-05-15T14:40:00+02:00,2024-05-14,19,2024-05-14T19:00:00+02:00,2024-05-14T20:00:00+02:00,True,1.0,4.87,29.942370231966592,29.942370231966585,29.942370231966585,4565.0,4400.0,-165.0,0.0,100.0,0.192031778028948,True
T064,transmission,unavail_tx_import_mw,1000.0,2024-05-10T19:08:00+00:00,2024-05-15T12:40:00+00:00,2024-05-10T21:08:00+02:00,2024-05-15T14:40:00+02:00,2024-05-14,20,2024-05-14T20:00:00+02:00,2024-05-14T21:00:00+02:00,True,1.0,1.7,29.5609660127186,29.560966012718602,29.482080970470975,4565.0,4400.0,-165.0,-0.07888504224762727,100.0,0.20117468966555663,True
T064,transmission,unavail_tx_import_mw,1000.0,2024-05-10T19:08:00+00:00,2024-05-15T12:40:00+00:00,2024-05-10T21:08:00+02:00,2024-05-15T14:40:00+02:00,2024-05-14,21,2024-05-14T21:00:00+02:00,2024-05-14T22:00:00+02:00,True,1.0,0.24,28.402811020670764,28.40281102067076,28.40281102067076,4565.0,4400.0,-165.0,0.0,100.0,0.10265030837649647,True
T064,transmission,unavail_tx_import_mw,1000.0,2024-05-10T19:08:00+00:00,2024-05-15T12:40:00+00:00,2024-05-10T21:08:00+02:00,2024-05-15T14:40:00+02:00,2024-05-14,22,2024-05-14T22:00:00+02:00,2024-05-14T23:00:00+02:00,True,1.0,-0.07,23.4377027333018,23.437702733301798,23.437702733301798,4565.0,4400.0,-165.0,0.0,100.0,0.12892724509677578,True
T064,transmission,unavail_tx_import_mw,1000.0,2024-05-10T19:08:00+00:00,2024-05-15T12:40:00+00:00,2024-05-10T21:08:00+02:00,2024-05-15T14:40:00+02:00,2024-05-14,23,2024-05-14T23:00:00+02:00,2024-05-15T00:00:00+02:00,True,1.0,-1.01,15.551161692327652,15.551161692327653,15.48676498651842,4565.0,4500.0,-65.0,-0.06439670580923362,100.0,0.1539552971135265,True
T064,transmission,unavail_tx_import_mw,1000.0,2024-05-10T19:08:00+00:00,2024-05-15T12:40:00+00:00,2024-05-10T21:08:00+02:00,2024-05-15T14:40:00+02:00,2024-05-15,0,2024-05-15T00:00:00+02:00,2024-05-15T01:00:00+02:00,True,1.0,-0.21,-1.2132702446979238,-1.2132702446979167,-1.2074974497298712,4565.0,4400.0,-165.0,0.005772794968045503,100.0,0.07098165432005743,True
T064,transmission,unavail_tx_import_mw,1000.0,2024-05-10T19:08:00+00:00,2024-05-15T12:40:00+00:00,2024-05-10T21:08:00+02:00,2024-05-15T14:40:00+02:00,2024-05-15,1,2024-05-15T01:00:00+02:00,2024-05-15T02:00:00+02:00,True,1.0,-0.16,9.480258641201033,9.480258641201022,9.41644253651556,4565.0,4400.0,-165.0,-0.06381610468546128,100.0,0.21369428272814872,True
T064,transmission,unavail_tx_import_mw,1000.0,2024-05-10T19:08:00+00:00,2024-05-15T12:40:00+00:00,2024-05-10T21:08:00+02:00,2024-05-15T14:40:00+02:00,2024-05-15,2,2024-05-15T02:00:00+02:00,2024-05-15T03:00:00+02:00,True,1.0,-0.15,5.5288518549096075,5.528851854909615,5.6656514218090095,4565.0,4400.0,-165.0,0.13679956689939488,100.0,0.055809241875127924,True
T064,transmission,unavail_tx_import_mw,1000.0,2024-05-10T19:08:00+00:00,2024-05-15T12:40:00+00:00,2024-05-10T21:08:00+02:00,2024-05-15T14:40:00+02:00,2024-05-15,3,2024-05-15T03:00:00+02:00,2024-05-15T04:00:00+02:00,True,1.0,-0.11,5.701681002386579,5.701681002386568,5.701681002386568,4565.0,4400.0,-165.0,0.0,100.0,0.0,True
T064,transmission,unavail_tx_import_mw,1000.0,2024-05-10T19:08:00+00:00,2024-05-15T12:40:00+00:00,2024-05-10T21:08:00+02:00,2024-05-15T14:40:00+02:00,2024-05-15,4,2024-05-15T04:00:00+02:00,2024-05-15T05:00:00+02:00,True,1.0,-0.05,9.013948847296096,9.013948847296092,9.240977442922748,4565.0,4400.0,-165.0,0.22702859562665623,100.0,0.0923931201232584,True
T064,transmission,unavail_tx_import_mw,1000.0,2024-05-10T19:08:00+00:00,2024-05-15T12:40:00+00:00,2024-05-10T21:08:00+02:00,2024-05-15T14:40:00+02:00,2024-05-15,5,2024-05-15T05:00:00+02:00,2024-05-15T06:00:00+02:00,True,1.0,0.21,19.060785095419913,19.06078509541991,19.192487362206688,4565.0,4400.0,-165.0,0.1317022667867782,100.0,0.11454047807297485,True
T064,transmission,unavail_tx_import_mw,1000.0,2024-05-10T19:08:00+00:00,2024-05-15T12:40:00+00:00,2024-05-10T21:08:00+02:00,2024-05-15T14:40:00+02:00,2024-05-15,6,2024-05-15T06:00:00+02:00,2024-05-15T07:00:00+02:00,True,1.0,5.46,29.910880165919256,29.910880165919252,29.630751511721225,4565.0,4400.0,-165.0,-0.2801286541980268,100.0,0.06663640515438018,True
T064,transmission,unavail_tx_import_mw,1000.0,2024-05-10T19:08:00+00:00,2024-05-15T12:40:00+00:00,2024-05-10T21:08:00+02:00,2024-05-15T14:40:00+02:00,2024-05-15,7,2024-05-15T07:00:00+02:00,2024-05-15T08:00:00+02:00,True,1.0,36.61,45.17145220206984,45.17145220206984,44.03947357478107,4565.0,4400.0,-165.0,-1.1319786272887669,100.0,0.30716817216664793,True
T064,transmission,unavail_tx_import_mw,1000.0,2024-05-10T19:08:00+00:00,2024-05-15T12:40:00+00:00,2024-05-10T21:08:00+02:00,2024-05-15T14:40:00+02:00,2024-05-15,8,2024-05-15T08:00:00+02:00,2024-05-15T09:00:00+02:00,True,1.0,37.89,36.23566937466898,36.235669374668966,34.068919073621636,4565.0,4400.0,-165.0,-2.1667503010473297,100.0,0.35682176015289,True
T064,transmission,unavail_tx_import_mw,1000.0,2024-05-10T19:08:00+00:00,2024-05-15T12:40:00+00:00,2024-05-10T21:08:00+02:00,2024-05-15T14:40:00+02:00,2024-05-15,9,2024-05-15T09:00:00+02:00,2024-05-15T10:00:00+02:00,True,1.0,36.01,23.22012567859079,23.22012567859076,20.571715757200046,4565.0,4400.0,-165.0,-2.6484099213907157,100.0,0.5242333534151626,True
T064,transmission,unavail_tx_import_mw,1000.0,2024-05-10T19:08:00+00:00,2024-05-15T12:40:00+00:00,2024-05-10T21:08:00+02:00,2024-05-15T14:40:00+02:00,2024-05-15,10,2024-05-15T10:00:00+02:00,2024-05-15T11:00:00+02:00,True,1.0,7.06,3.159681055694847,3.1596810556948185,1.6324599767286259,4565.0,4400.0,-165.0,-1.5272210789661926,100.0,0.6092908625924736,True
T064,transmission,unavail_tx_import_mw,1000.0,2024-05-10T19:08:00+00:00,2024-05-15T12:40:00+00:00,2024-05-10T21:08:00+02:00,2024-05-15T14:40:00+02:00,2024-05-15,11,2024-05-15T11:00:00+02:00,2024-05-15T12:00:00+02:00,True,1.0,0.22,-2.345163453902501,-2.3451634539024866,-3.7329474772010798,4565.0,4400.0,-165.0,-1.3877840232985932,100.0,0.42041963475345767,True
T064,transmission,unavail_tx_import_mw,1000.0,2024-05-10T19:08:00+00:00,2024-05-15T12:40:00+00:00,2024-05-10T21:08:00+02:00,2024-05-15T14:40:00+02:00,2024-05-15,12,2024-05-15T12:00:00+02:00,2024-05-15T13:00:00+02:00,True,1.0,-0.93,-3.262420167485807,-3.262420167485786,-4.013735466621846,4565.0,4400.0,-165.0,-0.7513152991360599,100.0,0.31920484347593714,True
T064,transmission,unavail_tx_import_mw,1000.0,2024-05-10T19:08:00+00:00,2024-05-15T12:40:00+00:00,2024-05-10T21:08:00+02:00,2024-05-15T14:40:00+02:00,2024-05-15,13,2024-05-15T13:00:00+02:00,2024-05-15T14:00:00+02:00,True,1.0,-1.05,-8.415262587524765,-8.415262587524758,-9.092490083162694,4565.0,4045.0,-520.0,-0.6772274956379363,100.0,0.3263043612084999,True
T064,transmission,unavail_tx_import_mw,1000.0,2024-05-10T19:08:00+00:00,2024-05-15T12:40:00+00:00,2024-05-10T21:08:00+02:00,2024-05-15T14:40:00+02:00,2024-05-15,14,2024-05-15T14:00:00+02:00,2024-05-15T15:00:00+02:00,True,0.6666666666666666,-0.95,-13.59608443510642,-13.59608443510642,-14.115092392457129,4565.0,4045.0,-520.0,-0.5190079573507091,100.0,0.29412729323021836,True
T064,transmission,unavail_tx_import_mw,1000.0,2024-05-10T19:08:00+00:00,2024-05-15T12:40:00+00:00,2024-05-10T21:08:00+02:00,2024-05-15T14:40:00+02:00,2024-05-15,15,2024-05-15T15:00:00+02:00,2024-05-15T16:00:00+02:00,False,0.0,-0.09,-22.01839338741422,-22.018393387414193,-23.09786634651769,4565.0,4045.0,-520.0,-1.079472959103498,100.0,0.43908030957578603,True
T064,transmission,unavail_tx_import_mw,1000.0,2024-05-10T19:08:00+00:00,2024-05-15T12:40:00+00:00,2024-05-10T21:08:00+02:00,2024-05-15T14:40:00+02:00,2024-05-15,16,2024-05-15T16:00:00+02:00,2024-05-15T17:00:00+02:00,False,0.0,1.73,-14.69386008803366,-14.693860088033674,-16.39189143858559,4565.0,4045.0,-520.0,-1.698031350551915,100.0,0.3576683520153523,True
T064,transmission,unavail_tx_import_mw,1000.0,2024-05-10T19:08:00+00:00,2024-05-15T12:40:00+00:00,2024-05-10T21:08:00+02:00,2024-05-15T14:40:00+02:00,2024-05-15,17,2024-05-15T17:00:00+02:00,2024-05-15T18:00:00+02:00,False,0.0,6.95,-11.025036338310784,-11.02503633831077,-12.898220996677793,4565.0,4045.0,-520.0,-1.8731846583670233,100.0,0.5818559798206309,True
T064,transmission,unavail_tx_import_mw,1000.0,2024-05-10T19:08:00+00:00,2024-05-15T12:40:00+00:00,2024-05-10T21:08:00+02:00,2024-05-15T14:40:00+02:00,2024-05-15,18,2024-05-15T18:00:00+02:00,2024-05-15T19:00:00+02:00,False,0.0,28.92,-2.9032829689123503,-2.9032829689123645,-4.950086330054617,4565.0,4045.0,-520.0,-2.0468033611422527,100.0,0.4596464790730579,True
T064,transmission,unavail_tx_import_mw,1000.0,2024-05-10T19:08:00+00:00,2024-05-15T12:40:00+00:00,2024-05-10T21:08:00+02:00,2024-05-15T14:40:00+02:00,2024-05-15,19,2024-05-15T19:00:00+02:00,2024-05-15T20:00:00+02:00,False,0.0,34.37,9.380649306460649,9.380649306460633,8.87629231681985,4565.0,4045.0,-520.0,-0.5043569896407831,100.0,0.28598024818673906,True
T064,transmission,unavail_tx_import_mw,1000.0,2024-05-10T19:08:00+00:00,2024-05-15T12:40:00+00:00,2024-05-10T21:08:00+02:00,2024-05-15T14:40:00+02:00,2024-05-15,20,2024-05-15T20:00:00+02:00,2024-05-15T21:00:00+02:00,False,0.0,36.08,11.353662468836744,11.353662468836745,9.805814411362732,4565.0,4045.0,-520.0,-1.5478480574740132,100.0,0.3152105167296213,True
T064,transmission,unavail_tx_import_mw,1000.0,2024-05-10T19:08:00+00:00,2024-05-15T12:40:00+00:00,2024-05-10T21:08:00+02:00,2024-05-15T14:40:00+02:00,2024-05-15,21,2024-05-15T21:00:00+02:00,2024-05-15T22:00:00+02:00,False,0.0,25.1,9.336418387994982,9.33641838799499,9.06534176327014,4565.0,4045.0,-520.0,-0.2710766247248486,100.0,0.1538794686884728,True
T064,transmission,unavail_tx_import_mw,1000.0,2024-05-10T19:08:00+00:00,2024-05-15T12:40:00+00:00,2024-05-10T21:08:00+02:00,2024-05-15T14:40:00+02:00,2024-05-15,22,2024-05-15T22:00:00+02:00,2024-05-15T23:00:00+02:00,False,0.0,8.19,4.243824079918056,4.243824079918056,3.7354347611393734,4565.0,4045.0,-520.0,-0.5083893187786828,100.0,0.28757771599986626,True
T064,transmission,unavail_tx_import_mw,1000.0,2024-05-10T19:08:00+00:00,2024-05-15T12:40:00+00:00,2024-05-10T21:08:00+02:00,2024-05-15T14:40:00+02:00,2024-05-15,23,2024-05-15T23:00:00+02:00,2024-05-16T00:00:00+02:00,False,0.0,6.03,12.63199568421206,12.631995684212061,12.23917627669503,4565.0,4045.0,-520.0,-0.39281940751703104,100.0,0.06524478597381744,True
T065,transmission,unavail_tx_import_mw,1100.0,2024-06-18T15:00:00+00:00,2024-06-27T21:59:00+00:00,2024-06-18T17:00:00+02:00,2024-06-27T23:59:00+02:00,2024-06-18,0,2024-06-18T00:00:00+02:00,2024-06-18T01:00:00+02:00,False,0.0,35.52,31.57348209538589,31.57348209538589,31.492060686243,3245.0,3245.0,0.0,-0.08142140914289087,100.0,-0.017379885517783578,False
T065,transmission,unavail_tx_import_mw,1100.0,2024-06-18T15:00:00+00:00,2024-06-27T21:59:00+00:00,2024-06-18T17:00:00+02:00,2024-06-27T23:59:00+02:00,2024-06-18,1,2024-06-18T01:00:00+02:00,2024-06-18T02:00:00+02:00,False,0.0,35.05,30.66275875996739,30.66275875996739,30.66275875996739,3245.0,3245.0,0.0,0.0,100.0,0.20328921991422888,False
T065,transmission,unavail_tx_import_mw,1100.0,2024-06-18T15:00:00+00:00,2024-06-27T21:59:00+00:00,2024-06-18T17:00:00+02:00,2024-06-27T23:59:00+02:00,2024-06-18,2,2024-06-18T02:00:00+02:00,2024-06-18T03:00:00+02:00,False,0.0,35.08,29.02342779239485,29.02342779239484,29.02342779239484,3245.0,3245.0,0.0,0.0,100.0,0.1562453120816265,False
T065,transmission,unavail_tx_import_mw,1100.0,2024-06-18T15:00:00+00:00,2024-06-27T21:59:00+00:00,2024-06-18T17:00:00+02:00,2024-06-27T23:59:00+02:00,2024-06-18,3,2024-06-18T03:00:00+02:00,2024-06-18T04:00:00+02:00,False,0.0,35.12,27.214795102515247,27.21479510251525,27.21479510251525,3245.0,3245.0,0.0,0.0,100.0,0.098343897300051,False
T065,transmission,unavail_tx_import_mw,1100.0,2024-06-18T15:00:00+00:00,2024-06-27T21:59:00+00:00,2024-06-18T17:00:00+02:00,2024-06-27T23:59:00+02:00,2024-06-18,4,2024-06-18T04:00:00+02:00,2024-06-18T05:00:00+02:00,False,0.0,35.51,27.931275855447257,27.93127585544725,27.93127585544725,3245.0,3245.0,0.0,0.0,100.0,0.170729375967003,False
T065,transmission,unavail_tx_import_mw,1100.0,2024-06-18T15:00:00+00:00,2024-06-27T21:59:00+00:00,2024-06-18T17:00:00+02:00,2024-06-27T23:59:00+02:00,2024-06-18,5,2024-06-18T05:00:00+02:00,2024-06-18T06:00:00+02:00,False,0.0,38.68,30.49534332839945,30.49534332839945,30.49534332839945,3245.0,3245.0,0.0,0.0,100.0,0.26558662310849,False
T065,transmission,unavail_tx_import_mw,1100.0,2024-06-18T15:00:00+00:00,2024-06-27T21:59:00+00:00,2024-06-18T17:00:00+02:00,2024-06-27T23:59:00+02:00,2024-06-18,6,2024-06-18T06:00:00+02:00,2024-06-18T07:00:00+02:00,False,0.0,42.64,43.92205867774861,43.9220586777486,44.117487656651534,3245.0,3245.0,0.0,0.19542897890293176,100.0,0.12188971850038399,False
T065,transmission,unavail_tx_import_mw,1100.0,2024-06-18T15:00:00+00:00,2024-06-27T21:59:00+00:00,2024-06-18T17:00:00+02:00,2024-06-27T23:59:00+02:00,2024-06-18,7,2024-06-18T07:00:00+02:00,2024-06-18T08:00:00+02:00,False,0.0,126.62,73.09503968075849,73.09503968075849,73.91751492848604,3245.0,3245.0,0.0,0.822475247727553,100.0,0.2814003836337662,False
T065,transmission,unavail_tx_import_mw,1100.0,2024-06-18T15:00:00+00:00,2024-06-27T21:59:00+00:00,2024-06-18T17:00:00+02:00,2024-06-27T23:59:00+02:00,2024-06-18,8,2024-06-18T08:00:00+02:00,2024-06-18T09:00:00+02:00,False,0.0,94.0,80.68072838870268,80.68072838870268,82.19173548637583,3245.0,3245.0,0.0,1.5110070976731578,100.0,0.6186416469958687,False
T065,transmission,unavail_tx_import_mw,1100.0,2024-06-18T15:00:00+00:00,2024-06-27T21:59:00+00:00,2024-06-18T17:00:00+02:00,2024-06-27T23:59:00+02:00,2024-06-18,9,2024-06-18T09:00:00+02:00,2024-06-18T10:00:00+02:00,False,0.0,75.38,61.60627085670356,61.60627085670357,62.513718538811005,3245.0,3245.0,0.0,0.9074476821074384,100.0,0.6131297132254829,False
T065,transmission,unavail_tx_import_mw,1100.0,2024-06-18T15:00:00+00:00,2024-06-27T21:59:00+00:00,2024-06-18T17:00:00+02:00,2024-06-27T23:59:00+02:00,2024-06-18,10,2024-06-18T10:00:00+02:00,2024-06-18T11:00:00+02:00,False,0.0,59.97,48.49844513108385,48.49844513108385,48.991238578739626,3245.0,3245.0,0.0,0.49279344765577804,100.0,0.7060961237885763,False
T065,transmission,unavail_tx_import_mw,1100.0,2024-06-18T15:00:00+00:00,2024-06-27T21:59:00+00:00,2024-06-18T17:00:00+02:00,2024-06-27T23:59:00+02:00,2024-06-18,11,2024-06-18T11:00:00+02:00,2024-06-18T12:00:00+02:00,False,0.0,42.89,41.40298555983944,41.40298555983944,42.07019330888748,3245.0,3245.0,0.0,0.667207749048039,100.0,0.700312601385285,False
T065,transmission,unavail_tx_import_mw,1100.0,2024-06-18T15:00:00+00:00,2024-06-27T21:59:00+00:00,2024-06-18T17:00:00+02:00,2024-06-27T23:59:00+02:00,2024-06-18,12,2024-06-18T12:00:00+02:00,2024-06-18T13:00:00+02:00,False,0.0,42.48,37.17676838917022,37.17676838917021,37.57560580382305,3245.0,3245.0,0.0,0.3988374146528386,100.0,0.3888990229038072,False
T065,transmission,unavail_tx_import_mw,1100.0,2024-06-18T15:00:00+00:00,2024-06-27T21:59:00+00:00,2024-06-18T17:00:00+02:00,2024-06-27T23:59:00+02:00,2024-06-18,13,2024-06-18T13:00:00+02:00,2024-06-18T14:00:00+02:00,False,0.0,39.83,28.47001457270234,28.470014572702347,28.93673281337489,3245.0,3245.0,0.0,0.46671824067254164,100.0,0.40320410464232737,False
T065,transmission,unavail_tx_import_mw,1100.0,2024-06-18T15:00:00+00:00,2024-06-27T21:59:00+00:00,2024-06-18T17:00:00+02:00,2024-06-27T23:59:00+02:00,2024-06-18,14,2024-06-18T14:00:00+02:00,2024-06-18T15:00:00+02:00,False,0.0,39.26,27.38902967049652,27.389029670496527,27.94419520077316,3245.0,3245.0,0.0,0.5551655302766321,100.0,0.3211709182312319,False
T065,transmission,unavail_tx_import_mw,1100.0,2024-06-18T15:00:00+00:00,2024-06-27T21:59:00+00:00,2024-06-18T17:00:00+02:00,2024-06-27T23:59:00+02:00,2024-06-18,15,2024-06-18T15:00:00+02:00,2024-06-18T16:00:00+02:00,False,0.0,38.5,28.51803180420485,28.518031804204846,28.891751161086173,3245.0,3245.0,0.0,0.3737193568813275,100.0,0.474410423423393,False
T065,transmission,unavail_tx_import_mw,1100.0,2024-06-18T15:00:00+00:00,2024-06-27T21:59:00+00:00,2024-06-18T17:00:00+02:00,2024-06-27T23:59:00+02:00,2024-06-18,16,2024-06-18T16:00:00+02:00,2024-06-18T17:00:00+02:00,False,0.0,37.72,28.773820923539297,28.773820923539297,29.671106136679693,3245.0,3245.0,0.0,0.8972852131403961,100.0,0.6017795815545206,False
T065,transmission,unavail_tx_import_mw,1100.0,2024-06-18T15:00:00+00:00,2024-06-27T21:59:00+00:00,2024-06-18T17:00:00+02:00,2024-06-27T23:59:00+02:00,2024-06-18,17,2024-06-18T17:00:00+02:00,2024-06-18T18:00:00+02:00,True,1.0,39.02,34.9185491740514,34.91854917405141,35.32854036760358,3245.0,3545.0,300.0,0.40999119355217317,100.0,0.6810060346038114,True
T065,transmission,unavail_tx_import_mw,1100.0,2024-06-18T15:00:00+00:00,2024-06-27T21:59:00+00:00,2024-06-18T17:00:00+02:00,2024-06-27T23:59:00+02:00,2024-06-18,18,2024-06-18T18:00:00+02:00,2024-06-18T19:00:00+02:00,True,1.0,39.66,46.195409186935834,46.19540918693584,46.21458207980611,3245.0,3545.0,300.0,0.019172892870265912,100.0,0.5979605893637157,True
T065,transmission,unavail_tx_import_mw,1100.0,2024-06-18T15:00:00+00:00,2024-06-27T21:59:00+00:00,2024-06-18T17:00:00+02:00,2024-06-27T23:59:00+02:00,2024-06-18,19,2024-06-18T19:00:00+02:00,2024-06-18T20:00:00+02:00,True,1.0,39.65,44.17409682083005,44.17409682083006,44.17409682083006,3245.0,3545.0,300.0,0.0,100.0,0.36991003080888873,True
T065,transmission,unavail_tx_import_mw,1100.0,2024-06-18T15:00:00+00:00,2024-06-27T21:59:00+00:00,2024-06-18T17:00:00+02:00,2024-06-27T23:59:00+02:00,2024-06-18,20,2024-06-18T20:00:00+02:00,2024-06-18T21:00:00+02:00,True,1.0,39.18,47.32379733589869,47.32379733589869,47.32379733589869,3245.0,3545.0,300.0,0.0,100.0,0.33831511587915486,True
T065,transmission,unavail_tx_import_mw,1100.0,2024-06-18T15:00:00+00:00,2024-06-27T21:59:00+00:00,2024-06-18T17:00:00+02:00,2024-06-27T23:59:00+02:00,2024-06-18,21,2024-06-18T21:00:00+02:00,2024-06-18T22:00:00+02:00,True,1.0,37.24,42.27120381481224,42.27120381481224,42.27120381481224,3245.0,3545.0,300.0,0.0,100.0,0.2534970507512071,True
T065,transmission,unavail_tx_import_mw,1100.0,2024-06-18T15:00:00+00:00,2024-06-27T21:59:00+00:00,2024-06-18T17:00:00+02:00,2024-06-27T23:59:00+02:00,2024-06-18,22,2024-06-18T22:00:00+02:00,2024-06-18T23:00:00+02:00,True,1.0,34.14,34.319361056902345,34.31936105690235,34.31936105690235,3245.0,3545.0,300.0,0.0,100.0,0.4364490965773058,True
T065,transmission,unavail_tx_import_mw,1100.0,2024-06-18T15:00:00+00:00,2024-06-27T21:59:00+00:00,2024-06-18T17:00:00+02:00,2024-06-27T23:59:00+02:00,2024-06-18,23,2024-06-18T23:00:00+02:00,2024-06-19T00:00:00+02:00,True,1.0,30.47,25.78341312398349,25.783413123983483,26.06372259129828,3245.0,3545.0,300.0,0.28030946731479744,100.0,0.34259047819384136,True
T065,transmission,unavail_tx_import_mw,1100.0,2024-06-18T15:00:00+00:00,2024-06-27T21:59:00+00:00,2024-06-18T17:00:00+02:00,2024-06-27T23:59:00+02:00,2024-06-19,0,2024-06-19T00:00:00+02:00,2024-06-19T01:00:00+02:00,True,1.0,27.51,24.038674339612378,24.038674339612374,24.386635010054455,3245.0,3545.0,300.0,0.347960670442081,100.0,0.1194811775608855,True
T065,transmission,unavail_tx_import_mw,1100.0,2024-06-18T15:00:00+00:00,2024-06-27T21:59:00+00:00,2024-06-18T17:00:00+02:00,2024-06-27T23:59:00+02:00,2024-06-19,1,2024-06-19T01:00:00+02:00,2024-06-19T02:00:00+02:00,True,1.0,25.86,24.08902722572782,24.08902722572782,24.698928188146184,3245.0,3545.0,300.0,0.6099009624183651,100.0,0.20944096078445185,True
T065,transmission,unavail_tx_import_mw,1100.0,2024-06-18T15:00:00+00:00,2024-06-27T21:59:00+00:00,2024-06-18T17:00:00+02:00,2024-06-27T23:59:00+02:00,2024-06-19,2,2024-06-19T02:00:00+02:00,2024-06-19T03:00:00+02:00,True,1.0,24.9,24.20527973317076,24.20527973317076,24.657354056287666,3245.0,3545.0,300.0,0.4520743231169071,100.0,0.15513646852704,True
T065,transmission,unavail_tx_import_mw,1100.0,2024-06-18T15:00:00+00:00,2024-06-27T21:59:00+00:00,2024-06-18T17:00:00+02:00,2024-06-27T23:59:00+02:00,2024-06-19,3,2024-06-19T03:00:00+02:00,2024-06-19T04:00:00+02:00,True,1.0,23.45,25.402296037116887,25.402296037116887,25.66483401511833,3245.0,3545.0,300.0,0.2625379780014434,100.0,0.0900409534830402,True
T065,transmission,unavail_tx_import_mw,1100.0,2024-06-18T15:00:00+00:00,2024-06-27T21:59:00+00:00,2024-06-18T17:00:00+02:00,2024-06-27T23:59:00+02:00,2024-06-19,4,2024-06-19T04:00:00+02:00,2024-06-19T05:00:00+02:00,True,1.0,23.19,27.21307530287249,27.21307530287249,27.21307530287249,3245.0,3545.0,300.0,0.0,100.0,0.0,True
T065,transmission,unavail_tx_import_mw,1100.0,2024-06-18T15:00:00+00:00,2024-06-27T21:59:00+00:00,2024-06-18T17:00:00+02:00,2024-06-27T23:59:00+02:00,2024-06-19,5,2024-06-19T05:00:00+02:00,2024-06-19T06:00:00+02:00,True,1.0,26.11,33.33992040353609,33.33992040353609,33.98339717310949,3245.0,3545.0,300.0,0.6434767695733967,100.0,0.220538307074861,True
T065,transmission,unavail_tx_import_mw,1100.0,2024-06-18T15:00:00+00:00,2024-06-27T21:59:00+00:00,2024-06-18T17:00:00+02:00,2024-06-27T23:59:00+02:00,2024-06-19,6,2024-06-19T06:00:00+02:00,2024-06-19T07:00:00+02:00,True,1.0,36.71,51.58339363802585,51.58339363802585,51.94795395166336,3245.0,3545.0,300.0,0.3645603136375044,100.0,0.12483895312959703,True
T065,transmission,unavail_tx_import_mw,1100.0,2024-06-18T15:00:00+00:00,2024-06-27T21:59:00+00:00,2024-06-18T17:00:00+02:00,2024-06-27T23:59:00+02:00,2024-06-19,7,2024-06-19T07:00:00+02:00,2024-06-19T08:00:00+02:00,True,1.0,108.55,74.15567259155387,74.15567259155387,75.09215600490562,3245.0,3545.0,300.0,0.9364834133517519,100.0,0.32028796719193053,True
T065,transmission,unavail_tx_import_mw,1100.0,2024-06-18T15:00:00+00:00,2024-06-27T21:59:00+00:00,2024-06-18T17:00:00+02:00,2024-06-27T23:59:00+02:00,2024-06-19,8,2024-06-19T08:00:00+02:00,2024-06-19T09:00:00+02:00,True,1.0,100.9,71.96317945984607,71.96317945984607,73.7285892323465,3245.0,3545.0,300.0,1.7654097725004192,100.0,0.6051262148199044,True
T065,transmission,unavail_tx_import_mw,1100.0,2024-06-18T15:00:00+00:00,2024-06-27T21:59:00+00:00,2024-06-18T17:00:00+02:00,2024-06-27T23:59:00+02:00,2024-06-19,9,2024-06-19T09:00:00+02:00,2024-06-19T10:00:00+02:00,True,1.0,76.19,60.08662578146035,60.086625781460356,61.88757884886901,3245.0,3545.0,300.0,1.8009530674086562,100.0,0.6181602672021071,True
T065,transmission,unavail_tx_import_mw,1100.0,2024-06-18T15:00:00+00:00,2024-06-27T21:59:00+00:00,2024-06-18T17:00:00+02:00,2024-06-27T23:59:00+02:00,2024-06-19,10,2024-06-19T10:00:00+02:00,2024-06-19T11:00:00+02:00,True,1.0,53.33,54.84307040555415,54.843070405554144,56.724483125201864,3245.0,3545.0,300.0,1.8814127196477202,100.0,0.6465114678161612,True
T065,transmission,unavail_tx_import_mw,1100.0,2024-06-18T15:00:00+00:00,2024-06-27T21:59:00+00:00,2024-06-18T17:00:00+02:00,2024-06-27T23:59:00+02:00,2024-06-19,11,2024-06-19T11:00:00+02:00,2024-06-19T12:00:00+02:00,True,1.0,34.94,54.10653162853624,54.10653162853623,55.97247430649661,3245.0,3545.0,300.0,1.8659426779603763,100.0,0.6406139111007647,True
T065,transmission,unavail_tx_import_mw,1100.0,2024-06-18T15:00:00+00:00,2024-06-27T21:59:00+00:00,2024-06-18T17:00:00+02:00,2024-06-27T23:59:00+02:00,2024-06-19,12,2024-06-19T12:00:00+02:00,2024-06-19T13:00:00+02:00,True,1.0,25.91,50.61261188553213,50.61261188553213,51.60556782185747,3245.0,3545.0,300.0,0.9929559363253375,100.0,0.3405043869121016,True
T065,transmission,unavail_tx_import_mw,1100.0,2024-06-18T15:00:00+00:00,2024-06-27T21:59:00+00:00,2024-06-18T17:00:00+02:00,2024-06-27T23:59:00+02:00,2024-06-19,13,2024-06-19T13:00:00+02:00,2024-06-19T14:00:00+02:00,True,1.0,25.4,48.67232097748689,48.67232097748689,49.69835939911889,3245.0,3545.0,300.0,1.026038421632002,100.0,0.35165804880544727,True
T065,transmission,unavail_tx_import_mw,1100.0,2024-06-18T15:00:00+00:00,2024-06-27T21:59:00+00:00,2024-06-18T17:00:00+02:00,2024-06-27T23:59:00+02:00,2024-06-19,14,2024-06-19T14:00:00+02:00,2024-06-19T15:00:00+02:00,True,1.0,21.87,48.147820654261,48.14782065426099,48.94568919012964,3245.0,3545.0,300.0,0.7978685358686519,100.0,0.2734250010166761,True
T065,transmission,unavail_tx_import_mw,1100.0,2024-06-18T15:00:00+00:00,2024-06-27T21:59:00+00:00,2024-06-18T17:00:00+02:00,2024-06-27T23:59:00+02:00,2024-06-19,15,2024-06-19T15:00:00+02:00,2024-06-19T16:00:00+02:00,True,1.0,18.95,47.58969095520743,47.58969095520744,48.79013776269224,3245.0,3545.0,300.0,1.200446807484802,100.0,0.41172073630369255,True
T065,transmission,unavail_tx_import_mw,1100.0,2024-06-18T15:00:00+00:00,2024-06-27T21:59:00+00:00,2024-06-18T17:00:00+02:00,2024-06-27T23:59:00+02:00,2024-06-19,16,2024-06-19T16:00:00+02:00,2024-06-19T17:00:00+02:00,True,1.0,20.81,49.660403348435075,49.66040334843507,51.10291459475269,3245.0,3545.0,300.0,1.442511246317622,100.0,0.4951714534228415,True
T065,transmission,unavail_tx_import_mw,1100.0,2024-06-18T15:00:00+00:00,2024-06-27T21:59:00+00:00,2024-06-18T17:00:00+02:00,2024-06-27T23:59:00+02:00,2024-06-19,17,2024-06-19T17:00:00+02:00,2024-06-19T18:00:00+02:00,True,1.0,27.58,55.71796130192212,55.7179613019221,57.41317179636915,3245.0,3545.0,300.0,1.6952104944470463,100.0,0.5823652973972315,True
T065,transmission,unavail_tx_import_mw,1100.0,2024-06-18T15:00:00+00:00,2024-06-27T21:59:00+00:00,2024-06-18T17:00:00+02:00,2024-06-27T23:59:00+02:00,2024-06-19,18,2024-06-19T18:00:00+02:00,2024-06-19T19:00:00+02:00,True,1.0,37.09,63.32043598512024,63.320435985120234,64.50574433208183,3245.0,3545.0,300.0,1.1853083469615981,100.0,0.40596786601585677,True
T065,transmission,unavail_tx_import_mw,1100.0,2024-06-18T15:00:00+00:00,2024-06-27T21:59:00+00:00,2024-06-18T17:00:00+02:00,2024-06-27T23:59:00+02:00,2024-06-19,19,2024-06-19T19:00:00+02:00,2024-06-19T20:00:00+02:00,True,1.0,38.48,65.83580070880444,65.83580070880443,66.80331791133845,3245.0,3545.0,300.0,0.967517202534026,100.0,0.3309047625290731,True
T065,transmission,unavail_tx_import_mw,1100.0,2024-06-18T15:00:00+00:00,2024-06-27T21:59:00+00:00,2024-06-18T17:00:00+02:00,2024-06-27T23:59:00+02:00,2024-06-19,20,2024-06-19T20:00:00+02:00,2024-06-19T21:00:00+02:00,True,1.0,40.32,64.0715352145034,64.0715352145034,64.97156484976459,3245.0,3545.0,300.0,0.9000296352611912,100.0,0.30813168692966997,True
T065,transmission,unavail_tx_import_mw,1100.0,2024-06-18T15:00:00+00:00,2024-06-27T21:59:00+00:00,2024-06-18T17:00:00+02:00,2024-06-27T23:59:00+02:00,2024-06-19,21,2024-06-19T21:00:00+02:00,2024-06-19T22:00:00+02:00,True,1.0,18.96,55.65103331085493,55.65103331085493,56.34282849799345,3245.0,3545.0,300.0,0.6917951871385242,100.0,0.23687112662081233,True
T065,transmission,unavail_tx_import_mw,1100.0,2024-06-18T15:00:00+00:00,2024-06-27T21:59:00+00:00,2024-06-18T17:00:00+02:00,2024-06-27T23:59:00+02:00,2024-06-19,22,2024-06-19T22:00:00+02:00,2024-06-19T23:00:00+02:00,True,1.0,10.07,50.227341631868654,50.227341631868654,51.24774136502018,3245.0,3545.0,300.0,1.0203997331515282,100.0,0.3484587570216249,True
T065,transmission,unavail_tx_import_mw,1100.0,2024-06-18T15:00:00+00:00,2024-06-27T21:59:00+00:00,2024-06-18T17:00:00+02:00,2024-06-27T23:59:00+02:00,2024-06-19,23,2024-06-19T23:00:00+02:00,2024-06-20T00:00:00+02:00,True,1.0,4.47,34.83888047586947,34.83888047586947,35.143750042694904,3245.0,3545.0,300.0,0.3048695668254311,100.0,0.10445556430102698,True
T065,transmission,unavail_tx_import_mw,1100.0,2024-06-18T15:00:00+00:00,2024-06-27T21:59:00+00:00,2024-06-18T17:00:00+02:00,2024-06-27T23:59:00+02:00,2024-06-20,0,2024-06-20T00:00:00+02:00,2024-06-20T01:00:00+02:00,True,1.0,5.15,2.223439862444824,2.223439862444806,2.223439862444806,3545.0,3545.0,0.0,0.0,100.0,0.1453282331848591,False
T065,transmission,unavail_tx_import_mw,1100.0,2024-06-18T15:00:00+00:00,2024-06-27T21:59:00+00:00,2024-06-18T17:00:00+02:00,2024-06-27T23:59:00+02:00,2024-06-20,1,2024-06-20T01:00:00+02:00,2024-06-20T02:00:00+02:00,True,1.0,5.82,4.354840472543401,4.354840472543398,4.354840472543398,3545.0,3545.0,0.0,0.0,100.0,0.2783462204213585,False
T065,transmission,unavail_tx_import_mw,1100.0,2024-06-18T15:00:00+00:00,2024-06-27T21:59:00+00:00,2024-06-18T17:00:00+02:00,2024-06-27T23:59:00+02:00,2024-06-20,2,2024-06-20T02:00:00+02:00,2024-06-20T03:00:00+02:00,True,1.0,8.18,4.7094768600838215,4.7094768600838215,4.7094768600838215,3545.0,3545.0,0.0,0.0,100.0,0.19644752127353016,False
T065,transmission,unavail_tx_import_mw,1100.0,2024-06-18T15:00:00+00:00,2024-06-27T21:59:00+00:00,2024-06-18T17:00:00+02:00,2024-06-27T23:59:00+02:00,2024-06-20,3,2024-06-20T03:00:00+02:00,2024-06-20T04:00:00+02:00,True,1.0,10.64,6.159133770476739,6.159133770476732,6.159133770476732,3545.0,3545.0,0.0,0.0,100.0,0.2541774559977483,False
T065,transmission,unavail_tx_import_mw,1100.0,2024-06-18T15:00:00+00:00,2024-06-27T21:59:00+00:00,2024-06-18T17:00:00+02:00,2024-06-27T23:59:00+02:00,2024-06-20,4,2024-06-20T04:00:00+02:00,2024-06-20T05:00:00+02:00,True,1.0,10.59,6.619883135688312,6.619883135688315,6.619883135688315,3545.0,3545.0,0.0,0.0,100.0,0.27621390324578954,False
T065,transmission,unavail_tx_import_mw,1100.0,2024-06-18T15:00:00+00:00,2024-06-27T21:59:00+00:00,2024-06-18T17:00:00+02:00,2024-06-27T23:59:00+02:00,2024-06-20,5,2024-06-20T05:00:00+02:00,2024-06-20T06:00:00+02:00,True,1.0,11.73,8.274010273994854,8.274010273994854,8.274010273994854,3545.0,3545.0,0.0,0.0,100.0,0.19852175220040635,False
T065,transmission,unavail_tx_import_mw,1100.0,2024-06-18T15:00:00+00:00,2024-06-27T21:59:00+00:00,2024-06-18T17:00:00+02:00,2024-06-27T23:59:00+02:00,2024-06-20,6,2024-06-20T06:00:00+02:00,2024-06-20T07:00:00+02:00,True,1.0,15.64,10.9329711405448,10.932971140544801,10.932971140544801,3545.0,3545.0,0.0,0.0,100.0,0.12508463115603874,False
T065,transmission,unavail_tx_import_mw,1100.0,2024-06-18T15:00:00+00:00,2024-06-27T21:59:00+00:00,2024-06-18T17:00:00+02:00,2024-06-27T23:59:00+02:00,2024-06-20,7,2024-06-20T07:00:00+02:00,2024-06-20T08:00:00+02:00,True,1.0,19.19,27.075120405447215,27.075120405447215,27.075120405447215,3545.0,3545.0,0.0,0.0,100.0,0.2986988247195086,False
T065,transmission,unavail_tx_import_mw,1100.0,2024-06-18T15:00:00+00:00,2024-06-27T21:59:00+00:00,2024-06-18T17:00:00+02:00,2024-06-27T23:59:00+02:00,2024-06-20,8,2024-06-20T08:00:00+02:00,2024-06-20T09:00:00+02:00,True,1.0,23.03,22.06882335726084,22.06882335726084,22.06882335726084,3545.0,3545.0,0.0,0.0,100.0,0.6971036023333141,False
T065,transmission,unavail_tx_import_mw,1100.0,2024-06-18T15:00:00+00:00,2024-06-27T21:59:00+00:00,2024-06-18T17:00:00+02:00,2024-06-27T23:59:00+02:00,2024-06-20,9,2024-06-20T09:00:00+02:00,2024-06-20T10:00:00+02:00,True,1.0,18.86,-0.4436235885396513,-0.44362358853965134,-0.44362358853965134,3545.0,3545.0,0.0,0.0,100.0,0.9152960410566493,False
T065,transmission,unavail_tx_import_mw,1100.0,2024-06-18T15:00:00+00:00,2024-06-27T21:59:00+00:00,2024-06-18T17:00:00+02:00,2024-06-27T23:59:00+02:00,2024-06-20,10,2024-06-20T10:00:00+02:00,2024-06-20T11:00:00+02:00,True,1.0,14.9,-8.688831904371014,-8.688831904371,-8.688831904371,3545.0,3545.0,0.0,0.0,100.0,0.9897393453251766,False
T065,transmission,unavail_tx_import_mw,1100.0,2024-06-18T15:00:00+00:00,2024-06-27T21:59:00+00:00,2024-06-18T17:00:00+02:00,2024-06-27T23:59:00+02:00,2024-06-20,11,2024-06-20T11:00:00+02:00,2024-06-20T12:00:00+02:00,True,1.0,10.4,-16.255026030136406,-16.255026030136406,-16.255026030136406,3545.0,3545.0,0.0,0.0,100.0,1.0779814916054562,False
T065,transmission,unavail_tx_import_mw,1100.0,2024-06-18T15:00:00+00:00,2024-06-27T21:59:00+00:00,2024-06-18T17:00:00+02:00,2024-06-27T23:59:00+02:00,2024-06-20,12,2024-06-20T12:00:00+02:00,2024-06-20T13:00:00+02:00,True,1.0,6.59,-13.264154953892202,-13.264154953892202,-13.264154953892202,3545.0,3545.0,0.0,0.0,100.0,0.501537950256207,False
T065,transmission,unavail_tx_import_mw,1100.0,2024-06-18T15:00:00+00:00,2024-06-27T21:59:00+00:00,2024-06-18T17:00:00+02:00,2024-06-27T23:59:00+02:00,2024-06-20,13,2024-06-20T13:00:00+02:00,2024-06-20T14:00:00+02:00,True,1.0,3.83,-16.59683691367671,-16.596836913676725,-16.596836913676725,3545.0,3545.0,0.0,0.0,100.0,0.5937907841756953,False
T065,transmission,unavail_tx_import_mw,1100.0,2024-06-18T15:00:00+00:00,2024-06-27T21:59:00+00:00,2024-06-18T17:00:00+02:00,2024-06-27T23:59:00+02:00,2024-06-20,14,2024-06-20T14:00:00+02:00,2024-06-20T15:00:00+02:00,True,1.0,3.0,-18.298872855681225,-18.29887285568121,-18.29887285568121,3545.0,3545.0,0.0,0.0,100.0,0.4961042252641903,False
T065,transmission,unavail_tx_import_mw,1100.0,2024-06-18T15:00:00+00:00,2024-06-27T21:59:00+00:00,2024-06-18T17:00:00+02:00,2024-06-27T23:59:00+02:00,2024-06-20,15,2024-06-20T15:00:00+02:00,2024-06-20T16:00:00+02:00,True,1.0,2.61,-33.97326279391763,-33.97326279391764,-33.97326279391764,3545.0,3545.0,0.0,0.0,100.0,0.6766617579375236,False
T065,transmission,unavail_tx_import_mw,1100.0,2024-06-18T15:00:00+00:00,2024-06-27T21:59:00+00:00,2024-06-18T17:00:00+02:00,2024-06-27T23:59:00+02:00,2024-06-20,16,2024-06-20T16:00:00+02:00,2024-06-20T17:00:00+02:00,True,1.0,2.05,-44.71541529373245,-44.71541529373242,-44.71541529373242,3545.0,3545.0,0.0,0.0,100.0,1.09524213304978,False
T065,transmission,unavail_tx_import_mw,1100.0,2024-06-18T15:00:00+00:00,2024-06-27T21:59:00+00:00,2024-06-18T17:00:00+02:00,2024-06-27T23:59:00+02:00,2024-06-20,17,2024-06-20T17:00:00+02:00,2024-06-20T18:00:00+02:00,True,1.0,1.5,-45.600127635593,-45.600127635593,-45.600127635593,3545.0,3545.0,0.0,0.0,100.0,1.2523791716775605,False
T065,transmission,unavail_tx_import_mw,1100.0,2024-06-18T15:00:00+00:00,2024-06-27T21:59:00+00:00,2024-06-18T17:00:00+02:00,2024-06-27T23:59:00+02:00,2024-06-20,18,2024-06-20T18:00:00+02:00,2024-06-20T19:00:00+02:00,True,1.0,2.44,-35.749483932985214,-35.749483932985186,-35.749483932985186,3545.0,3545.0,0.0,0.0,100.0,0.9420642305886702,False
T065,transmission,unavail_tx_import_mw,1100.0,2024-06-18T15:00:00+00:00,2024-06-27T21:59:00+00:00,2024-06-18T17:00:00+02:00,2024-06-27T23:59:00+02:00,2024-06-20,19,2024-06-20T19:00:00+02:00,2024-06-20T20:00:00+02:00,True,1.0,3.01,-14.023463657299132,-14.023463657299118,-14.023463657299118,3545.0,3545.0,0.0,0.0,100.0,0.6212315377731983,False
T065,transmission,unavail_tx_import_mw,1100.0,2024-06-18T15:00:00+00:00,2024-06-27T21:59:00+00:00,2024-06-18T17:00:00+02:00,2024-06-27T23:59:00+02:00,2024-06-20,20,2024-06-20T20:00:00+02:00,2024-06-20T21:00:00+02:00,True,1.0,3.01,-2.599552157663858,-2.599552157663858,-2.599552157663858,3545.0,3545.0,0.0,0.0,100.0,0.5217665900666475,False
T065,transmission,unavail_tx_import_mw,1100.0,2024-06-18T15:00:00+00:00,2024-06-27T21:59:00+00:00,2024-06-18T17:00:00+02:00,2024-06-27T23:59:00+02:00,2024-06-20,21,2024-06-20T21:00:00+02:00,2024-06-20T22:00:00+02:00,True,1.0,2.02,-0.3612679215177863,-0.3612679215178005,-0.3612679215178005,3545.0,3545.0,0.0,0.0,100.0,0.4081060297806971,False
T065,transmission,unavail_tx_import_mw,1100.0,2024-06-18T15:00:00+00:00,2024-06-27T21:59:00+00:00,2024-06-18T17:00:00+02:00,2024-06-27T23:59:00+02:00,2024-06-20,22,2024-06-20T22:00:00+02:00,2024-06-20T23:00:00+02:00,True,1.0,0.93,0.0090817142955259,0.009081714295533061,0.009081714295533061,3545.0,3545.0,0.0,0.0,100.0,0.4006433757033463,False
T065,transmission,unavail_tx_import_mw,1100.0,2024-06-18T15:00:00+00:00,2024-06-27T21:59:00+00:00,2024-06-18T17:00:00+02:00,2024-06-27T23:59:00+02:00,2024-06-20,23,2024-06-20T23:00:00+02:00,2024-06-21T00:00:00+02:00,True,1.0,0.21,4.305491493197874,4.30549149319787,4.30549149319787,3545.0,3545.0,0.0,0.0,100.0,0.09335728935531762,False
T065,transmission,unavail_tx_import_mw,1100.0,2024-06-18T15:00:00+00:00,2024-06-27T21:59:00+00:00,2024-06-18T17:00:00+02:00,2024-06-27T23:59:00+02:00,2024-06-21,0,2024-06-21T00:00:00+02:00,2024-06-21T01:00:00+02:00,True,1.0,0.0,3.3872610114665314,3.3872610114665314,3.3872610114665314,3545.0,3545.0,0.0,0.0,100.0,0.23164775587600062,False
T065,transmission,unavail_tx_import_mw,1100.0,2024-06-18T15:00:00+00:00,2024-06-27T21:59:00+00:00,2024-06-18T17:00:00+02:00,2024-06-27T23:59:00+02:00,2024-06-21,1,2024-06-21T01:00:00+02:00,2024-06-21T02:00:00+02:00,True,1.0,0.25,7.204079553892445,7.204079553892434,7.204079553892434,3545.0,3545.0,0.0,0.0,100.0,0.2489857534699489,False
T065,transmission,unavail_tx_import_mw,1100.0,2024-06-18T15:00:00+00:00,2024-06-27T21:59:00+00:00,2024-06-18T17:00:00+02:00,2024-06-27T23:59:00+02:00,2024-06-21,2,2024-06-21T02:00:00+02:00,2024-06-21T03:00:00+02:00,True,1.0,0.4,10.26506505197858,10.265065051978574,10.265065051978574,3545.0,3545.0,0.0,0.0,100.0,0.22891840087466164,False
T065,transmission,unavail_tx_import_mw,1100.0,2024-06-18T15:00:00+00:00,2024-06-27T21:59:00+00:00,2024-06-18T17:00:00+02:00,2024-06-27T23:59:00+02:00,2024-06-21,3,2024-06-21T03:00:00+02:00,2024-06-21T04:00:00+02:00,True,1.0,1.3,11.96753321993164,11.967533219931635,11.967533219931635,3545.0,3545.0,0.0,0.0,100.0,0.21800653853834362,False
T065,transmission,unavail_tx_import_mw,1100.0,2024-06-18T15:00:00+00:00,2024-06-27T21:59:00+00:00,2024-06-18T17:00:00+02:00,2024-06-27T23:59:00+02:00,2024-06-21,4,2024-06-21T04:00:00+02:00,2024-06-21T05:00:00+02:00,True,1.0,2.56,12.997656661459292,12.997656661459287,12.997656661459287,3545.0,3545.0,0.0,0.0,100.0,0.2369637379395204,False
T065,transmission,unavail_tx_import_mw,1100.0,2024-06-18T15:00:00+00:00,2024-06-27T21:59:00+00:00,2024-06-18T17:00:00+02:00,2024-06-27T23:59:00+02:00,2024-06-21,5,2024-06-21T05:00:00+02:00,2024-06-21T06:00:00+02:00,True,1.0,4.09,13.706652179543124,13.706652179543127,13.706652179543127,3545.0,3545.0,0.0,0.0,100.0,0.259440323175788,False
T065,transmission,unavail_tx_import_mw,1100.0,2024-06-18T15:00:00+00:00,2024-06-27T21:59:00+00:00,2024-06-18T17:00:00+02:00,2024-06-27T23:59:00+02:00,2024-06-21,6,2024-06-21T06:00:00+02:00,2024-06-21T07:00:00+02:00,True,1.0,4.19,18.417066573042614,18.417066573042614,18.417066573042614,3545.0,3545.0,0.0,0.0,100.0,0.10836940733196698,False
T065,transmission,unavail_tx_import_mw,1100.0,2024-06-18T15:00:00+00:00,2024-06-27T21:59:00+00:00,2024-06-18T17:00:00+02:00,2024-06-27T23:59:00+02:00,2024-06-21,7,2024-06-21T07:00:00+02:00,2024-06-21T08:00:00+02:00,True,1.0,7.4,25.748442342136386,25.74844234213638,25.74844234213638,3545.0,3545.0,0.0,0.0,100.0,0.2957302600058753,False
T065,transmission,unavail_tx_import_mw,1100.0,2024-06-18T15:00:00+00:00,2024-06-27T21:59:00+00:00,2024-06-18T17:00:00+02:00,2024-06-27T23:59:00+02:00,2024-06-21,8,2024-06-21T08:00:00+02:00,2024-06-21T09:00:00+02:00,True,1.0,15.23,30.10894602058928,30.108946020589258,30.108946020589258,3545.0,3545.0,0.0,0.0,100.0,0.6342917175287326,False
T065,transmission,unavail_tx_import_mw,1100.0,2024-06-18T15:00:00+00:00,2024-06-27T21:59:00+00:00,2024-06-18T17:00:00+02:00,2024-06-27T23:59:00+02:00,2024-06-21,9,2024-06-21T09:00:00+02:00,2024-06-21T10:00:00+02:00,True,1.0,20.34,25.147501145701938,25.147501145701924,25.147501145701924,3545.0,3545.0,0.0,0.0,100.0,0.6763727561346613,False
T065,transmission,unavail_tx_import_mw,1100.0,2024-06-18T15:00:00+00:00,2024-06-27T21:59:00+00:00,2024-06-18T17:00:00+02:00,2024-06-27T23:59:00+02:00,2024-06-21,10,2024-06-21T10:00:00+02:00,2024-06-21T11:00:00+02:00,True,1.0,19.5,25.75042932186336,25.750429321863336,25.750429321863336,3545.0,3545.0,0.0,0.0,100.0,0.6460079466699113,False
T065,transmission,unavail_tx_import_mw,1100.0,2024-06-18T15:00:00+00:00,2024-06-27T21:59:00+00:00,2024-06-18T17:00:00+02:00,2024-06-27T23:59:00+02:00,2024-06-21,11,2024-06-21T11:00:00+02:00,2024-06-21T12:00:00+02:00,True,1.0,20.52,23.257084825194,23.257084825193985,23.257084825193985,3545.0,3545.0,0.0,0.0,100.0,0.6802574676456743,False
T065,transmission,unavail_tx_import_mw,1100.0,2024-06-18T15:00:00+00:00,2024-06-27T21:59:00+00:00,2024-06-18T17:00:00+02:00,2024-06-27T23:59:00+02:00,2024-06-21,12,2024-06-21T12:00:00+02:00,2024-06-21T13:00:00+02:00,True,1.0,21.48,22.29859237691145,22.29859237691146,22.29859237691146,3545.0,3545.0,0.0,0.0,100.0,0.3138182592052665,False
T065,transmission,unavail_tx_import_mw,1100.0,2024-06-18T15:00:00+00:00,2024-06-27T21:59:00+00:00,2024-06-18T17:00:00+02:00,2024-06-27T23:59:00+02:00,2024-06-21,13,2024-06-21T13:00:00+02:00,2024-06-21T14:00:00+02:00,True,1.0,16.8,19.502346145391787,19.502346145391794,19.502346145391794,3545.0,3545.0,0.0,0.0,100.0,0.36625755173428587,False
T065,transmission,unavail_tx_import_mw,1100.0,2024-06-18T15:00:00+00:00,2024-06-27T21:59:00+00:00,2024-06-18T17:00:00+02:00,2024-06-27T23:59:00+02:00,2024-06-21,14,2024-06-21T14:00:00+02:00,2024-06-21T15:00:00+02:00,True,1.0,20.94,18.289360479359864,18.289360479359843,18.289360479359843,3545.0,3545.0,0.0,0.0,100.0,0.3197770867162646,False
T065,transmission,unavail_tx_import_mw,1100.0,2024-06-18T15:00:00+00:00,2024-06-27T21:59:00+00:00,2024-06-18T17:00:00+02:00,2024-06-27T23:59:00+02:00,2024-06-21,15,2024-06-21T15:00:00+02:00,2024-06-21T16:00:00+02:00,True,1.0,22.93,19.32320300118976,19.32320300118976,19.32320300118976,3545.0,3545.0,0.0,0.0,100.0,0.42316243598002146,False
T065,transmission,unavail_tx_import_mw,1100.0,2024-06-18T15:00:00+00:00,2024-06-27T21:59:00+00:00,2024-06-18T17:00:00+02:00,2024-06-27T23:59:00+02:00,2024-06-21,16,2024-06-21T16:00:00+02:00,2024-06-21T17:00:00+02:00,True,1.0,26.5,23.476116309370283,23.476116309370248,23.476116309370248,3545.0,3545.0,0.0,0.0,100.0,0.5129002139725962,False
T065,transmission,unavail_tx_import_mw,1100.0,2024-06-18T15:00:00+00:00,2024-06-27T21:59:00+00:00,2024-06-18T17:00:00+02:00,2024-06-27T23:59:00+02:00,2024-06-21,17,2024-06-21T17:00:00+02:00,2024-06-21T18:00:00+02:00,True,1.0,29.09,29.861531833248563,29.86153183324857,29.86153183324857,3545.0,3545.0,0.0,0.0,100.0,0.7170320919278268,False
T065,transmission,unavail_tx_import_mw,1100.0,2024-06-18T15:00:00+00:00,2024-06-27T21:59:00+00:00,2024-06-18T17:00:00+02:00,2024-06-27T23:59:00+02:00,2024-06-21,18,2024-06-21T18:00:00+02:00,2024-06-21T19:00:00+02:00,True,1.0,34.44,49.67618690925303,49.67618690925303,49.67618690925303,3545.0,3545.0,0.0,0.0,100.0,0.4221717312146538,False
T065,transmission,unavail_tx_import_mw,1100.0,2024-06-18T15:00:00+00:00,2024-06-27T21:59:00+00:00,2024-06-18T17:00:00+02:00,2024-06-27T23:59:00+02:00,2024-06-21,19,2024-06-21T19:00:00+02:00,2024-06-21T20:00:00+02:00,True,1.0,34.76,56.6855120371436,56.685512037143596,56.685512037143596,3545.0,3545.0,0.0,0.0,100.0,0.29392042206023916,False
T065,transmission,unavail_tx_import_mw,1100.0,2024-06-18T15:00:00+00:00,2024-06-27T21:59:00+00:00,2024-06-18T17:00:00+02:00,2024-06-27T23:59:00+02:00,2024-06-21,20,2024-06-21T20:00:00+02:00,2024-06-21T21:00:00+02:00,True,1.0,34.92,52.918592463960834,52.918592463960834,52.918592463960834,3545.0,3545.0,0.0,0.0,100.0,0.27025938195885146,False
T065,transmission,unavail_tx_import_mw,1100.0,2024-06-18T15:00:00+00:00,2024-06-27T21:59:00+00:00,2024-06-18T17:00:00+02:00,2024-06-27T23:59:00+02:00,2024-06-21,21,2024-06-21T21:00:00+02:00,2024-06-21T22:00:00+02:00,True,1.0,32.56,42.60287721962802,42.60287721962803,42.60287721962803,3545.0,3545.0,0.0,0.0,100.0,0.24609033663112712,False
T065,transmission,unavail_tx_import_mw,1100.0,2024-06-18T15:00:00+00:00,2024-06-27T21:59:00+00:00,2024-06-18T17:00:00+02:00,2024-06-27T23:59:00+02:00,2024-06-21,22,2024-06-21T22:00:00+02:00,2024-06-21T23:00:00+02:00,True,1.0,30.85,39.104761099782465,39.10476109978246,39.10476109978246,3545.0,3545.0,0.0,0.0,100.0,0.2171563556235725,False
T065,transmission,unavail_tx_import_mw,1100.0,2024-06-18T15:00:00+00:00,2024-06-27T21:59:00+00:00,2024-06-18T17:00:00+02:00,2024-06-27T23:59:00+02:00,2024-06-21,23,2024-06-21T23:00:00+02:00,2024-06-22T00:00:00+02:00,True,1.0,28.11,31.88416991161746,31.88416991161746,31.88416991161746,3545.0,3545.0,0.0,0.0,100.0,0.16557544959214354,False
T065,transmission,unavail_tx_import_mw,1100.0,2024-06-18T15:00:00+00:00,2024-06-27T21:59:00+00:00,2024-06-18T17:00:00+02:00,2024-06-27T23:59:00+02:00,2024-06-22,0,2024-06-22T00:00:00+02:00,2024-06-22T01:00:00+02:00,True,1.0,33.33,24.269361280924297,24.269361280924297,24.269361280924297,3545.0,3545.0,0.0,0.0,100.0,0.10939414245645551,False
T065,transmission,unavail_tx_import_mw,1100.0,2024-06-18T15:00:00+00:00,2024-06-27T21:59:00+00:00,2024-06-18T17:00:00+02:00,2024-06-27T23:59:00+02:00,2024-06-22,1,2024-06-22T01:00:00+02:00,2024-06-22T02:00:00+02:00,True,1.0,33.09,21.57528246746249,21.575282467462486,21.575282467462486,3545.0,3545.0,0.0,0.0,100.0,0.15862708948463222,False
T065,transmission,unavail_tx_import_mw,1100.0,2024-06-18T15:00:00+00:00,2024-06-27T21:59:00+00:00,2024-06-18T17:00:00+02:00,2024-06-27T23:59:00+02:00,2024-06-22,2,2024-06-22T02:00:00+02:00,2024-06-22T03:00:00+02:00,True,1.0,31.83,19.245036297965633,19.24503629796563,19.24503629796563,3545.0,3545.0,0.0,0.0,100.0,0.19065011240246932,False
T065,transmission,unavail_tx_import_mw,1100.0,2024-06-18T15:00:00+00:00,2024-06-27T21:59:00+00:00,2024-06-18T17:00:00+02:00,2024-06-27T23:59:00+02:00,2024-06-22,3,2024-06-22T03:00:00+02:00,2024-06-22T04:00:00+02:00,True,1.0,31.58,17.59936542813361,17.59936542813361,17.59936542813361,3545.0,3545.0,0.0,0.0,100.0,0.087297349566402,False
T065,transmission,unavail_tx_import_mw,1100.0,2024-06-18T15:00:00+00:00,2024-06-27T21:59:00+00:00,2024-06-18T17:00:00+02:00,2024-06-27T23:59:00+02:00,2024-06-22,4,2024-06-22T04:00:00+02:00,2024-06-22T05:00:00+02:00,True,1.0,30.59,16.644214055385895,16.64421405538589,16.64421405538589,3545.0,3545.0,0.0,0.0,100.0,0.2193689054493042,False
T065,transmission,unavail_tx_import_mw,1100.0,2024-06-18T15:00:00+00:00,2024-06-27T21:59:00+00:00,2024-06-18T17:00:00+02:00,2024-06-27T23:59:00+02:00,2024-06-22,5,2024-06-22T05:00:00+02:00,2024-06-22T06:00:00+02:00,True,1.0,29.49,14.3387207908203,14.338720790820297,14.338720790820297,3545.0,3545.0,0.0,0.0,100.0,0.22268195254543244,False
T065,transmission,unavail_tx_import_mw,1100.0,2024-06-18T15:00:00+00:00,2024-06-27T21:59:00+00:00,2024-06-18T17:00:00+02:00,2024-06-27T23:59:00+02:00,2024-06-22,6,2024-06-22T06:00:00+02:00,2024-06-22T07:00:00+02:00,True,1.0,32.03,14.934281019669996,14.934281019669992,14.934281019669992,3545.0,3545.0,0.0,0.0,100.0,0.12256788397774798,False
T065,transmission,unavail_tx_import_mw,1100.0,2024-06-18T15:00:00+00:00,2024-06-27T21:59:00+00:00,2024-06-18T17:00:00+02:00,2024-06-27T23:59:00+02:00,2024-06-22,7,2024-06-22T07:00:00+02:00,2024-06-22T08:00:00+02:00,True,1.0,34.75,15.838098133536596,15.838098133536562,15.838098133536562,3545.0,3545.0,0.0,0.0,100.0,0.3498550522482802,False
T065,transmission,unavail_tx_import_mw,1100.0,2024-06-18T15:00:00+00:00,2024-06-27T21:59:00+00:00,2024-06-18T17:00:00+02:00,2024-06-27T23:59:00+02:00,2024-06-22,8,2024-06-22T08:00:00+02:00,2024-06-22T09:00:00+02:00,True,1.0,35.59,16.64237372931416,16.64237372931413,16.64237372931413,3545.0,3545.0,0.0,0.0,100.0,0.7713401053314115,False
T065,transmission,unavail_tx_import_mw,1100.0,2024-06-18T15:00:00+00:00,2024-06-27T21:59:00+00:00,2024-06-18T17:00:00+02:00,2024-06-27T23:59:00+02:00,2024-06-22,9,2024-06-22T09:00:00+02:00,2024-06-22T10:00:00+02:00,True,1.0,34.34,16.540751365263908,16.54075136526388,16.54075136526388,3545.0,3545.0,0.0,0.0,100.0,0.7615009714282834,False
T065,transmission,unavail_tx_import_mw,1100.0,2024-06-18T15:00:00+00:00,2024-06-27T21:59:00+00:00,2024-06-18T17:00:00+02:00,2024-06-27T23:59:00+02:00,2024-06-22,10,2024-06-22T10:00:00+02:00,2024-06-22T11:00:00+02:00,True,1.0,12.85,14.011436855996088,14.011436855996081,14.011436855996081,3545.0,3545.0,0.0,0.0,100.0,0.7100801933177081,False
T065,transmission,unavail_tx_import_mw,1100.0,2024-06-18T15:00:00+00:00,2024-06-27T21:59:00+00:00,2024-06-18T17:00:00+02:00,2024-06-27T23:59:00+02:00,2024-06-22,11,2024-06-22T11:00:00+02:00,2024-06-22T12:00:00+02:00,True,1.0,3.69,10.432553638518336,10.432553638518336,10.432553638518336,3545.0,3545.0,0.0,0.0,100.0,0.6053683404754935,False
T065,transmission,unavail_tx_import_mw,1100.0,2024-06-18T15:00:00+00:00,2024-06-27T21:59:00+00:00,2024-06-18T17:00:00+02:00,2024-06-27T23:59:00+02:00,2024-06-22,12,2024-06-22T12:00:00+02:00,2024-06-22T13:00:00+02:00,True,1.0,2.72,7.6623013189948495,7.662301318994864,7.662301318994864,3545.0,3545.0,0.0,0.0,100.0,0.3849199620637975,False
T065,transmission,unavail_tx_import_mw,1100.0,2024-06-18T15:00:00+00:00,2024-06-27T21:59:00+00:00,2024-06-18T17:00:00+02:00,2024-06-27T23:59:00+02:00,2024-06-22,13,2024-06-22T13:00:00+02:00,2024-06-22T14:00:00+02:00,True,1.0,0.1,7.793945152185657,7.793945152185657,7.793945152185657,3545.0,3545.0,0.0,0.0,100.0,0.4473729484166924,False
T065,transmission,unavail_tx_import_mw,1100.0,2024-06-18T15:00:00+00:00,2024-06-27T21:59:00+00:00,2024-06-18T17:00:00+02:00,2024-06-27T23:59:00+02:00,2024-06-22,14,2024-06-22T14:00:00+02:00,2024-06-22T15:00:00+02:00,True,1.0,0.22,9.050972571911808,9.0509725719118,9.0509725719118,3545.0,3545.0,0.0,0.0,100.0,0.3456979627263266,False
T065,transmission,unavail_tx_import_mw,1100.0,2024-06-18T15:00:00+00:00,2024-06-27T21:59:00+00:00,2024-06-18T17:00:00+02:00,2024-06-27T23:59:00+02:00,2024-06-22,15,2024-06-22T15:00:00+02:00,2024-06-22T16:00:00+02:00,True,1.0,3.7,14.34737808614362,14.347378086143593,14.347378086143593,3545.0,3545.0,0.0,0.0,100.0,0.4550041697794214,False
T065,transmission,unavail_tx_import_mw,1100.0,2024-06-18T15:00:00+00:00,2024-06-27T21:59:00+00:00,2024-06-18T17:00:00+02:00,2024-06-27T23:59:00+02:00,2024-06-22,16,2024-06-22T16:00:00+02:00,2024-06-22T17:00:00+02:00,True,1.0,11.74,18.044205896177715,18.0442058961777,18.0442058961777,3545.0,3545.0,0.0,0.0,100.0,0.5473158247908145,False
T065,transmission,unavail_tx_import_mw,1100.0,2024-06-18T15:00:00+00:00,2024-06-27T21:59:00+00:00,2024-06-18T17:00:00+02:00,2024-06-27T23:59:00+02:00,2024-06-22,17,2024-06-22T17:00:00+02:00,2024-06-22T18:00:00+02:00,True,1.0,35.08,22.11490583860244,22.11490583860244,22.11490583860244,3545.0,3545.0,0.0,0.0,100.0,0.7802589830692526,False
T065,transmission,unavail_tx_import_mw,1100.0,2024-06-18T15:00:00+00:00,2024-06-27T21:59:00+00:00,2024-06-18T17:00:00+02:00,2024-06-27T23:59:00+02:00,2024-06-22,18,2024-06-22T18:00:00+02:00,2024-06-22T19:00:00+02:00,True,1.0,36.59,37.66601765818623,37.666017658186206,37.666017658186206,3545.0,3545.0,0.0,0.0,100.0,0.4599287630192208,False
T065,transmission,unavail_tx_import_mw,1100.0,2024-06-18T15:00:00+00:00,2024-06-27T21:59:00+00:00,2024-06-18T17:00:00+02:00,2024-06-27T23:59:00+02:00,2024-06-22,19,2024-06-22T19:00:00+02:00,2024-06-22T20:00:00+02:00,True,1.0,36.19,44.83040320802512,44.83040320802512,44.83040320802512,3545.0,3545.0,0.0,0.0,100.0,0.319673184943035,False
T065,transmission,unavail_tx_import_mw,1100.0,2024-06-18T15:00:00+00:00,2024-06-27T21:59:00+00:00,2024-06-18T17:00:00+02:00,2024-06-27T23:59:00+02:00,2024-06-22,20,2024-06-22T20:00:00+02:00,2024-06-22T21:00:00+02:00,True,1.0,35.62,45.12597439005822,45.12597439005822,45.12597439005822,3545.0,3545.0,0.0,0.0,100.0,0.28679670697299997,False
T065,transmission,unavail_tx_import_mw,1100.0,2024-06-18T15:00:00+00:00,2024-06-27T21:59:00+00:00,2024-06-18T17:00:00+02:00,2024-06-27T23:59:00+02:00,2024-06-22,21,2024-06-22T21:00:00+02:00,2024-06-22T22:00:00+02:00,True,1.0,34.42,41.77323956009199,41.77323956009198,41.77323956009198,3545.0,3545.0,0.0,0.0,100.0,0.2366291148609676,False
T065,transmission,unavail_tx_import_mw,1100.0,2024-06-18T15:00:00+00:00,2024-06-27T21:59:00+00:00,2024-06-18T17:00:00+02:00,2024-06-27T23:59:00+02:00,2024-06-22,22,2024-06-22T22:00:00+02:00,2024-06-22T23:00:00+02:00,True,1.0,30.49,37.90524920331349,37.90524920331349,37.90524920331349,3545.0,3545.0,0.0,0.0,100.0,0.3202799561391032,False
T065,transmission,unavail_tx_import_mw,1100.0,2024-06-18T15:00:00+00:00,2024-06-27T21:59:00+00:00,2024-06-18T17:00:00+02:00,2024-06-27T23:59:00+02:00,2024-06-22,23,2024-06-22T23:00:00+02:00,2024-06-23T00:00:00+02:00,True,1.0,27.54,31.4505421918823,31.4505421918823,31.4505421918823,3545.0,3545.0,0.0,0.0,100.0,0.07099366150745823,False
T065,transmission,unavail_tx_import_mw,1100.0,2024-06-18T15:00:00+00:00,2024-06-27T21:59:00+00:00,2024-06-18T17:00:00+02:00,2024-06-27T23:59:00+02:00,2024-06-23,0,2024-06-23T00:00:00+02:00,2024-06-23T01:00:00+02:00,True,1.0,30.89,27.662084948698915,27.66208494869892,27.66208494869892,3545.0,3545.0,0.0,0.0,100.0,0.07966976342698828,False
T065,transmission,unavail_tx_import_mw,1100.0,2024-06-18T15:00:00+00:00,2024-06-27T21:59:00+00:00,2024-06-18T17:00:00+02:00,2024-06-27T23:59:00+02:00,2024-06-23,1,2024-06-23T01:00:00+02:00,2024-06-23T02:00:00+02:00,True,1.0,30.19,26.794155438910288,26.794155438910284,26.794155438910284,3545.0,3545.0,0.0,0.0,100.0,0.1173965731791391,False
T065,transmission,unavail_tx_import_mw,1100.0,2024-06-18T15:00:00+00:00,2024-06-27T21:59:00+00:00,2024-06-18T17:00:00+02:00,2024-06-27T23:59:00+02:00,2024-06-23,2,2024-06-23T02:00:00+02:00,2024-06-23T03:00:00+02:00,True,1.0,29.88,26.674350776194927,26.674350776194924,26.674350776194924,3545.0,3545.0,0.0,0.0,100.0,0.19009426875519253,False
T065,transmission,unavail_tx_import_mw,1100.0,2024-06-18T15:00:00+00:00,2024-06-27T21:59:00+00:00,2024-06-18T17:00:00+02:00,2024-06-27T23:59:00+02:00,2024-06-23,3,2024-06-23T03:00:00+02:00,2024-06-23T04:00:00+02:00,True,1.0,29.72,25.880801550901996,25.880801550901992,25.880801550901992,3545.0,3545.0,0.0,0.0,100.0,0.16307611125157706,False
T065,transmission,unavail_tx_import_mw,1100.0,2024-06-18T15:00:00+00:00,2024-06-27T21:59:00+00:00,2024-06-18T17:00:00+02:00,2024-06-27T23:59:00+02:00,2024-06-23,4,2024-06-23T04:00:00+02:00,2024-06-23T05:00:00+02:00,True,1.0,29.61,25.511013693751885,25.511013693751888,25.511013693751888,3545.0,3545.0,0.0,0.0,100.0,0.18312435999254717,False
T065,transmission,unavail_tx_import_mw,1100.0,2024-06-18T15:00:00+00:00,2024-06-27T21:59:00+00:00,2024-06-18T17:00:00+02:00,2024-06-27T23:59:00+02:00,2024-06-23,5,2024-06-23T05:00:00+02:00,2024-06-23T06:00:00+02:00,True,1.0,29.22,25.435159454097267,25.43515945409727,25.43515945409727,3545.0,3545.0,0.0,0.0,100.0,0.1763041033352657,False
T065,transmission,unavail_tx_import_mw,1100.0,2024-06-18T15:00:00+00:00,2024-06-27T21:59:00+00:00,2024-06-18T17:00:00+02:00,2024-06-27T23:59:00+02:00,2024-06-23,6,2024-06-23T06:00:00+02:00,2024-06-23T07:00:00+02:00,True,1.0,30.34,24.234682653120036,24.234682653120036,24.234682653120036,3545.0,3545.0,0.0,0.0,100.0,0.10431206590214614,False
T065,transmission,unavail_tx_import_mw,1100.0,2024-06-18T15:00:00+00:00,2024-06-27T21:59:00+00:00,2024-06-18T17:00:00+02:00,2024-06-27T23:59:00+02:00,2024-06-23,7,2024-06-23T07:00:00+02:00,2024-06-23T08:00:00+02:00,True,1.0,34.99,28.97632876233839,28.97632876233839,28.97632876233839,3545.0,3545.0,0.0,0.0,100.0,0.2982791190135323,False
T065,transmission,unavail_tx_import_mw,1100.0,2024-06-18T15:00:00+00:00,2024-06-27T21:59:00+00:00,2024-06-18T17:00:00+02:00,2024-06-27T23:59:00+02:00,2024-06-23,8,2024-06-23T08:00:00+02:00,2024-06-23T09:00:00+02:00,True,1.0,25.42,22.016985115080423,22.016985115080438,22.016985115080438,3545.0,3545.0,0.0,0.0,100.0,0.7280877795663727,False
T065,transmission,unavail_tx_import_mw,1100.0,2024-06-18T15:00:00+00:00,2024-06-27T21:59:00+00:00,2024-06-18T17:00:00+02:00,2024-06-27T23:59:00+02:00,2024-06-23,9,2024-06-23T09:00:00+02:00,2024-06-23T10:00:00+02:00,True,1.0,9.94,20.556228015033103,20.556228015033113,20.556228015033113,3545.0,3545.0,0.0,0.0,100.0,0.7510502527221732,False
T065,transmission,unavail_tx_import_mw,1100.0,2024-06-18T15:00:00+00:00,2024-06-27T21:59:00+00:00,2024-06-18T17:00:00+02:00,2024-06-27T23:59:00+02:00,2024-06-23,10,2024-06-23T10:00:00+02:00,2024-06-23T11:00:00+02:00,True,1.0,4.07,20.820679488875207,20.8206794888752,20.8206794888752,3545.0,3545.0,0.0,0.0,100.0,0.6619375333423392,False
T065,transmission,unavail_tx_import_mw,1100.0,2024-06-18T15:00:00+00:00,2024-06-27T21:59:00+00:00,2024-06-18T17:00:00+02:00,2024-06-27T23:59:00+02:00,2024-06-23,11,2024-06-23T11:00:00+02:00,2024-06-23T12:00:00+02:00,True,1.0,1.6,19.558813762007603,19.55881376200761,19.55881376200761,3545.0,3545.0,0.0,0.0,100.0,0.7144951640496089,False
T065,transmission,unavail_tx_import_mw,1100.0,2024-06-18T15:00:00+00:00,2024-06-27T21:59:00+00:00,2024-06-18T17:00:00+02:00,2024-06-27T23:59:00+02:00,2024-06-23,12,2024-06-23T12:00:00+02:00,2024-06-23T13:00:00+02:00,True,1.0,1.18,17.693745246970607,17.693745246970614,17.693745246970614,3545.0,3545.0,0.0,0.0,100.0,0.32507539570487864,False
T065,transmission,unavail_tx_import_mw,1100.0,2024-06-18T15:00:00+00:00,2024-06-27T21:59:00+00:00,2024-06-18T17:00:00+02:00,2024-06-27T23:59:00+02:00,2024-06-23,13,2024-06-23T13:00:00+02:00,2024-06-23T14:00:00+02:00,True,1.0,0.44,16.274734758454937,16.274734758454944,16.274734758454944,3545.0,3545.0,0.0,0.0,100.0,0.3802085785603211,False
T065,transmission,unavail_tx_import_mw,1100.0,2024-06-18T15:00:00+00:00,2024-06-27T21:59:00+00:00,2024-06-18T17:00:00+02:00,2024-06-27T23:59:00+02:00,2024-06-23,14,2024-06-23T14:00:00+02:00,2024-06-23T15:00:00+02:00,True,1.0,0.09,16.775646566989185,16.775646566989185,16.775646566989185,3545.0,3545.0,0.0,0.0,100.0,0.28530553897125444,False
T065,transmission,unavail_tx_import_mw,1100.0,2024-06-18T15:00:00+00:00,2024-06-27T21:59:00+00:00,2024-06-18T17:00:00+02:00,2024-06-27T23:59:00+02:00,2024-06-23,15,2024-06-23T15:00:00+02:00,2024-06-23T16:00:00+02:00,True,1.0,1.74,21.344271620324108,21.344271620324108,21.344271620324108,3545.0,3545.0,0.0,0.0,100.0,0.3101771081301621,False
T065,transmission,unavail_tx_import_mw,1100.0,2024-06-18T15:00:00+00:00,2024-06-27T21:59:00+00:00,2024-06-18T17:00:00+02:00,2024-06-27T23:59:00+02:00,2024-06-23,16,2024-06-23T16:00:00+02:00,2024-06-23T17:00:00+02:00,True,1.0,4.99,32.451332656834225,32.45133265683421,32.45133265683421,3545.0,3545.0,0.0,0.0,100.0,0.43590876143549195,False
T065,transmission,unavail_tx_import_mw,1100.0,2024-06-18T15:00:00+00:00,2024-06-27T21:59:00+00:00,2024-06-18T17:00:00+02:00,2024-06-27T23:59:00+02:00,2024-06-23,17,2024-06-23T17:00:00+02:00,2024-06-23T18:00:00+02:00,True,1.0,25.73,36.12660602426168,36.12660602426166,36.12660602426166,3545.0,3545.0,0.0,0.0,100.0,0.6324526469826495,False
T065,transmission,unavail_tx_import_mw,1100.0,2024-06-18T15:00:00+00:00,2024-06-27T21:59:00+00:00,2024-06-18T17:00:00+02:00,2024-06-27T23:59:00+02:00,2024-06-23,18,2024-06-23T18:00:00+02:00,2024-06-23T19:00:00+02:00,True,1.0,36.83,43.13990315848595,43.13990315848597,43.13990315848597,3545.0,3545.0,0.0,0.0,100.0,0.41898756656141956,False
T065,transmission,unavail_tx_import_mw,1100.0,2024-06-18T15:00:00+00:00,2024-06-27T21:59:00+00:00,2024-06-18T17:00:00+02:00,2024-06-27T23:59:00+02:00,2024-06-23,19,2024-06-23T19:00:00+02:00,2024-06-23T20:00:00+02:00,True,1.0,36.53,50.438745989213146,50.438745989213146,50.438745989213146,3545.0,3545.0,0.0,0.0,100.0,0.3025342625359215,False
T065,transmission,unavail_tx_import_mw,1100.0,2024-06-18T15:00:00+00:00,2024-06-27T21:59:00+00:00,2024-06-18T17:00:00+02:00,2024-06-27T23:59:00+02:00,2024-06-23,20,2024-06-23T20:00:00+02:00,2024-06-23T21:00:00+02:00,True,1.0,34.44,47.666909279647456,47.666909279647456,47.666909279647456,3545.0,3545.0,0.0,0.0,100.0,0.2779878059483707,False
T065,transmission,unavail_tx_import_mw,1100.0,2024-06-18T15:00:00+00:00,2024-06-27T21:59:00+00:00,2024-06-18T17:00:00+02:00,2024-06-27T23:59:00+02:00,2024-06-23,21,2024-06-23T21:00:00+02:00,2024-06-23T22:00:00+02:00,True,1.0,31.91,40.96413724817908,40.96413724817908,40.96413724817908,3545.0,3545.0,0.0,0.0,100.0,0.2165208282230182,False
T065,transmission,unavail_tx_import_mw,1100.0,2024-06-18T15:00:00+00:00,2024-06-27T21:59:00+00:00,2024-06-18T17:00:00+02:00,2024-06-27T23:59:00+02:00,2024-06-23,22,2024-06-23T22:00:00+02:00,2024-06-23T23:00:00+02:00,True,1.0,29.14,36.85585456927434,36.85585456927435,36.85585456927435,3545.0,3545.0,0.0,0.0,100.0,0.21617563718789512,False
T065,transmission,unavail_tx_import_mw,1100.0,2024-06-18T15:00:00+00:00,2024-06-27T21:59:00+00:00,2024-06-18T17:00:00+02:00,2024-06-27T23:59:00+02:00,2024-06-23,23,2024-06-23T23:00:00+02:00,2024-06-24T00:00:00+02:00,True,1.0,27.1,29.187484711033377,29.187484711033377,29.187484711033377,3545.0,3545.0,0.0,0.0,100.0,0.06313560405103757,False
T065,transmission,unavail_tx_import_mw,1100.0,2024-06-18T15:00:00+00:00,2024-06-27T21:59:00+00:00,2024-06-18T17:00:00+02:00,2024-06-27T23:59:00+02:00,2024-06-24,0,2024-06-24T00:00:00+02:00,2024-06-24T01:00:00+02:00,True,1.0,24.54,28.772916442625935,28.772916442625938,28.152038845589853,3545.0,3545.0,0.0,-0.6208775970360847,100.0,0.13697628654269423,False
T065,transmission,unavail_tx_import_mw,1100.0,2024-06-18T15:00:00+00:00,2024-06-27T21:59:00+00:00,2024-06-18T17:00:00+02:00,2024-06-27T23:59:00+02:00,2024-06-24,1,2024-06-24T01:00:00+02:00,2024-06-24T02:00:00+02:00,True,1.0,23.32,27.5664596727639,27.5664596727639,27.45122523969441,3545.0,3545.0,0.0,-0.11523443306949233,100.0,0.18697678178222787,False
T065,transmission,unavail_tx_import_mw,1100.0,2024-06-18T15:00:00+00:00,2024-06-27T21:59:00+00:00,2024-06-18T17:00:00+02:00,2024-06-27T23:59:00+02:00,2024-06-24,2,2024-06-24T02:00:00+02:00,2024-06-24T03:00:00+02:00,True,1.0,22.19,27.993214604093364,27.993214604093364,27.762043695426236,3545.0,3545.0,0.0,-0.23117090866712786,100.0,0.1859319107979438,False
T065,transmission,unavail_tx_import_mw,1100.0,2024-06-18T15:00:00+00:00,2024-06-27T21:59:00+00:00,2024-06-18T17:00:00+02:00,2024-06-27T23:59:00+02:00,2024-06-24,3,2024-06-24T03:00:00+02:00,2024-06-24T04:00:00+02:00,True,1.0,20.59,28.47854765653381,28.478547656533806,28.203218499259826,3545.0,3545.0,0.0,-0.2753291572739798,100.0,0.18187446919399974,False
T065,transmission,unavail_tx_import_mw,1100.0,2024-06-18T15:00:00+00:00,2024-06-27T21:59:00+00:00,2024-06-18T17:00:00+02:00,2024-06-27T23:59:00+02:00,2024-06-24,4,2024-06-24T04:00:00+02:00,2024-06-24T05:00:00+02:00,True,1.0,22.19,29.06613105842693,29.066131058426933,29.071949158304847,3545.0,3545.0,0.0,0.005818099877913596,100.0,0.10337819367645196,False
T065,transmission,unavail_tx_import_mw,1100.0,2024-06-18T15:00:00+00:00,2024-06-27T21:59:00+00:00,2024-06-18T17:00:00+02:00,2024-06-27T23:59:00+02:00,2024-06-24,5,2024-06-24T05:00:00+02:00,2024-06-24T06:00:00+02:00,True,1.0,26.81,34.20529050057821,34.20529050057821,35.219022542588675,3545.0,3545.0,0.0,1.0137320420104672,100.0,0.1639598702761873,False
T065,transmission,unavail_tx_import_mw,1100.0,2024-06-18T15:00:00+00:00,2024-06-27T21:59:00+00:00,2024-06-18T17:00:00+02:00,2024-06-27T23:59:00+02:00,2024-06-24,6,2024-06-24T06:00:00+02:00,2024-06-24T07:00:00+02:00,True,1.0,37.24,43.11585011478972,43.11585011478972,43.659127950228715,3545.0,4260.0,715.0,0.5432778354389924,100.0,0.0879709966047244,True
T065,transmission,unavail_tx_import_mw,1100.0,2024-06-18T15:00:00+00:00,2024-06-27T21:59:00+00:00,2024-06-18T17:00:00+02:00,2024-06-27T23:59:00+02:00,2024-06-24,7,2024-06-24T07:00:00+02:00,2024-06-24T08:00:00+02:00,True,1.0,38.04,65.54727475820029,65.54727475820029,66.97882859226259,3545.0,4260.0,715.0,1.4315538340622993,100.0,0.23123849701960353,True
T065,transmission,unavail_tx_import_mw,1100.0,2024-06-18T15:00:00+00:00,2024-06-27T21:59:00+00:00,2024-06-18T17:00:00+02:00,2024-06-27T23:59:00+02:00,2024-06-24,8,2024-06-24T08:00:00+02:00,2024-06-24T09:00:00+02:00,True,1.0,39.15,68.30111076957049,68.30111076957049,70.37566231829966,3545.0,4260.0,715.0,2.0745515487291755,100.0,0.33636252341804607,True
T065,transmission,unavail_tx_import_mw,1100.0,2024-06-18T15:00:00+00:00,2024-06-27T21:59:00+00:00,2024-06-18T17:00:00+02:00,2024-06-27T23:59:00+02:00,2024-06-24,9,2024-06-24T09:00:00+02:00,2024-06-24T10:00:00+02:00,True,1.0,38.86,56.04249642527368,56.04249642527368,58.794098681250574,3545.0,4260.0,715.0,2.7516022559768913,100.0,0.446816607154787,True
T065,transmission,unavail_tx_import_mw,1100.0,2024-06-18T15:00:00+00:00,2024-06-27T21:59:00+00:00,2024-06-18T17:00:00+02:00,2024-06-27T23:59:00+02:00,2024-06-24,10,2024-06-24T10:00:00+02:00,2024-06-24T11:00:00+02:00,True,1.0,38.43,46.03574707004421,46.03574707004422,50.288640303501666,3545.0,4260.0,715.0,4.252893233457442,100.0,0.6979300581007166,True
T065,transmission,unavail_tx_import_mw,1100.0,2024-06-18T15:00:00+00:00,2024-06-27T21:59:00+00:00,2024-06-18T17:00:00+02:00,2024-06-27T23:59:00+02:00,2024-06-24,11,2024-06-24T11:00:00+02:00,2024-06-24T12:00:00+02:00,True,1.0,36.51,43.98362981132741,43.98362981132742,47.0327717243306,3545.0,4260.0,715.0,3.049141913003183,100.0,0.4987372303967845,True
T065,transmission,unavail_tx_import_mw,1100.0,2024-06-18T15:00:00+00:00,2024-06-27T21:59:00+00:00,2024-06-18T17:00:00+02:00,2024-06-27T23:59:00+02:00,2024-06-24,12,2024-06-24T12:00:00+02:00,2024-06-24T13:00:00+02:00,True,1.0,31.81,41.706229941781345,41.70622994178134,43.78059057388931,3545.0,4260.0,715.0,2.0743606321079753,100.0,0.3377722055548631,True
T065,transmission,unavail_tx_import_mw,1100.0,2024-06-18T15:00:00+00:00,2024-06-27T21:59:00+00:00,2024-06-18T17:00:00+02:00,2024-06-27T23:59:00+02:00,2024-06-24,13,2024-06-24T13:00:00+02:00,2024-06-24T14:00:00+02:00,True,1.0,29.96,41.49232939736128,41.49232939736128,43.22658043068399,3545.0,4260.0,715.0,1.7342510333227068,100.0,0.2817499885490875,True
T065,transmission,unavail_tx_import_mw,1100.0,2024-06-18T15:00:00+00:00,2024-06-27T21:59:00+00:00,2024-06-18T17:00:00+02:00,2024-06-27T23:59:00+02:00,2024-06-24,14,2024-06-24T14:00:00+02:00,2024-06-24T15:00:00+02:00,True,1.0,30.93,41.81047526708039,41.81047526708039,43.131779072342724,3545.0,4260.0,715.0,1.3213038052623318,100.0,0.2143842360984607,True
T065,transmission,unavail_tx_import_mw,1100.0,2024-06-18T15:00:00+00:00,2024-06-27T21:59:00+00:00,2024-06-18T17:00:00+02:00,2024-06-27T23:59:00+02:00,2024-06-24,15,2024-06-24T15:00:00+02:00,2024-06-24T16:00:00+02:00,True,1.0,36.83,41.63601764071351,41.63601764071351,42.82066785356241,3545.0,4260.0,715.0,1.1846502128489007,100.0,0.19234133820035737,True
T065,transmission,unavail_tx_import_mw,1100.0,2024-06-18T15:00:00+00:00,2024-06-27T21:59:00+00:00,2024-06-18T17:00:00+02:00,2024-06-27T23:59:00+02:00,2024-06-24,16,2024-06-24T16:00:00+02:00,2024-06-24T17:00:00+02:00,True,1.0,37.12,45.46177146346264,45.461771463462625,47.2042793778158,3545.0,4260.0,715.0,1.742507914353176,100.0,0.283224391786824,True
T065,transmission,unavail_tx_import_mw,1100.0,2024-06-18T15:00:00+00:00,2024-06-27T21:59:00+00:00,2024-06-18T17:00:00+02:00,2024-06-27T23:59:00+02:00,2024-06-24,17,2024-06-24T17:00:00+02:00,2024-06-24T18:00:00+02:00,True,1.0,37.62,52.604212370500015,52.60421237050001,55.958121399652796,3545.0,4260.0,715.0,3.3539090291527884,100.0,0.546757368080776,True
T065,transmission,unavail_tx_import_mw,1100.0,2024-06-18T15:00:00+00:00,2024-06-27T21:59:00+00:00,2024-06-18T17:00:00+02:00,2024-06-27T23:59:00+02:00,2024-06-24,18,2024-06-24T18:00:00+02:00,2024-06-24T19:00:00+02:00,True,1.0,37.13,65.53562589578847,65.53562589578847,68.31731091738538,3545.0,4260.0,715.0,2.781685021596914,100.0,0.44837679154264265,True
T065,transmission,unavail_tx_import_mw,1100.0,2024-06-18T15:00:00+00:00,2024-06-27T21:59:00+00:00,2024-06-18T17:00:00+02:00,2024-06-27T23:59:00+02:00,2024-06-24,19,2024-06-24T19:00:00+02:00,2024-06-24T20:00:00+02:00,True,1.0,37.0,68.37896117667712,68.37896117667714,70.16756101230274,3545.0,4260.0,715.0,1.7885998356256039,100.0,0.2870343852103474,True
T065,transmission,unavail_tx_import_mw,1100.0,2024-06-18T15:00:00+00:00,2024-06-27T21:59:00+00:00,2024-06-18T17:00:00+02:00,2024-06-27T23:59:00+02:00,2024-06-24,20,2024-06-24T20:00:00+02:00,2024-06-24T21:00:00+02:00,True,1.0,37.93,62.34879722669849,62.34879722669848,64.00609202330547,3545.0,4260.0,715.0,1.6572947966069904,100.0,0.2676199098223364,True
T065,transmission,unavail_tx_import_mw,1100.0,2024-06-18T15:00:00+00:00,2024-06-27T21:59:00+00:00,2024-06-18T17:00:00+02:00,2024-06-27T23:59:00+02:00,2024-06-24,21,2024-06-24T21:00:00+02:00,2024-06-24T22:00:00+02:00,True,1.0,37.52,51.77828078589283,51.778280785892825,53.19428836767399,3545.0,4260.0,715.0,1.416007581781166,100.0,0.22898988736221781,True
T065,transmission,unavail_tx_import_mw,1100.0,2024-06-18T15:00:00+00:00,2024-06-27T21:59:00+00:00,2024-06-18T17:00:00+02:00,2024-06-27T23:59:00+02:00,2024-06-24,22,2024-06-24T22:00:00+02:00,2024-06-24T23:00:00+02:00,True,1.0,37.33,44.948480989159016,44.948480989159016,46.27372512563033,3545.0,4260.0,715.0,1.3252441364713121,100.0,0.21382709501077812,True
T065,transmission,unavail_tx_import_mw,1100.0,2024-06-18T15:00:00+00:00,2024-06-27T21:59:00+00:00,2024-06-18T17:00:00+02:00,2024-06-27T23:59:00+02:00,2024-06-24,23,2024-06-24T23:00:00+02:00,2024-06-25T00:00:00+02:00,True,1.0,36.71,35.14829307878953,35.14829307878953,36.17943363055786,3545.0,4260.0,715.0,1.0311405517683312,100.0,0.16655828210598145,True
T065,transmission,unavail_tx_import_mw,1100.0,2024-06-18T15:00:00+00:00,2024-06-27T21:59:00+00:00,2024-06-18T17:00:00+02:00,2024-06-27T23:59:00+02:00,2024-06-25,0,2024-06-25T00:00:00+02:00,2024-06-25T01:00:00+02:00,True,1.0,28.83,35.95483225240558,35.95483225240558,35.70714636355278,4260.0,4260.0,0.0,-0.24768588885279996,100.0,0.10433015599235773,False
T065,transmission,unavail_tx_import_mw,1100.0,2024-06-18T15:00:00+00:00,2024-06-27T21:59:00+00:00,2024-06-18T17:00:00+02:00,2024-06-27T23:59:00+02:00,2024-06-25,1,2024-06-25T01:00:00+02:00,2024-06-25T02:00:00+02:00,True,1.0,27.67,30.434232944533512,30.434232944533512,30.409032803645736,4260.0,4260.0,0.0,-0.025200140887776,100.0,0.12123051037848853,False
T065,transmission,unavail_tx_import_mw,1100.0,2024-06-18T15:00:00+00:00,2024-06-27T21:59:00+00:00,2024-06-18T17:00:00+02:00,2024-06-27T23:59:00+02:00,2024-06-25,2,2024-06-25T02:00:00+02:00,2024-06-25T03:00:00+02:00,True,1.0,27.19,28.839752256253064,28.839752256253064,28.730913935056176,4260.0,4260.0,0.0,-0.10883832119688819,100.0,0.12476760862286795,False
T065,transmission,unavail_tx_import_mw,1100.0,2024-06-18T15:00:00+00:00,2024-06-27T21:59:00+00:00,2024-06-18T17:00:00+02:00,2024-06-27T23:59:00+02:00,2024-06-25,3,2024-06-25T03:00:00+02:00,2024-06-25T04:00:00+02:00,True,1.0,27.3,29.170917481827736,29.170917481827736,29.059524033813574,4260.0,4260.0,0.0,-0.11139344801416229,100.0,0.07524578423789308,False
T065,transmission,unavail_tx_import_mw,1100.0,2024-06-18T15:00:00+00:00,2024-06-27T21:59:00+00:00,2024-06-18T17:00:00+02:00,2024-06-27T23:59:00+02:00,2024-06-25,4,2024-06-25T04:00:00+02:00,2024-06-25T05:00:00+02:00,True,1.0,28.17,32.00538392036921,32.00538392036921,32.00538392036921,4260.0,4260.0,0.0,0.0,100.0,0.0,False
T065,transmission,unavail_tx_import_mw,1100.0,2024-06-18T15:00:00+00:00,2024-06-27T21:59:00+00:00,2024-06-18T17:00:00+02:00,2024-06-27T23:59:00+02:00,2024-06-25,5,2024-06-25T05:00:00+02:00,2024-06-25T06:00:00+02:00,True,1.0,31.02,37.18969050477631,37.1896905047763,37.43907826429827,4260.0,4260.0,0.0,0.2493877595219658,100.0,0.06702804509141203,False
T065,transmission,unavail_tx_import_mw,1100.0,2024-06-18T15:00:00+00:00,2024-06-27T21:59:00+00:00,2024-06-18T17:00:00+02:00,2024-06-27T23:59:00+02:00,2024-06-25,6,2024-06-25T06:00:00+02:00,2024-06-25T07:00:00+02:00,True,1.0,34.36,52.09015904693579,52.090159046935796,52.319924320033714,4260.0,4660.0,400.0,0.22976527309791805,100.0,0.061740959877219836,True
T065,transmission,unavail_tx_import_mw,1100.0,2024-06-18T15:00:00+00:00,2024-06-27T21:59:00+00:00,2024-06-18T17:00:00+02:00,2024-06-27T23:59:00+02:00,2024-06-25,7,2024-06-25T07:00:00+02:00,2024-06-25T08:00:00+02:00,True,1.0,36.45,72.41569992760996,72.41569992760998,73.01847296666836,4260.0,4660.0,400.0,0.602773039058377,100.0,0.16184362848942158,True
T065,transmission,unavail_tx_import_mw,1100.0,2024-06-18T15:00:00+00:00,2024-06-27T21:59:00+00:00,2024-06-18T17:00:00+02:00,2024-06-27T23:59:00+02:00,2024-06-25,8,2024-06-25T08:00:00+02:00,2024-06-25T09:00:00+02:00,True,1.0,37.27,71.75094483591303,71.75094483591302,72.98071412545318,4260.0,4660.0,400.0,1.2297692895401582,100.0,0.33055423911203263,True
T065,transmission,unavail_tx_import_mw,1100.0,2024-06-18T15:00:00+00:00,2024-06-27T21:59:00+00:00,2024-06-18T17:00:00+02:00,2024-06-27T23:59:00+02:00,2024-06-25,9,2024-06-25T09:00:00+02:00,2024-06-25T10:00:00+02:00,True,1.0,36.77,57.28297826071012,57.28297826071011,58.46012696802419,4260.0,4660.0,400.0,1.1771487073140818,100.0,0.3169624265847446,True
T065,transmission,unavail_tx_import_mw,1100.0,2024-06-18T15:00:00+00:00,2024-06-27T21:59:00+00:00,2024-06-18T17:00:00+02:00,2024-06-27T23:59:00+02:00,2024-06-25,10,2024-06-25T10:00:00+02:00,2024-06-25T11:00:00+02:00,True,1.0,34.26,48.68539981331091,48.68539981331091,50.02027580062107,4260.0,4660.0,400.0,1.3348759873101628,100.0,0.3600937837958895,True
T065,transmission,unavail_tx_import_mw,1100.0,2024-06-18T15:00:00+00:00,2024-06-27T21:59:00+00:00,2024-06-18T17:00:00+02:00,2024-06-27T23:59:00+02:00,2024-06-25,11,2024-06-25T11:00:00+02:00,2024-06-25T12:00:00+02:00,True,1.0,28.38,48.6694435167638,48.669443516763806,49.92463352974991,4260.0,4660.0,400.0,1.2551900129861053,100.0,0.33846515579379144,True
T065,transmission,unavail_tx_import_mw,1100.0,2024-06-18T15:00:00+00:00,2024-06-27T21:59:00+00:00,2024-06-18T17:00:00+02:00,2024-06-27T23:59:00+02:00,2024-06-25,12,2024-06-25T12:00:00+02:00,2024-06-25T13:00:00+02:00,True,1.0,26.1,43.721664949073904,43.72166494907389,44.52180579565536,4260.0,4660.0,400.0,0.8001408465814706,100.0,0.21553387795224666,True
T065,transmission,unavail_tx_import_mw,1100.0,2024-06-18T15:00:00+00:00,2024-06-27T21:59:00+00:00,2024-06-18T17:00:00+02:00,2024-06-27T23:59:00+02:00,2024-06-25,13,2024-06-25T13:00:00+02:00,2024-06-25T14:00:00+02:00,True,1.0,22.08,45.01112593072362,45.01112593072362,45.697425761157824,4260.0,4660.0,400.0,0.6862998304342014,100.0,0.18467319187519138,True
T065,transmission,unavail_tx_import_mw,1100.0,2024-06-18T15:00:00+00:00,2024-06-27T21:59:00+00:00,2024-06-18T17:00:00+02:00,2024-06-27T23:59:00+02:00,2024-06-25,14,2024-06-25T14:00:00+02:00,2024-06-25T15:00:00+02:00,True,1.0,22.77,45.33015275145119,45.33015275145119,45.85737163839316,4260.0,4660.0,400.0,0.5272188869419736,100.0,0.14181331563140986,True
T065,transmission,unavail_tx_import_mw,1100.0,2024-06-18T15:00:00+00:00,2024-06-27T21:59:00+00:00,2024-06-18T17:00:00+02:00,2024-06-27T23:59:00+02:00,2024-06-25,15,2024-06-25T15:00:00+02:00,2024-06-25T16:00:00+02:00,True,1.0,25.95,46.315116754188,46.31511675418801,46.88115095277324,4260.0,4660.0,400.0,0.5660341985852284,100.0,0.15229605235174404,True
T065,transmission,unavail_tx_import_mw,1100.0,2024-06-18T15:00:00+00:00,2024-06-27T21:59:00+00:00,2024-06-18T17:00:00+02:00,2024-06-27T23:59:00+02:00,2024-06-25,16,2024-06-25T16:00:00+02:00,2024-06-25T17:00:00+02:00,True,1.0,32.96,47.61536877599881,47.61536877599881,48.327057368356606,4260.0,4660.0,400.0,0.7116885923577954,100.0,0.19160792642264113,True
T065,transmission,unavail_tx_import_mw,1100.0,2024-06-18T15:00:00+00:00,2024-06-27T21:59:00+00:00,2024-06-18T17:00:00+02:00,2024-06-27T23:59:00+02:00,2024-06-25,17,2024-06-25T17:00:00+02:00,2024-06-25T18:00:00+02:00,True,1.0,34.52,49.56096543209088,49.560965432090896,50.861829748137865,4260.0,4660.0,400.0,1.3008643160469688,100.0,0.35092133113151647,True
T065,transmission,unavail_tx_import_mw,1100.0,2024-06-18T15:00:00+00:00,2024-06-27T21:59:00+00:00,2024-06-18T17:00:00+02:00,2024-06-27T23:59:00+02:00,2024-06-25,18,2024-06-25T18:00:00+02:00,2024-06-25T19:00:00+02:00,True,1.0,35.42,58.20275669723394,58.20275669723394,59.16918674410897,4260.0,4660.0,400.0,0.9664300468750326,100.0,0.25985637792120286,True
T065,transmission,unavail_tx_import_mw,1100.0,2024-06-18T15:00:00+00:00,2024-06-27T21:59:00+00:00,2024-06-18T17:00:00+02:00,2024-06-27T23:59:00+02:00,2024-06-25,19,2024-06-25T19:00:00+02:00,2024-06-25T20:00:00+02:00,True,1.0,35.34,60.823838934943424,60.82383893494342,61.6165253266894,4260.0,4660.0,400.0,0.7926863917459812,100.0,0.2129037055226206,True
T065,transmission,unavail_tx_import_mw,1100.0,2024-06-18T15:00:00+00:00,2024-06-27T21:59:00+00:00,2024-06-18T17:00:00+02:00,2024-06-27T23:59:00+02:00,2024-06-25,20,2024-06-25T20:00:00+02:00,2024-06-25T21:00:00+02:00,True,1.0,35.03,58.21194919840192,58.21194919840191,58.93234593587119,4260.0,4660.0,400.0,0.7203967374692795,100.0,0.19370782410369003,True
T065,transmission,unavail_tx_import_mw,1100.0,2024-06-18T15:00:00+00:00,2024-06-27T21:59:00+00:00,2024-06-18T17:00:00+02:00,2024-06-27T23:59:00+02:00,2024-06-25,21,2024-06-25T21:00:00+02:00,2024-06-25T22:00:00+02:00,True,1.0,34.18,48.867620593331495,48.867620593331495,49.37885852105783,4260.0,4660.0,400.0,0.5112379277263344,100.0,0.13752457677197327,True
T065,transmission,unavail_tx_import_mw,1100.0,2024-06-18T15:00:00+00:00,2024-06-27T21:59:00+00:00,2024-06-18T17:00:00+02:00,2024-06-27T23:59:00+02:00,2024-06-25,22,2024-06-25T22:00:00+02:00,2024-06-25T23:00:00+02:00,True,1.0,32.94,44.39794506023127,44.397945060231265,44.89994418897499,4260.0,4660.0,400.0,0.5019991287437264,100.0,0.13488046904051743,True
T065,transmission,unavail_tx_import_mw,1100.0,2024-06-18T15:00:00+00:00,2024-06-27T21:59:00+00:00,2024-06-18T17:00:00+02:00,2024-06-27T23:59:00+02:00,2024-06-25,23,2024-06-25T23:00:00+02:00,2024-06-26T00:00:00+02:00,True,1.0,32.84,39.184119043216064,39.184119043216064,39.57025139812613,4260.0,4660.0,400.0,0.3861323549100675,100.0,0.10367805313899936,True
T065,transmission,unavail_tx_import_mw,1100.0,2024-06-18T15:00:00+00:00,2024-06-27T21:59:00+00:00,2024-06-18T17:00:00+02:00,2024-06-27T23:59:00+02:00,2024-06-26,0,2024-06-26T00:00:00+02:00,2024-06-26T01:00:00+02:00,True,1.0,23.65,33.31401659884394,33.31401659884395,33.40134808166528,4660.0,4760.0,100.0,0.08733148282133385,100.0,0.08733148282133385,True
T065,transmission,unavail_tx_import_mw,1100.0,2024-06-18T15:00:00+00:00,2024-06-27T21:59:00+00:00,2024-06-18T17:00:00+02:00,2024-06-27T23:59:00+02:00,2024-06-26,1,2024-06-26T01:00:00+02:00,2024-06-26T02:00:00+02:00,True,1.0,20.51,31.32213741994032,31.322137419940315,31.433701721820544,4660.0,4760.0,100.0,0.11156430188022881,100.0,0.11156430188022881,True
T065,transmission,unavail_tx_import_mw,1100.0,2024-06-18T15:00:00+00:00,2024-06-27T21:59:00+00:00,2024-06-18T17:00:00+02:00,2024-06-27T23:59:00+02:00,2024-06-26,2,2024-06-26T02:00:00+02:00,2024-06-26T03:00:00+02:00,True,1.0,18.72,30.19837706077036,30.19837706077036,30.306836411996954,4660.0,4760.0,100.0,0.10845935122659611,100.0,0.10845935122659611,True
T065,transmission,unavail_tx_import_mw,1100.0,2024-06-18T15:00:00+00:00,2024-06-27T21:59:00+00:00,2024-06-18T17:00:00+02:00,2024-06-27T23:59:00+02:00,2024-06-26,3,2024-06-26T03:00:00+02:00,2024-06-26T04:00:00+02:00,True,1.0,17.32,29.495321823896607,29.49532182389661,29.558190698756167,4660.0,4760.0,100.0,0.06286887485955717,100.0,0.06286887485955717,True
T065,transmission,unavail_tx_import_mw,1100.0,2024-06-18T15:00:00+00:00,2024-06-27T21:59:00+00:00,2024-06-18T17:00:00+02:00,2024-06-27T23:59:00+02:00,2024-06-26,4,2024-06-26T04:00:00+02:00,2024-06-26T05:00:00+02:00,True,1.0,17.66,31.496286850489625,31.496286850489625,31.55228227761759,4660.0,4760.0,100.0,0.05599542712796435,100.0,0.05599542712796435,True
T065,transmission,unavail_tx_import_mw,1100.0,2024-06-18T15:00:00+00:00,2024-06-27T21:59:00+00:00,2024-06-18T17:00:00+02:00,2024-06-27T23:59:00+02:00,2024-06-26,5,2024-06-26T05:00:00+02:00,2024-06-26T06:00:00+02:00,True,1.0,24.29,35.008007427476365,35.008007427476365,35.066069567431555,4660.0,4760.0,100.0,0.05806213995519016,100.0,0.05806213995519016,True
T065,transmission,unavail_tx_import_mw,1100.0,2024-06-18T15:00:00+00:00,2024-06-27T21:59:00+00:00,2024-06-18T17:00:00+02:00,2024-06-27T23:59:00+02:00,2024-06-26,6,2024-06-26T06:00:00+02:00,2024-06-26T07:00:00+02:00,True,1.0,29.1,48.37113588914094,48.37113588914093,48.42019134888251,4660.0,4760.0,100.0,0.049055459741580876,100.0,0.049055459741580876,True
T065,transmission,unavail_tx_import_mw,1100.0,2024-06-18T15:00:00+00:00,2024-06-27T21:59:00+00:00,2024-06-18T17:00:00+02:00,2024-06-27T23:59:00+02:00,2024-06-26,7,2024-06-26T07:00:00+02:00,2024-06-26T08:00:00+02:00,True,1.0,34.0,64.72173024390479,64.72173024390479,64.84595929345215,4660.0,4760.0,100.0,0.1242290495473668,100.0,0.1242290495473668,True
T065,transmission,unavail_tx_import_mw,1100.0,2024-06-18T15:00:00+00:00,2024-06-27T21:59:00+00:00,2024-06-18T17:00:00+02:00,2024-06-27T23:59:00+02:00,2024-06-26,8,2024-06-26T08:00:00+02:00,2024-06-26T09:00:00+02:00,True,1.0,35.55,64.13134543062145,64.13134543062144,64.40505037999077,4660.0,4760.0,100.0,0.273704949369332,100.0,0.273704949369332,True
T065,transmission,unavail_tx_import_mw,1100.0,2024-06-18T15:00:00+00:00,2024-06-27T21:59:00+00:00,2024-06-18T17:00:00+02:00,2024-06-27T23:59:00+02:00,2024-06-26,9,2024-06-26T09:00:00+02:00,2024-06-26T10:00:00+02:00,True,1.0,35.14,51.44974249947089,51.449742499470894,51.71939865683174,4660.0,4760.0,100.0,0.26965615736084914,100.0,0.26965615736084914,True
T065,transmission,unavail_tx_import_mw,1100.0,2024-06-18T15:00:00+00:00,2024-06-27T21:59:00+00:00,2024-06-18T17:00:00+02:00,2024-06-27T23:59:00+02:00,2024-06-26,10,2024-06-26T10:00:00+02:00,2024-06-26T11:00:00+02:00,True,1.0,35.31,44.998484159513225,44.998484159513225,45.291827565682176,4660.0,4760.0,100.0,0.29334340616895105,100.0,0.29334340616895105,True
T065,transmission,unavail_tx_import_mw,1100.0,2024-06-18T15:00:00+00:00,2024-06-27T21:59:00+00:00,2024-06-18T17:00:00+02:00,2024-06-27T23:59:00+02:00,2024-06-26,11,2024-06-26T11:00:00+02:00,2024-06-26T12:00:00+02:00,True,1.0,33.6,45.861210162343234,45.86121016234324,46.123904686521215,4660.0,4760.0,100.0,0.2626945241779737,100.0,0.2626945241779737,True
T065,transmission,unavail_tx_import_mw,1100.0,2024-06-18T15:00:00+00:00,2024-06-27T21:59:00+00:00,2024-06-18T17:00:00+02:00,2024-06-27T23:59:00+02:00,2024-06-26,12,2024-06-26T12:00:00+02:00,2024-06-26T13:00:00+02:00,True,1.0,32.9,42.39325468818514,42.39325468818514,42.52191514562642,4660.0,4760.0,100.0,0.12866045744128485,100.0,0.12866045744128485,True
T065,transmission,unavail_tx_import_mw,1100.0,2024-06-18T15:00:00+00:00,2024-06-27T21:59:00+00:00,2024-06-18T17:00:00+02:00,2024-06-27T23:59:00+02:00,2024-06-26,13,2024-06-26T13:00:00+02:00,2024-06-26T14:00:00+02:00,True,1.0,32.64,44.28564470883134,44.28564470883135,44.43985466008481,4660.0,4760.0,100.0,0.15420995125346337,100.0,0.15420995125346337,True
T065,transmission,unavail_tx_import_mw,1100.0,2024-06-18T15:00:00+00:00,2024-06-27T21:59:00+00:00,2024-06-18T17:00:00+02:00,2024-06-27T23:59:00+02:00,2024-06-26,14,2024-06-26T14:00:00+02:00,2024-06-26T15:00:00+02:00,True,1.0,32.57,42.77220843510584,42.77220843510584,42.886077378776434,4660.0,4760.0,100.0,0.11386894367059597,100.0,0.11386894367059597,True
T065,transmission,unavail_tx_import_mw,1100.0,2024-06-18T15:00:00+00:00,2024-06-27T21:59:00+00:00,2024-06-18T17:00:00+02:00,2024-06-27T23:59:00+02:00,2024-06-26,15,2024-06-26T15:00:00+02:00,2024-06-26T16:00:00+02:00,True,1.0,32.65,45.491119786075494,45.4911197860755,45.62019241305931,4660.0,4760.0,100.0,0.12907262698380606,100.0,0.12907262698380606,True
T065,transmission,unavail_tx_import_mw,1100.0,2024-06-18T15:00:00+00:00,2024-06-27T21:59:00+00:00,2024-06-18T17:00:00+02:00,2024-06-27T23:59:00+02:00,2024-06-26,16,2024-06-26T16:00:00+02:00,2024-06-26T17:00:00+02:00,True,1.0,33.07,50.14018238662668,50.14018238662667,50.34638447097191,4660.0,4760.0,100.0,0.206202084345243,100.0,0.206202084345243,True
T065,transmission,unavail_tx_import_mw,1100.0,2024-06-18T15:00:00+00:00,2024-06-27T21:59:00+00:00,2024-06-18T17:00:00+02:00,2024-06-27T23:59:00+02:00,2024-06-26,17,2024-06-26T17:00:00+02:00,2024-06-26T18:00:00+02:00,True,1.0,33.66,56.24444052899124,56.24444052899125,56.52508528037691,4660.0,4760.0,100.0,0.28064475138566536,100.0,0.28064475138566536,True
T065,transmission,unavail_tx_import_mw,1100.0,2024-06-18T15:00:00+00:00,2024-06-27T21:59:00+00:00,2024-06-18T17:00:00+02:00,2024-06-27T23:59:00+02:00,2024-06-26,18,2024-06-26T18:00:00+02:00,2024-06-26T19:00:00+02:00,True,1.0,34.93,60.54487608600989,60.54487608600989,60.758046337974136,4660.0,4760.0,100.0,0.2131702519642431,100.0,0.2131702519642431,True
T065,transmission,unavail_tx_import_mw,1100.0,2024-06-18T15:00:00+00:00,2024-06-27T21:59:00+00:00,2024-06-18T17:00:00+02:00,2024-06-27T23:59:00+02:00,2024-06-26,19,2024-06-26T19:00:00+02:00,2024-06-26T20:00:00+02:00,True,1.0,34.96,61.27565742381499,61.27565742381499,61.44797947655211,4660.0,4760.0,100.0,0.17232205273712253,100.0,0.17232205273712253,True
T065,transmission,unavail_tx_import_mw,1100.0,2024-06-18T15:00:00+00:00,2024-06-27T21:59:00+00:00,2024-06-18T17:00:00+02:00,2024-06-27T23:59:00+02:00,2024-06-26,20,2024-06-26T20:00:00+02:00,2024-06-26T21:00:00+02:00,True,1.0,33.79,58.9465008645453,58.9465008645453,59.12385799637337,4660.0,4760.0,100.0,0.17735713182806734,100.0,0.17735713182806734,True
T065,transmission,unavail_tx_import_mw,1100.0,2024-06-18T15:00:00+00:00,2024-06-27T21:59:00+00:00,2024-06-18T17:00:00+02:00,2024-06-27T23:59:00+02:00,2024-06-26,21,2024-06-26T21:00:00+02:00,2024-06-26T22:00:00+02:00,True,1.0,33.7,53.261460104181445,53.261460104181445,53.389734641858794,4660.0,4760.0,100.0,0.1282745376773491,100.0,0.1282745376773491,True
T065,transmission,unavail_tx_import_mw,1100.0,2024-06-18T15:00:00+00:00,2024-06-27T21:59:00+00:00,2024-06-18T17:00:00+02:00,2024-06-27T23:59:00+02:00,2024-06-26,22,2024-06-26T22:00:00+02:00,2024-06-26T23:00:00+02:00,True,1.0,33.0,49.81414567310258,49.81414567310258,49.97938912611416,4660.0,4760.0,100.0,0.16524345301157695,100.0,0.16524345301157695,True
T065,transmission,unavail_tx_import_mw,1100.0,2024-06-18T15:00:00+00:00,2024-06-27T21:59:00+00:00,2024-06-18T17:00:00+02:00,2024-06-27T23:59:00+02:00,2024-06-26,23,2024-06-26T23:00:00+02:00,2024-06-27T00:00:00+02:00,True,1.0,31.56,38.347268740008744,38.347268740008744,38.39043207206186,4660.0,4760.0,100.0,0.04316333205311906,100.0,0.04316333205311906,True
T065,transmission,unavail_tx_import_mw,1100.0,2024-06-18T15:00:00+00:00,2024-06-27T21:59:00+00:00,2024-06-18T17:00:00+02:00,2024-06-27T23:59:00+02:00,2024-06-27,0,2024-06-27T00:00:00+02:00,2024-06-27T01:00:00+02:00,True,1.0,28.41,30.901223408508745,30.901223408508745,30.901223408508745,4760.0,4760.0,0.0,0.0,100.0,0.00251014736366173,False
T065,transmission,unavail_tx_import_mw,1100.0,2024-06-18T15:00:00+00:00,2024-06-27T21:59:00+00:00,2024-06-18T17:00:00+02:00,2024-06-27T23:59:00+02:00,2024-06-27,1,2024-06-27T01:00:00+02:00,2024-06-27T02:00:00+02:00,True,1.0,27.06,27.8783974943205,27.8783974943205,27.8783974943205,4760.0,4760.0,0.0,0.0,100.0,0.10259685507710259,False
T065,transmission,unavail_tx_import_mw,1100.0,2024-06-18T15:00:00+00:00,2024-06-27T21:59:00+00:00,2024-06-18T17:00:00+02:00,2024-06-27T23:59:00+02:00,2024-06-27,2,2024-06-27T02:00:00+02:00,2024-06-27T03:00:00+02:00,True,1.0,26.0,25.815381310899053,25.815381310899053,25.815381310899053,4760.0,4760.0,0.0,0.0,100.0,0.09733378466532372,False
T065,transmission,unavail_tx_import_mw,1100.0,2024-06-18T15:00:00+00:00,2024-06-27T21:59:00+00:00,2024-06-18T17:00:00+02:00,2024-06-27T23:59:00+02:00,2024-06-27,3,2024-06-27T03:00:00+02:00,2024-06-27T04:00:00+02:00,True,1.0,24.92,25.576605616400677,25.576605616400677,25.576605616400677,4760.0,4760.0,0.0,0.0,100.0,0.06211240825233233,False
T065,transmission,unavail_tx_import_mw,1100.0,2024-06-18T15:00:00+00:00,2024-06-27T21:59:00+00:00,2024-06-18T17:00:00+02:00,2024-06-27T23:59:00+02:00,2024-06-27,4,2024-06-27T04:00:00+02:00,2024-06-27T05:00:00+02:00,True,1.0,25.8,26.63317145363554,26.63317145363554,26.63317145363554,4760.0,4760.0,0.0,0.0,100.0,0.0,False
T065,transmission,unavail_tx_import_mw,1100.0,2024-06-18T15:00:00+00:00,2024-06-27T21:59:00+00:00,2024-06-18T17:00:00+02:00,2024-06-27T23:59:00+02:00,2024-06-27,5,2024-06-27T05:00:00+02:00,2024-06-27T06:00:00+02:00,True,1.0,26.56,30.54526856417464,30.54526856417464,30.54526856417464,4760.0,4760.0,0.0,0.0,100.0,0.048524181274345324,False
T065,transmission,unavail_tx_import_mw,1100.0,2024-06-18T15:00:00+00:00,2024-06-27T21:59:00+00:00,2024-06-18T17:00:00+02:00,2024-06-27T23:59:00+02:00,2024-06-27,6,2024-06-27T06:00:00+02:00,2024-06-27T07:00:00+02:00,True,1.0,29.23,37.483908721747135,37.483908721747135,37.483908721747135,4760.0,4760.0,0.0,0.0,100.0,0.04219053383841498,False
T065,transmission,unavail_tx_import_mw,1100.0,2024-06-18T15:00:00+00:00,2024-06-27T21:59:00+00:00,2024-06-18T17:00:00+02:00,2024-06-27T23:59:00+02:00,2024-06-27,7,2024-06-27T07:00:00+02:00,2024-06-27T08:00:00+02:00,True,1.0,32.91,48.67532598131574,48.67532598131574,48.67532598131574,4760.0,4760.0,0.0,0.0,100.0,0.11994498416333244,False
T065,transmission,unavail_tx_import_mw,1100.0,2024-06-18T15:00:00+00:00,2024-06-27T21:59:00+00:00,2024-06-18T17:00:00+02:00,2024-06-27T23:59:00+02:00,2024-06-27,8,2024-06-27T08:00:00+02:00,2024-06-27T09:00:00+02:00,True,1.0,35.16,51.36527313131545,51.36527313131547,51.36527313131547,4760.0,4760.0,0.0,0.0,100.0,0.2677830866467943,False
T065,transmission,unavail_tx_import_mw,1100.0,2024-06-18T15:00:00+00:00,2024-06-27T21:59:00+00:00,2024-06-18T17:00:00+02:00,2024-06-27T23:59:00+02:00,2024-06-27,9,2024-06-27T09:00:00+02:00,2024-06-27T10:00:00+02:00,True,1.0,34.79,43.51815834464555,43.51815834464556,43.51815834464556,4760.0,4760.0,0.0,0.0,100.0,0.26702807591477296,False
T065,transmission,unavail_tx_import_mw,1100.0,2024-06-18T15:00:00+00:00,2024-06-27T21:59:00+00:00,2024-06-18T17:00:00+02:00,2024-06-27T23:59:00+02:00,2024-06-27,10,2024-06-27T10:00:00+02:00,2024-06-27T11:00:00+02:00,True,1.0,33.71,36.99179922336066,36.99179922336067,36.99179922336067,4760.0,4760.0,0.0,0.0,100.0,0.2998827345177375,False
T065,transmission,unavail_tx_import_mw,1100.0,2024-06-18T15:00:00+00:00,2024-06-27T21:59:00+00:00,2024-06-18T17:00:00+02:00,2024-06-27T23:59:00+02:00,2024-06-27,11,2024-06-27T11:00:00+02:00,2024-06-27T12:00:00+02:00,True,1.0,29.46,36.02749825662886,36.027498256628874,36.027498256628874,4760.0,4760.0,0.0,0.0,100.0,0.25563052512019624,False
T065,transmission,unavail_tx_import_mw,1100.0,2024-06-18T15:00:00+00:00,2024-06-27T21:59:00+00:00,2024-06-18T17:00:00+02:00,2024-06-27T23:59:00+02:00,2024-06-27,12,2024-06-27T12:00:00+02:00,2024-06-27T13:00:00+02:00,True,1.0,29.71,33.45650993800247,33.45650993800247,33.45650993800247,4760.0,4760.0,0.0,0.0,100.0,0.1213828707922957,False
T065,transmission,unavail_tx_import_mw,1100.0,2024-06-18T15:00:00+00:00,2024-06-27T21:59:00+00:00,2024-06-18T17:00:00+02:00,2024-06-27T23:59:00+02:00,2024-06-27,13,2024-06-27T13:00:00+02:00,2024-06-27T14:00:00+02:00,True,1.0,28.94,31.530983834111428,31.530983834111424,31.530983834111424,4760.0,4760.0,0.0,0.0,100.0,0.1412207429534611,False
T065,transmission,unavail_tx_import_mw,1100.0,2024-06-18T15:00:00+00:00,2024-06-27T21:59:00+00:00,2024-06-18T17:00:00+02:00,2024-06-27T23:59:00+02:00,2024-06-27,14,2024-06-27T14:00:00+02:00,2024-06-27T15:00:00+02:00,True,1.0,26.84,28.665989367707404,28.665989367707407,28.665989367707407,4760.0,4760.0,0.0,0.0,100.0,0.12164055152789643,False
T065,transmission,unavail_tx_import_mw,1100.0,2024-06-18T15:00:00+00:00,2024-06-27T21:59:00+00:00,2024-06-18T17:00:00+02:00,2024-06-27T23:59:00+02:00,2024-06-27,15,2024-06-27T15:00:00+02:00,2024-06-27T16:00:00+02:00,True,1.0,24.99,27.765927234640913,27.76592723464091,27.76592723464091,4760.0,4760.0,0.0,0.0,100.0,0.12118444262757322,False
T065,transmission,unavail_tx_import_mw,1100.0,2024-06-18T15:00:00+00:00,2024-06-27T21:59:00+00:00,2024-06-18T17:00:00+02:00,2024-06-27T23:59:00+02:00,2024-06-27,16,2024-06-27T16:00:00+02:00,2024-06-27T17:00:00+02:00,True,1.0,27.04,29.54463851878852,29.54463851878852,29.54463851878852,4760.0,4760.0,0.0,0.0,100.0,0.15947919012061718,False
T065,transmission,unavail_tx_import_mw,1100.0,2024-06-18T15:00:00+00:00,2024-06-27T21:59:00+00:00,2024-06-18T17:00:00+02:00,2024-06-27T23:59:00+02:00,2024-06-27,17,2024-06-27T17:00:00+02:00,2024-06-27T18:00:00+02:00,True,1.0,29.23,33.257069200256,33.257069200256,33.257069200256,4760.0,4760.0,0.0,0.0,100.0,0.2977066829975996,False
T065,transmission,unavail_tx_import_mw,1100.0,2024-06-18T15:00:00+00:00,2024-06-27T21:59:00+00:00,2024-06-18T17:00:00+02:00,2024-06-27T23:59:00+02:00,2024-06-27,18,2024-06-27T18:00:00+02:00,2024-06-27T19:00:00+02:00,True,1.0,29.3,34.89317207781468,34.89317207781468,34.89317207781468,4760.0,4760.0,0.0,0.0,100.0,0.2308448681847537,False
T065,transmission,unavail_tx_import_mw,1100.0,2024-06-18T15:00:00+00:00,2024-06-27T21:59:00+00:00,2024-06-18T17:00:00+02:00,2024-06-27T23:59:00+02:00,2024-06-27,19,2024-06-27T19:00:00+02:00,2024-06-27T20:00:00+02:00,True,1.0,28.07,34.866203534740116,34.86620353474011,34.86620353474011,4760.0,4760.0,0.0,0.0,100.0,0.20222633095048792,False
T065,transmission,unavail_tx_import_mw,1100.0,2024-06-18T15:00:00+00:00,2024-06-27T21:59:00+00:00,2024-06-18T17:00:00+02:00,2024-06-27T23:59:00+02:00,2024-06-27,20,2024-06-27T20:00:00+02:00,2024-06-27T21:00:00+02:00,True,1.0,25.34,30.61785621751579,30.61785621751579,30.61785621751579,4760.0,4760.0,0.0,0.0,100.0,0.16416807740476003,False
T065,transmission,unavail_tx_import_mw,1100.0,2024-06-18T15:00:00+00:00,2024-06-27T21:59:00+00:00,2024-06-18T17:00:00+02:00,2024-06-27T23:59:00+02:00,2024-06-27,21,2024-06-27T21:00:00+02:00,2024-06-27T22:00:00+02:00,True,1.0,22.32,25.171919604741177,25.171919604741174,25.171919604741174,4760.0,4760.0,0.0,0.0,100.0,0.17127935203687983,False
T065,transmission,unavail_tx_import_mw,1100.0,2024-06-18T15:00:00+00:00,2024-06-27T21:59:00+00:00,2024-06-18T17:00:00+02:00,2024-06-27T23:59:00+02:00,2024-06-27,22,2024-06-27T22:00:00+02:00,2024-06-27T23:00:00+02:00,True,1.0,15.09,26.082710631359788,26.08271063135979,26.08271063135979,4760.0,4760.0,0.0,0.0,100.0,0.16236500702350654,False
T065,transmission,unavail_tx_import_mw,1100.0,2024-06-18T15:00:00+00:00,2024-06-27T21:59:00+00:00,2024-06-18T17:00:00+02:00,2024-06-27T23:59:00+02:00,2024-06-27,23,2024-06-27T23:00:00+02:00,2024-06-28T00:00:00+02:00,True,0.9833333333333333,3.51,18.21922462207133,18.21922462207133,18.21922462207133,4760.0,4760.0,0.0,0.0,100.0,0.04738365924080412,False
T069,transmission,unavail_tx_import_mw,1000.0,2025-02-28T15:11:00+00:00,2025-03-31T21:59:00+00:00,2025-02-28T16:11:00+01:00,2025-03-31T23:59:00+02:00,2025-02-28,0,2025-02-28T00:00:00+01:00,2025-02-28T01:00:00+01:00,False,0.0,27.88,41.93904088702698,41.93904088702698,42.17202179951103,0.0,0.0,0.0,0.23298091248405228,100.0,0.0092229533335626,False
T069,transmission,unavail_tx_import_mw,1000.0,2025-02-28T15:11:00+00:00,2025-03-31T21:59:00+00:00,2025-02-28T16:11:00+01:00,2025-03-31T23:59:00+02:00,2025-02-28,1,2025-02-28T01:00:00+01:00,2025-02-28T02:00:00+01:00,False,0.0,26.99,40.793938451666534,40.79393845166655,40.79393845166655,0.0,0.0,0.0,0.0,100.0,0.0363609432216947,False
T069,transmission,unavail_tx_import_mw,1000.0,2025-02-28T15:11:00+00:00,2025-03-31T21:59:00+00:00,2025-02-28T16:11:00+01:00,2025-03-31T23:59:00+02:00,2025-02-28,2,2025-02-28T02:00:00+01:00,2025-02-28T03:00:00+01:00,False,0.0,26.89,39.311356859941746,39.31135685994175,39.25730370662727,0.0,0.0,0.0,-0.05405315331448435,100.0,0.021164515172323206,False
T069,transmission,unavail_tx_import_mw,1000.0,2025-02-28T15:11:00+00:00,2025-03-31T21:59:00+00:00,2025-02-28T16:11:00+01:00,2025-03-31T23:59:00+02:00,2025-02-28,3,2025-02-28T03:00:00+01:00,2025-02-28T04:00:00+01:00,False,0.0,26.85,39.01174477564938,39.01174477564938,39.01174477564938,0.0,0.0,0.0,0.0,100.0,0.0,False
T069,transmission,unavail_tx_import_mw,1000.0,2025-02-28T15:11:00+00:00,2025-03-31T21:59:00+00:00,2025-02-28T16:11:00+01:00,2025-03-31T23:59:00+02:00,2025-02-28,4,2025-02-28T04:00:00+01:00,2025-02-28T05:00:00+01:00,False,0.0,26.81,40.209385947861506,40.209385947861506,40.209385947861506,0.0,0.0,0.0,0.0,100.0,-0.002489537333985936,False
T069,transmission,unavail_tx_import_mw,1000.0,2025-02-28T15:11:00+00:00,2025-03-31T21:59:00+00:00,2025-02-28T16:11:00+01:00,2025-03-31T23:59:00+02:00,2025-02-28,5,2025-02-28T05:00:00+01:00,2025-02-28T06:00:00+01:00,False,0.0,35.97,45.19139335775668,45.19139335775668,45.30896032428059,0.0,0.0,0.0,0.11756696652390985,100.0,0.016203623572849324,False
T069,transmission,unavail_tx_import_mw,1000.0,2025-02-28T15:11:00+00:00,2025-03-31T21:59:00+00:00,2025-02-28T16:11:00+01:00,2025-03-31T23:59:00+02:00,2025-02-28,6,2025-02-28T06:00:00+01:00,2025-02-28T07:00:00+01:00,False,0.0,47.3,61.93071751543124,61.93071751543124,61.93071751543124,0.0,0.0,0.0,0.0,100.0,0.0,False
T069,transmission,unavail_tx_import_mw,1000.0,2025-02-28T15:11:00+00:00,2025-03-31T21:59:00+00:00,2025-02-28T16:11:00+01:00,2025-03-31T23:59:00+02:00,2025-02-28,7,2025-02-28T07:00:00+01:00,2025-02-28T08:00:00+01:00,False,0.0,103.32,86.5144111188518,86.5144111188518,88.99602979561709,0.0,0.0,0.0,2.4816186767652937,100.0,0.09020422898984748,False
T069,transmission,unavail_tx_import_mw,1000.0,2025-02-28T15:11:00+00:00,2025-03-31T21:59:00+00:00,2025-02-28T16:11:00+01:00,2025-03-31T23:59:00+02:00,2025-02-28,8,2025-02-28T08:00:00+01:00,2025-02-28T09:00:00+01:00,False,0.0,157.55,105.43786097600744,105.43786097600744,107.24346186806073,0.0,0.0,0.0,1.8056008920532918,100.0,0.06620926895543278,False
T069,transmission,unavail_tx_import_mw,1000.0,2025-02-28T15:11:00+00:00,2025-03-31T21:59:00+00:00,2025-02-28T16:11:00+01:00,2025-03-31T23:59:00+02:00,2025-02-28,9,2025-02-28T09:00:00+01:00,2025-02-28T10:00:00+01:00,False,0.0,140.12,94.09852910850655,94.09852910850655,96.9838337474178,0.0,0.0,0.0,2.8853046389112507,100.0,0.10471292651367037,False
T069,transmission,unavail_tx_import_mw,1000.0,2025-02-28T15:11:00+00:00,2025-03-31T21:59:00+00:00,2025-02-28T16:11:00+01:00,2025-03-31T23:59:00+02:00,2025-02-28,10,2025-02-28T10:00:00+01:00,2025-02-28T11:00:00+01:00,False,0.0,125.95,81.8070485396176,81.8070485396176,84.53069480995455,0.0,0.0,0.0,2.723646270336957,100.0,0.09879622122417686,False
T069,transmission,unavail_tx_import_mw,1000.0,2025-02-28T15:11:00+00:00,2025-03-31T21:59:00+00:00,2025-02-28T16:11:00+01:00,2025-03-31T23:59:00+02:00,2025-02-28,11,2025-02-28T11:00:00+01:00,2025-02-28T12:00:00+01:00,False,0.0,75.63,70.80470573203623,70.80470573203624,71.55542699839779,0.0,0.0,0.0,0.7507212663615519,100.0,0.05496308071258227,False
T069,transmission,unavail_tx_import_mw,1000.0,2025-02-28T15:11:00+00:00,2025-03-31T21:59:00+00:00,2025-02-28T16:11:00+01:00,2025-03-31T23:59:00+02:00,2025-02-28,12,2025-02-28T12:00:00+01:00,2025-02-28T13:00:00+01:00,False,0.0,66.56,66.03033410640498,66.03033410640496,67.54331211629273,0.0,0.0,0.0,1.5129780098877603,100.0,0.0647116148752076,False
T069,transmission,unavail_tx_import_mw,1000.0,2025-02-28T15:11:00+00:00,2025-03-31T21:59:00+00:00,2025-02-28T16:11:00+01:00,2025-03-31T23:59:00+02:00,2025-02-28,13,2025-02-28T13:00:00+01:00,2025-02-28T14:00:00+01:00,False,0.0,48.65,59.172552876929025,59.172552876929004,59.172552876929004,0.0,0.0,0.0,0.0,100.0,0.0,False
T069,transmission,unavail_tx_import_mw,1000.0,2025-02-28T15:11:00+00:00,2025-03-31T21:59:00+00:00,2025-02-28T16:11:00+01:00,2025-03-31T23:59:00+02:00,2025-02-28,14,2025-02-28T14:00:00+01:00,2025-02-28T15:00:00+01:00,False,0.0,44.88,60.54402648675826,60.54402648675827,61.06064682497988,0.0,0.0,0.0,0.5166203382216068,100.0,0.05372821352345625,False
T069,transmission,unavail_tx_import_mw,1000.0,2025-02-28T15:11:00+00:00,2025-03-31T21:59:00+00:00,2025-02-28T16:11:00+01:00,2025-03-31T23:59:00+02:00,2025-02-28,15,2025-02-28T15:00:00+01:00,2025-02-28T16:00:00+01:00,False,0.0,42.07,65.3585246287421,65.35852462874209,66.18906021613856,0.0,0.0,0.0,0.8305355873964686,100.0,0.06379166063794628,False
T069,transmission,unavail_tx_import_mw,1000.0,2025-02-28T15:11:00+00:00,2025-03-31T21:59:00+00:00,2025-02-28T16:11:00+01:00,2025-03-31T23:59:00+02:00,2025-02-28,16,2025-02-28T16:00:00+01:00,2025-02-28T17:00:00+01:00,True,0.8166666666666667,51.14,78.21914181028858,78.21914181028856,78.21914181028856,0.0,0.0,0.0,0.0,100.0,0.06729852172091455,False
T069,transmission,unavail_tx_import_mw,1000.0,2025-02-28T15:11:00+00:00,2025-03-31T21:59:00+00:00,2025-02-28T16:11:00+01:00,2025-03-31T23:59:00+02:00,2025-02-28,17,2025-02-28T17:00:00+01:00,2025-02-28T18:00:00+01:00,True,1.0,102.93,85.2649915725475,85.2649915725475,89.25542755945422,0.0,2000.0,2000.0,3.990435986906718,100.0,0.1432347150282567,True
T069,transmission,unavail_tx_import_mw,1000.0,2025-02-28T15:11:00+00:00,2025-03-31T21:59:00+00:00,2025-02-28T16:11:00+01:00,2025-03-31T23:59:00+02:00,2025-02-28,18,2025-02-28T18:00:00+01:00,2025-02-28T19:00:00+01:00,True,1.0,138.35,86.2637370217035,86.26373702170352,91.1354338292942,0.0,2000.0,2000.0,4.871696807590681,100.0,0.17382428267960393,True
T069,transmission,unavail_tx_import_mw,1000.0,2025-02-28T15:11:00+00:00,2025-03-31T21:59:00+00:00,2025-02-28T16:11:00+01:00,2025-03-31T23:59:00+02:00,2025-02-28,19,2025-02-28T19:00:00+01:00,2025-02-28T20:00:00+01:00,True,1.0,65.44,72.94924961632346,72.94924961632347,74.48321114617876,0.0,2000.0,2000.0,1.53396152985529,100.0,0.05603563636104525,True
T069,transmission,unavail_tx_import_mw,1000.0,2025-02-28T15:11:00+00:00,2025-03-31T21:59:00+00:00,2025-02-28T16:11:00+01:00,2025-03-31T23:59:00+02:00,2025-02-28,20,2025-02-28T20:00:00+01:00,2025-02-28T21:00:00+01:00,True,1.0,57.77,57.12827919108239,57.1282791910824,59.01054052989103,0.0,2000.0,2000.0,1.8822613388086324,100.0,0.06838309519269359,True
T069,transmission,unavail_tx_import_mw,1000.0,2025-02-28T15:11:00+00:00,2025-03-31T21:59:00+00:00,2025-02-28T16:11:00+01:00,2025-03-31T23:59:00+02:00,2025-02-28,21,2025-02-28T21:00:00+01:00,2025-02-28T22:00:00+01:00,True,1.0,51.66,52.72158346179483,52.72158346179483,54.25273352298804,0.0,2000.0,2000.0,1.531150061193209,100.0,0.05580251660229152,True
T069,transmission,unavail_tx_import_mw,1000.0,2025-02-28T15:11:00+00:00,2025-03-31T21:59:00+00:00,2025-02-28T16:11:00+01:00,2025-03-31T23:59:00+02:00,2025-02-28,22,2025-02-28T22:00:00+01:00,2025-02-28T23:00:00+01:00,True,1.0,45.25,46.147254922940576,46.147254922940576,48.55886001232867,0.0,2000.0,2000.0,2.4116050893880967,100.0,0.09753947451619638,True
T069,transmission,unavail_tx_import_mw,1000.0,2025-02-28T15:11:00+00:00,2025-03-31T21:59:00+00:00,2025-02-28T16:11:00+01:00,2025-03-31T23:59:00+02:00,2025-02-28,23,2025-02-28T23:00:00+01:00,2025-03-01T00:00:00+01:00,True,1.0,40.24,41.226224355149974,41.22622435514998,42.256759183644995,0.0,2000.0,2000.0,1.0305348284950142,100.0,0.0594871943236015,True
T069,transmission,unavail_tx_import_mw,1000.0,2025-02-28T15:11:00+00:00,2025-03-31T21:59:00+00:00,2025-02-28T16:11:00+01:00,2025-03-31T23:59:00+02:00,2025-03-01,0,2025-03-01T00:00:00+01:00,2025-03-01T01:00:00+01:00,True,1.0,36.85,38.55496911595418,38.554969115954165,38.77025054842438,0.0,2000.0,2000.0,0.21528143247021347,100.0,0.007615355960489012,True
T069,transmission,unavail_tx_import_mw,1000.0,2025-02-28T15:11:00+00:00,2025-03-31T21:59:00+00:00,2025-02-28T16:11:00+01:00,2025-03-31T23:59:00+02:00,2025-03-01,1,2025-03-01T01:00:00+01:00,2025-03-01T02:00:00+01:00,True,1.0,38.94,36.584003450053416,36.58400345005341,37.51495195133215,0.0,2000.0,2000.0,0.930948501278742,100.0,0.03359672210661557,True
T069,transmission,unavail_tx_import_mw,1000.0,2025-02-28T15:11:00+00:00,2025-03-31T21:59:00+00:00,2025-02-28T16:11:00+01:00,2025-03-31T23:59:00+02:00,2025-03-01,2,2025-03-01T02:00:00+01:00,2025-03-01T03:00:00+01:00,True,1.0,34.22,35.675787028977844,35.67578702897785,36.20152940967506,0.0,2000.0,2000.0,0.5257423806972099,100.0,0.019110913041600952,True
T069,transmission,unavail_tx_import_mw,1000.0,2025-02-28T15:11:00+00:00,2025-03-31T21:59:00+00:00,2025-02-28T16:11:00+01:00,2025-03-31T23:59:00+02:00,2025-03-01,3,2025-03-01T03:00:00+01:00,2025-03-01T04:00:00+01:00,True,1.0,38.06,34.97980563034872,34.97980563034872,35.2622963084421,0.0,2000.0,2000.0,0.2824906780933816,100.0,0.010302852915899052,True
T069,transmission,unavail_tx_import_mw,1000.0,2025-02-28T15:11:00+00:00,2025-03-31T21:59:00+00:00,2025-02-28T16:11:00+01:00,2025-03-31T23:59:00+02:00,2025-03-01,4,2025-03-01T04:00:00+01:00,2025-03-01T05:00:00+01:00,True,1.0,33.96,34.38614215229461,34.38614215229461,34.38614215229461,0.0,2000.0,2000.0,0.0,100.0,0.0,True
T069,transmission,unavail_tx_import_mw,1000.0,2025-02-28T15:11:00+00:00,2025-03-31T21:59:00+00:00,2025-02-28T16:11:00+01:00,2025-03-31T23:59:00+02:00,2025-03-01,5,2025-03-01T05:00:00+01:00,2025-03-01T06:00:00+01:00,True,1.0,33.56,38.21524885711287,38.21524885711286,38.703814874228954,0.0,2000.0,2000.0,0.48856601711609215,100.0,0.018021592640280915,True
T069,transmission,unavail_tx_import_mw,1000.0,2025-02-28T15:11:00+00:00,2025-03-31T21:59:00+00:00,2025-02-28T16:11:00+01:00,2025-03-31T23:59:00+02:00,2025-03-01,6,2025-03-01T06:00:00+01:00,2025-03-01T07:00:00+01:00,True,1.0,46.79,48.21705534015946,48.21705534015945,48.21705534015945,0.0,2000.0,2000.0,0.0,100.0,0.0,True
T069,transmission,unavail_tx_import_mw,1000.0,2025-02-28T15:11:00+00:00,2025-03-31T21:59:00+00:00,2025-02-28T16:11:00+01:00,2025-03-31T23:59:00+02:00,2025-03-01,7,2025-03-01T07:00:00+01:00,2025-03-01T08:00:00+01:00,True,1.0,51.41,59.227985060898256,59.227985060898256,60.79842627549124,0.0,2000.0,2000.0,1.5704412145929822,100.0,0.05738400223386009,True
T069,transmission,unavail_tx_import_mw,1000.0,2025-02-28T15:11:00+00:00,2025-03-31T21:59:00+00:00,2025-02-28T16:11:00+01:00,2025-03-31T23:59:00+02:00,2025-03-01,8,2025-03-01T08:00:00+01:00,2025-03-01T09:00:00+01:00,True,1.0,67.6,69.84850050765378,69.84850050765377,71.03943262222222,0.0,2000.0,2000.0,1.1909321145684544,100.0,0.043761170455610454,True
T069,transmission,unavail_tx_import_mw,1000.0,2025-02-28T15:11:00+00:00,2025-03-31T21:59:00+00:00,2025-02-28T16:11:00+01:00,2025-03-31T23:59:00+02:00,2025-03-01,9,2025-03-01T09:00:00+01:00,2025-03-01T10:00:00+01:00,True,1.0,67.76,63.93895683154146,63.93895683154146,66.0695925359901,0.0,2000.0,2000.0,2.130635704448636,100.0,0.07752359955973986,True
T069,transmission,unavail_tx_import_mw,1000.0,2025-02-28T15:11:00+00:00,2025-03-31T21:59:00+00:00,2025-02-28T16:11:00+01:00,2025-03-31T23:59:00+02:00,2025-03-01,10,2025-03-01T10:00:00+01:00,2025-03-01T11:00:00+01:00,True,1.0,34.3,57.22255302046595,57.22255302046595,59.02507716340915,0.0,2000.0,2000.0,1.8025241429431986,100.0,0.06584619932522173,True
T069,transmission,unavail_tx_import_mw,1000.0,2025-02-28T15:11:00+00:00,2025-03-31T21:59:00+00:00,2025-02-28T16:11:00+01:00,2025-03-31T23:59:00+02:00,2025-03-01,11,2025-03-01T11:00:00+01:00,2025-03-01T12:00:00+01:00,True,1.0,26.94,46.75769498310707,46.75769498310707,47.889147136918325,0.0,2000.0,2000.0,1.131452153811253,100.0,0.041696706379617865,True
T069,transmission,unavail_tx_import_mw,1000.0,2025-02-28T15:11:00+00:00,2025-03-31T21:59:00+00:00,2025-02-28T16:11:00+01:00,2025-03-31T23:59:00+02:00,2025-03-01,12,2025-03-01T12:00:00+01:00,2025-03-01T13:00:00+01:00,True,1.0,38.05,42.466185501481874,42.466185501481874,43.774001620016314,0.0,2000.0,2000.0,1.30781611853444,100.0,0.048088700797492834,True
T069,transmission,unavail_tx_import_mw,1000.0,2025-02-28T15:11:00+00:00,2025-03-31T21:59:00+00:00,2025-02-28T16:11:00+01:00,2025-03-31T23:59:00+02:00,2025-03-01,13,2025-03-01T13:00:00+01:00,2025-03-01T14:00:00+01:00,True,1.0,26.83,37.91384150190443,37.91384150190442,39.1972679491591,0.0,2000.0,2000.0,1.2834264472546764,100.0,0.047231618510423345,True
T069,transmission,unavail_tx_import_mw,1000.0,2025-02-28T15:11:00+00:00,2025-03-31T21:59:00+00:00,2025-02-28T16:11:00+01:00,2025-03-31T23:59:00+02:00,2025-03-01,14,2025-03-01T14:00:00+01:00,2025-03-01T15:00:00+01:00,True,1.0,27.48,36.04995252897229,36.049952528972284,37.11048461882878,0.0,2000.0,2000.0,1.060532089856494,100.0,0.039167002522987104,True
T069,transmission,unavail_tx_import_mw,1000.0,2025-02-28T15:11:00+00:00,2025-03-31T21:59:00+00:00,2025-02-28T16:11:00+01:00,2025-03-31T23:59:00+02:00,2025-03-01,15,2025-03-01T15:00:00+01:00,2025-03-01T16:00:00+01:00,True,1.0,30.97,38.96367283150365,38.96367283150365,39.74289688153672,0.0,2000.0,2000.0,0.779224050033072,100.0,0.02889818653505216,True
T069,transmission,unavail_tx_import_mw,1000.0,2025-02-28T15:11:00+00:00,2025-03-31T21:59:00+00:00,2025-02-28T16:11:00+01:00,2025-03-31T23:59:00+02:00,2025-03-01,16,2025-03-01T16:00:00+01:00,2025-03-01T17:00:00+01:00,True,1.0,39.89,45.64727431765532,45.64727431765531,46.61006795819647,0.0,2000.0,2000.0,0.9627936405411575,100.0,0.03561218083056161,True
T069,transmission,unavail_tx_import_mw,1000.0,2025-02-28T15:11:00+00:00,2025-03-31T21:59:00+00:00,2025-02-28T16:11:00+01:00,2025-03-31T23:59:00+02:00,2025-03-01,17,2025-03-01T17:00:00+01:00,2025-03-01T18:00:00+01:00,True,1.0,43.48,49.453785433911904,49.45378543391189,51.61763124814385,0.0,2000.0,2000.0,2.163845814231962,100.0,0.07912480802666266,True
T069,transmission,unavail_tx_import_mw,1000.0,2025-02-28T15:11:00+00:00,2025-03-31T21:59:00+00:00,2025-02-28T16:11:00+01:00,2025-03-31T23:59:00+02:00,2025-03-01,18,2025-03-01T18:00:00+01:00,2025-03-01T19:00:00+01:00,True,1.0,43.21,51.22204068648748,51.22204068648748,53.75981755669564,0.0,2000.0,2000.0,2.5377768702081553,100.0,0.09289014342740387,True
T069,transmission,unavail_tx_import_mw,1000.0,2025-02-28T15:11:00+00:00,2025-03-31T21:59:00+00:00,2025-02-28T16:11:00+01:00,2025-03-31T23:59:00+02:00,2025-03-01,19,2025-03-01T19:00:00+01:00,2025-03-01T20:00:00+01:00,True,1.0,36.74,41.427663638556744,41.42766363855675,42.417293158947665,0.0,2000.0,2000.0,0.9896295203909133,100.0,0.03667741376163747,True
T069,transmission,unavail_tx_import_mw,1000.0,2025-02-28T15:11:00+00:00,2025-03-31T21:59:00+00:00,2025-02-28T16:11:00+01:00,2025-03-31T23:59:00+02:00,2025-03-01,20,2025-03-01T20:00:00+01:00,2025-03-01T21:00:00+01:00,True,1.0,23.99,32.91882306193504,32.91882306193504,34.269175541357605,0.0,2000.0,2000.0,1.3503524794225612,100.0,0.050299264585618175,True
T069,transmission,unavail_tx_import_mw,1000.0,2025-02-28T15:11:00+00:00,2025-03-31T21:59:00+00:00,2025-02-28T16:11:00+01:00,2025-03-31T23:59:00+02:00,2025-03-01,21,2025-03-01T21:00:00+01:00,2025-03-01T22:00:00+01:00,True,1.0,14.58,31.19637798050456,31.196377980504558,31.875204595541952,0.0,2000.0,2000.0,0.6788266150373943,100.0,0.02518098865940388,True
T069,transmission,unavail_tx_import_mw,1000.0,2025-02-28T15:11:00+00:00,2025-03-31T21:59:00+00:00,2025-02-28T16:11:00+01:00,2025-03-31T23:59:00+02:00,2025-03-01,22,2025-03-01T22:00:00+01:00,2025-03-01T23:00:00+01:00,True,1.0,4.58,29.38267449028975,29.38267449028975,31.1848274895229,0.0,2000.0,2000.0,1.8021529992331473,100.0,0.06661256351543798,True
T069,transmission,unavail_tx_import_mw,1000.0,2025-02-28T15:11:00+00:00,2025-03-31T21:59:00+00:00,2025-02-28T16:11:00+01:00,2025-03-31T23:59:00+02:00,2025-03-01,23,2025-03-01T23:00:00+01:00,2025-03-02T00:00:00+01:00,True,1.0,3.58,24.97060951668099,24.970609516680987,26.19010424251177,0.0,2000.0,2000.0,1.2194947258307813,100.0,0.0451675488329748,True
T069,transmission,unavail_tx_import_mw,1000.0,2025-02-28T15:11:00+00:00,2025-03-31T21:59:00+00:00,2025-02-28T16:11:00+01:00,2025-03-31T23:59:00+02:00,2025-03-02,0,2025-03-02T00:00:00+01:00,2025-03-02T01:00:00+01:00,True,1.0,8.02,7.920789291868532,7.920789291868536,7.920789291868536,2000.0,2000.0,0.0,0.0,100.0,0.0,False
T069,transmission,unavail_tx_import_mw,1000.0,2025-02-28T15:11:00+00:00,2025-03-31T21:59:00+00:00,2025-02-28T16:11:00+01:00,2025-03-31T23:59:00+02:00,2025-03-02,1,2025-03-02T01:00:00+01:00,2025-03-02T02:00:00+01:00,True,1.0,4.7,5.825978628000621,5.825978628000625,5.825978628000625,2000.0,2000.0,0.0,0.0,100.0,0.04914963133022532,False
T069,transmission,unavail_tx_import_mw,1000.0,2025-02-28T15:11:00+00:00,2025-03-31T21:59:00+00:00,2025-02-28T16:11:00+01:00,2025-03-31T23:59:00+02:00,2025-03-02,2,2025-03-02T02:00:00+01:00,2025-03-02T03:00:00+01:00,True,1.0,3.11,5.666503921764532,5.666503921764532,5.666503921764532,2000.0,2000.0,0.0,0.0,100.0,0.048009161933526556,False
T069,transmission,unavail_tx_import_mw,1000.0,2025-02-28T15:11:00+00:00,2025-03-31T21:59:00+00:00,2025-02-28T16:11:00+01:00,2025-03-31T23:59:00+02:00,2025-03-02,3,2025-03-02T03:00:00+01:00,2025-03-02T04:00:00+01:00,True,1.0,1.31,5.269473561212795,5.2694735612127985,5.2694735612127985,2000.0,2000.0,0.0,0.0,100.0,0.025516746617775254,False
T069,transmission,unavail_tx_import_mw,1000.0,2025-02-28T15:11:00+00:00,2025-03-31T21:59:00+00:00,2025-02-28T16:11:00+01:00,2025-03-31T23:59:00+02:00,2025-03-02,4,2025-03-02T04:00:00+01:00,2025-03-02T05:00:00+01:00,True,1.0,1.46,4.638124773076337,4.638124773076331,4.638124773076331,2000.0,2000.0,0.0,0.0,100.0,0.0,False
T069,transmission,unavail_tx_import_mw,1000.0,2025-02-28T15:11:00+00:00,2025-03-31T21:59:00+00:00,2025-02-28T16:11:00+01:00,2025-03-31T23:59:00+02:00,2025-03-02,5,2025-03-02T05:00:00+01:00,2025-03-02T06:00:00+01:00,True,1.0,1.48,5.697591323716768,5.697591323716772,5.697591323716772,2000.0,2000.0,0.0,0.0,100.0,0.019316844372159636,False
T069,transmission,unavail_tx_import_mw,1000.0,2025-02-28T15:11:00+00:00,2025-03-31T21:59:00+00:00,2025-02-28T16:11:00+01:00,2025-03-31T23:59:00+02:00,2025-03-02,6,2025-03-02T06:00:00+01:00,2025-03-02T07:00:00+01:00,True,1.0,2.66,6.616165447485418,6.616165447485418,6.616165447485418,2000.0,2000.0,0.0,0.0,100.0,-0.05937678615365982,False
T069,transmission,unavail_tx_import_mw,1000.0,2025-02-28T15:11:00+00:00,2025-03-31T21:59:00+00:00,2025-02-28T16:11:00+01:00,2025-03-31T23:59:00+02:00,2025-03-02,7,2025-03-02T07:00:00+01:00,2025-03-02T08:00:00+01:00,True,1.0,3.02,12.389994461152549,12.389994461152547,12.389994461152547,2000.0,2000.0,0.0,0.0,100.0,0.12096782546535678,False
T069,transmission,unavail_tx_import_mw,1000.0,2025-02-28T15:11:00+00:00,2025-03-31T21:59:00+00:00,2025-02-28T16:11:00+01:00,2025-03-31T23:59:00+02:00,2025-03-02,8,2025-03-02T08:00:00+01:00,2025-03-02T09:00:00+01:00,True,1.0,2.81,9.084272443193612,9.084272443193584,9.084272443193584,2000.0,2000.0,0.0,0.0,100.0,0.09454732556479684,False
T069,transmission,unavail_tx_import_mw,1000.0,2025-02-28T15:11:00+00:00,2025-03-31T21:59:00+00:00,2025-02-28T16:11:00+01:00,2025-03-31T23:59:00+02:00,2025-03-02,9,2025-03-02T09:00:00+01:00,2025-03-02T10:00:00+01:00,True,1.0,2.02,6.771937049607487,6.771937049607494,6.771937049607494,2000.0,2000.0,0.0,0.0,100.0,0.2941479246556469,False
T069,transmission,unavail_tx_import_mw,1000.0,2025-02-28T15:11:00+00:00,2025-03-31T21:59:00+00:00,2025-02-28T16:11:00+01:00,2025-03-31T23:59:00+02:00,2025-03-02,10,2025-03-02T10:00:00+01:00,2025-03-02T11:00:00+01:00,True,1.0,1.46,8.119923918886162,8.119923918886144,8.119923918886144,2000.0,2000.0,0.0,0.0,100.0,0.2296370902436351,False
T069,transmission,unavail_tx_import_mw,1000.0,2025-02-28T15:11:00+00:00,2025-03-31T21:59:00+00:00,2025-02-28T16:11:00+01:00,2025-03-31T23:59:00+02:00,2025-03-02,11,2025-03-02T11:00:00+01:00,2025-03-02T12:00:00+01:00,True,1.0,1.01,5.869886545181053,5.869886545181057,5.869886545181057,2000.0,2000.0,0.0,0.0,100.0,0.08797565569033239,False
T069,transmission,unavail_tx_import_mw,1000.0,2025-02-28T15:11:00+00:00,2025-03-31T21:59:00+00:00,2025-02-28T16:11:00+01:00,2025-03-31T23:59:00+02:00,2025-03-02,12,2025-03-02T12:00:00+01:00,2025-03-02T13:00:00+01:00,True,1.0,0.05,8.904815168208298,8.904815168208295,8.904815168208295,2000.0,2000.0,0.0,0.0,100.0,0.09873630697547853,False
T069,transmission,unavail_tx_import_mw,1000.0,2025-02-28T15:11:00+00:00,2025-03-31T21:59:00+00:00,2025-02-28T16:11:00+01:00,2025-03-31T23:59:00+02:00,2025-03-02,13,2025-03-02T13:00:00+01:00,2025-03-02T14:00:00+01:00,True,1.0,0.2,4.87618219577865,4.876182195778643,4.876182195778643,2000.0,2000.0,0.0,0.0,100.0,0.10451034637458179,False
T069,transmission,unavail_tx_import_mw,1000.0,2025-02-28T15:11:00+00:00,2025-03-31T21:59:00+00:00,2025-02-28T16:11:00+01:00,2025-03-31T23:59:00+02:00,2025-03-02,14,2025-03-02T14:00:00+01:00,2025-03-02T15:00:00+01:00,True,1.0,0.58,4.189688226102245,4.189688226102245,4.189688226102245,2000.0,2000.0,0.0,0.0,100.0,0.07254823064326033,False
T069,transmission,unavail_tx_import_mw,1000.0,2025-02-28T15:11:00+00:00,2025-03-31T21:59:00+00:00,2025-02-28T16:11:00+01:00,2025-03-31T23:59:00+02:00,2025-03-02,15,2025-03-02T15:00:00+01:00,2025-03-02T16:00:00+01:00,True,1.0,1.88,8.442931327140542,8.442931327140553,8.442931327140553,2000.0,2000.0,0.0,0.0,100.0,0.0802467637053148,False
T069,transmission,unavail_tx_import_mw,1000.0,2025-02-28T15:11:00+00:00,2025-03-31T21:59:00+00:00,2025-02-28T16:11:00+01:00,2025-03-31T23:59:00+02:00,2025-03-02,16,2025-03-02T16:00:00+01:00,2025-03-02T17:00:00+01:00,True,1.0,2.8,9.651254199021388,9.651254199021391,9.651254199021391,2000.0,2000.0,0.0,0.0,100.0,0.06003422815968307,False
T069,transmission,unavail_tx_import_mw,1000.0,2025-02-28T15:11:00+00:00,2025-03-31T21:59:00+00:00,2025-02-28T16:11:00+01:00,2025-03-31T23:59:00+02:00,2025-03-02,17,2025-03-02T17:00:00+01:00,2025-03-02T18:00:00+01:00,True,1.0,4.62,16.26303045825897,16.26303045825897,16.26303045825897,2000.0,2000.0,0.0,0.0,100.0,0.17164923501502116,False
T069,transmission,unavail_tx_import_mw,1000.0,2025-02-28T15:11:00+00:00,2025-03-31T21:59:00+00:00,2025-02-28T16:11:00+01:00,2025-03-31T23:59:00+02:00,2025-03-02,18,2025-03-02T18:00:00+01:00,2025-03-02T19:00:00+01:00,True,1.0,8.05,21.453534813633674,21.45353481363367,21.45353481363367,2000.0,2000.0,0.0,0.0,100.0,0.1956977962477957,False
T069,transmission,unavail_tx_import_mw,1000.0,2025-02-28T15:11:00+00:00,2025-03-31T21:59:00+00:00,2025-02-28T16:11:00+01:00,2025-03-31T23:59:00+02:00,2025-03-02,19,2025-03-02T19:00:00+01:00,2025-03-02T20:00:00+01:00,True,1.0,4.62,15.889076285163846,15.889076285163839,15.889076285163839,2000.0,2000.0,0.0,0.0,100.0,0.08932907528869904,False
T069,transmission,unavail_tx_import_mw,1000.0,2025-02-28T15:11:00+00:00,2025-03-31T21:59:00+00:00,2025-02-28T16:11:00+01:00,2025-03-31T23:59:00+02:00,2025-03-02,20,2025-03-02T20:00:00+01:00,2025-03-02T21:00:00+01:00,True,1.0,4.21,9.096494581491813,9.0964945814918,9.0964945814918,2000.0,2000.0,0.0,0.0,100.0,0.139255936055374,False
T069,transmission,unavail_tx_import_mw,1000.0,2025-02-28T15:11:00+00:00,2025-03-31T21:59:00+00:00,2025-02-28T16:11:00+01:00,2025-03-31T23:59:00+02:00,2025-03-02,21,2025-03-02T21:00:00+01:00,2025-03-02T22:00:00+01:00,True,1.0,3.44,10.88936381557199,10.889363815571993,10.889363815571993,2000.0,2000.0,0.0,0.0,100.0,0.10130557235858717,False
T069,transmission,unavail_tx_import_mw,1000.0,2025-02-28T15:11:00+00:00,2025-03-31T21:59:00+00:00,2025-02-28T16:11:00+01:00,2025-03-31T23:59:00+02:00,2025-03-02,22,2025-03-02T22:00:00+01:00,2025-03-02T23:00:00+01:00,True,1.0,2.98,6.6690642942869225,6.6690642942869225,6.6690642942869225,2000.0,2000.0,0.0,0.0,100.0,0.16522641448951703,False
T069,transmission,unavail_tx_import_mw,1000.0,2025-02-28T15:11:00+00:00,2025-03-31T21:59:00+00:00,2025-02-28T16:11:00+01:00,2025-03-31T23:59:00+02:00,2025-03-02,23,2025-03-02T23:00:00+01:00,2025-03-03T00:00:00+01:00,True,1.0,2.03,5.425957130444761,5.425957130444768,5.425957130444768,2000.0,2000.0,0.0,0.0,100.0,0.19601908588202122,False
T069,transmission,unavail_tx_import_mw,1000.0,2025-02-28T15:11:00+00:00,2025-03-31T21:59:00+00:00,2025-02-28T16:11:00+01:00,2025-03-31T23:59:00+02:00,2025-03-03,0,2025-03-03T00:00:00+01:00,2025-03-03T01:00:00+01:00,True,1.0,2.55,1.720557518848814,1.720557518848814,1.720557518848814,2000.0,2000.0,0.0,0.0,100.0,0.015620188911999122,False
T069,transmission,unavail_tx_import_mw,1000.0,2025-02-28T15:11:00+00:00,2025-03-31T21:59:00+00:00,2025-02-28T16:11:00+01:00,2025-03-31T23:59:00+02:00,2025-03-03,1,2025-03-03T01:00:00+01:00,2025-03-03T02:00:00+01:00,True,1.0,2.29,2.7492897022525753,2.7492897022525753,2.7492897022525753,2000.0,2000.0,0.0,0.0,100.0,0.05395422121245019,False
T069,transmission,unavail_tx_import_mw,1000.0,2025-02-28T15:11:00+00:00,2025-03-31T21:59:00+00:00,2025-02-28T16:11:00+01:00,2025-03-31T23:59:00+02:00,2025-03-03,2,2025-03-03T02:00:00+01:00,2025-03-03T03:00:00+01:00,True,1.0,1.88,1.656074405517007,1.6560744055169998,1.6560744055169998,2000.0,2000.0,0.0,0.0,100.0,0.05421977800354938,False
T069,transmission,unavail_tx_import_mw,1000.0,2025-02-28T15:11:00+00:00,2025-03-31T21:59:00+00:00,2025-02-28T16:11:00+01:00,2025-03-31T23:59:00+02:00,2025-03-03,3,2025-03-03T03:00:00+01:00,2025-03-03T04:00:00+01:00,True,1.0,1.2,2.2884174455077257,2.288417445507722,2.288417445507722,2000.0,2000.0,0.0,0.0,100.0,0.02897151856454272,False
T069,transmission,unavail_tx_import_mw,1000.0,2025-02-28T15:11:00+00:00,2025-03-31T21:59:00+00:00,2025-02-28T16:11:00+01:00,2025-03-31T23:59:00+02:00,2025-03-03,4,2025-03-03T04:00:00+01:00,2025-03-03T05:00:00+01:00,True,1.0,1.23,3.3284130899810656,3.328413089981062,3.328413089981062,2000.0,2000.0,0.0,0.0,100.0,0.0,False
T069,transmission,unavail_tx_import_mw,1000.0,2025-02-28T15:11:00+00:00,2025-03-31T21:59:00+00:00,2025-02-28T16:11:00+01:00,2025-03-31T23:59:00+02:00,2025-03-03,5,2025-03-03T05:00:00+01:00,2025-03-03T06:00:00+01:00,True,1.0,2.59,6.9423434085447155,6.942343408544719,6.942343408544719,2000.0,2000.0,0.0,0.0,100.0,0.01930367747103645,False
T069,transmission,unavail_tx_import_mw,1000.0,2025-02-28T15:11:00+00:00,2025-03-31T21:59:00+00:00,2025-02-28T16:11:00+01:00,2025-03-31T23:59:00+02:00,2025-03-03,6,2025-03-03T06:00:00+01:00,2025-03-03T07:00:00+01:00,True,1.0,3.26,17.187812358684376,17.187812358684376,17.187812358684376,2000.0,2000.0,0.0,0.0,100.0,0.0,False
T069,transmission,unavail_tx_import_mw,1000.0,2025-02-28T15:11:00+00:00,2025-03-31T21:59:00+00:00,2025-02-28T16:11:00+01:00,2025-03-31T23:59:00+02:00,2025-03-03,7,2025-03-03T07:00:00+01:00,2025-03-03T08:00:00+01:00,True,1.0,22.35,32.75836182066463,32.758361820664625,32.758361820664625,2000.0,2000.0,0.0,0.0,100.0,0.07650697650323224,False
T069,transmission,unavail_tx_import_mw,1000.0,2025-02-28T15:11:00+00:00,2025-03-31T21:59:00+00:00,2025-02-28T16:11:00+01:00,2025-03-31T23:59:00+02:00,2025-03-03,8,2025-03-03T08:00:00+01:00,2025-03-03T09:00:00+01:00,True,1.0,31.13,35.44270613722946,35.44270613722946,35.44270613722946,2000.0,2000.0,0.0,0.0,100.0,0.05878013682840333,False
T069,transmission,unavail_tx_import_mw,1000.0,2025-02-28T15:11:00+00:00,2025-03-31T21:59:00+00:00,2025-02-28T16:11:00+01:00,2025-03-31T23:59:00+02:00,2025-03-03,9,2025-03-03T09:00:00+01:00,2025-03-03T10:00:00+01:00,True,1.0,20.06,27.48475349462336,27.484753494623362,27.484753494623362,2000.0,2000.0,0.0,0.0,100.0,0.20415257409231202,False
T069,transmission,unavail_tx_import_mw,1000.0,2025-02-28T15:11:00+00:00,2025-03-31T21:59:00+00:00,2025-02-28T16:11:00+01:00,2025-03-31T23:59:00+02:00,2025-03-03,10,2025-03-03T10:00:00+01:00,2025-03-03T11:00:00+01:00,True,1.0,4.35,23.678922354045657,23.678922354045646,23.678922354045646,2000.0,2000.0,0.0,0.0,100.0,0.21780208643927423,False
T069,transmission,unavail_tx_import_mw,1000.0,2025-02-28T15:11:00+00:00,2025-03-31T21:59:00+00:00,2025-02-28T16:11:00+01:00,2025-03-31T23:59:00+02:00,2025-03-03,11,2025-03-03T11:00:00+01:00,2025-03-03T12:00:00+01:00,True,1.0,3.81,17.433354098129474,17.43335409812947,17.43335409812947,2000.0,2000.0,0.0,0.0,100.0,0.07915090935552627,False
T069,transmission,unavail_tx_import_mw,1000.0,2025-02-28T15:11:00+00:00,2025-03-31T21:59:00+00:00,2025-02-28T16:11:00+01:00,2025-03-31T23:59:00+02:00,2025-03-03,12,2025-03-03T12:00:00+01:00,2025-03-03T13:00:00+01:00,True,1.0,2.37,14.47274788184174,14.472747881841745,14.472747881841745,2000.0,2000.0,0.0,0.0,100.0,0.0899656059413445,False
T069,transmission,unavail_tx_import_mw,1000.0,2025-02-28T15:11:00+00:00,2025-03-31T21:59:00+00:00,2025-02-28T16:11:00+01:00,2025-03-31T23:59:00+02:00,2025-03-03,13,2025-03-03T13:00:00+01:00,2025-03-03T14:00:00+01:00,True,1.0,1.63,14.626535829145793,14.626535829145798,14.626535829145798,2000.0,2000.0,0.0,0.0,100.0,0.08576972012794748,False
T069,transmission,unavail_tx_import_mw,1000.0,2025-02-28T15:11:00+00:00,2025-03-31T21:59:00+00:00,2025-02-28T16:11:00+01:00,2025-03-31T23:59:00+02:00,2025-03-03,14,2025-03-03T14:00:00+01:00,2025-03-03T15:00:00+01:00,True,1.0,2.08,14.703102925755829,14.703102925755823,14.703102925755823,2000.0,2000.0,0.0,0.0,100.0,0.05730454224529069,False
T069,transmission,unavail_tx_import_mw,1000.0,2025-02-28T15:11:00+00:00,2025-03-31T21:59:00+00:00,2025-02-28T16:11:00+01:00,2025-03-31T23:59:00+02:00,2025-03-03,15,2025-03-03T15:00:00+01:00,2025-03-03T16:00:00+01:00,True,1.0,1.99,14.74783717766785,14.747837177667853,14.747837177667853,2000.0,2000.0,0.0,0.0,100.0,0.0694749736746747,False
T069,transmission,unavail_tx_import_mw,1000.0,2025-02-28T15:11:00+00:00,2025-03-31T21:59:00+00:00,2025-02-28T16:11:00+01:00,2025-03-31T23:59:00+02:00,2025-03-03,16,2025-03-03T16:00:00+01:00,2025-03-03T17:00:00+01:00,True,1.0,2.9,15.127766546843617,15.127766546843617,15.127766546843617,2000.0,2000.0,0.0,0.0,100.0,0.05171992505065859,False
T069,transmission,unavail_tx_import_mw,1000.0,2025-02-28T15:11:00+00:00,2025-03-31T21:59:00+00:00,2025-02-28T16:11:00+01:00,2025-03-31T23:59:00+02:00,2025-03-03,17,2025-03-03T17:00:00+01:00,2025-03-03T18:00:00+01:00,True,1.0,23.56,23.00806872862221,23.008068728622202,23.008068728622202,2000.0,2000.0,0.0,0.0,100.0,0.146329757686118,False
T069,transmission,unavail_tx_import_mw,1000.0,2025-02-28T15:11:00+00:00,2025-03-31T21:59:00+00:00,2025-02-28T16:11:00+01:00,2025-03-31T23:59:00+02:00,2025-03-03,18,2025-03-03T18:00:00+01:00,2025-03-03T19:00:00+01:00,True,1.0,23.83,20.66739492209658,20.667394922096587,20.667394922096587,2000.0,2000.0,0.0,0.0,100.0,0.2128359233691448,False
T069,transmission,unavail_tx_import_mw,1000.0,2025-02-28T15:11:00+00:00,2025-03-31T21:59:00+00:00,2025-02-28T16:11:00+01:00,2025-03-31T23:59:00+02:00,2025-03-03,19,2025-03-03T19:00:00+01:00,2025-03-03T20:00:00+01:00,True,1.0,17.5,18.55899300854122,18.55899300854123,18.55899300854123,2000.0,2000.0,0.0,0.0,100.0,0.092093376100852,False
T069,transmission,unavail_tx_import_mw,1000.0,2025-02-28T15:11:00+00:00,2025-03-31T21:59:00+00:00,2025-02-28T16:11:00+01:00,2025-03-31T23:59:00+02:00,2025-03-03,20,2025-03-03T20:00:00+01:00,2025-03-03T21:00:00+01:00,True,1.0,2.79,11.371201464384512,11.371201464384505,11.371201464384505,2000.0,2000.0,0.0,0.0,100.0,0.13254515108232923,False
T069,transmission,unavail_tx_import_mw,1000.0,2025-02-28T15:11:00+00:00,2025-03-31T21:59:00+00:00,2025-02-28T16:11:00+01:00,2025-03-31T23:59:00+02:00,2025-03-03,21,2025-03-03T21:00:00+01:00,2025-03-03T22:00:00+01:00,True,1.0,0.95,12.567723447719604,12.567723447719604,12.567723447719604,2000.0,2000.0,0.0,0.0,100.0,0.09674400956314955,False
T069,transmission,unavail_tx_import_mw,1000.0,2025-02-28T15:11:00+00:00,2025-03-31T21:59:00+00:00,2025-02-28T16:11:00+01:00,2025-03-31T23:59:00+02:00,2025-03-03,22,2025-03-03T22:00:00+01:00,2025-03-03T23:00:00+01:00,True,1.0,-0.09,8.53312086008032,8.533120860080313,8.533120860080313,2000.0,2000.0,0.0,0.0,100.0,0.14373824726611062,False
T069,transmission,unavail_tx_import_mw,1000.0,2025-02-28T15:11:00+00:00,2025-03-31T21:59:00+00:00,2025-02-28T16:11:00+01:00,2025-03-31T23:59:00+02:00,2025-03-03,23,2025-03-03T23:00:00+01:00,2025-03-04T00:00:00+01:00,True,1.0,-0.81,5.160011438487665,5.160011438487665,5.160011438487665,2000.0,2000.0,0.0,0.0,100.0,0.10379291268402469,False
T069,transmission,unavail_tx_import_mw,1000.0,2025-02-28T15:11:00+00:00,2025-03-31T21:59:00+00:00,2025-02-28T16:11:00+01:00,2025-03-31T23:59:00+02:00,2025-03-04,0,2025-03-04T00:00:00+01:00,2025-03-04T01:00:00+01:00,True,1.0,-0.53,-0.5210547266905543,-0.5210547266905543,-0.5293452510307155,2000.0,2000.0,0.0,-0.008290524340161198,100.0,0.014283806933971022,False
T069,transmission,unavail_tx_import_mw,1000.0,2025-02-28T15:11:00+00:00,2025-03-31T21:59:00+00:00,2025-02-28T16:11:00+01:00,2025-03-31T23:59:00+02:00,2025-03-04,1,2025-03-04T01:00:00+01:00,2025-03-04T02:00:00+01:00,True,1.0,-0.67,-1.5511273531014638,-1.5511273531014638,-1.4400914792195572,2000.0,2000.0,0.0,0.11103587388190661,100.0,0.06610469247985762,False
T069,transmission,unavail_tx_import_mw,1000.0,2025-02-28T15:11:00+00:00,2025-03-31T21:59:00+00:00,2025-02-28T16:11:00+01:00,2025-03-31T23:59:00+02:00,2025-03-04,2,2025-03-04T02:00:00+01:00,2025-03-04T03:00:00+01:00,True,1.0,-0.72,-2.121685023924936,-2.1216850239249503,-2.1268198973103303,2000.0,2000.0,0.0,-0.00513487338537999,100.0,0.0629336340428317,False
T069,transmission,unavail_tx_import_mw,1000.0,2025-02-28T15:11:00+00:00,2025-03-31T21:59:00+00:00,2025-02-28T16:11:00+01:00,2025-03-31T23:59:00+02:00,2025-03-04,3,2025-03-04T03:00:00+01:00,2025-03-04T04:00:00+01:00,True,1.0,-0.71,-0.920327970155455,-0.920327970155455,-0.9037821698190527,2000.0,2000.0,0.0,0.016545800336402294,100.0,0.035956159038047275,False
T069,transmission,unavail_tx_import_mw,1000.0,2025-02-28T15:11:00+00:00,2025-03-31T21:59:00+00:00,2025-02-28T16:11:00+01:00,2025-03-31T23:59:00+02:00,2025-03-04,4,2025-03-04T04:00:00+01:00,2025-03-04T05:00:00+01:00,True,1.0,-0.56,1.5807761232080004,1.580776123208004,1.580776123208004,2000.0,2000.0,0.0,0.0,100.0,0.0,False
T069,transmission,unavail_tx_import_mw,1000.0,2025-02-28T15:11:00+00:00,2025-03-31T21:59:00+00:00,2025-02-28T16:11:00+01:00,2025-03-31T23:59:00+02:00,2025-03-04,5,2025-03-04T05:00:00+01:00,2025-03-04T06:00:00+01:00,True,1.0,0.91,4.382357480633036,4.38235748063304,4.38235748063304,2000.0,2000.0,0.0,0.0,100.0,0.013206516143632996,False
T069,transmission,unavail_tx_import_mw,1000.0,2025-02-28T15:11:00+00:00,2025-03-31T21:59:00+00:00,2025-02-28T16:11:00+01:00,2025-03-31T23:59:00+02:00,2025-03-04,6,2025-03-04T06:00:00+01:00,2025-03-04T07:00:00+01:00,True,1.0,2.42,14.377405875852476,14.377405875852475,14.362232784614815,2000.0,2000.0,0.0,-0.015173091237659975,100.0,-0.004948476953027026,False
T069,transmission,unavail_tx_import_mw,1000.0,2025-02-28T15:11:00+00:00,2025-03-31T21:59:00+00:00,2025-02-28T16:11:00+01:00,2025-03-31T23:59:00+02:00,2025-03-04,7,2025-03-04T07:00:00+01:00,2025-03-04T08:00:00+01:00,True,1.0,4.92,26.858337507206684,26.858337507206684,27.084825587258553,2000.0,2200.0,200.0,0.22648808005186893,100.0,0.07453460589603011,True
T069,transmission,unavail_tx_import_mw,1000.0,2025-02-28T15:11:00+00:00,2025-03-31T21:59:00+00:00,2025-02-28T16:11:00+01:00,2025-03-31T23:59:00+02:00,2025-03-04,8,2025-03-04T08:00:00+01:00,2025-03-04T09:00:00+01:00,True,1.0,10.01,28.783591692517177,28.783591692517177,28.932290304157522,2000.0,2200.0,200.0,0.14869861164034504,100.0,0.048930824385152505,True
T069,transmission,unavail_tx_import_mw,1000.0,2025-02-28T15:11:00+00:00,2025-03-31T21:59:00+00:00,2025-02-28T16:11:00+01:00,2025-03-31T23:59:00+02:00,2025-03-04,9,2025-03-04T09:00:00+01:00,2025-03-04T10:00:00+01:00,True,1.0,4.93,24.182066567465338,24.18206656746534,24.45113547169057,2000.0,2200.0,200.0,0.2690689042252288,100.0,0.08858312680691327,True
T069,transmission,unavail_tx_import_mw,1000.0,2025-02-28T15:11:00+00:00,2025-03-31T21:59:00+00:00,2025-02-28T16:11:00+01:00,2025-03-31T23:59:00+02:00,2025-03-04,10,2025-03-04T10:00:00+01:00,2025-03-04T11:00:00+01:00,True,1.0,3.83,20.36907372272252,20.36907372272251,20.678993847327057,2000.0,2300.0,300.0,0.3099201246045453,100.0,0.10206289601899599,True
T069,transmission,unavail_tx_import_mw,1000.0,2025-02-28T15:11:00+00:00,2025-03-31T21:59:00+00:00,2025-02-28T16:11:00+01:00,2025-03-31T23:59:00+02:00,2025-03-04,11,2025-03-04T11:00:00+01:00,2025-03-04T12:00:00+01:00,True,1.0,3.63,18.349571789962837,18.34957178996283,18.42559050172424,2000.0,2300.0,300.0,0.07601871176141017,100.0,0.0723107990935219,True
T069,transmission,unavail_tx_import_mw,1000.0,2025-02-28T15:11:00+00:00,2025-03-31T21:59:00+00:00,2025-02-28T16:11:00+01:00,2025-03-31T23:59:00+02:00,2025-03-04,12,2025-03-04T12:00:00+01:00,2025-03-04T13:00:00+01:00,True,1.0,3.65,14.01824232179504,14.018242321795043,14.172627615489358,2000.0,2300.0,300.0,0.15438529369431464,100.0,0.07756455804115703,True
T069,transmission,unavail_tx_import_mw,1000.0,2025-02-28T15:11:00+00:00,2025-03-31T21:59:00+00:00,2025-02-28T16:11:00+01:00,2025-03-31T23:59:00+02:00,2025-03-04,13,2025-03-04T13:00:00+01:00,2025-03-04T14:00:00+01:00,True,1.0,3.86,12.019784709670414,12.019784709670411,12.225057339774008,2000.0,2300.0,300.0,0.20527263010359675,100.0,0.08271661542709907,True
T069,transmission,unavail_tx_import_mw,1000.0,2025-02-28T15:11:00+00:00,2025-03-31T21:59:00+00:00,2025-02-28T16:11:00+01:00,2025-03-31T23:59:00+02:00,2025-03-04,14,2025-03-04T14:00:00+01:00,2025-03-04T15:00:00+01:00,True,1.0,5.33,10.622447283352535,10.622447283352535,10.712037932318609,2000.0,2300.0,300.0,0.08959064896607316,100.0,0.066311374959092,True
T069,transmission,unavail_tx_import_mw,1000.0,2025-02-28T15:11:00+00:00,2025-03-31T21:59:00+00:00,2025-02-28T16:11:00+01:00,2025-03-31T23:59:00+02:00,2025-03-04,15,2025-03-04T15:00:00+01:00,2025-03-04T16:00:00+01:00,True,1.0,11.5,12.22400069055319,12.22400069055319,12.334577289490305,2000.0,2300.0,300.0,0.11057659893711502,100.0,0.05865184602716056,True
T069,transmission,unavail_tx_import_mw,1000.0,2025-02-28T15:11:00+00:00,2025-03-31T21:59:00+00:00,2025-02-28T16:11:00+01:00,2025-03-31T23:59:00+02:00,2025-03-04,16,2025-03-04T16:00:00+01:00,2025-03-04T17:00:00+01:00,True,1.0,16.34,15.5663350192416,15.566335019241595,15.566335019241595,2000.0,2300.0,300.0,0.0,100.0,0.051304056835306255,True
T069,transmission,unavail_tx_import_mw,1000.0,2025-02-28T15:11:00+00:00,2025-03-31T21:59:00+00:00,2025-02-28T16:11:00+01:00,2025-03-31T23:59:00+02:00,2025-03-04,17,2025-03-04T17:00:00+01:00,2025-03-04T18:00:00+01:00,True,1.0,23.25,21.423224078578706,21.42322407857868,21.78237413986242,2000.0,2300.0,300.0,0.3591500612837386,100.0,0.11832524916930609,True
T069,transmission,unavail_tx_import_mw,1000.0,2025-02-28T15:11:00+00:00,2025-03-31T21:59:00+00:00,2025-02-28T16:11:00+01:00,2025-03-31T23:59:00+02:00,2025-03-04,18,2025-03-04T18:00:00+01:00,2025-03-04T19:00:00+01:00,True,1.0,23.09,21.440966027956573,21.44096602795659,21.88696572868273,2000.0,2300.0,300.0,0.44599970072613715,100.0,0.14703103757057434,True
T069,transmission,unavail_tx_import_mw,1000.0,2025-02-28T15:11:00+00:00,2025-03-31T21:59:00+00:00,2025-02-28T16:11:00+01:00,2025-03-31T23:59:00+02:00,2025-03-04,19,2025-03-04T19:00:00+01:00,2025-03-04T20:00:00+01:00,True,1.0,19.18,13.725095116508712,13.725095116508712,13.964139825247237,2000.0,2300.0,300.0,0.23904470873852546,100.0,0.07870253443048014,True
T069,transmission,unavail_tx_import_mw,1000.0,2025-02-28T15:11:00+00:00,2025-03-31T21:59:00+00:00,2025-02-28T16:11:00+01:00,2025-03-31T23:59:00+02:00,2025-03-04,20,2025-03-04T20:00:00+01:00,2025-03-04T21:00:00+01:00,True,1.0,6.13,5.987822342848851,5.987822342848862,6.342728064916759,2000.0,2300.0,300.0,0.3549057220678975,100.0,0.11695568393107436,True
T069,transmission,unavail_tx_import_mw,1000.0,2025-02-28T15:11:00+00:00,2025-03-31T21:59:00+00:00,2025-02-28T16:11:00+01:00,2025-03-31T23:59:00+02:00,2025-03-04,21,2025-03-04T21:00:00+01:00,2025-03-04T22:00:00+01:00,True,1.0,4.51,5.565940021585856,5.565940021585856,5.9499537342733895,2000.0,2300.0,300.0,0.38401371268753337,100.0,0.12659278157400777,True
T069,transmission,unavail_tx_import_mw,1000.0,2025-02-28T15:11:00+00:00,2025-03-31T21:59:00+00:00,2025-02-28T16:11:00+01:00,2025-03-31T23:59:00+02:00,2025-03-04,22,2025-03-04T22:00:00+01:00,2025-03-04T23:00:00+01:00,True,1.0,3.27,2.5198555986679914,2.5198555986679807,2.940113392249536,2000.0,2300.0,300.0,0.42025779358155546,100.0,0.13860460772421845,True
T069,transmission,unavail_tx_import_mw,1000.0,2025-02-28T15:11:00+00:00,2025-03-31T21:59:00+00:00,2025-02-28T16:11:00+01:00,2025-03-31T23:59:00+02:00,2025-03-04,23,2025-03-04T23:00:00+01:00,2025-03-05T00:00:00+01:00,True,1.0,1.18,1.5726982197676698,1.5726982197676733,1.7661609398155242,2000.0,2300.0,300.0,0.19346272004785092,100.0,0.11322130213680381,True
T069,transmission,unavail_tx_import_mw,1000.0,2025-02-28T15:11:00+00:00,2025-03-31T21:59:00+00:00,2025-02-28T16:11:00+01:00,2025-03-31T23:59:00+02:00,2025-03-05,0,2025-03-05T00:00:00+01:00,2025-03-05T01:00:00+01:00,True,1.0,-0.83,-0.3381784731757271,-0.33817847317572713,-0.33817847317572713,2300.0,2300.0,0.0,0.0,100.0,0.02124843407125354,False
T069,transmission,unavail_tx_import_mw,1000.0,2025-02-28T15:11:00+00:00,2025-03-31T21:59:00+00:00,2025-02-28T16:11:00+01:00,2025-03-31T23:59:00+02:00,2025-03-05,1,2025-03-05T01:00:00+01:00,2025-03-05T02:00:00+01:00,True,1.0,-1.04,0.0563810824496719,0.05638108244966489,0.05638108244966489,2300.0,2300.0,0.0,0.0,100.0,0.07349219711903743,False
T069,transmission,unavail_tx_import_mw,1000.0,2025-02-28T15:11:00+00:00,2025-03-31T21:59:00+00:00,2025-02-28T16:11:00+01:00,2025-03-31T23:59:00+02:00,2025-03-05,2,2025-03-05T02:00:00+01:00,2025-03-05T03:00:00+01:00,True,1.0,-1.21,0.5132443511077582,0.5132443511077582,0.5132443511077582,2300.0,2300.0,0.0,0.0,100.0,0.061919310302567254,False
T069,transmission,unavail_tx_import_mw,1000.0,2025-02-28T15:11:00+00:00,2025-03-31T21:59:00+00:00,2025-02-28T16:11:00+01:00,2025-03-31T23:59:00+02:00,2025-03-05,3,2025-03-05T03:00:00+01:00,2025-03-05T04:00:00+01:00,True,1.0,-1.3,0.314796028184972,0.31479602818496843,0.31479602818496843,2300.0,2300.0,0.0,0.0,100.0,0.0,False
T069,transmission,unavail_tx_import_mw,1000.0,2025-02-28T15:11:00+00:00,2025-03-31T21:59:00+00:00,2025-02-28T16:11:00+01:00,2025-03-31T23:59:00+02:00,2025-03-05,4,2025-03-05T04:00:00+01:00,2025-03-05T05:00:00+01:00,True,1.0,-1.18,3.239075717141592,3.2390757171415885,3.2390757171415885,2300.0,2300.0,0.0,0.0,100.0,0.0,False
T069,transmission,unavail_tx_import_mw,1000.0,2025-02-28T15:11:00+00:00,2025-03-31T21:59:00+00:00,2025-02-28T16:11:00+01:00,2025-03-31T23:59:00+02:00,2025-03-05,5,2025-03-05T05:00:00+01:00,2025-03-05T06:00:00+01:00,True,1.0,-0.91,5.859550120006553,5.859550120006553,5.859550120006553,2300.0,2300.0,0.0,0.0,100.0,0.014948516110806054,False
T069,transmission,unavail_tx_import_mw,1000.0,2025-02-28T15:11:00+00:00,2025-03-31T21:59:00+00:00,2025-02-28T16:11:00+01:00,2025-03-31T23:59:00+02:00,2025-03-05,6,2025-03-05T06:00:00+01:00,2025-03-05T07:00:00+01:00,True,1.0,0.8,11.7452700733758,11.7452700733758,11.7452700733758,2300.0,2300.0,0.0,0.0,100.0,0.0,False
T069,transmission,unavail_tx_import_mw,1000.0,2025-02-28T15:11:00+00:00,2025-03-31T21:59:00+00:00,2025-02-28T16:11:00+01:00,2025-03-31T23:59:00+02:00,2025-03-05,7,2025-03-05T07:00:00+01:00,2025-03-05T08:00:00+01:00,True,1.0,2.87,22.616175362387075,22.61617536238708,22.61617536238708,2300.0,2300.0,0.0,0.0,100.0,0.06727883280315439,False
T069,transmission,unavail_tx_import_mw,1000.0,2025-02-28T15:11:00+00:00,2025-03-31T21:59:00+00:00,2025-02-28T16:11:00+01:00,2025-03-31T23:59:00+02:00,2025-03-05,8,2025-03-05T08:00:00+01:00,2025-03-05T09:00:00+01:00,True,1.0,3.39,27.126454850954932,27.126454850954932,27.126454850954932,2300.0,2300.0,0.0,0.0,100.0,0.048156678932485875,False
T069,transmission,unavail_tx_import_mw,1000.0,2025-02-28T15:11:00+00:00,2025-03-31T21:59:00+00:00,2025-02-28T16:11:00+01:00,2025-03-31T23:59:00+02:00,2025-03-05,9,2025-03-05T09:00:00+01:00,2025-03-05T10:00:00+01:00,True,1.0,2.57,21.03826393980749,21.03826393980748,21.03826393980748,2300.0,2300.0,0.0,0.0,100.0,0.16145110709676658,False
T069,transmission,unavail_tx_import_mw,1000.0,2025-02-28T15:11:00+00:00,2025-03-31T21:59:00+00:00,2025-02-28T16:11:00+01:00,2025-03-31T23:59:00+02:00,2025-03-05,10,2025-03-05T10:00:00+01:00,2025-03-05T11:00:00+01:00,True,1.0,0.56,19.04088748523804,19.04088748523803,19.04088748523803,2300.0,2300.0,0.0,0.0,100.0,0.09063011475091187,False
T069,transmission,unavail_tx_import_mw,1000.0,2025-02-28T15:11:00+00:00,2025-03-31T21:59:00+00:00,2025-02-28T16:11:00+01:00,2025-03-31T23:59:00+02:00,2025-03-05,11,2025-03-05T11:00:00+01:00,2025-03-05T12:00:00+01:00,True,1.0,-0.48,15.535519298982637,15.535519298982635,15.535519298982635,2300.0,2300.0,0.0,0.0,100.0,0.07874276020652715,False
T069,transmission,unavail_tx_import_mw,1000.0,2025-02-28T15:11:00+00:00,2025-03-31T21:59:00+00:00,2025-02-28T16:11:00+01:00,2025-03-31T23:59:00+02:00,2025-03-05,12,2025-03-05T12:00:00+01:00,2025-03-05T13:00:00+01:00,True,1.0,-0.56,13.082763869633538,13.082763869633535,13.082763869633535,2300.0,2300.0,0.0,0.0,100.0,0.08096548771075973,False
T069,transmission,unavail_tx_import_mw,1000.0,2025-02-28T15:11:00+00:00,2025-03-31T21:59:00+00:00,2025-02-28T16:11:00+01:00,2025-03-31T23:59:00+02:00,2025-03-05,13,2025-03-05T13:00:00+01:00,2025-03-05T14:00:00+01:00,True,1.0,-0.57,13.396584576440974,13.396584576440986,13.396584576440986,2300.0,2300.0,0.0,0.0,100.0,-0.020013498567315935,False
T069,transmission,unavail_tx_import_mw,1000.0,2025-02-28T15:11:00+00:00,2025-03-31T21:59:00+00:00,2025-02-28T16:11:00+01:00,2025-03-31T23:59:00+02:00,2025-03-05,14,2025-03-05T14:00:00+01:00,2025-03-05T15:00:00+01:00,True,1.0,0.33,11.920945303434817,11.92094530343482,11.92094530343482,2300.0,2300.0,0.0,0.0,100.0,0.06629517267553098,False
T069,transmission,unavail_tx_import_mw,1000.0,2025-02-28T15:11:00+00:00,2025-03-31T21:59:00+00:00,2025-02-28T16:11:00+01:00,2025-03-31T23:59:00+02:00,2025-03-05,15,2025-03-05T15:00:00+01:00,2025-03-05T16:00:00+01:00,True,1.0,1.45,11.818021218082674,11.81802121808267,11.81802121808267,2300.0,2300.0,0.0,0.0,100.0,0.06140823145813101,False
T069,transmission,unavail_tx_import_mw,1000.0,2025-02-28T15:11:00+00:00,2025-03-31T21:59:00+00:00,2025-02-28T16:11:00+01:00,2025-03-31T23:59:00+02:00,2025-03-05,16,2025-03-05T16:00:00+01:00,2025-03-05T17:00:00+01:00,True,1.0,4.96,10.725643861405466,10.725643861405477,10.725643861405477,2300.0,2300.0,0.0,0.0,100.0,0.05832352932545248,False
T069,transmission,unavail_tx_import_mw,1000.0,2025-02-28T15:11:00+00:00,2025-03-31T21:59:00+00:00,2025-02-28T16:11:00+01:00,2025-03-31T23:59:00+02:00,2025-03-05,17,2025-03-05T17:00:00+01:00,2025-03-05T18:00:00+01:00,True,1.0,22.09,15.511187387386574,15.511187387386592,15.511187387386592,2300.0,2300.0,0.0,0.0,100.0,0.13156804227780583,False
T069,transmission,unavail_tx_import_mw,1000.0,2025-02-28T15:11:00+00:00,2025-03-31T21:59:00+00:00,2025-02-28T16:11:00+01:00,2025-03-31T23:59:00+02:00,2025-03-05,18,2025-03-05T18:00:00+01:00,2025-03-05T19:00:00+01:00,True,1.0,22.21,17.03208855584485,17.032088555844858,17.032088555844858,2300.0,2300.0,0.0,0.0,100.0,0.17577637897249332,False
T069,transmission,unavail_tx_import_mw,1000.0,2025-02-28T15:11:00+00:00,2025-03-31T21:59:00+00:00,2025-02-28T16:11:00+01:00,2025-03-31T23:59:00+02:00,2025-03-05,19,2025-03-05T19:00:00+01:00,2025-03-05T20:00:00+01:00,True,1.0,15.48,6.941346927101577,6.94134692710157,6.94134692710157,2300.0,2300.0,0.0,0.0,100.0,0.08748295893805391,False
T069,transmission,unavail_tx_import_mw,1000.0,2025-02-28T15:11:00+00:00,2025-03-31T21:59:00+00:00,2025-02-28T16:11:00+01:00,2025-03-31T23:59:00+02:00,2025-03-05,20,2025-03-05T20:00:00+01:00,2025-03-05T21:00:00+01:00,True,1.0,3.49,-1.0249782096334954,-1.0249782096335025,-1.0249782096335025,2300.0,2300.0,0.0,0.0,100.0,0.12464276389199114,False
T069,transmission,unavail_tx_import_mw,1000.0,2025-02-28T15:11:00+00:00,2025-03-31T21:59:00+00:00,2025-02-28T16:11:00+01:00,2025-03-31T23:59:00+02:00,2025-03-05,21,2025-03-05T21:00:00+01:00,2025-03-05T22:00:00+01:00,True,1.0,3.68,-2.82051353915098,-2.82051353915098,-2.82051353915098,2300.0,2300.0,0.0,0.0,100.0,0.15526185364372225,False
T069,transmission,unavail_tx_import_mw,1000.0,2025-02-28T15:11:00+00:00,2025-03-31T21:59:00+00:00,2025-02-28T16:11:00+01:00,2025-03-31T23:59:00+02:00,2025-03-05,22,2025-03-05T22:00:00+01:00,2025-03-05T23:00:00+01:00,True,1.0,3.07,-1.3017549261796295,-1.3017549261796546,-1.3017549261796546,2300.0,2300.0,0.0,0.0,100.0,0.15284674967559653,False
T069,transmission,unavail_tx_import_mw,1000.0,2025-02-28T15:11:00+00:00,2025-03-31T21:59:00+00:00,2025-02-28T16:11:00+01:00,2025-03-31T23:59:00+02:00,2025-03-05,23,2025-03-05T23:00:00+01:00,2025-03-06T00:00:00+01:00,True,1.0,2.19,-2.927360565932055,-2.927360565932055,-2.927360565932055,2300.0,2300.0,0.0,0.0,100.0,0.1275951332214298,False
T069,transmission,unavail_tx_import_mw,1000.0,2025-02-28T15:11:00+00:00,2025-03-31T21:59:00+00:00,2025-02-28T16:11:00+01:00,2025-03-31T23:59:00+02:00,2025-03-06,0,2025-03-06T00:00:00+01:00,2025-03-06T01:00:00+01:00,True,1.0,2.89,0.3450673746621788,0.34506737466217885,0.21596401021043476,2300.0,2300.0,0.0,-0.12910336445174408,100.0,0.01605458494100276,False
T069,transmission,unavail_tx_import_mw,1000.0,2025-02-28T15:11:00+00:00,2025-03-31T21:59:00+00:00,2025-02-28T16:11:00+01:00,2025-03-31T23:59:00+02:00,2025-03-06,1,2025-03-06T01:00:00+01:00,2025-03-06T02:00:00+01:00,True,1.0,1.98,-0.2825231917303519,-0.28252319173035545,-0.1557897056579769,2300.0,2300.0,0.0,0.12673348607237855,100.0,0.07104850258892625,False
T069,transmission,unavail_tx_import_mw,1000.0,2025-02-28T15:11:00+00:00,2025-03-31T21:59:00+00:00,2025-02-28T16:11:00+01:00,2025-03-31T23:59:00+02:00,2025-03-06,2,2025-03-06T02:00:00+01:00,2025-03-06T03:00:00+01:00,True,1.0,1.5,-0.3120903510394477,-0.3120903510394406,-0.21990512819069963,2300.0,2300.0,0.0,0.09218522284874098,100.0,0.06777491947881487,False
T069,transmission,unavail_tx_import_mw,1000.0,2025-02-28T15:11:00+00:00,2025-03-31T21:59:00+00:00,2025-02-28T16:11:00+01:00,2025-03-31T23:59:00+02:00,2025-03-06,3,2025-03-06T03:00:00+01:00,2025-03-06T04:00:00+01:00,True,1.0,1.38,0.182022262755904,0.1820222627558934,0.2513585382488692,2300.0,2300.0,0.0,0.06933627549297583,100.0,0.040341031994351795,False
T069,transmission,unavail_tx_import_mw,1000.0,2025-02-28T15:11:00+00:00,2025-03-31T21:59:00+00:00,2025-02-28T16:11:00+01:00,2025-03-31T23:59:00+02:00,2025-03-06,4,2025-03-06T04:00:00+01:00,2025-03-06T05:00:00+01:00,True,1.0,1.65,2.284591617060805,2.2845916170608085,2.2845916170608085,2300.0,2300.0,0.0,0.0,100.0,0.0,False
T069,transmission,unavail_tx_import_mw,1000.0,2025-02-28T15:11:00+00:00,2025-03-31T21:59:00+00:00,2025-02-28T16:11:00+01:00,2025-03-31T23:59:00+02:00,2025-03-06,5,2025-03-06T05:00:00+01:00,2025-03-06T06:00:00+01:00,True,1.0,3.18,5.550207851633289,5.550207851633285,5.5880963189004795,2300.0,2300.0,0.0,0.037888467267194414,100.0,0.018876374295093257,False
T069,transmission,unavail_tx_import_mw,1000.0,2025-02-28T15:11:00+00:00,2025-03-31T21:59:00+00:00,2025-02-28T16:11:00+01:00,2025-03-31T23:59:00+02:00,2025-03-06,6,2025-03-06T06:00:00+01:00,2025-03-06T07:00:00+01:00,True,1.0,43.33,12.099698877454037,12.099698877454031,12.07693224125017,2300.0,2500.0,200.0,-0.02276663620386188,100.0,-0.011310440277618738,True
T069,transmission,unavail_tx_import_mw,1000.0,2025-02-28T15:11:00+00:00,2025-03-31T21:59:00+00:00,2025-02-28T16:11:00+01:00,2025-03-31T23:59:00+02:00,2025-03-06,7,2025-03-06T07:00:00+01:00,2025-03-06T08:00:00+01:00,True,1.0,52.84,21.44668519180717,21.446685191807163,21.58300248234575,2300.0,2500.0,200.0,0.13631729053858876,100.0,0.06806211662518535,True
T069,transmission,unavail_tx_import_mw,1000.0,2025-02-28T15:11:00+00:00,2025-03-31T21:59:00+00:00,2025-02-28T16:11:00+01:00,2025-03-31T23:59:00+02:00,2025-03-06,8,2025-03-06T08:00:00+01:00,2025-03-06T09:00:00+01:00,True,1.0,52.06,22.17521235600966,22.17521235600967,22.17521235600967,2300.0,2500.0,200.0,0.0,100.0,0.04916508462946112,True
T069,transmission,unavail_tx_import_mw,1000.0,2025-02-28T15:11:00+00:00,2025-03-31T21:59:00+00:00,2025-02-28T16:11:00+01:00,2025-03-31T23:59:00+02:00,2025-03-06,9,2025-03-06T09:00:00+01:00,2025-03-06T10:00:00+01:00,True,1.0,34.77,19.130720463622406,19.130720463622417,19.317475276440682,2300.0,2500.0,200.0,0.18675481281826478,100.0,0.1859080180687407,True
T069,transmission,unavail_tx_import_mw,1000.0,2025-02-28T15:11:00+00:00,2025-03-31T21:59:00+00:00,2025-02-28T16:11:00+01:00,2025-03-31T23:59:00+02:00,2025-03-06,10,2025-03-06T10:00:00+01:00,2025-03-06T11:00:00+01:00,True,1.0,5.48,19.635231903858465,19.63523190385846,19.81071622958974,2300.0,2500.0,200.0,0.17548432573127926,100.0,0.08763356635265396,True
T069,transmission,unavail_tx_import_mw,1000.0,2025-02-28T15:11:00+00:00,2025-03-31T21:59:00+00:00,2025-02-28T16:11:00+01:00,2025-03-31T23:59:00+02:00,2025-03-06,11,2025-03-06T11:00:00+01:00,2025-03-06T12:00:00+01:00,True,1.0,3.01,13.758695800941824,13.758695800941823,13.94113878926704,2300.0,2500.0,200.0,0.18244298832521721,100.0,0.09103873477907598,True
T069,transmission,unavail_tx_import_mw,1000.0,2025-02-28T15:11:00+00:00,2025-03-31T21:59:00+00:00,2025-02-28T16:11:00+01:00,2025-03-31T23:59:00+02:00,2025-03-06,12,2025-03-06T12:00:00+01:00,2025-03-06T13:00:00+01:00,True,1.0,0.56,10.712662261109692,10.712662261109681,10.820446643060166,2300.0,2500.0,200.0,0.10778438195048423,100.0,0.07903235752832316,True
T069,transmission,unavail_tx_import_mw,1000.0,2025-02-28T15:11:00+00:00,2025-03-31T21:59:00+00:00,2025-02-28T16:11:00+01:00,2025-03-31T23:59:00+02:00,2025-03-06,13,2025-03-06T13:00:00+01:00,2025-03-06T14:00:00+01:00,True,1.0,0.29,11.72938762436904,11.729387624369032,11.669898435179654,2300.0,2500.0,200.0,-0.05948918918937807,100.0,-0.029549345114030956,True
T069,transmission,unavail_tx_import_mw,1000.0,2025-02-28T15:11:00+00:00,2025-03-31T21:59:00+00:00,2025-02-28T16:11:00+01:00,2025-03-31T23:59:00+02:00,2025-03-06,14,2025-03-06T14:00:00+01:00,2025-03-06T15:00:00+01:00,True,1.0,3.4,11.576675868539825,11.576675868539816,11.633425556856906,2300.0,2500.0,200.0,0.056749688317090374,100.0,0.0637841119726481,True
T069,transmission,unavail_tx_import_mw,1000.0,2025-02-28T15:11:00+00:00,2025-03-31T21:59:00+00:00,2025-02-28T16:11:00+01:00,2025-03-31T23:59:00+02:00,2025-03-06,15,2025-03-06T15:00:00+01:00,2025-03-06T16:00:00+01:00,True,1.0,8.39,11.520684617174194,11.520684617174208,11.34708703647481,2300.0,2500.0,200.0,-0.173597580699397,100.0,-0.08640566154770823,True
T069,transmission,unavail_tx_import_mw,1000.0,2025-02-28T15:11:00+00:00,2025-03-31T21:59:00+00:00,2025-02-28T16:11:00+01:00,2025-03-31T23:59:00+02:00,2025-03-06,16,2025-03-06T16:00:00+01:00,2025-03-06T17:00:00+01:00,True,1.0,40.56,14.071594805619018,14.071594805619025,14.071594805619025,2300.0,2500.0,200.0,0.0,100.0,0.05291375868457138,True
T069,transmission,unavail_tx_import_mw,1000.0,2025-02-28T15:11:00+00:00,2025-03-31T21:59:00+00:00,2025-02-28T16:11:00+01:00,2025-03-31T23:59:00+02:00,2025-03-06,17,2025-03-06T17:00:00+01:00,2025-03-06T18:00:00+01:00,True,1.0,27.74,23.924258313550137,23.92425831355013,24.160252186632,2300.0,2500.0,200.0,0.23599387308187048,100.0,0.11788115204356586,True
T069,transmission,unavail_tx_import_mw,1000.0,2025-02-28T15:11:00+00:00,2025-03-31T21:59:00+00:00,2025-02-28T16:11:00+01:00,2025-03-31T23:59:00+02:00,2025-03-06,18,2025-03-06T18:00:00+01:00,2025-03-06T19:00:00+01:00,True,1.0,28.04,26.17625127111196,26.176251271111962,26.342885203538607,2300.0,2300.0,0.0,0.16663393242664526,100.0,0.1558723622995366,False
T069,transmission,unavail_tx_import_mw,1000.0,2025-02-28T15:11:00+00:00,2025-03-31T21:59:00+00:00,2025-02-28T16:11:00+01:00,2025-03-31T23:59:00+02:00,2025-03-06,19,2025-03-06T19:00:00+01:00,2025-03-06T20:00:00+01:00,True,1.0,27.66,21.43826472274338,21.438264722743387,21.588544705066496,2300.0,2300.0,0.0,0.15027998232310935,100.0,0.0750430671440796,False
T069,transmission,unavail_tx_import_mw,1000.0,2025-02-28T15:11:00+00:00,2025-03-31T21:59:00+00:00,2025-02-28T16:11:00+01:00,2025-03-31T23:59:00+02:00,2025-03-06,20,2025-03-06T20:00:00+01:00,2025-03-06T21:00:00+01:00,True,1.0,27.23,16.00944649242292,16.009446492422917,16.17579291521153,2300.0,2300.0,0.0,0.16634642278861378,100.0,0.0830808448510929,False
T069,transmission,unavail_tx_import_mw,1000.0,2025-02-28T15:11:00+00:00,2025-03-31T21:59:00+00:00,2025-02-28T16:11:00+01:00,2025-03-31T23:59:00+02:00,2025-03-06,21,2025-03-06T21:00:00+01:00,2025-03-06T22:00:00+01:00,True,1.0,24.89,14.804921121054315,14.804921121054313,14.884184741581812,2300.0,2300.0,0.0,0.0792636205274988,100.0,0.039569492277092166,False
T069,transmission,unavail_tx_import_mw,1000.0,2025-02-28T15:11:00+00:00,2025-03-31T21:59:00+00:00,2025-02-28T16:11:00+01:00,2025-03-31T23:59:00+02:00,2025-03-06,22,2025-03-06T22:00:00+01:00,2025-03-06T23:00:00+01:00,True,1.0,21.64,12.29336141220706,12.293361412207055,12.520802716171325,2300.0,2300.0,0.0,0.22744130396426954,100.0,0.1136391660949343,False
T069,transmission,unavail_tx_import_mw,1000.0,2025-02-28T15:11:00+00:00,2025-03-31T21:59:00+00:00,2025-02-28T16:11:00+01:00,2025-03-31T23:59:00+02:00,2025-03-06,23,2025-03-06T23:00:00+01:00,2025-03-07T00:00:00+01:00,True,1.0,18.94,8.222537539469352,8.222537539469352,8.33771457343367,2300.0,2300.0,0.0,0.11517703396431855,100.0,0.10561223282438448,False
T069,transmission,unavail_tx_import_mw,1000.0,2025-02-28T15:11:00+00:00,2025-03-31T21:59:00+00:00,2025-02-28T16:11:00+01:00,2025-03-31T23:59:00+02:00,2025-03-07,0,2025-03-07T00:00:00+01:00,2025-03-07T01:00:00+01:00,True,1.0,14.5,16.63550561801235,16.635505618012353,16.619650197636485,2500.0,2300.0,-200.0,-0.015855420375867624,100.0,0.00815731451896795,True
T069,transmission,unavail_tx_import_mw,1000.0,2025-02-28T15:11:00+00:00,2025-03-31T21:59:00+00:00,2025-02-28T16:11:00+01:00,2025-03-31T23:59:00+02:00,2025-03-07,1,2025-03-07T01:00:00+01:00,2025-03-07T02:00:00+01:00,True,1.0,16.2,13.164869116287925,13.164869116287925,13.0533989255687,2500.0,2300.0,-200.0,-0.11147019071922415,100.0,0.05614554517360659,True
T069,transmission,unavail_tx_import_mw,1000.0,2025-02-28T15:11:00+00:00,2025-03-31T21:59:00+00:00,2025-02-28T16:11:00+01:00,2025-03-31T23:59:00+02:00,2025-03-07,2,2025-03-07T02:00:00+01:00,2025-03-07T03:00:00+01:00,True,1.0,19.65,11.95759113250396,11.957591132503957,11.84421059885629,2500.0,2300.0,-200.0,-0.11338053364766765,100.0,0.057265280284488185,True
T069,transmission,unavail_tx_import_mw,1000.0,2025-02-28T15:11:00+00:00,2025-03-31T21:59:00+00:00,2025-02-28T16:11:00+01:00,2025-03-31T23:59:00+02:00,2025-03-07,3,2025-03-07T03:00:00+01:00,2025-03-07T04:00:00+01:00,True,1.0,20.92,12.168375064712514,12.168375064712517,12.100320972037395,2500.0,2300.0,-200.0,-0.06805409267512275,100.0,0.034288340970025644,True
T069,transmission,unavail_tx_import_mw,1000.0,2025-02-28T15:11:00+00:00,2025-03-31T21:59:00+00:00,2025-02-28T16:11:00+01:00,2025-03-31T23:59:00+02:00,2025-03-07,4,2025-03-07T04:00:00+01:00,2025-03-07T05:00:00+01:00,True,1.0,23.48,14.791212932943823,14.791212932943825,14.794392971824006,2500.0,2300.0,-200.0,0.0031800388801812574,100.0,-0.0016019447430153377,True
T069,transmission,unavail_tx_import_mw,1000.0,2025-02-28T15:11:00+00:00,2025-03-31T21:59:00+00:00,2025-02-28T16:11:00+01:00,2025-03-31T23:59:00+02:00,2025-03-07,5,2025-03-07T05:00:00+01:00,2025-03-07T06:00:00+01:00,True,1.0,27.25,21.84345856218972,21.84345856218972,21.82234961457368,2500.0,2300.0,-200.0,-0.021108947616038876,100.0,0.010635489434910994,True
T069,transmission,unavail_tx_import_mw,1000.0,2025-02-28T15:11:00+00:00,2025-03-31T21:59:00+00:00,2025-02-28T16:11:00+01:00,2025-03-31T23:59:00+02:00,2025-03-07,6,2025-03-07T06:00:00+01:00,2025-03-07T07:00:00+01:00,True,1.0,31.11,34.83638431284546,34.83638431284547,34.83638431284547,2500.0,2300.0,-200.0,0.0,100.0,0.0,True
T069,transmission,unavail_tx_import_mw,1000.0,2025-02-28T15:11:00+00:00,2025-03-31T21:59:00+00:00,2025-02-28T16:11:00+01:00,2025-03-31T23:59:00+02:00,2025-03-07,7,2025-03-07T07:00:00+01:00,2025-03-07T08:00:00+01:00,True,1.0,46.68,52.41796431668198,52.41796431668198,52.281891496801315,2500.0,2300.0,-200.0,-0.13607281988066688,100.0,0.06827737905678077,True
T069,transmission,unavail_tx_import_mw,1000.0,2025-02-28T15:11:00+00:00,2025-03-31T21:59:00+00:00,2025-02-28T16:11:00+01:00,2025-03-31T23:59:00+02:00,2025-03-07,8,2025-03-07T08:00:00+01:00,2025-03-07T09:00:00+01:00,True,1.0,48.51,52.71224700773833,52.71224700773834,52.62012831142253,2500.0,2300.0,-200.0,-0.09211869631580782,100.0,0.046175956423304854,True
T069,transmission,unavail_tx_import_mw,1000.0,2025-02-28T15:11:00+00:00,2025-03-31T21:59:00+00:00,2025-02-28T16:11:00+01:00,2025-03-31T23:59:00+02:00,2025-03-07,9,2025-03-07T09:00:00+01:00,2025-03-07T10:00:00+01:00,True,1.0,34.98,39.99359685231028,39.993596852310276,39.708305454774994,2500.0,2300.0,-200.0,-0.285291397535282,100.0,0.14268764204729223,True
T069,transmission,unavail_tx_import_mw,1000.0,2025-02-28T15:11:00+00:00,2025-03-31T21:59:00+00:00,2025-02-28T16:11:00+01:00,2025-03-31T23:59:00+02:00,2025-03-07,10,2025-03-07T10:00:00+01:00,2025-03-07T11:00:00+01:00,True,1.0,32.4,32.86690074947277,32.86690074947278,32.68805998498625,2500.0,2300.0,-200.0,-0.17884076448652308,100.0,0.08937658296971307,True
T069,transmission,unavail_tx_import_mw,1000.0,2025-02-28T15:11:00+00:00,2025-03-31T21:59:00+00:00,2025-02-28T16:11:00+01:00,2025-03-31T23:59:00+02:00,2025-03-07,11,2025-03-07T11:00:00+01:00,2025-03-07T12:00:00+01:00,True,1.0,27.3,27.069772065070183,27.069772065070186,26.92354362224256,2500.0,2300.0,-200.0,-0.1462284428276277,100.0,0.07340291387099995,True
T069,transmission,unavail_tx_import_mw,1000.0,2025-02-28T15:11:00+00:00,2025-03-31T21:59:00+00:00,2025-02-28T16:11:00+01:00,2025-03-31T23:59:00+02:00,2025-03-07,12,2025-03-07T12:00:00+01:00,2025-03-07T13:00:00+01:00,True,1.0,12.43,23.35526923261804,23.355269232618046,23.230773602370146,2500.0,2300.0,-200.0,-0.12449563024789967,100.0,0.06228274397090772,True
T069,transmission,unavail_tx_import_mw,1000.0,2025-02-28T15:11:00+00:00,2025-03-31T21:59:00+00:00,2025-02-28T16:11:00+01:00,2025-03-31T23:59:00+02:00,2025-03-07,13,2025-03-07T13:00:00+01:00,2025-03-07T14:00:00+01:00,True,1.0,7.8,18.97870456664934,18.978704566649345,19.022793038956387,2500.0,2300.0,-200.0,0.044088472307041826,100.0,-0.02238370883859986,True
T069,transmission,unavail_tx_import_mw,1000.0,2025-02-28T15:11:00+00:00,2025-03-31T21:59:00+00:00,2025-02-28T16:11:00+01:00,2025-03-31T23:59:00+02:00,2025-03-07,14,2025-03-07T14:00:00+01:00,2025-03-07T15:00:00+01:00,True,1.0,25.44,20.577751871076615,20.577751871076618,20.471422868520076,2500.0,2300.0,-200.0,-0.10632900255654221,100.0,0.05318857749642447,True
T069,transmission,unavail_tx_import_mw,1000.0,2025-02-28T15:11:00+00:00,2025-03-31T21:59:00+00:00,2025-02-28T16:11:00+01:00,2025-03-31T23:59:00+02:00,2025-03-07,15,2025-03-07T15:00:00+01:00,2025-03-07T16:00:00+01:00,True,1.0,27.0,19.869335847323292,19.8693358473233,19.777303943023117,2500.0,2300.0,-200.0,-0.09203190430018182,100.0,0.046022478120722354,True
T069,transmission,unavail_tx_import_mw,1000.0,2025-02-28T15:11:00+00:00,2025-03-31T21:59:00+00:00,2025-02-28T16:11:00+01:00,2025-03-31T23:59:00+02:00,2025-03-07,16,2025-03-07T16:00:00+01:00,2025-03-07T17:00:00+01:00,True,1.0,25.91,18.99336523887973,18.993365238879733,18.878698789015807,2500.0,2300.0,-200.0,-0.11466644986392538,100.0,0.05727950497444567,True
T069,transmission,unavail_tx_import_mw,1000.0,2025-02-28T15:11:00+00:00,2025-03-31T21:59:00+00:00,2025-02-28T16:11:00+01:00,2025-03-31T23:59:00+02:00,2025-03-07,17,2025-03-07T17:00:00+01:00,2025-03-07T18:00:00+01:00,True,1.0,27.91,25.50671286216943,25.506712862169437,25.289822039475197,2500.0,2300.0,-200.0,-0.2168908226942392,100.0,0.10836429887370969,True
T069,transmission,unavail_tx_import_mw,1000.0,2025-02-28T15:11:00+00:00,2025-03-31T21:59:00+00:00,2025-02-28T16:11:00+01:00,2025-03-31T23:59:00+02:00,2025-03-07,18,2025-03-07T18:00:00+01:00,2025-03-07T19:00:00+01:00,True,1.0,28.94,24.999412496446315,24.999412496446315,24.695809509309928,2500.0,2300.0,-200.0,-0.30360298713638656,100.0,0.15150254063836144,True
T069,transmission,unavail_tx_import_mw,1000.0,2025-02-28T15:11:00+00:00,2025-03-31T21:59:00+00:00,2025-02-28T16:11:00+01:00,2025-03-31T23:59:00+02:00,2025-03-07,19,2025-03-07T19:00:00+01:00,2025-03-07T20:00:00+01:00,True,1.0,27.18,17.196114608003672,17.196114608003665,17.02312714323448,2500.0,2300.0,-200.0,-0.1729874647691858,100.0,0.08644276731290645,True
T069,transmission,unavail_tx_import_mw,1000.0,2025-02-28T15:11:00+00:00,2025-03-31T21:59:00+00:00,2025-02-28T16:11:00+01:00,2025-03-31T23:59:00+02:00,2025-03-07,20,2025-03-07T20:00:00+01:00,2025-03-07T21:00:00+01:00,True,1.0,26.33,11.873071306712802,11.873071306712802,11.751565488426987,2500.0,2300.0,-200.0,-0.12150581828581508,100.0,0.06075226861967664,True
T069,transmission,unavail_tx_import_mw,1000.0,2025-02-28T15:11:00+00:00,2025-03-31T21:59:00+00:00,2025-02-28T16:11:00+01:00,2025-03-31T23:59:00+02:00,2025-03-07,21,2025-03-07T21:00:00+01:00,2025-03-07T22:00:00+01:00,True,1.0,24.15,14.940907897753512,14.940907897753512,14.897440261239343,2500.0,2300.0,-200.0,-0.04346763651416907,100.0,0.021760689580251125,True
T069,transmission,unavail_tx_import_mw,1000.0,2025-02-28T15:11:00+00:00,2025-03-31T21:59:00+00:00,2025-02-28T16:11:00+01:00,2025-03-31T23:59:00+02:00,2025-03-07,22,2025-03-07T22:00:00+01:00,2025-03-07T23:00:00+01:00,True,1.0,23.68,7.30759043301244,7.307590433012436,7.05968926174241,2500.0,2300.0,-200.0,-0.2479011712700263,100.0,0.12364809941548671,True
T069,transmission,unavail_tx_import_mw,1000.0,2025-02-28T15:11:00+00:00,2025-03-31T21:59:00+00:00,2025-02-28T16:11:00+01:00,2025-03-31T23:59:00+02:00,2025-03-07,23,2025-03-07T23:00:00+01:00,2025-03-08T00:00:00+01:00,True,1.0,21.58,4.764649723476637,4.764649723476637,4.551163291700071,2500.0,2300.0,-200.0,-0.21348643177656612,100.0,0.1063803741967817,True
T069,transmission,unavail_tx_import_mw,1000.0,2025-02-28T15:11:00+00:00,2025-03-31T21:59:00+00:00,2025-02-28T16:11:00+01:00,2025-03-31T23:59:00+02:00,2025-03-08,0,2025-03-08T00:00:00+01:00,2025-03-08T01:00:00+01:00,True,1.0,-0.59,20.812225401914656,20.812225401914656,20.812225401914656,2300.0,2300.0,0.0,0.0,100.0,-0.0012884693727066576,False
T069,transmission,unavail_tx_import_mw,1000.0,2025-02-28T15:11:00+00:00,2025-03-31T21:59:00+00:00,2025-02-28T16:11:00+01:00,2025-03-31T23:59:00+02:00,2025-03-08,1,2025-03-08T01:00:00+01:00,2025-03-08T02:00:00+01:00,True,1.0,-0.77,20.366545763670697,20.366545763670693,20.366545763670693,2300.0,2300.0,0.0,0.0,100.0,0.05914410183596175,False
T069,transmission,unavail_tx_import_mw,1000.0,2025-02-28T15:11:00+00:00,2025-03-31T21:59:00+00:00,2025-02-28T16:11:00+01:00,2025-03-31T23:59:00+02:00,2025-03-08,2,2025-03-08T02:00:00+01:00,2025-03-08T03:00:00+01:00,True,1.0,-0.78,21.01231585480352,21.012315854803518,21.012315854803518,2300.0,2300.0,0.0,0.0,100.0,0.05288407146407437,False
T069,transmission,unavail_tx_import_mw,1000.0,2025-02-28T15:11:00+00:00,2025-03-31T21:59:00+00:00,2025-02-28T16:11:00+01:00,2025-03-31T23:59:00+02:00,2025-03-08,3,2025-03-08T03:00:00+01:00,2025-03-08T04:00:00+01:00,True,1.0,-0.81,21.558703029879588,21.558703029879588,21.558703029879588,2300.0,2300.0,0.0,0.0,100.0,0.03084198720563691,False
T069,transmission,unavail_tx_import_mw,1000.0,2025-02-28T15:11:00+00:00,2025-03-31T21:59:00+00:00,2025-02-28T16:11:00+01:00,2025-03-31T23:59:00+02:00,2025-03-08,4,2025-03-08T04:00:00+01:00,2025-03-08T05:00:00+01:00,True,1.0,-0.76,21.97251684873262,21.972516848732617,21.972516848732617,2300.0,2300.0,0.0,0.0,100.0,-0.0022668365415121627,False
T069,transmission,unavail_tx_import_mw,1000.0,2025-02-28T15:11:00+00:00,2025-03-31T21:59:00+00:00,2025-02-28T16:11:00+01:00,2025-03-31T23:59:00+02:00,2025-03-08,5,2025-03-08T05:00:00+01:00,2025-03-08T06:00:00+01:00,True,1.0,0.45,25.204185525968008,25.204185525968008,25.204185525968008,2300.0,2300.0,0.0,0.0,100.0,0.009092648715583351,False
T069,transmission,unavail_tx_import_mw,1000.0,2025-02-28T15:11:00+00:00,2025-03-31T21:59:00+00:00,2025-02-28T16:11:00+01:00,2025-03-31T23:59:00+02:00,2025-03-08,6,2025-03-08T06:00:00+01:00,2025-03-08T07:00:00+01:00,True,1.0,19.75,29.443267623610936,29.443267623610936,29.443267623610936,2300.0,2300.0,0.0,0.0,100.0,-0.05205098982294487,False
T069,transmission,unavail_tx_import_mw,1000.0,2025-02-28T15:11:00+00:00,2025-03-31T21:59:00+00:00,2025-02-28T16:11:00+01:00,2025-03-31T23:59:00+02:00,2025-03-08,7,2025-03-08T07:00:00+01:00,2025-03-08T08:00:00+01:00,True,1.0,23.58,35.86550622105507,35.86550622105507,35.86550622105507,2300.0,2300.0,0.0,0.0,100.0,0.05555137303947788,False
T069,transmission,unavail_tx_import_mw,1000.0,2025-02-28T15:11:00+00:00,2025-03-31T21:59:00+00:00,2025-02-28T16:11:00+01:00,2025-03-31T23:59:00+02:00,2025-03-08,8,2025-03-08T08:00:00+01:00,2025-03-08T09:00:00+01:00,True,1.0,23.9,34.09357510916387,34.09357510916387,34.09357510916387,2300.0,2300.0,0.0,0.0,100.0,0.04372551522875767,False
T069,transmission,unavail_tx_import_mw,1000.0,2025-02-28T15:11:00+00:00,2025-03-31T21:59:00+00:00,2025-02-28T16:11:00+01:00,2025-03-31T23:59:00+02:00,2025-03-08,9,2025-03-08T09:00:00+01:00,2025-03-08T10:00:00+01:00,True,1.0,23.26,33.437576000309186,33.43757600030918,33.43757600030918,2300.0,2300.0,0.0,0.0,100.0,0.08593875057198375,False
T069,transmission,unavail_tx_import_mw,1000.0,2025-02-28T15:11:00+00:00,2025-03-31T21:59:00+00:00,2025-02-28T16:11:00+01:00,2025-03-31T23:59:00+02:00,2025-03-08,10,2025-03-08T10:00:00+01:00,2025-03-08T11:00:00+01:00,True,1.0,10.45,31.991823486205725,31.991823486205725,31.991823486205725,2300.0,2300.0,0.0,0.0,100.0,0.06520629636590769,False
T069,transmission,unavail_tx_import_mw,1000.0,2025-02-28T15:11:00+00:00,2025-03-31T21:59:00+00:00,2025-02-28T16:11:00+01:00,2025-03-31T23:59:00+02:00,2025-03-08,11,2025-03-08T11:00:00+01:00,2025-03-08T12:00:00+01:00,True,1.0,1.15,31.61755952468794,31.61755952468794,31.61755952468794,2300.0,2300.0,0.0,0.0,100.0,0.05057986956971661,False
T069,transmission,unavail_tx_import_mw,1000.0,2025-02-28T15:11:00+00:00,2025-03-31T21:59:00+00:00,2025-02-28T16:11:00+01:00,2025-03-31T23:59:00+02:00,2025-03-08,12,2025-03-08T12:00:00+01:00,2025-03-08T13:00:00+01:00,True,1.0,-0.17,29.474967879642872,29.474967879642872,29.474967879642872,2300.0,2300.0,0.0,0.0,100.0,0.03922936899774143,False
T069,transmission,unavail_tx_import_mw,1000.0,2025-02-28T15:11:00+00:00,2025-03-31T21:59:00+00:00,2025-02-28T16:11:00+01:00,2025-03-31T23:59:00+02:00,2025-03-08,13,2025-03-08T13:00:00+01:00,2025-03-08T14:00:00+01:00,True,1.0,-0.08,25.788179284170987,25.788179284170983,25.788179284170983,2300.0,2300.0,0.0,0.0,100.0,0.053383246928717654,False
T069,transmission,unavail_tx_import_mw,1000.0,2025-02-28T15:11:00+00:00,2025-03-31T21:59:00+00:00,2025-02-28T16:11:00+01:00,2025-03-31T23:59:00+02:00,2025-03-08,14,2025-03-08T14:00:00+01:00,2025-03-08T15:00:00+01:00,True,1.0,1.5,26.9702521588864,26.9702521588864,26.9702521588864,2300.0,2300.0,0.0,0.0,100.0,0.04959752596719369,False
T069,transmission,unavail_tx_import_mw,1000.0,2025-02-28T15:11:00+00:00,2025-03-31T21:59:00+00:00,2025-02-28T16:11:00+01:00,2025-03-31T23:59:00+02:00,2025-03-08,15,2025-03-08T15:00:00+01:00,2025-03-08T16:00:00+01:00,True,1.0,25.1,30.486999752563804,30.486999752563804,30.486999752563804,2300.0,2300.0,0.0,0.0,100.0,0.04241157672731788,False
T069,transmission,unavail_tx_import_mw,1000.0,2025-02-28T15:11:00+00:00,2025-03-31T21:59:00+00:00,2025-02-28T16:11:00+01:00,2025-03-31T23:59:00+02:00,2025-03-08,16,2025-03-08T16:00:00+01:00,2025-03-08T17:00:00+01:00,True,1.0,26.05,35.79668513824845,35.79668513824844,35.79668513824844,2300.0,2300.0,0.0,0.0,100.0,0.04284473547219392,False
T069,transmission,unavail_tx_import_mw,1000.0,2025-02-28T15:11:00+00:00,2025-03-31T21:59:00+00:00,2025-02-28T16:11:00+01:00,2025-03-31T23:59:00+02:00,2025-03-08,17,2025-03-08T17:00:00+01:00,2025-03-08T18:00:00+01:00,True,1.0,27.67,45.10443168600301,45.10443168600302,45.10443168600302,2300.0,2300.0,0.0,0.0,100.0,0.09669900234214168,False
T069,transmission,unavail_tx_import_mw,1000.0,2025-02-28T15:11:00+00:00,2025-03-31T21:59:00+00:00,2025-02-28T16:11:00+01:00,2025-03-31T23:59:00+02:00,2025-03-08,18,2025-03-08T18:00:00+01:00,2025-03-08T19:00:00+01:00,True,1.0,39.97,51.82187949329172,51.82187949329172,51.82187949329172,2300.0,2300.0,0.0,0.0,100.0,0.1316103063284899,False
T069,transmission,unavail_tx_import_mw,1000.0,2025-02-28T15:11:00+00:00,2025-03-31T21:59:00+00:00,2025-02-28T16:11:00+01:00,2025-03-31T23:59:00+02:00,2025-03-08,19,2025-03-08T19:00:00+01:00,2025-03-08T20:00:00+01:00,True,1.0,28.47,51.12133072966594,51.12133072966594,51.12133072966594,2300.0,2300.0,0.0,0.0,100.0,0.058390825590691975,False
T069,transmission,unavail_tx_import_mw,1000.0,2025-02-28T15:11:00+00:00,2025-03-31T21:59:00+00:00,2025-02-28T16:11:00+01:00,2025-03-31T23:59:00+02:00,2025-03-08,20,2025-03-08T20:00:00+01:00,2025-03-08T21:00:00+01:00,True,1.0,27.33,45.098909542775424,45.098909542775424,45.098909542775424,2300.0,2300.0,0.0,0.0,100.0,0.04156450027277003,False
T069,transmission,unavail_tx_import_mw,1000.0,2025-02-28T15:11:00+00:00,2025-03-31T21:59:00+00:00,2025-02-28T16:11:00+01:00,2025-03-31T23:59:00+02:00,2025-03-08,21,2025-03-08T21:00:00+01:00,2025-03-08T22:00:00+01:00,True,1.0,26.89,43.71111491845507,43.71111491845506,43.71111491845506,2300.0,2300.0,0.0,0.0,100.0,0.019138311094565097,False
T069,transmission,unavail_tx_import_mw,1000.0,2025-02-28T15:11:00+00:00,2025-03-31T21:59:00+00:00,2025-02-28T16:11:00+01:00,2025-03-31T23:59:00+02:00,2025-03-08,22,2025-03-08T22:00:00+01:00,2025-03-08T23:00:00+01:00,True,1.0,26.9,39.07758509461801,39.07758509461801,39.07758509461801,2300.0,2300.0,0.0,0.0,100.0,0.10271700141993989,False
T069,transmission,unavail_tx_import_mw,1000.0,2025-02-28T15:11:00+00:00,2025-03-31T21:59:00+00:00,2025-02-28T16:11:00+01:00,2025-03-31T23:59:00+02:00,2025-03-08,23,2025-03-08T23:00:00+01:00,2025-03-09T00:00:00+01:00,True,1.0,25.12,30.93379822886884,30.93379822886884,30.93379822886884,2300.0,2300.0,0.0,0.0,100.0,0.07290365774826313,False
T069,transmission,unavail_tx_import_mw,1000.0,2025-02-28T15:11:00+00:00,2025-03-31T21:59:00+00:00,2025-02-28T16:11:00+01:00,2025-03-31T23:59:00+02:00,2025-03-09,0,2025-03-09T00:00:00+01:00,2025-03-09T01:00:00+01:00,True,1.0,24.59,24.990982658702094,24.990982658702098,24.990982658702098,2300.0,2300.0,0.0,0.0,100.0,0.004510360007696335,False
T069,transmission,unavail_tx_import_mw,1000.0,2025-02-28T15:11:00+00:00,2025-03-31T21:59:00+00:00,2025-02-28T16:11:00+01:00,2025-03-31T23:59:00+02:00,2025-03-09,1,2025-03-09T01:00:00+01:00,2025-03-09T02:00:00+01:00,True,1.0,23.75,22.55549927465715,22.55549927465715,22.55549927465715,2300.0,2300.0,0.0,0.0,100.0,0.06605048140673375,False
T069,transmission,unavail_tx_import_mw,1000.0,2025-02-28T15:11:00+00:00,2025-03-31T21:59:00+00:00,2025-02-28T16:11:00+01:00,2025-03-31T23:59:00+02:00,2025-03-09,2,2025-03-09T02:00:00+01:00,2025-03-09T03:00:00+01:00,True,1.0,23.48,21.66671862834584,21.66671862834584,21.66671862834584,2300.0,2300.0,0.0,0.0,100.0,0.05891889095277847,False
T069,transmission,unavail_tx_import_mw,1000.0,2025-02-28T15:11:00+00:00,2025-03-31T21:59:00+00:00,2025-02-28T16:11:00+01:00,2025-03-31T23:59:00+02:00,2025-03-09,3,2025-03-09T03:00:00+01:00,2025-03-09T04:00:00+01:00,True,1.0,23.31,22.339078000787612,22.339078000787612,22.339078000787612,2300.0,2300.0,0.0,0.0,100.0,0.04162524430379122,False
T069,transmission,unavail_tx_import_mw,1000.0,2025-02-28T15:11:00+00:00,2025-03-31T21:59:00+00:00,2025-02-28T16:11:00+01:00,2025-03-31T23:59:00+02:00,2025-03-09,4,2025-03-09T04:00:00+01:00,2025-03-09T05:00:00+01:00,True,1.0,23.65,23.23028956267802,23.23028956267802,23.23028956267802,2300.0,2300.0,0.0,0.0,100.0,-0.008425088593391195,False
T069,transmission,unavail_tx_import_mw,1000.0,2025-02-28T15:11:00+00:00,2025-03-31T21:59:00+00:00,2025-02-28T16:11:00+01:00,2025-03-31T23:59:00+02:00,2025-03-09,5,2025-03-09T05:00:00+01:00,2025-03-09T06:00:00+01:00,True,1.0,24.12,26.127900778236924,26.12790077823692,26.12790077823692,2300.0,2300.0,0.0,0.0,100.0,0.0,False
T069,transmission,unavail_tx_import_mw,1000.0,2025-02-28T15:11:00+00:00,2025-03-31T21:59:00+00:00,2025-02-28T16:11:00+01:00,2025-03-31T23:59:00+02:00,2025-03-09,6,2025-03-09T06:00:00+01:00,2025-03-09T07:00:00+01:00,True,1.0,24.76,29.772127653514634,29.772127653514634,29.772127653514634,2300.0,2300.0,0.0,0.0,100.0,0.0,False
T069,transmission,unavail_tx_import_mw,1000.0,2025-02-28T15:11:00+00:00,2025-03-31T21:59:00+00:00,2025-02-28T16:11:00+01:00,2025-03-31T23:59:00+02:00,2025-03-09,7,2025-03-09T07:00:00+01:00,2025-03-09T08:00:00+01:00,True,1.0,26.5,39.38882073907829,39.388820739078284,39.388820739078284,2300.0,2300.0,0.0,0.0,100.0,0.0537093309283847,False
T069,transmission,unavail_tx_import_mw,1000.0,2025-02-28T15:11:00+00:00,2025-03-31T21:59:00+00:00,2025-02-28T16:11:00+01:00,2025-03-31T23:59:00+02:00,2025-03-09,8,2025-03-09T08:00:00+01:00,2025-03-09T09:00:00+01:00,True,1.0,32.55,40.633719901501216,40.63371990150122,40.63371990150122,2300.0,2300.0,0.0,0.0,100.0,0.037380295782902806,False
T069,transmission,unavail_tx_import_mw,1000.0,2025-02-28T15:11:00+00:00,2025-03-31T21:59:00+00:00,2025-02-28T16:11:00+01:00,2025-03-31T23:59:00+02:00,2025-03-09,9,2025-03-09T09:00:00+01:00,2025-03-09T10:00:00+01:00,True,1.0,22.66,36.1475105847344,36.1475105847344,36.1475105847344,2300.0,2300.0,0.0,0.0,100.0,0.15119970735473487,False
T069,transmission,unavail_tx_import_mw,1000.0,2025-02-28T15:11:00+00:00,2025-03-31T21:59:00+00:00,2025-02-28T16:11:00+01:00,2025-03-31T23:59:00+02:00,2025-03-09,10,2025-03-09T10:00:00+01:00,2025-03-09T11:00:00+01:00,True,1.0,19.72,29.526339665893897,29.526339665893893,29.526339665893893,2300.0,2300.0,0.0,0.0,100.0,0.09385696971309443,False
T069,transmission,unavail_tx_import_mw,1000.0,2025-02-28T15:11:00+00:00,2025-03-31T21:59:00+00:00,2025-02-28T16:11:00+01:00,2025-03-31T23:59:00+02:00,2025-03-09,11,2025-03-09T11:00:00+01:00,2025-03-09T12:00:00+01:00,True,1.0,4.33,29.6470070288148,29.647007028814798,29.647007028814798,2300.0,2300.0,0.0,0.0,100.0,0.05584461170899502,False
T069,transmission,unavail_tx_import_mw,1000.0,2025-02-28T15:11:00+00:00,2025-03-31T21:59:00+00:00,2025-02-28T16:11:00+01:00,2025-03-31T23:59:00+02:00,2025-03-09,12,2025-03-09T12:00:00+01:00,2025-03-09T13:00:00+01:00,True,1.0,2.22,27.653446111107183,27.653446111107186,27.653446111107186,2300.0,2300.0,0.0,0.0,100.0,0.034856255957922855,False
T069,transmission,unavail_tx_import_mw,1000.0,2025-02-28T15:11:00+00:00,2025-03-31T21:59:00+00:00,2025-02-28T16:11:00+01:00,2025-03-31T23:59:00+02:00,2025-03-09,13,2025-03-09T13:00:00+01:00,2025-03-09T14:00:00+01:00,True,1.0,4.26,27.588230060789435,27.588230060789435,27.588230060789435,2300.0,2300.0,0.0,0.0,100.0,0.04478625345947762,False
T069,transmission,unavail_tx_import_mw,1000.0,2025-02-28T15:11:00+00:00,2025-03-31T21:59:00+00:00,2025-02-28T16:11:00+01:00,2025-03-31T23:59:00+02:00,2025-03-09,14,2025-03-09T14:00:00+01:00,2025-03-09T15:00:00+01:00,True,1.0,10.49,28.80676193064734,28.80676193064734,28.80676193064734,2300.0,2300.0,0.0,0.0,100.0,0.0372193612972076,False
T069,transmission,unavail_tx_import_mw,1000.0,2025-02-28T15:11:00+00:00,2025-03-31T21:59:00+00:00,2025-02-28T16:11:00+01:00,2025-03-31T23:59:00+02:00,2025-03-09,15,2025-03-09T15:00:00+01:00,2025-03-09T16:00:00+01:00,True,1.0,26.73,32.747474292152404,32.747474292152404,32.747474292152404,2300.0,2300.0,0.0,0.0,100.0,0.03954582148490715,False
T069,transmission,unavail_tx_import_mw,1000.0,2025-02-28T15:11:00+00:00,2025-03-31T21:59:00+00:00,2025-02-28T16:11:00+01:00,2025-03-31T23:59:00+02:00,2025-03-09,16,2025-03-09T16:00:00+01:00,2025-03-09T17:00:00+01:00,True,1.0,44.54,36.83720191574638,36.837201915746384,36.837201915746384,2300.0,2300.0,0.0,0.0,100.0,0.04004138031304194,False
T069,transmission,unavail_tx_import_mw,1000.0,2025-02-28T15:11:00+00:00,2025-03-31T21:59:00+00:00,2025-02-28T16:11:00+01:00,2025-03-31T23:59:00+02:00,2025-03-09,17,2025-03-09T17:00:00+01:00,2025-03-09T18:00:00+01:00,True,1.0,66.92,50.52124476151134,50.52124476151134,50.52124476151134,2300.0,2300.0,0.0,0.0,100.0,0.0998298392255279,False
T069,transmission,unavail_tx_import_mw,1000.0,2025-02-28T15:11:00+00:00,2025-03-31T21:59:00+00:00,2025-02-28T16:11:00+01:00,2025-03-31T23:59:00+02:00,2025-03-09,18,2025-03-09T18:00:00+01:00,2025-03-09T19:00:00+01:00,True,1.0,128.53,58.67865088878944,58.67865088878944,58.67865088878944,2300.0,2300.0,0.0,0.0,100.0,0.15145658671302442,False
T069,transmission,unavail_tx_import_mw,1000.0,2025-02-28T15:11:00+00:00,2025-03-31T21:59:00+00:00,2025-02-28T16:11:00+01:00,2025-03-31T23:59:00+02:00,2025-03-09,19,2025-03-09T19:00:00+01:00,2025-03-09T20:00:00+01:00,True,1.0,123.46,57.76704817727748,57.76704817727749,57.76704817727749,2300.0,2300.0,0.0,0.0,100.0,0.06779897151350411,False
T069,transmission,unavail_tx_import_mw,1000.0,2025-02-28T15:11:00+00:00,2025-03-31T21:59:00+00:00,2025-02-28T16:11:00+01:00,2025-03-31T23:59:00+02:00,2025-03-09,20,2025-03-09T20:00:00+01:00,2025-03-09T21:00:00+01:00,True,1.0,63.6,43.9599033236195,43.9599033236195,43.9599033236195,2300.0,2300.0,0.0,0.0,100.0,0.04569387150007742,False
T069,transmission,unavail_tx_import_mw,1000.0,2025-02-28T15:11:00+00:00,2025-03-31T21:59:00+00:00,2025-02-28T16:11:00+01:00,2025-03-31T23:59:00+02:00,2025-03-09,21,2025-03-09T21:00:00+01:00,2025-03-09T22:00:00+01:00,True,1.0,45.48,38.87686651609341,38.87686651609341,38.87686651609341,2300.0,2300.0,0.0,0.0,100.0,0.025126634662612446,False
T069,transmission,unavail_tx_import_mw,1000.0,2025-02-28T15:11:00+00:00,2025-03-31T21:59:00+00:00,2025-02-28T16:11:00+01:00,2025-03-31T23:59:00+02:00,2025-03-09,22,2025-03-09T22:00:00+01:00,2025-03-09T23:00:00+01:00,True,1.0,39.92,33.44656043432583,33.44656043432583,33.44656043432583,2300.0,2300.0,0.0,0.0,100.0,0.09120429886524306,False
T069,transmission,unavail_tx_import_mw,1000.0,2025-02-28T15:11:00+00:00,2025-03-31T21:59:00+00:00,2025-02-28T16:11:00+01:00,2025-03-31T23:59:00+02:00,2025-03-09,23,2025-03-09T23:00:00+01:00,2025-03-10T00:00:00+01:00,True,1.0,38.46,28.765311280100796,28.765311280100796,28.765311280100796,2300.0,2300.0,0.0,0.0,100.0,0.0547205600613303,False
T069,transmission,unavail_tx_import_mw,1000.0,2025-02-28T15:11:00+00:00,2025-03-31T21:59:00+00:00,2025-02-28T16:11:00+01:00,2025-03-31T23:59:00+02:00,2025-03-10,0,2025-03-10T00:00:00+01:00,2025-03-10T01:00:00+01:00,True,1.0,35.33,37.21505616446696,37.21505616446696,37.23449579757407,2300.0,2300.0,0.0,0.01943963310711183,100.0,0.006499132167135713,False
T069,transmission,unavail_tx_import_mw,1000.0,2025-02-28T15:11:00+00:00,2025-03-31T21:59:00+00:00,2025-02-28T16:11:00+01:00,2025-03-31T23:59:00+02:00,2025-03-10,1,2025-03-10T01:00:00+01:00,2025-03-10T02:00:00+01:00,True,1.0,35.2,35.947437876483434,35.947437876483434,36.11827820454691,2300.0,2300.0,0.0,0.17084032806347693,100.0,0.08758833401650179,False
T069,transmission,unavail_tx_import_mw,1000.0,2025-02-28T15:11:00+00:00,2025-03-31T21:59:00+00:00,2025-02-28T16:11:00+01:00,2025-03-31T23:59:00+02:00,2025-03-10,2,2025-03-10T02:00:00+01:00,2025-03-10T03:00:00+01:00,True,1.0,35.67,35.69573108491137,35.69573108491137,35.79062726903709,2300.0,2300.0,0.0,0.09489618412571588,100.0,0.0814596109789818,False
T069,transmission,unavail_tx_import_mw,1000.0,2025-02-28T15:11:00+00:00,2025-03-31T21:59:00+00:00,2025-02-28T16:11:00+01:00,2025-03-31T23:59:00+02:00,2025-03-10,3,2025-03-10T03:00:00+01:00,2025-03-10T04:00:00+01:00,True,1.0,35.69,34.58245393628044,34.58245393628044,34.58245393628044,2300.0,2300.0,0.0,0.0,100.0,0.0,False
T069,transmission,unavail_tx_import_mw,1000.0,2025-02-28T15:11:00+00:00,2025-03-31T21:59:00+00:00,2025-02-28T16:11:00+01:00,2025-03-31T23:59:00+02:00,2025-03-10,4,2025-03-10T04:00:00+01:00,2025-03-10T05:00:00+01:00,True,1.0,37.5,34.91674434704359,34.91674434704359,34.91674434704359,2300.0,2300.0,0.0,0.0,100.0,0.0,False
T069,transmission,unavail_tx_import_mw,1000.0,2025-02-28T15:11:00+00:00,2025-03-31T21:59:00+00:00,2025-02-28T16:11:00+01:00,2025-03-31T23:59:00+02:00,2025-03-10,5,2025-03-10T05:00:00+01:00,2025-03-10T06:00:00+01:00,True,1.0,40.28,41.258063182843024,41.25806318284302,41.25806318284302,2300.0,2300.0,0.0,0.0,100.0,0.0,False
T069,transmission,unavail_tx_import_mw,1000.0,2025-02-28T15:11:00+00:00,2025-03-31T21:59:00+00:00,2025-02-28T16:11:00+01:00,2025-03-31T23:59:00+02:00,2025-03-10,6,2025-03-10T06:00:00+01:00,2025-03-10T07:00:00+01:00,True,1.0,154.79,57.56361112414584,57.56361112414584,57.56361112414584,2300.0,2600.0,300.0,0.0,100.0,0.0,True
T069,transmission,unavail_tx_import_mw,1000.0,2025-02-28T15:11:00+00:00,2025-03-31T21:59:00+00:00,2025-02-28T16:11:00+01:00,2025-03-31T23:59:00+02:00,2025-03-10,7,2025-03-10T07:00:00+01:00,2025-03-10T08:00:00+01:00,True,1.0,166.16,108.21495842253186,108.21495842253184,108.66393410378602,2300.0,2600.0,300.0,0.44897568125418275,100.0,0.14898937928110456,True
T069,transmission,unavail_tx_import_mw,1000.0,2025-02-28T15:11:00+00:00,2025-03-31T21:59:00+00:00,2025-02-28T16:11:00+01:00,2025-03-31T23:59:00+02:00,2025-03-10,8,2025-03-10T08:00:00+01:00,2025-03-10T09:00:00+01:00,True,1.0,138.18,115.74364863782016,115.74364863782016,116.06242018710282,2300.0,2600.0,300.0,0.3187715492826584,100.0,0.10603761661307942,True
T069,transmission,unavail_tx_import_mw,1000.0,2025-02-28T15:11:00+00:00,2025-03-31T21:59:00+00:00,2025-02-28T16:11:00+01:00,2025-03-31T23:59:00+02:00,2025-03-10,9,2025-03-10T09:00:00+01:00,2025-03-10T10:00:00+01:00,True,1.0,102.35,90.7853298401102,90.7853298401102,91.17731107929583,2300.0,2600.0,300.0,0.39198123918563965,100.0,0.3045678594442762,True
T069,transmission,unavail_tx_import_mw,1000.0,2025-02-28T15:11:00+00:00,2025-03-31T21:59:00+00:00,2025-02-28T16:11:00+01:00,2025-03-31T23:59:00+02:00,2025-03-10,10,2025-03-10T10:00:00+01:00,2025-03-10T11:00:00+01:00,True,1.0,87.41,72.06931609456969,72.06931609456969,72.34218067072563,2300.0,2600.0,300.0,0.2728645761559392,100.0,0.09056945901419056,True
T069,transmission,unavail_tx_import_mw,1000.0,2025-02-28T15:11:00+00:00,2025-03-31T21:59:00+00:00,2025-02-28T16:11:00+01:00,2025-03-31T23:59:00+02:00,2025-03-10,11,2025-03-10T11:00:00+01:00,2025-03-10T12:00:00+01:00,True,1.0,76.93,63.03962352172884,63.03962352172884,63.258259863981394,2300.0,3115.0,815.0,0.21863634225255169,100.0,0.07241830417672901,True
T069,transmission,unavail_tx_import_mw,1000.0,2025-02-28T15:11:00+00:00,2025-03-31T21:59:00+00:00,2025-02-28T16:11:00+01:00,2025-03-31T23:59:00+02:00,2025-03-10,12,2025-03-10T12:00:00+01:00,2025-03-10T13:00:00+01:00,True,1.0,73.79,57.59602506677376,57.59602506677376,57.70525516920202,2300.0,3115.0,815.0,0.10923010242825626,100.0,0.049975302552837775,True
T069,transmission,unavail_tx_import_mw,1000.0,2025-02-28T15:11:00+00:00,2025-03-31T21:59:00+00:00,2025-02-28T16:11:00+01:00,2025-03-31T23:59:00+02:00,2025-03-10,13,2025-03-10T13:00:00+01:00,2025-03-10T14:00:00+01:00,True,1.0,74.89,52.033197560024384,52.033197560024384,52.19389914075259,2300.0,3115.0,815.0,0.16070158072820817,100.0,0.05336856673510937,True
T069,transmission,unavail_tx_import_mw,1000.0,2025-02-28T15:11:00+00:00,2025-03-31T21:59:00+00:00,2025-02-28T16:11:00+01:00,2025-03-31T23:59:00+02:00,2025-03-10,14,2025-03-10T14:00:00+01:00,2025-03-10T15:00:00+01:00,True,1.0,80.8,51.02153484645392,51.02153484645392,51.071318880143565,2300.0,2600.0,300.0,0.049784033689647345,100.0,0.04386924852701668,True
T069,transmission,unavail_tx_import_mw,1000.0,2025-02-28T15:11:00+00:00,2025-03-31T21:59:00+00:00,2025-02-28T16:11:00+01:00,2025-03-31T23:59:00+02:00,2025-03-10,15,2025-03-10T15:00:00+01:00,2025-03-10T16:00:00+01:00,True,1.0,92.88,51.19660820073997,51.19660820073997,51.282778974323335,2300.0,2600.0,300.0,0.08617077358336189,100.0,0.04900501352571496,True
T069,transmission,unavail_tx_import_mw,1000.0,2025-02-28T15:11:00+00:00,2025-03-31T21:59:00+00:00,2025-02-28T16:11:00+01:00,2025-03-31T23:59:00+02:00,2025-03-10,16,2025-03-10T16:00:00+01:00,2025-03-10T17:00:00+01:00,True,1.0,123.67,56.79982630892279,56.799826308922775,56.799826308922775,2300.0,2600.0,300.0,0.0,100.0,0.06175400865430447,True
T069,transmission,unavail_tx_import_mw,1000.0,2025-02-28T15:11:00+00:00,2025-03-31T21:59:00+00:00,2025-02-28T16:11:00+01:00,2025-03-31T23:59:00+02:00,2025-03-10,17,2025-03-10T17:00:00+01:00,2025-03-10T18:00:00+01:00,True,1.0,144.59,64.79456484688617,64.79456484688617,65.19976485330638,2300.0,2600.0,300.0,0.40520000642020193,100.0,0.1343619434071286,True
T069,transmission,unavail_tx_import_mw,1000.0,2025-02-28T15:11:00+00:00,2025-03-31T21:59:00+00:00,2025-02-28T16:11:00+01:00,2025-03-31T23:59:00+02:00,2025-03-10,18,2025-03-10T18:00:00+01:00,2025-03-10T19:00:00+01:00,True,1.0,164.15,68.9281793140505,68.9281793140505,69.60325089190715,2300.0,2600.0,300.0,0.6750715778566558,100.0,0.22370121528720688,True
T069,transmission,unavail_tx_import_mw,1000.0,2025-02-28T15:11:00+00:00,2025-03-31T21:59:00+00:00,2025-02-28T16:11:00+01:00,2025-03-31T23:59:00+02:00,2025-03-10,19,2025-03-10T19:00:00+01:00,2025-03-10T20:00:00+01:00,True,1.0,144.97,59.457829500306005,59.45782950030599,59.705948113380174,2300.0,2600.0,300.0,0.24811861307418326,100.0,0.08236402801387044,True
T069,transmission,unavail_tx_import_mw,1000.0,2025-02-28T15:11:00+00:00,2025-03-31T21:59:00+00:00,2025-02-28T16:11:00+01:00,2025-03-31T23:59:00+02:00,2025-03-10,20,2025-03-10T20:00:00+01:00,2025-03-10T21:00:00+01:00,True,1.0,91.09,48.72317579393645,48.723175793936434,48.89181079827445,2300.0,2600.0,300.0,0.16863500433801448,100.0,0.05601043413349771,True
T069,transmission,unavail_tx_import_mw,1000.0,2025-02-28T15:11:00+00:00,2025-03-31T21:59:00+00:00,2025-02-28T16:11:00+01:00,2025-03-31T23:59:00+02:00,2025-03-10,21,2025-03-10T21:00:00+01:00,2025-03-10T22:00:00+01:00,True,1.0,70.93,43.641234984207614,43.64123498420761,43.831433676443666,2300.0,2600.0,300.0,0.19019869223605923,100.0,0.06316538799931237,True
T069,transmission,unavail_tx_import_mw,1000.0,2025-02-28T15:11:00+00:00,2025-03-31T21:59:00+00:00,2025-02-28T16:11:00+01:00,2025-03-31T23:59:00+02:00,2025-03-10,22,2025-03-10T22:00:00+01:00,2025-03-10T23:00:00+01:00,True,1.0,40.97,36.27910012453616,36.27910012453616,36.5728696180258,2300.0,2600.0,300.0,0.2937694934896413,100.0,0.09751081634944825,True
T069,transmission,unavail_tx_import_mw,1000.0,2025-02-28T15:11:00+00:00,2025-03-31T21:59:00+00:00,2025-02-28T16:11:00+01:00,2025-03-31T23:59:00+02:00,2025-03-10,23,2025-03-10T23:00:00+01:00,2025-03-11T00:00:00+01:00,True,1.0,26.79,27.536352460218225,27.536352460218225,27.656585889440237,2300.0,2600.0,300.0,0.12023342922201152,100.0,0.0563929610922429,True
T069,transmission,unavail_tx_import_mw,1000.0,2025-02-28T15:11:00+00:00,2025-03-31T21:59:00+00:00,2025-02-28T16:11:00+01:00,2025-03-31T23:59:00+02:00,2025-03-11,0,2025-03-11T00:00:00+01:00,2025-03-11T01:00:00+01:00,True,1.0,37.19,31.29535399009081,31.295353990090813,31.26724240458502,3115.0,2600.0,-515.0,-0.028111585505794068,100.0,0.005264391431989424,True
T069,transmission,unavail_tx_import_mw,1000.0,2025-02-28T15:11:00+00:00,2025-03-31T21:59:00+00:00,2025-02-28T16:11:00+01:00,2025-03-31T23:59:00+02:00,2025-03-11,1,2025-03-11T01:00:00+01:00,2025-03-11T02:00:00+01:00,True,1.0,33.88,25.017093492397677,25.01709349239768,24.6595896560936,3115.0,2600.0,-515.0,-0.35750383630407967,100.0,0.06647631926023223,True
T069,transmission,unavail_tx_import_mw,1000.0,2025-02-28T15:11:00+00:00,2025-03-31T21:59:00+00:00,2025-02-28T16:11:00+01:00,2025-03-31T23:59:00+02:00,2025-03-11,2,2025-03-11T02:00:00+01:00,2025-03-11T03:00:00+01:00,True,1.0,32.45,24.205069771772592,24.205069771772592,23.90010963603369,3115.0,2600.0,-515.0,-0.30496013573890224,100.0,0.05665057685480335,True
T069,transmission,unavail_tx_import_mw,1000.0,2025-02-28T15:11:00+00:00,2025-03-31T21:59:00+00:00,2025-02-28T16:11:00+01:00,2025-03-31T23:59:00+02:00,2025-03-11,3,2025-03-11T03:00:00+01:00,2025-03-11T04:00:00+01:00,True,1.0,29.98,24.07531800644284,24.075318006442842,23.868879561444153,3115.0,2600.0,-515.0,-0.2064384449986889,100.0,0.03815219997094488,True
T069,transmission,unavail_tx_import_mw,1000.0,2025-02-28T15:11:00+00:00,2025-03-31T21:59:00+00:00,2025-02-28T16:11:00+01:00,2025-03-31T23:59:00+02:00,2025-03-11,4,2025-03-11T04:00:00+01:00,2025-03-11T05:00:00+01:00,True,1.0,32.36,26.520551343516157,26.520551343516157,26.562753056429365,3115.0,2600.0,-515.0,0.042201712913207956,100.0,-0.007841810791621384,True
T069,transmission,unavail_tx_import_mw,1000.0,2025-02-28T15:11:00+00:00,2025-03-31T21:59:00+00:00,2025-02-28T16:11:00+01:00,2025-03-31T23:59:00+02:00,2025-03-11,5,2025-03-11T05:00:00+01:00,2025-03-11T06:00:00+01:00,True,1.0,49.9,36.02211429361468,36.02211429361468,36.02211429361468,3115.0,2600.0,-515.0,0.0,100.0,0.0,True
T069,transmission,unavail_tx_import_mw,1000.0,2025-02-28T15:11:00+00:00,2025-03-31T21:59:00+00:00,2025-02-28T16:11:00+01:00,2025-03-31T23:59:00+02:00,2025-03-11,6,2025-03-11T06:00:00+01:00,2025-03-11T07:00:00+01:00,True,1.0,133.19,56.22173761274918,56.22173761274917,56.56996717770106,3115.0,2600.0,-515.0,0.34822956495188606,100.0,-0.06489021765451497,True
T069,transmission,unavail_tx_import_mw,1000.0,2025-02-28T15:11:00+00:00,2025-03-31T21:59:00+00:00,2025-02-28T16:11:00+01:00,2025-03-31T23:59:00+02:00,2025-03-11,7,2025-03-11T07:00:00+01:00,2025-03-11T08:00:00+01:00,True,1.0,152.05,94.42604543987171,94.4260454398717,93.79959348093374,3115.0,2600.0,-515.0,-0.6264519589379631,100.0,0.1161085025384807,True
T069,transmission,unavail_tx_import_mw,1000.0,2025-02-28T15:11:00+00:00,2025-03-31T21:59:00+00:00,2025-02-28T16:11:00+01:00,2025-03-31T23:59:00+02:00,2025-03-11,8,2025-03-11T08:00:00+01:00,2025-03-11T09:00:00+01:00,True,1.0,144.46,113.80357081031536,113.80357081031535,113.27148145988735,3115.0,2600.0,-515.0,-0.5320893504279951,100.0,0.09834120142096481,True
T069,transmission,unavail_tx_import_mw,1000.0,2025-02-28T15:11:00+00:00,2025-03-31T21:59:00+00:00,2025-02-28T16:11:00+01:00,2025-03-31T23:59:00+02:00,2025-03-11,9,2025-03-11T09:00:00+01:00,2025-03-11T10:00:00+01:00,True,1.0,122.87,87.45617356504407,87.45617356504407,86.0418737714744,3115.0,2600.0,-515.0,-1.4142997935696684,100.0,0.26342567619867907,True
T069,transmission,unavail_tx_import_mw,1000.0,2025-02-28T15:11:00+00:00,2025-03-31T21:59:00+00:00,2025-02-28T16:11:00+01:00,2025-03-31T23:59:00+02:00,2025-03-11,10,2025-03-11T10:00:00+01:00,2025-03-11T11:00:00+01:00,True,1.0,98.12,76.16729312190492,76.16729312190492,75.42620648257093,3115.0,2600.0,-515.0,-0.7410866393339859,100.0,0.137167701686721,True
T069,transmission,unavail_tx_import_mw,1000.0,2025-02-28T15:11:00+00:00,2025-03-31T21:59:00+00:00,2025-02-28T16:11:00+01:00,2025-03-31T23:59:00+02:00,2025-03-11,11,2025-03-11T11:00:00+01:00,2025-03-11T12:00:00+01:00,True,1.0,93.58,69.90642773288484,69.90642773288485,69.57478233123629,3115.0,2600.0,-515.0,-0.33164540164855794,100.0,0.061421903959825386,True
T069,transmission,unavail_tx_import_mw,1000.0,2025-02-28T15:11:00+00:00,2025-03-31T21:59:00+00:00,2025-02-28T16:11:00+01:00,2025-03-31T23:59:00+02:00,2025-03-11,12,2025-03-11T12:00:00+01:00,2025-03-11T13:00:00+01:00,True,1.0,97.89,63.64277664552093,63.64277664552093,63.348505776965055,3115.0,2600.0,-515.0,-0.29427086855587703,100.0,0.054339253415065514,True
T069,transmission,unavail_tx_import_mw,1000.0,2025-02-28T15:11:00+00:00,2025-03-31T21:59:00+00:00,2025-02-28T16:11:00+01:00,2025-03-31T23:59:00+02:00,2025-03-11,13,2025-03-11T13:00:00+01:00,2025-03-11T14:00:00+01:00,True,1.0,99.47,61.536818650234,61.53681865023401,61.197845275270986,3115.0,2600.0,-515.0,-0.33897337496302526,100.0,0.06270095218788185,True
T069,transmission,unavail_tx_import_mw,1000.0,2025-02-28T15:11:00+00:00,2025-03-31T21:59:00+00:00,2025-02-28T16:11:00+01:00,2025-03-31T23:59:00+02:00,2025-03-11,14,2025-03-11T14:00:00+01:00,2025-03-11T15:00:00+01:00,True,1.0,97.99,62.73350052862108,62.73350052862107,62.44049030130159,3115.0,2600.0,-515.0,-0.2930102273194848,100.0,0.053994805224839126,True
T069,transmission,unavail_tx_import_mw,1000.0,2025-02-28T15:11:00+00:00,2025-03-31T21:59:00+00:00,2025-02-28T16:11:00+01:00,2025-03-31T23:59:00+02:00,2025-03-11,15,2025-03-11T15:00:00+01:00,2025-03-11T16:00:00+01:00,True,1.0,106.91,65.7413779190414,65.74137791904138,65.38057349048128,3115.0,2600.0,-515.0,-0.3608044285601011,100.0,0.06655470528336593,True
T069,transmission,unavail_tx_import_mw,1000.0,2025-02-28T15:11:00+00:00,2025-03-31T21:59:00+00:00,2025-02-28T16:11:00+01:00,2025-03-31T23:59:00+02:00,2025-03-11,16,2025-03-11T16:00:00+01:00,2025-03-11T17:00:00+01:00,True,1.0,129.07,73.47667582267742,73.47667582267741,73.01103644004274,3115.0,2600.0,-515.0,-0.465639382634663,100.0,0.08580548364196261,True
T069,transmission,unavail_tx_import_mw,1000.0,2025-02-28T15:11:00+00:00,2025-03-31T21:59:00+00:00,2025-02-28T16:11:00+01:00,2025-03-31T23:59:00+02:00,2025-03-11,17,2025-03-11T17:00:00+01:00,2025-03-11T18:00:00+01:00,True,1.0,165.58,100.95426876565335,100.95426876565332,99.67090472624301,3115.0,2600.0,-515.0,-1.2833640394103156,100.0,0.2390974814681499,True
T069,transmission,unavail_tx_import_mw,1000.0,2025-02-28T15:11:00+00:00,2025-03-31T21:59:00+00:00,2025-02-28T16:11:00+01:00,2025-03-31T23:59:00+02:00,2025-03-11,18,2025-03-11T18:00:00+01:00,2025-03-11T19:00:00+01:00,True,1.0,196.16,101.458757172963,101.458757172963,99.69628900761967,3115.0,2600.0,-515.0,-1.7624681653433356,100.0,0.3295570779975776,True
T069,transmission,unavail_tx_import_mw,1000.0,2025-02-28T15:11:00+00:00,2025-03-31T21:59:00+00:00,2025-02-28T16:11:00+01:00,2025-03-31T23:59:00+02:00,2025-03-11,19,2025-03-11T19:00:00+01:00,2025-03-11T20:00:00+01:00,True,1.0,164.78,86.595513512785,86.595513512785,85.94300259803632,3115.0,2600.0,-515.0,-0.6525109147486887,100.0,0.12106981201084466,True
T069,transmission,unavail_tx_import_mw,1000.0,2025-02-28T15:11:00+00:00,2025-03-31T21:59:00+00:00,2025-02-28T16:11:00+01:00,2025-03-31T23:59:00+02:00,2025-03-11,20,2025-03-11T20:00:00+01:00,2025-03-11T21:00:00+01:00,True,1.0,136.71,71.66706318833815,71.66706318833815,71.31625768102325,3115.0,2600.0,-515.0,-0.35080550731490234,100.0,0.0649338761592162,True
T069,transmission,unavail_tx_import_mw,1000.0,2025-02-28T15:11:00+00:00,2025-03-31T21:59:00+00:00,2025-02-28T16:11:00+01:00,2025-03-31T23:59:00+02:00,2025-03-11,21,2025-03-11T21:00:00+01:00,2025-03-11T22:00:00+01:00,True,1.0,123.71,61.22388792667295,61.22388792667296,60.772817968922666,3115.0,2600.0,-515.0,-0.4510699577502919,100.0,0.08363117636517359,True
T069,transmission,unavail_tx_import_mw,1000.0,2025-02-28T15:11:00+00:00,2025-03-31T21:59:00+00:00,2025-02-28T16:11:00+01:00,2025-03-31T23:59:00+02:00,2025-03-11,22,2025-03-11T22:00:00+01:00,2025-03-11T23:00:00+01:00,True,1.0,112.24,47.82285422161594,47.82285422161594,47.19366811368607,3115.0,2600.0,-515.0,-0.6291861079298684,100.0,0.1170382296347583,True
T069,transmission,unavail_tx_import_mw,1000.0,2025-02-28T15:11:00+00:00,2025-03-31T21:59:00+00:00,2025-02-28T16:11:00+01:00,2025-03-31T23:59:00+02:00,2025-03-11,23,2025-03-11T23:00:00+01:00,2025-03-12T00:00:00+01:00,True,1.0,101.64,37.47476049682344,37.47476049682344,37.073569742062254,3115.0,2600.0,-515.0,-0.4011907547611884,100.0,0.0742259465333106,True
T069,transmission,unavail_tx_import_mw,1000.0,2025-02-28T15:11:00+00:00,2025-03-31T21:59:00+00:00,2025-02-28T16:11:00+01:00,2025-03-31T23:59:00+02:00,2025-03-12,0,2025-03-12T00:00:00+01:00,2025-03-12T01:00:00+01:00,True,1.0,66.82,83.54843863428313,83.54843863428313,83.54843863428313,2600.0,2600.0,0.0,0.0,100.0,0.020963227694622333,False
T069,transmission,unavail_tx_import_mw,1000.0,2025-02-28T15:11:00+00:00,2025-03-31T21:59:00+00:00,2025-02-28T16:11:00+01:00,2025-03-31T23:59:00+02:00,2025-03-12,1,2025-03-12T01:00:00+01:00,2025-03-12T02:00:00+01:00,True,1.0,73.98,74.69933056733245,74.69933056733244,74.69933056733244,2600.0,2600.0,0.0,0.0,100.0,0.23497719439099285,False
T069,transmission,unavail_tx_import_mw,1000.0,2025-02-28T15:11:00+00:00,2025-03-31T21:59:00+00:00,2025-02-28T16:11:00+01:00,2025-03-31T23:59:00+02:00,2025-03-12,2,2025-03-12T02:00:00+01:00,2025-03-12T03:00:00+01:00,True,1.0,80.38,66.90192417890206,66.90192417890206,66.90192417890206,2600.0,2600.0,0.0,0.0,100.0,0.18305439963960168,False
T069,transmission,unavail_tx_import_mw,1000.0,2025-02-28T15:11:00+00:00,2025-03-31T21:59:00+00:00,2025-02-28T16:11:00+01:00,2025-03-31T23:59:00+02:00,2025-03-12,3,2025-03-12T03:00:00+01:00,2025-03-12T04:00:00+01:00,True,1.0,85.63,70.59480714642982,70.59480714642984,70.59480714642984,2600.0,2600.0,0.0,0.0,100.0,0.0,False
T069,transmission,unavail_tx_import_mw,1000.0,2025-02-28T15:11:00+00:00,2025-03-31T21:59:00+00:00,2025-02-28T16:11:00+01:00,2025-03-31T23:59:00+02:00,2025-03-12,4,2025-03-12T04:00:00+01:00,2025-03-12T05:00:00+01:00,True,1.0,94.78,75.47663323675923,75.47663323675923,75.47663323675923,2600.0,2600.0,0.0,0.0,100.0,-0.018448743684501778,False
T069,transmission,unavail_tx_import_mw,1000.0,2025-02-28T15:11:00+00:00,2025-03-31T21:59:00+00:00,2025-02-28T16:11:00+01:00,2025-03-31T23:59:00+02:00,2025-03-12,5,2025-03-12T05:00:00+01:00,2025-03-12T06:00:00+01:00,True,1.0,105.04,86.5157573564918,86.51575735649178,86.51575735649178,2600.0,2600.0,0.0,0.0,100.0,0.0,False
T069,transmission,unavail_tx_import_mw,1000.0,2025-02-28T15:11:00+00:00,2025-03-31T21:59:00+00:00,2025-02-28T16:11:00+01:00,2025-03-31T23:59:00+02:00,2025-03-12,6,2025-03-12T06:00:00+01:00,2025-03-12T07:00:00+01:00,True,1.0,146.46,132.5982651374254,132.5982651374254,132.5982651374254,2600.0,2600.0,0.0,0.0,100.0,-0.20511782015466906,False
T069,transmission,unavail_tx_import_mw,1000.0,2025-02-28T15:11:00+00:00,2025-03-31T21:59:00+00:00,2025-02-28T16:11:00+01:00,2025-03-31T23:59:00+02:00,2025-03-12,7,2025-03-12T07:00:00+01:00,2025-03-12T08:00:00+01:00,True,1.0,163.11,155.45696827932892,155.45696827932898,155.45696827932898,2600.0,2600.0,0.0,0.0,100.0,0.27013677436951866,False
T069,transmission,unavail_tx_import_mw,1000.0,2025-02-28T15:11:00+00:00,2025-03-31T21:59:00+00:00,2025-02-28T16:11:00+01:00,2025-03-31T23:59:00+02:00,2025-03-12,8,2025-03-12T08:00:00+01:00,2025-03-12T09:00:00+01:00,True,1.0,150.24,131.98680402837564,131.98680402837567,131.98680402837567,2600.0,2600.0,0.0,0.0,100.0,0.1664964903986288,False
T069,transmission,unavail_tx_import_mw,1000.0,2025-02-28T15:11:00+00:00,2025-03-31T21:59:00+00:00,2025-02-28T16:11:00+01:00,2025-03-31T23:59:00+02:00,2025-03-12,9,2025-03-12T09:00:00+01:00,2025-03-12T10:00:00+01:00,True,1.0,125.47,126.86443619035416,126.8644361903542,126.8644361903542,2600.0,2600.0,0.0,0.0,100.0,0.4917699205098529,False
T069,transmission,unavail_tx_import_mw,1000.0,2025-02-28T15:11:00+00:00,2025-03-31T21:59:00+00:00,2025-02-28T16:11:00+01:00,2025-03-31T23:59:00+02:00,2025-03-12,10,2025-03-12T10:00:00+01:00,2025-03-12T11:00:00+01:00,True,1.0,103.08,105.70531339119437,105.70531339119432,105.70531339119432,2600.0,2600.0,0.0,0.0,100.0,0.2014199420604399,False
T069,transmission,unavail_tx_import_mw,1000.0,2025-02-28T15:11:00+00:00,2025-03-31T21:59:00+00:00,2025-02-28T16:11:00+01:00,2025-03-31T23:59:00+02:00,2025-03-12,11,2025-03-12T11:00:00+01:00,2025-03-12T12:00:00+01:00,True,1.0,103.36,97.42333950861178,97.42333950861178,97.42333950861178,2600.0,2600.0,0.0,0.0,100.0,0.13912934415309053,False
T069,transmission,unavail_tx_import_mw,1000.0,2025-02-28T15:11:00+00:00,2025-03-31T21:59:00+00:00,2025-02-28T16:11:00+01:00,2025-03-31T23:59:00+02:00,2025-03-12,12,2025-03-12T12:00:00+01:00,2025-03-12T13:00:00+01:00,True,1.0,101.58,98.85665011637458,98.85665011637458,98.85665011637458,2600.0,2600.0,0.0,0.0,100.0,0.08938087850494014,False
T069,transmission,unavail_tx_import_mw,1000.0,2025-02-28T15:11:00+00:00,2025-03-31T21:59:00+00:00,2025-02-28T16:11:00+01:00,2025-03-31T23:59:00+02:00,2025-03-12,13,2025-03-12T13:00:00+01:00,2025-03-12T14:00:00+01:00,True,1.0,104.16,91.62454969187704,91.62454969187704,91.62454969187704,2600.0,2600.0,0.0,0.0,100.0,0.12904573843530898,False
T069,transmission,unavail_tx_import_mw,1000.0,2025-02-28T15:11:00+00:00,2025-03-31T21:59:00+00:00,2025-02-28T16:11:00+01:00,2025-03-31T23:59:00+02:00,2025-03-12,14,2025-03-12T14:00:00+01:00,2025-03-12T15:00:00+01:00,True,1.0,105.94,97.77452565150728,97.7745256515073,97.7745256515073,2600.0,2600.0,0.0,0.0,100.0,0.12187081175066794,False
T069,transmission,unavail_tx_import_mw,1000.0,2025-02-28T15:11:00+00:00,2025-03-31T21:59:00+00:00,2025-02-28T16:11:00+01:00,2025-03-31T23:59:00+02:00,2025-03-12,15,2025-03-12T15:00:00+01:00,2025-03-12T16:00:00+01:00,True,1.0,124.11,100.88172408234544,100.88172408234543,100.88172408234543,2600.0,2600.0,0.0,0.0,100.0,0.136650212434688,False
T069,transmission,unavail_tx_import_mw,1000.0,2025-02-28T15:11:00+00:00,2025-03-31T21:59:00+00:00,2025-02-28T16:11:00+01:00,2025-03-31T23:59:00+02:00,2025-03-12,16,2025-03-12T16:00:00+01:00,2025-03-12T17:00:00+01:00,True,1.0,149.14,127.11074551814944,127.11074551814947,127.11074551814947,2600.0,2600.0,0.0,0.0,100.0,0.21534349135205844,False
T069,transmission,unavail_tx_import_mw,1000.0,2025-02-28T15:11:00+00:00,2025-03-31T21:59:00+00:00,2025-02-28T16:11:00+01:00,2025-03-31T23:59:00+02:00,2025-03-12,17,2025-03-12T17:00:00+01:00,2025-03-12T18:00:00+01:00,True,1.0,170.56,135.50194584389612,135.50194584389612,135.50194584389612,2600.0,2600.0,0.0,0.0,100.0,0.38986126866123527,False
T069,transmission,unavail_tx_import_mw,1000.0,2025-02-28T15:11:00+00:00,2025-03-31T21:59:00+00:00,2025-02-28T16:11:00+01:00,2025-03-31T23:59:00+02:00,2025-03-12,18,2025-03-12T18:00:00+01:00,2025-03-12T19:00:00+01:00,True,1.0,212.51,148.32372409979354,148.3237240997936,148.3237240997936,2600.0,2600.0,0.0,0.0,100.0,0.5132267859738135,False
T069,transmission,unavail_tx_import_mw,1000.0,2025-02-28T15:11:00+00:00,2025-03-31T21:59:00+00:00,2025-02-28T16:11:00+01:00,2025-03-31T23:59:00+02:00,2025-03-12,19,2025-03-12T19:00:00+01:00,2025-03-12T20:00:00+01:00,True,1.0,187.4,134.93248373347103,134.93248373347097,134.93248373347097,2600.0,2600.0,0.0,0.0,100.0,0.2417676126954973,False
T069,transmission,unavail_tx_import_mw,1000.0,2025-02-28T15:11:00+00:00,2025-03-31T21:59:00+00:00,2025-02-28T16:11:00+01:00,2025-03-31T23:59:00+02:00,2025-03-12,20,2025-03-12T20:00:00+01:00,2025-03-12T21:00:00+01:00,True,1.0,147.63,117.5281807971208,117.52818079712084,117.52818079712084,2600.0,2600.0,0.0,0.0,100.0,0.2575201118317949,False
T069,transmission,unavail_tx_import_mw,1000.0,2025-02-28T15:11:00+00:00,2025-03-31T21:59:00+00:00,2025-02-28T16:11:00+01:00,2025-03-31T23:59:00+02:00,2025-03-12,21,2025-03-12T21:00:00+01:00,2025-03-12T22:00:00+01:00,True,1.0,137.72,91.55866178584236,91.55866178584236,91.55866178584236,2600.0,2600.0,0.0,0.0,100.0,0.10796034073658234,False
T069,transmission,unavail_tx_import_mw,1000.0,2025-02-28T15:11:00+00:00,2025-03-31T21:59:00+00:00,2025-02-28T16:11:00+01:00,2025-03-31T23:59:00+02:00,2025-03-12,22,2025-03-12T22:00:00+01:00,2025-03-12T23:00:00+01:00,True,1.0,115.77,98.55695139485412,98.55695139485412,98.55695139485412,2600.0,2600.0,0.0,0.0,100.0,0.32122334061619995,False
T069,transmission,unavail_tx_import_mw,1000.0,2025-02-28T15:11:00+00:00,2025-03-31T21:59:00+00:00,2025-02-28T16:11:00+01:00,2025-03-31T23:59:00+02:00,2025-03-12,23,2025-03-12T23:00:00+01:00,2025-03-13T00:00:00+01:00,True,1.0,102.29,85.45234812403496,85.45234812403496,85.45234812403496,2600.0,2600.0,0.0,0.0,100.0,0.3395928540983988,False
T069,transmission,unavail_tx_import_mw,1000.0,2025-02-28T15:11:00+00:00,2025-03-31T21:59:00+00:00,2025-02-28T16:11:00+01:00,2025-03-31T23:59:00+02:00,2025-03-13,0,2025-03-13T00:00:00+01:00,2025-03-13T01:00:00+01:00,True,1.0,95.46,86.78220846198433,86.78220846198435,88.52842993720714,2600.0,2600.0,0.0,1.7462214752227823,100.0,-0.007224255036462068,False
T069,transmission,unavail_tx_import_mw,1000.0,2025-02-28T15:11:00+00:00,2025-03-31T21:59:00+00:00,2025-02-28T16:11:00+01:00,2025-03-31T23:59:00+02:00,2025-03-13,1,2025-03-13T01:00:00+01:00,2025-03-13T02:00:00+01:00,True,1.0,90.29,79.61184893244018,79.6118489324402,80.42936776382248,2600.0,2600.0,0.0,0.8175188313822872,100.0,0.11243150866430085,False
T069,transmission,unavail_tx_import_mw,1000.0,2025-02-28T15:11:00+00:00,2025-03-31T21:59:00+00:00,2025-02-28T16:11:00+01:00,2025-03-31T23:59:00+02:00,2025-03-13,2,2025-03-13T02:00:00+01:00,2025-03-13T03:00:00+01:00,True,1.0,85.96,75.7452172578871,75.74521725788709,76.83777417042091,2600.0,2600.0,0.0,1.0925569125338228,100.0,0.0481649783449285,False
T069,transmission,unavail_tx_import_mw,1000.0,2025-02-28T15:11:00+00:00,2025-03-31T21:59:00+00:00,2025-02-28T16:11:00+01:00,2025-03-31T23:59:00+02:00,2025-03-13,3,2025-03-13T03:00:00+01:00,2025-03-13T04:00:00+01:00,True,1.0,84.19,78.72184507369778,78.72184507369778,78.72184507369778,2600.0,2600.0,0.0,0.0,100.0,-0.007279752824700836,False
T069,transmission,unavail_tx_import_mw,1000.0,2025-02-28T15:11:00+00:00,2025-03-31T21:59:00+00:00,2025-02-28T16:11:00+01:00,2025-03-31T23:59:00+02:00,2025-03-13,4,2025-03-13T04:00:00+01:00,2025-03-13T05:00:00+01:00,True,1.0,85.27,80.58534523109597,80.58534523109597,80.58534523109597,2600.0,2600.0,0.0,0.0,100.0,-0.0691386470208073,False
T069,transmission,unavail_tx_import_mw,1000.0,2025-02-28T15:11:00+00:00,2025-03-31T21:59:00+00:00,2025-02-28T16:11:00+01:00,2025-03-31T23:59:00+02:00,2025-03-13,5,2025-03-13T05:00:00+01:00,2025-03-13T06:00:00+01:00,True,1.0,99.5,96.51181092464,96.51181092464002,96.51181092464002,2600.0,2600.0,0.0,0.0,100.0,0.0,False
T069,transmission,unavail_tx_import_mw,1000.0,2025-02-28T15:11:00+00:00,2025-03-31T21:59:00+00:00,2025-02-28T16:11:00+01:00,2025-03-31T23:59:00+02:00,2025-03-13,6,2025-03-13T06:00:00+01:00,2025-03-13T07:00:00+01:00,True,1.0,132.23,126.54200711217344,126.54200711217351,125.45490964781828,2600.0,2600.0,0.0,-1.0870974643552245,100.0,-0.23732345965690627,False
T069,transmission,unavail_tx_import_mw,1000.0,2025-02-28T15:11:00+00:00,2025-03-31T21:59:00+00:00,2025-02-28T16:11:00+01:00,2025-03-31T23:59:00+02:00,2025-03-13,7,2025-03-13T07:00:00+01:00,2025-03-13T08:00:00+01:00,True,1.0,163.1,168.14959224533584,168.14959224533578,168.14959224533578,2600.0,3065.0,465.0,0.0,100.0,0.3033020831082638,True
T069,transmission,unavail_tx_import_mw,1000.0,2025-02-28T15:11:00+00:00,2025-03-31T21:59:00+00:00,2025-02-28T16:11:00+01:00,2025-03-31T23:59:00+02:00,2025-03-13,8,2025-03-13T08:00:00+01:00,2025-03-13T09:00:00+01:00,True,1.0,169.0,155.38256820143158,155.38256820143158,155.38256820143158,2600.0,3065.0,465.0,0.0,100.0,0.14963967209200746,True
T069,transmission,unavail_tx_import_mw,1000.0,2025-02-28T15:11:00+00:00,2025-03-31T21:59:00+00:00,2025-02-28T16:11:00+01:00,2025-03-31T23:59:00+02:00,2025-03-13,9,2025-03-13T09:00:00+01:00,2025-03-13T10:00:00+01:00,True,1.0,186.17,138.15639444641866,138.15639444641866,138.15639444641866,2600.0,3065.0,465.0,0.0,100.0,0.21570140760422873,True
T069,transmission,unavail_tx_import_mw,1000.0,2025-02-28T15:11:00+00:00,2025-03-31T21:59:00+00:00,2025-02-28T16:11:00+01:00,2025-03-31T23:59:00+02:00,2025-03-13,10,2025-03-13T10:00:00+01:00,2025-03-13T11:00:00+01:00,True,1.0,154.95,124.08803516415962,124.0880351641596,124.0880351641596,2600.0,3065.0,465.0,0.0,100.0,0.1855482768762755,True
T069,transmission,unavail_tx_import_mw,1000.0,2025-02-28T15:11:00+00:00,2025-03-31T21:59:00+00:00,2025-02-28T16:11:00+01:00,2025-03-31T23:59:00+02:00,2025-03-13,11,2025-03-13T11:00:00+01:00,2025-03-13T12:00:00+01:00,True,1.0,130.08,117.73839449223004,117.73839449223004,117.73839449223004,2600.0,3065.0,465.0,0.0,100.0,0.1484285504360372,True
T069,transmission,unavail_tx_import_mw,1000.0,2025-02-28T15:11:00+00:00,2025-03-31T21:59:00+00:00,2025-02-28T16:11:00+01:00,2025-03-31T23:59:00+02:00,2025-03-13,12,2025-03-13T12:00:00+01:00,2025-03-13T13:00:00+01:00,True,1.0,138.17,118.50305893110637,118.5030589311063,118.5030589311063,2600.0,3065.0,465.0,0.0,100.0,0.11129570439511838,True
T069,transmission,unavail_tx_import_mw,1000.0,2025-02-28T15:11:00+00:00,2025-03-31T21:59:00+00:00,2025-02-28T16:11:00+01:00,2025-03-31T23:59:00+02:00,2025-03-13,13,2025-03-13T13:00:00+01:00,2025-03-13T14:00:00+01:00,True,1.0,135.3,118.21914248658244,118.21914248658243,117.31504484758663,2600.0,3065.0,465.0,-0.9040976389957933,100.0,-0.19727490331820263,True
T069,transmission,unavail_tx_import_mw,1000.0,2025-02-28T15:11:00+00:00,2025-03-31T21:59:00+00:00,2025-02-28T16:11:00+01:00,2025-03-31T23:59:00+02:00,2025-03-13,14,2025-03-13T14:00:00+01:00,2025-03-13T15:00:00+01:00,True,1.0,134.99,117.87592802810424,117.87592802810421,117.87592802810421,2600.0,3065.0,465.0,0.0,100.0,0.12808863224044842,True
T069,transmission,unavail_tx_import_mw,1000.0,2025-02-28T15:11:00+00:00,2025-03-31T21:59:00+00:00,2025-02-28T16:11:00+01:00,2025-03-31T23:59:00+02:00,2025-03-13,15,2025-03-13T15:00:00+01:00,2025-03-13T16:00:00+01:00,True,1.0,133.62,120.5688416937874,120.56884169378739,120.56884169378739,2600.0,3065.0,465.0,0.0,100.0,0.16932772817152397,True
T069,transmission,unavail_tx_import_mw,1000.0,2025-02-28T15:11:00+00:00,2025-03-31T21:59:00+00:00,2025-02-28T16:11:00+01:00,2025-03-31T23:59:00+02:00,2025-03-13,16,2025-03-13T16:00:00+01:00,2025-03-13T17:00:00+01:00,True,1.0,147.41,138.47111764330805,138.47111764330805,138.47111764330805,2600.0,2600.0,0.0,0.0,100.0,0.18688154768199183,False
T069,transmission,unavail_tx_import_mw,1000.0,2025-02-28T15:11:00+00:00,2025-03-31T21:59:00+00:00,2025-02-28T16:11:00+01:00,2025-03-31T23:59:00+02:00,2025-03-13,17,2025-03-13T17:00:00+01:00,2025-03-13T18:00:00+01:00,True,1.0,171.15,156.0500482900872,156.0500482900872,156.0500482900872,2600.0,2600.0,0.0,0.0,100.0,0.4682250785729707,False
T069,transmission,unavail_tx_import_mw,1000.0,2025-02-28T15:11:00+00:00,2025-03-31T21:59:00+00:00,2025-02-28T16:11:00+01:00,2025-03-31T23:59:00+02:00,2025-03-13,18,2025-03-13T18:00:00+01:00,2025-03-13T19:00:00+01:00,True,1.0,185.16,172.9268436259677,172.9268436259677,172.9268436259677,2600.0,2600.0,0.0,0.0,100.0,0.6452855149923664,False
T069,transmission,unavail_tx_import_mw,1000.0,2025-02-28T15:11:00+00:00,2025-03-31T21:59:00+00:00,2025-02-28T16:11:00+01:00,2025-03-31T23:59:00+02:00,2025-03-13,19,2025-03-13T19:00:00+01:00,2025-03-13T20:00:00+01:00,True,1.0,163.0,152.16882172369702,152.16882172369702,152.16882172369702,2600.0,2600.0,0.0,0.0,100.0,0.2874649081598477,False
T069,transmission,unavail_tx_import_mw,1000.0,2025-02-28T15:11:00+00:00,2025-03-31T21:59:00+00:00,2025-02-28T16:11:00+01:00,2025-03-31T23:59:00+02:00,2025-03-13,20,2025-03-13T20:00:00+01:00,2025-03-13T21:00:00+01:00,True,1.0,147.68,119.72512138833764,119.72512138833758,119.72512138833758,2600.0,2600.0,0.0,0.0,100.0,0.26277198196335405,False
T069,transmission,unavail_tx_import_mw,1000.0,2025-02-28T15:11:00+00:00,2025-03-31T21:59:00+00:00,2025-02-28T16:11:00+01:00,2025-03-31T23:59:00+02:00,2025-03-13,21,2025-03-13T21:00:00+01:00,2025-03-13T22:00:00+01:00,True,1.0,139.07,108.52452380925315,108.52452380925318,108.52452380925318,2600.0,2600.0,0.0,0.0,100.0,0.16038413082816305,False
T069,transmission,unavail_tx_import_mw,1000.0,2025-02-28T15:11:00+00:00,2025-03-31T21:59:00+00:00,2025-02-28T16:11:00+01:00,2025-03-31T23:59:00+02:00,2025-03-13,22,2025-03-13T22:00:00+01:00,2025-03-13T23:00:00+01:00,True,1.0,92.15,110.24129616610162,110.24129616610162,110.24129616610162,2600.0,2600.0,0.0,0.0,100.0,0.36596426974793417,False
T069,transmission,unavail_tx_import_mw,1000.0,2025-02-28T15:11:00+00:00,2025-03-31T21:59:00+00:00,2025-02-28T16:11:00+01:00,2025-03-31T23:59:00+02:00,2025-03-13,23,2025-03-13T23:00:00+01:00,2025-03-14T00:00:00+01:00,True,1.0,57.34,86.3421640643771,86.3421640643771,86.3421640643771,2600.0,2600.0,0.0,0.0,100.0,0.18333576778194072,False
T069,transmission,unavail_tx_import_mw,1000.0,2025-02-28T15:11:00+00:00,2025-03-31T21:59:00+00:00,2025-02-28T16:11:00+01:00,2025-03-31T23:59:00+02:00,2025-03-14,0,2025-03-14T00:00:00+01:00,2025-03-14T01:00:00+01:00,True,1.0,116.11,59.10376473877803,59.10376473877803,59.14299532601257,3065.0,2600.0,-465.0,0.03923058723453465,100.0,-0.008122055501218028,True
T069,transmission,unavail_tx_import_mw,1000.0,2025-02-28T15:11:00+00:00,2025-03-31T21:59:00+00:00,2025-02-28T16:11:00+01:00,2025-03-31T23:59:00+02:00,2025-03-14,1,2025-03-14T01:00:00+01:00,2025-03-14T02:00:00+01:00,True,1.0,103.41,52.50271693611655,52.50271693611654,52.30326288642311,3065.0,2600.0,-465.0,-0.19945404969342917,100.0,0.04175511062683768,True
T069,transmission,unavail_tx_import_mw,1000.0,2025-02-28T15:11:00+00:00,2025-03-31T21:59:00+00:00,2025-02-28T16:11:00+01:00,2025-03-31T23:59:00+02:00,2025-03-14,2,2025-03-14T02:00:00+01:00,2025-03-14T03:00:00+01:00,True,1.0,100.39,50.82700758921625,50.82700758921622,50.811567116614114,3065.0,2600.0,-465.0,-0.015440472602108457,100.0,0.0037349517504736696,True
T069,transmission,unavail_tx_import_mw,1000.0,2025-02-28T15:11:00+00:00,2025-03-31T21:59:00+00:00,2025-02-28T16:11:00+01:00,2025-03-31T23:59:00+02:00,2025-03-14,3,2025-03-14T03:00:00+01:00,2025-03-14T04:00:00+01:00,True,1.0,96.62,49.997008318056885,49.99700831805687,50.10310221680588,3065.0,2600.0,-465.0,0.10609389874900899,100.0,-0.02177625669920502,True
T069,transmission,unavail_tx_import_mw,1000.0,2025-02-28T15:11:00+00:00,2025-03-31T21:59:00+00:00,2025-02-28T16:11:00+01:00,2025-03-31T23:59:00+02:00,2025-03-14,4,2025-03-14T04:00:00+01:00,2025-03-14T05:00:00+01:00,True,1.0,97.5,53.74235378226053,53.74235378226053,54.011300641968205,3065.0,2600.0,-465.0,0.2689468597076754,100.0,-0.055592597525659926,True
T069,transmission,unavail_tx_import_mw,1000.0,2025-02-28T15:11:00+00:00,2025-03-31T21:59:00+00:00,2025-02-28T16:11:00+01:00,2025-03-31T23:59:00+02:00,2025-03-14,5,2025-03-14T05:00:00+01:00,2025-03-14T06:00:00+01:00,True,1.0,111.98,63.12329230494044,63.12329230494045,63.12329230494045,3065.0,2600.0,-465.0,0.0,100.0,0.0,True
T069,transmission,unavail_tx_import_mw,1000.0,2025-02-28T15:11:00+00:00,2025-03-31T21:59:00+00:00,2025-02-28T16:11:00+01:00,2025-03-31T23:59:00+02:00,2025-03-14,6,2025-03-14T06:00:00+01:00,2025-03-14T07:00:00+01:00,True,1.0,146.28,88.92694808757314,88.92694808757312,89.66776540903783,3065.0,2600.0,-465.0,0.7408173214647036,100.0,-0.15359476709888042,True
T069,transmission,unavail_tx_import_mw,1000.0,2025-02-28T15:11:00+00:00,2025-03-31T21:59:00+00:00,2025-02-28T16:11:00+01:00,2025-03-31T23:59:00+02:00,2025-03-14,7,2025-03-14T07:00:00+01:00,2025-03-14T08:00:00+01:00,True,1.0,156.58,117.02727146501046,117.02727146501049,116.22288882999449,3065.0,2600.0,-465.0,-0.8043826350159975,100.0,0.16629354119501727,True
T069,transmission,unavail_tx_import_mw,1000.0,2025-02-28T15:11:00+00:00,2025-03-31T21:59:00+00:00,2025-02-28T16:11:00+01:00,2025-03-31T23:59:00+02:00,2025-03-14,8,2025-03-14T08:00:00+01:00,2025-03-14T09:00:00+01:00,True,1.0,152.83,122.56441348083756,122.56441348083759,122.08767708228503,3065.0,2600.0,-465.0,-0.47673639855256056,100.0,0.09832548565900368,True
T069,transmission,unavail_tx_import_mw,1000.0,2025-02-28T15:11:00+00:00,2025-03-31T21:59:00+00:00,2025-02-28T16:11:00+01:00,2025-03-31T23:59:00+02:00,2025-03-14,9,2025-03-14T09:00:00+01:00,2025-03-14T10:00:00+01:00,True,1.0,122.28,103.94939837698806,103.94939837698809,103.17897553609042,3065.0,2600.0,-465.0,-0.7704228408976661,100.0,0.15937892306942558,True
T069,transmission,unavail_tx_import_mw,1000.0,2025-02-28T15:11:00+00:00,2025-03-31T21:59:00+00:00,2025-02-28T16:11:00+01:00,2025-03-31T23:59:00+02:00,2025-03-14,10,2025-03-14T10:00:00+01:00,2025-03-14T11:00:00+01:00,True,1.0,101.58,86.21487311080409,86.21487311080409,85.68119887603748,3065.0,2600.0,-465.0,-0.5336742347666075,100.0,0.11027704266638239,True
T069,transmission,unavail_tx_import_mw,1000.0,2025-02-28T15:11:00+00:00,2025-03-31T21:59:00+00:00,2025-02-28T16:11:00+01:00,2025-03-31T23:59:00+02:00,2025-03-14,11,2025-03-14T11:00:00+01:00,2025-03-14T12:00:00+01:00,True,1.0,96.05,73.3627781059875,73.36277810598752,72.98224784963949,3065.0,2600.0,-465.0,-0.38053025634802395,100.0,0.07890347904327655,True
T069,transmission,unavail_tx_import_mw,1000.0,2025-02-28T15:11:00+00:00,2025-03-31T21:59:00+00:00,2025-02-28T16:11:00+01:00,2025-03-31T23:59:00+02:00,2025-03-14,12,2025-03-14T12:00:00+01:00,2025-03-14T13:00:00+01:00,True,1.0,72.88,68.5530324752522,68.55303247525221,68.2931583501929,3065.0,2600.0,-465.0,-0.2598741250593122,100.0,0.05348369627733973,True
T069,transmission,unavail_tx_import_mw,1000.0,2025-02-28T15:11:00+00:00,2025-03-31T21:59:00+00:00,2025-02-28T16:11:00+01:00,2025-03-31T23:59:00+02:00,2025-03-14,13,2025-03-14T13:00:00+01:00,2025-03-14T14:00:00+01:00,True,1.0,68.7,64.08335586856532,64.08335586856532,63.77858221771979,3065.0,2600.0,-465.0,-0.304773650845533,100.0,0.06287975158176096,True
T069,transmission,unavail_tx_import_mw,1000.0,2025-02-28T15:11:00+00:00,2025-03-31T21:59:00+00:00,2025-02-28T16:11:00+01:00,2025-03-31T23:59:00+02:00,2025-03-14,14,2025-03-14T14:00:00+01:00,2025-03-14T15:00:00+01:00,True,1.0,60.47,65.36610493252579,65.36610493252579,65.0335197863944,3065.0,2600.0,-465.0,-0.3325851461313931,100.0,0.06835484728451036,True
T069,transmission,unavail_tx_import_mw,1000.0,2025-02-28T15:11:00+00:00,2025-03-31T21:59:00+00:00,2025-02-28T16:11:00+01:00,2025-03-31T23:59:00+02:00,2025-03-14,15,2025-03-14T15:00:00+01:00,2025-03-14T16:00:00+01:00,True,1.0,70.25,70.98456541040153,70.98456541040153,70.5697897473942,3065.0,2600.0,-465.0,-0.41477566300733315,100.0,0.08532278765454748,True
T069,transmission,unavail_tx_import_mw,1000.0,2025-02-28T15:11:00+00:00,2025-03-31T21:59:00+00:00,2025-02-28T16:11:00+01:00,2025-03-31T23:59:00+02:00,2025-03-14,16,2025-03-14T16:00:00+01:00,2025-03-14T17:00:00+01:00,True,1.0,117.95,83.96691302195975,83.96691302195971,83.50138360293997,3065.0,2600.0,-465.0,-0.4655294190197452,100.0,0.09562899239340084,True
T069,transmission,unavail_tx_import_mw,1000.0,2025-02-28T15:11:00+00:00,2025-03-31T21:59:00+00:00,2025-02-28T16:11:00+01:00,2025-03-31T23:59:00+02:00,2025-03-14,17,2025-03-14T17:00:00+01:00,2025-03-14T18:00:00+01:00,True,1.0,150.44,101.55099915372595,101.55099915372595,100.3537798339963,3065.0,2600.0,-465.0,-1.1972193197296548,100.0,0.24861279755666033,True
T069,transmission,unavail_tx_import_mw,1000.0,2025-02-28T15:11:00+00:00,2025-03-31T21:59:00+00:00,2025-02-28T16:11:00+01:00,2025-03-31T23:59:00+02:00,2025-03-14,18,2025-03-14T18:00:00+01:00,2025-03-14T19:00:00+01:00,True,1.0,158.59,103.41555298619151,103.41555298619154,101.87253109627406,3065.0,2600.0,-465.0,-1.5430218899174832,100.0,0.32136754328529094,True
T069,transmission,unavail_tx_import_mw,1000.0,2025-02-28T15:11:00+00:00,2025-03-31T21:59:00+00:00,2025-02-28T16:11:00+01:00,2025-03-31T23:59:00+02:00,2025-03-14,19,2025-03-14T19:00:00+01:00,2025-03-14T20:00:00+01:00,True,1.0,147.09,88.76952659780073,88.76952659780073,88.13356744028587,3065.0,2600.0,-465.0,-0.6359591575148613,100.0,0.1315734924390739,True
T069,transmission,unavail_tx_import_mw,1000.0,2025-02-28T15:11:00+00:00,2025-03-31T21:59:00+00:00,2025-02-28T16:11:00+01:00,2025-03-31T23:59:00+02:00,2025-03-14,20,2025-03-14T20:00:00+01:00,2025-03-14T21:00:00+01:00,True,1.0,115.54,73.50420072730508,73.50420072730505,72.90094797345107,3065.0,2600.0,-465.0,-0.6032527538539796,100.0,0.12490657244477177,True
T069,transmission,unavail_tx_import_mw,1000.0,2025-02-28T15:11:00+00:00,2025-03-31T21:59:00+00:00,2025-02-28T16:11:00+01:00,2025-03-31T23:59:00+02:00,2025-03-14,21,2025-03-14T21:00:00+01:00,2025-03-14T22:00:00+01:00,True,1.0,88.94,70.66864269305411,70.6686426930541,70.28570150479872,3065.0,2600.0,-465.0,-0.3829411882553728,100.0,0.0790842248030259,True
T069,transmission,unavail_tx_import_mw,1000.0,2025-02-28T15:11:00+00:00,2025-03-31T21:59:00+00:00,2025-02-28T16:11:00+01:00,2025-03-31T23:59:00+02:00,2025-03-14,22,2025-03-14T22:00:00+01:00,2025-03-14T23:00:00+01:00,True,1.0,65.44,61.69483811050151,61.6948381105015,60.935753817798144,3065.0,2600.0,-465.0,-0.7590842927033563,100.0,0.15762120316729522,True
T069,transmission,unavail_tx_import_mw,1000.0,2025-02-28T15:11:00+00:00,2025-03-31T21:59:00+00:00,2025-02-28T16:11:00+01:00,2025-03-31T23:59:00+02:00,2025-03-14,23,2025-03-14T23:00:00+01:00,2025-03-15T00:00:00+01:00,True,1.0,54.78,51.25487418508513,51.25487418508513,50.8810046655209,3065.0,2600.0,-465.0,-0.37386951956423076,100.0,0.07718236607096429,True
T069,transmission,unavail_tx_import_mw,1000.0,2025-02-28T15:11:00+00:00,2025-03-31T21:59:00+00:00,2025-02-28T16:11:00+01:00,2025-03-31T23:59:00+02:00,2025-03-15,0,2025-03-15T00:00:00+01:00,2025-03-15T01:00:00+01:00,True,1.0,30.49,54.00755798980989,54.007557989809904,54.007557989809904,2600.0,2600.0,0.0,0.0,100.0,0.014565342249333924,False
T069,transmission,unavail_tx_import_mw,1000.0,2025-02-28T15:11:00+00:00,2025-03-31T21:59:00+00:00,2025-02-28T16:11:00+01:00,2025-03-31T23:59:00+02:00,2025-03-15,1,2025-03-15T01:00:00+01:00,2025-03-15T02:00:00+01:00,True,1.0,32.22,47.62717007085268,47.627170070852685,47.627170070852685,2600.0,2600.0,0.0,0.0,100.0,0.06770665282527943,False
T069,transmission,unavail_tx_import_mw,1000.0,2025-02-28T15:11:00+00:00,2025-03-31T21:59:00+00:00,2025-02-28T16:11:00+01:00,2025-03-31T23:59:00+02:00,2025-03-15,2,2025-03-15T02:00:00+01:00,2025-03-15T03:00:00+01:00,True,1.0,28.84,43.84492238784368,43.84492238784368,43.84492238784368,2600.0,2600.0,0.0,0.0,100.0,0.0215586348184047,False
T069,transmission,unavail_tx_import_mw,1000.0,2025-02-28T15:11:00+00:00,2025-03-31T21:59:00+00:00,2025-02-28T16:11:00+01:00,2025-03-31T23:59:00+02:00,2025-03-15,3,2025-03-15T03:00:00+01:00,2025-03-15T04:00:00+01:00,True,1.0,26.54,41.02991960214933,41.02991960214932,41.02991960214932,2600.0,2600.0,0.0,0.0,100.0,-0.00895669288208012,False
T069,transmission,unavail_tx_import_mw,1000.0,2025-02-28T15:11:00+00:00,2025-03-31T21:59:00+00:00,2025-02-28T16:11:00+01:00,2025-03-31T23:59:00+02:00,2025-03-15,4,2025-03-15T04:00:00+01:00,2025-03-15T05:00:00+01:00,True,1.0,26.22,40.732075542901455,40.73207554290144,40.73207554290144,2600.0,2600.0,0.0,0.0,100.0,-0.03729984541936915,False
T069,transmission,unavail_tx_import_mw,1000.0,2025-02-28T15:11:00+00:00,2025-03-31T21:59:00+00:00,2025-02-28T16:11:00+01:00,2025-03-31T23:59:00+02:00,2025-03-15,5,2025-03-15T05:00:00+01:00,2025-03-15T06:00:00+01:00,True,1.0,26.75,41.15036465453025,41.150364654530264,41.150364654530264,2600.0,2600.0,0.0,0.0,100.0,0.0,False
T069,transmission,unavail_tx_import_mw,1000.0,2025-02-28T15:11:00+00:00,2025-03-31T21:59:00+00:00,2025-02-28T16:11:00+01:00,2025-03-31T23:59:00+02:00,2025-03-15,6,2025-03-15T06:00:00+01:00,2025-03-15T07:00:00+01:00,True,1.0,27.19,42.853908377093155,42.85390837709316,42.85390837709316,2600.0,2600.0,0.0,0.0,100.0,-0.07030035517252742,False
T069,transmission,unavail_tx_import_mw,1000.0,2025-02-28T15:11:00+00:00,2025-03-31T21:59:00+00:00,2025-02-28T16:11:00+01:00,2025-03-31T23:59:00+02:00,2025-03-15,7,2025-03-15T07:00:00+01:00,2025-03-15T08:00:00+01:00,True,1.0,19.96,48.48395456388771,48.48395456388772,48.48395456388772,2600.0,2600.0,0.0,0.0,100.0,0.06545202506665504,False
T069,transmission,unavail_tx_import_mw,1000.0,2025-02-28T15:11:00+00:00,2025-03-31T21:59:00+00:00,2025-02-28T16:11:00+01:00,2025-03-31T23:59:00+02:00,2025-03-15,8,2025-03-15T08:00:00+01:00,2025-03-15T09:00:00+01:00,True,1.0,18.7,48.51510866696185,48.51510866696185,48.51510866696185,2600.0,2600.0,0.0,0.0,100.0,0.040289867607100405,False
T069,transmission,unavail_tx_import_mw,1000.0,2025-02-28T15:11:00+00:00,2025-03-31T21:59:00+00:00,2025-02-28T16:11:00+01:00,2025-03-31T23:59:00+02:00,2025-03-15,9,2025-03-15T09:00:00+01:00,2025-03-15T10:00:00+01:00,True,1.0,18.32,46.93768212643688,46.93768212643688,46.93768212643688,2600.0,2600.0,0.0,0.0,100.0,0.06382659445635852,False
T069,transmission,unavail_tx_import_mw,1000.0,2025-02-28T15:11:00+00:00,2025-03-31T21:59:00+00:00,2025-02-28T16:11:00+01:00,2025-03-31T23:59:00+02:00,2025-03-15,10,2025-03-15T10:00:00+01:00,2025-03-15T11:00:00+01:00,True,1.0,18.19,38.76506206781581,38.765062067815805,38.765062067815805,2600.0,2600.0,0.0,0.0,100.0,0.06210424242709678,False
T069,transmission,unavail_tx_import_mw,1000.0,2025-02-28T15:11:00+00:00,2025-03-31T21:59:00+00:00,2025-02-28T16:11:00+01:00,2025-03-31T23:59:00+02:00,2025-03-15,11,2025-03-15T11:00:00+01:00,2025-03-15T12:00:00+01:00,True,1.0,18.14,32.955722585630944,32.955722585630944,32.955722585630944,2600.0,2600.0,0.0,0.0,100.0,0.051081932139425135,False
T069,transmission,unavail_tx_import_mw,1000.0,2025-02-28T15:11:00+00:00,2025-03-31T21:59:00+00:00,2025-02-28T16:11:00+01:00,2025-03-31T23:59:00+02:00,2025-03-15,12,2025-03-15T12:00:00+01:00,2025-03-15T13:00:00+01:00,True,1.0,17.94,29.17938079266884,29.179380792668848,29.179380792668848,2600.0,2600.0,0.0,0.0,100.0,0.03212815374756062,False
T069,transmission,unavail_tx_import_mw,1000.0,2025-02-28T15:11:00+00:00,2025-03-31T21:59:00+00:00,2025-02-28T16:11:00+01:00,2025-03-31T23:59:00+02:00,2025-03-15,13,2025-03-15T13:00:00+01:00,2025-03-15T14:00:00+01:00,True,1.0,17.87,24.490220125275876,24.490220125275872,24.490220125275872,2600.0,2600.0,0.0,0.0,100.0,-0.04973737592062477,False
T069,transmission,unavail_tx_import_mw,1000.0,2025-02-28T15:11:00+00:00,2025-03-31T21:59:00+00:00,2025-02-28T16:11:00+01:00,2025-03-31T23:59:00+02:00,2025-03-15,14,2025-03-15T14:00:00+01:00,2025-03-15T15:00:00+01:00,True,1.0,18.05,24.171817508347623,24.171817508347615,24.171817508347615,2600.0,2600.0,0.0,0.0,100.0,0.03835185271571717,False
T069,transmission,unavail_tx_import_mw,1000.0,2025-02-28T15:11:00+00:00,2025-03-31T21:59:00+00:00,2025-02-28T16:11:00+01:00,2025-03-31T23:59:00+02:00,2025-03-15,15,2025-03-15T15:00:00+01:00,2025-03-15T16:00:00+01:00,True,1.0,19.05,29.18453650339417,29.184536503394163,29.184536503394163,2600.0,2600.0,0.0,0.0,100.0,0.05420002046639283,False
T069,transmission,unavail_tx_import_mw,1000.0,2025-02-28T15:11:00+00:00,2025-03-31T21:59:00+00:00,2025-02-28T16:11:00+01:00,2025-03-31T23:59:00+02:00,2025-03-15,16,2025-03-15T16:00:00+01:00,2025-03-15T17:00:00+01:00,True,1.0,20.13,38.81008681150293,38.81008681150293,38.81008681150293,2600.0,2600.0,0.0,0.0,100.0,0.048232699476926655,False
T069,transmission,unavail_tx_import_mw,1000.0,2025-02-28T15:11:00+00:00,2025-03-31T21:59:00+00:00,2025-02-28T16:11:00+01:00,2025-03-31T23:59:00+02:00,2025-03-15,17,2025-03-15T17:00:00+01:00,2025-03-15T18:00:00+01:00,True,1.0,21.51,42.52914550264421,42.52914550264421,42.52914550264421,2600.0,2600.0,0.0,0.0,100.0,0.11013573817021438,False
T069,transmission,unavail_tx_import_mw,1000.0,2025-02-28T15:11:00+00:00,2025-03-31T21:59:00+00:00,2025-02-28T16:11:00+01:00,2025-03-31T23:59:00+02:00,2025-03-15,18,2025-03-15T18:00:00+01:00,2025-03-15T19:00:00+01:00,True,1.0,22.2,45.24358301118507,45.24358301118507,45.24358301118507,2600.0,2600.0,0.0,0.0,100.0,0.1396560099232076,False
T069,transmission,unavail_tx_import_mw,1000.0,2025-02-28T15:11:00+00:00,2025-03-31T21:59:00+00:00,2025-02-28T16:11:00+01:00,2025-03-31T23:59:00+02:00,2025-03-15,19,2025-03-15T19:00:00+01:00,2025-03-15T20:00:00+01:00,True,1.0,21.67,40.923924959643685,40.92392495964368,40.92392495964368,2600.0,2600.0,0.0,0.0,100.0,0.07998655613445038,False
T069,transmission,unavail_tx_import_mw,1000.0,2025-02-28T15:11:00+00:00,2025-03-31T21:59:00+00:00,2025-02-28T16:11:00+01:00,2025-03-31T23:59:00+02:00,2025-03-15,20,2025-03-15T20:00:00+01:00,2025-03-15T21:00:00+01:00,True,1.0,21.19,37.58891083848832,37.58891083848832,37.58891083848832,2600.0,2600.0,0.0,0.0,100.0,0.07960691741293857,False
T069,transmission,unavail_tx_import_mw,1000.0,2025-02-28T15:11:00+00:00,2025-03-31T21:59:00+00:00,2025-02-28T16:11:00+01:00,2025-03-31T23:59:00+02:00,2025-03-15,21,2025-03-15T21:00:00+01:00,2025-03-15T22:00:00+01:00,True,1.0,20.75,36.3809257927249,36.38092579272491,36.38092579272491,2600.0,2600.0,0.0,0.0,100.0,0.07451196016903339,False
T069,transmission,unavail_tx_import_mw,1000.0,2025-02-28T15:11:00+00:00,2025-03-31T21:59:00+00:00,2025-02-28T16:11:00+01:00,2025-03-31T23:59:00+02:00,2025-03-15,22,2025-03-15T22:00:00+01:00,2025-03-15T23:00:00+01:00,True,1.0,19.82,35.618235407556135,35.61823540755614,35.61823540755614,2600.0,2600.0,0.0,0.0,100.0,0.09564912066267794,False
T069,transmission,unavail_tx_import_mw,1000.0,2025-02-28T15:11:00+00:00,2025-03-31T21:59:00+00:00,2025-02-28T16:11:00+01:00,2025-03-31T23:59:00+02:00,2025-03-15,23,2025-03-15T23:00:00+01:00,2025-03-16T00:00:00+01:00,True,1.0,19.13,31.575587175952876,31.575587175952876,31.575587175952876,2600.0,2600.0,0.0,0.0,100.0,0.08977241856932494,False
T069,transmission,unavail_tx_import_mw,1000.0,2025-02-28T15:11:00+00:00,2025-03-31T21:59:00+00:00,2025-02-28T16:11:00+01:00,2025-03-31T23:59:00+02:00,2025-03-16,0,2025-03-16T00:00:00+01:00,2025-03-16T01:00:00+01:00,True,1.0,17.55,21.009236956147575,21.00923695614758,21.00923695614758,2600.0,2600.0,0.0,0.0,100.0,-0.008574490536020107,False
T069,transmission,unavail_tx_import_mw,1000.0,2025-02-28T15:11:00+00:00,2025-03-31T21:59:00+00:00,2025-02-28T16:11:00+01:00,2025-03-31T23:59:00+02:00,2025-03-16,1,2025-03-16T01:00:00+01:00,2025-03-16T02:00:00+01:00,True,1.0,16.48,19.177255966468735,19.177255966468735,19.177255966468735,2600.0,2600.0,0.0,0.0,100.0,0.010190118776375101,False
T069,transmission,unavail_tx_import_mw,1000.0,2025-02-28T15:11:00+00:00,2025-03-31T21:59:00+00:00,2025-02-28T16:11:00+01:00,2025-03-31T23:59:00+02:00,2025-03-16,2,2025-03-16T02:00:00+01:00,2025-03-16T03:00:00+01:00,True,1.0,16.17,18.95455373406919,18.95455373406919,18.95455373406919,2600.0,2600.0,0.0,0.0,100.0,0.0002183079440882807,False
T069,transmission,unavail_tx_import_mw,1000.0,2025-02-28T15:11:00+00:00,2025-03-31T21:59:00+00:00,2025-02-28T16:11:00+01:00,2025-03-31T23:59:00+02:00,2025-03-16,3,2025-03-16T03:00:00+01:00,2025-03-16T04:00:00+01:00,True,1.0,15.92,18.247228092709904,18.247228092709904,18.247228092709904,2600.0,2600.0,0.0,0.0,100.0,-0.01686547558089657,False
T069,transmission,unavail_tx_import_mw,1000.0,2025-02-28T15:11:00+00:00,2025-03-31T21:59:00+00:00,2025-02-28T16:11:00+01:00,2025-03-31T23:59:00+02:00,2025-03-16,4,2025-03-16T04:00:00+01:00,2025-03-16T05:00:00+01:00,True,1.0,16.51,18.096345537181087,18.096345537181087,18.096345537181087,2600.0,2600.0,0.0,0.0,100.0,-0.026536143255512457,False
T069,transmission,unavail_tx_import_mw,1000.0,2025-02-28T15:11:00+00:00,2025-03-31T21:59:00+00:00,2025-02-28T16:11:00+01:00,2025-03-31T23:59:00+02:00,2025-03-16,5,2025-03-16T05:00:00+01:00,2025-03-16T06:00:00+01:00,True,1.0,18.35,17.69891211917274,17.698912119172743,17.698912119172743,2600.0,2600.0,0.0,0.0,100.0,0.0,False
T069,transmission,unavail_tx_import_mw,1000.0,2025-02-28T15:11:00+00:00,2025-03-31T21:59:00+00:00,2025-02-28T16:11:00+01:00,2025-03-31T23:59:00+02:00,2025-03-16,6,2025-03-16T06:00:00+01:00,2025-03-16T07:00:00+01:00,True,1.0,19.24,20.35579021700983,20.355790217009833,20.355790217009833,2600.0,2600.0,0.0,0.0,100.0,-0.06683617653551721,False
T069,transmission,unavail_tx_import_mw,1000.0,2025-02-28T15:11:00+00:00,2025-03-31T21:59:00+00:00,2025-02-28T16:11:00+01:00,2025-03-31T23:59:00+02:00,2025-03-16,7,2025-03-16T07:00:00+01:00,2025-03-16T08:00:00+01:00,True,1.0,19.83,19.71812603106928,19.718126031069293,19.718126031069293,2600.0,2600.0,0.0,0.0,100.0,0.07540406878086259,False
T069,transmission,unavail_tx_import_mw,1000.0,2025-02-28T15:11:00+00:00,2025-03-31T21:59:00+00:00,2025-02-28T16:11:00+01:00,2025-03-31T23:59:00+02:00,2025-03-16,8,2025-03-16T08:00:00+01:00,2025-03-16T09:00:00+01:00,True,1.0,19.95,2.534556294568567,2.5345562945685813,2.5345562945685813,2600.0,2600.0,0.0,0.0,100.0,0.06023906802243317,False
T069,transmission,unavail_tx_import_mw,1000.0,2025-02-28T15:11:00+00:00,2025-03-31T21:59:00+00:00,2025-02-28T16:11:00+01:00,2025-03-31T23:59:00+02:00,2025-03-16,9,2025-03-16T09:00:00+01:00,2025-03-16T10:00:00+01:00,True,1.0,18.76,-2.6746730576349975,-2.6746730576349975,-2.6746730576349975,2600.0,2600.0,0.0,0.0,100.0,0.09964103813288716,False
T069,transmission,unavail_tx_import_mw,1000.0,2025-02-28T15:11:00+00:00,2025-03-31T21:59:00+00:00,2025-02-28T16:11:00+01:00,2025-03-31T23:59:00+02:00,2025-03-16,10,2025-03-16T10:00:00+01:00,2025-03-16T11:00:00+01:00,True,1.0,15.5,-2.7081042405192903,-2.7081042405192903,-2.7081042405192903,2600.0,2600.0,0.0,0.0,100.0,0.10217435815233245,False
T069,transmission,unavail_tx_import_mw,1000.0,2025-02-28T15:11:00+00:00,2025-03-31T21:59:00+00:00,2025-02-28T16:11:00+01:00,2025-03-31T23:59:00+02:00,2025-03-16,11,2025-03-16T11:00:00+01:00,2025-03-16T12:00:00+01:00,True,1.0,1.78,0.2031514599051647,0.2031514599051647,0.2031514599051647,2600.0,2600.0,0.0,0.0,100.0,0.07317780026174603,False
T069,transmission,unavail_tx_import_mw,1000.0,2025-02-28T15:11:00+00:00,2025-03-31T21:59:00+00:00,2025-02-28T16:11:00+01:00,2025-03-31T23:59:00+02:00,2025-03-16,12,2025-03-16T12:00:00+01:00,2025-03-16T13:00:00+01:00,True,1.0,0.35,0.5447477522698918,0.544747752269906,0.544747752269906,2600.0,2600.0,0.0,0.0,100.0,0.0,False
T069,transmission,unavail_tx_import_mw,1000.0,2025-02-28T15:11:00+00:00,2025-03-31T21:59:00+00:00,2025-02-28T16:11:00+01:00,2025-03-31T23:59:00+02:00,2025-03-16,13,2025-03-16T13:00:00+01:00,2025-03-16T14:00:00+01:00,True,1.0,-0.01,2.146996080287998,2.1469960802880053,2.1469960802880053,2600.0,2600.0,0.0,0.0,100.0,-0.0963377925108766,False
T069,transmission,unavail_tx_import_mw,1000.0,2025-02-28T15:11:00+00:00,2025-03-31T21:59:00+00:00,2025-02-28T16:11:00+01:00,2025-03-31T23:59:00+02:00,2025-03-16,14,2025-03-16T14:00:00+01:00,2025-03-16T15:00:00+01:00,True,1.0,1.71,2.9892478210874884,2.989247821087492,2.989247821087492,2600.0,2600.0,0.0,0.0,100.0,0.05002580948747237,False
T069,transmission,unavail_tx_import_mw,1000.0,2025-02-28T15:11:00+00:00,2025-03-31T21:59:00+00:00,2025-02-28T16:11:00+01:00,2025-03-31T23:59:00+02:00,2025-03-16,15,2025-03-16T15:00:00+01:00,2025-03-16T16:00:00+01:00,True,1.0,18.86,7.905252425328317,7.90525242532831,7.90525242532831,2600.0,2600.0,0.0,0.0,100.0,0.04105791871047515,False
T069,transmission,unavail_tx_import_mw,1000.0,2025-02-28T15:11:00+00:00,2025-03-31T21:59:00+00:00,2025-02-28T16:11:00+01:00,2025-03-31T23:59:00+02:00,2025-03-16,16,2025-03-16T16:00:00+01:00,2025-03-16T17:00:00+01:00,True,1.0,20.48,17.329059638268813,17.32905963826882,17.32905963826882,2600.0,2600.0,0.0,0.0,100.0,0.04725366769298134,False
T069,transmission,unavail_tx_import_mw,1000.0,2025-02-28T15:11:00+00:00,2025-03-31T21:59:00+00:00,2025-02-28T16:11:00+01:00,2025-03-31T23:59:00+02:00,2025-03-16,17,2025-03-16T17:00:00+01:00,2025-03-16T18:00:00+01:00,True,1.0,37.8,24.227883328164054,24.227883328164054,24.227883328164054,2600.0,2600.0,0.0,0.0,100.0,0.11839669202389302,False
T069,transmission,unavail_tx_import_mw,1000.0,2025-02-28T15:11:00+00:00,2025-03-31T21:59:00+00:00,2025-02-28T16:11:00+01:00,2025-03-31T23:59:00+02:00,2025-03-16,18,2025-03-16T18:00:00+01:00,2025-03-16T19:00:00+01:00,True,1.0,53.49,30.190655120453048,30.190655120453037,30.190655120453037,2600.0,2600.0,0.0,0.0,100.0,0.16656747637265923,False
T069,transmission,unavail_tx_import_mw,1000.0,2025-02-28T15:11:00+00:00,2025-03-31T21:59:00+00:00,2025-02-28T16:11:00+01:00,2025-03-31T23:59:00+02:00,2025-03-16,19,2025-03-16T19:00:00+01:00,2025-03-16T20:00:00+01:00,True,1.0,36.27,31.891301698839364,31.891301698839378,31.891301698839378,2600.0,2600.0,0.0,0.0,100.0,0.07215447814744991,False
T069,transmission,unavail_tx_import_mw,1000.0,2025-02-28T15:11:00+00:00,2025-03-31T21:59:00+00:00,2025-02-28T16:11:00+01:00,2025-03-31T23:59:00+02:00,2025-03-16,20,2025-03-16T20:00:00+01:00,2025-03-16T21:00:00+01:00,True,1.0,22.51,28.323353940416773,28.323353940416773,28.323353940416773,2600.0,2600.0,0.0,0.0,100.0,0.11608175545704214,False
T069,transmission,unavail_tx_import_mw,1000.0,2025-02-28T15:11:00+00:00,2025-03-31T21:59:00+00:00,2025-02-28T16:11:00+01:00,2025-03-31T23:59:00+02:00,2025-03-16,21,2025-03-16T21:00:00+01:00,2025-03-16T22:00:00+01:00,True,1.0,22.08,26.374765544783468,26.37476554478346,26.37476554478346,2600.0,2600.0,0.0,0.0,100.0,0.05853170466870239,False
T069,transmission,unavail_tx_import_mw,1000.0,2025-02-28T15:11:00+00:00,2025-03-31T21:59:00+00:00,2025-02-28T16:11:00+01:00,2025-03-31T23:59:00+02:00,2025-03-16,22,2025-03-16T22:00:00+01:00,2025-03-16T23:00:00+01:00,True,1.0,21.65,27.652695559002954,27.652695559002957,27.652695559002957,2600.0,2600.0,0.0,0.0,100.0,0.08568306732701103,False
T069,transmission,unavail_tx_import_mw,1000.0,2025-02-28T15:11:00+00:00,2025-03-31T21:59:00+00:00,2025-02-28T16:11:00+01:00,2025-03-31T23:59:00+02:00,2025-03-16,23,2025-03-16T23:00:00+01:00,2025-03-17T00:00:00+01:00,True,1.0,21.35,26.819404373743406,26.819404373743406,26.819404373743406,2600.0,2600.0,0.0,0.0,100.0,0.04498641142030735,False
T069,transmission,unavail_tx_import_mw,1000.0,2025-02-28T15:11:00+00:00,2025-03-31T21:59:00+00:00,2025-02-28T16:11:00+01:00,2025-03-31T23:59:00+02:00,2025-03-17,0,2025-03-17T00:00:00+01:00,2025-03-17T01:00:00+01:00,True,1.0,21.52,21.213693695086473,21.213693695086473,21.094845591668772,2600.0,2600.0,0.0,-0.11884810341770091,100.0,-0.014162904167893231,False
T069,transmission,unavail_tx_import_mw,1000.0,2025-02-28T15:11:00+00:00,2025-03-31T21:59:00+00:00,2025-02-28T16:11:00+01:00,2025-03-31T23:59:00+02:00,2025-03-17,1,2025-03-17T01:00:00+01:00,2025-03-17T02:00:00+01:00,True,1.0,21.52,19.864418938936417,19.864418938936417,19.92733802845543,2600.0,2600.0,0.0,0.06291908951901348,100.0,0.007272475940460765,False
T069,transmission,unavail_tx_import_mw,1000.0,2025-02-28T15:11:00+00:00,2025-03-31T21:59:00+00:00,2025-02-28T16:11:00+01:00,2025-03-31T23:59:00+02:00,2025-03-17,2,2025-03-17T02:00:00+01:00,2025-03-17T03:00:00+01:00,True,1.0,21.31,20.860408021483146,20.86040802148314,20.84308500537734,2600.0,2600.0,0.0,-0.017323016105798672,100.0,-0.0023303556871141495,False
T069,transmission,unavail_tx_import_mw,1000.0,2025-02-28T15:11:00+00:00,2025-03-31T21:59:00+00:00,2025-02-28T16:11:00+01:00,2025-03-31T23:59:00+02:00,2025-03-17,3,2025-03-17T03:00:00+01:00,2025-03-17T04:00:00+01:00,True,1.0,35.93,20.459745783843857,20.459745783843854,20.346132060945845,2600.0,2600.0,0.0,-0.11361372289800897,100.0,-0.01346647936049905,False
T069,transmission,unavail_tx_import_mw,1000.0,2025-02-28T15:11:00+00:00,2025-03-31T21:59:00+00:00,2025-02-28T16:11:00+01:00,2025-03-31T23:59:00+02:00,2025-03-17,4,2025-03-17T04:00:00+01:00,2025-03-17T05:00:00+01:00,True,1.0,44.41,21.900032175243737,21.90003217524374,21.701143126265663,2600.0,2600.0,0.0,-0.1988890489780779,100.0,-0.023261683093068086,False
T069,transmission,unavail_tx_import_mw,1000.0,2025-02-28T15:11:00+00:00,2025-03-31T21:59:00+00:00,2025-02-28T16:11:00+01:00,2025-03-31T23:59:00+02:00,2025-03-17,5,2025-03-17T05:00:00+01:00,2025-03-17T06:00:00+01:00,True,1.0,93.26,27.067275898880055,27.067275898880055,27.067275898880055,2600.0,2600.0,0.0,0.0,100.0,0.0,False
T069,transmission,unavail_tx_import_mw,1000.0,2025-02-28T15:11:00+00:00,2025-03-31T21:59:00+00:00,2025-02-28T16:11:00+01:00,2025-03-31T23:59:00+02:00,2025-03-17,6,2025-03-17T06:00:00+01:00,2025-03-17T07:00:00+01:00,True,1.0,134.74,44.66706085971936,44.66706085971936,44.66706085971936,2600.0,3095.0,495.0,0.0,100.0,0.0,True
T069,transmission,unavail_tx_import_mw,1000.0,2025-02-28T15:11:00+00:00,2025-03-31T21:59:00+00:00,2025-02-28T16:11:00+01:00,2025-03-31T23:59:00+02:00,2025-03-17,7,2025-03-17T07:00:00+01:00,2025-03-17T08:00:00+01:00,True,1.0,151.65,72.197378006197,72.197378006197,73.06903252282106,2600.0,3495.0,895.0,0.8716545166240621,100.0,0.10253926099493071,True
T069,transmission,unavail_tx_import_mw,1000.0,2025-02-28T15:11:00+00:00,2025-03-31T21:59:00+00:00,2025-02-28T16:11:00+01:00,2025-03-31T23:59:00+02:00,2025-03-17,8,2025-03-17T08:00:00+01:00,2025-03-17T09:00:00+01:00,True,1.0,134.29,70.45301941975758,70.45301941975758,70.84337724987786,2600.0,3495.0,895.0,0.3903578301202799,100.0,0.04611588342906714,True
T069,transmission,unavail_tx_import_mw,1000.0,2025-02-28T15:11:00+00:00,2025-03-31T21:59:00+00:00,2025-02-28T16:11:00+01:00,2025-03-31T23:59:00+02:00,2025-03-17,9,2025-03-17T09:00:00+01:00,2025-03-17T10:00:00+01:00,True,1.0,91.69,53.94338213149379,53.94338213149379,54.513698495477065,2600.0,3495.0,895.0,0.5703163639832738,100.0,0.06734044792381155,True
T069,transmission,unavail_tx_import_mw,1000.0,2025-02-28T15:11:00+00:00,2025-03-31T21:59:00+00:00,2025-02-28T16:11:00+01:00,2025-03-31T23:59:00+02:00,2025-03-17,10,2025-03-17T10:00:00+01:00,2025-03-17T11:00:00+01:00,True,1.0,35.33,42.8798350367101,42.879835036710105,43.39042917054544,2600.0,3495.0,895.0,0.5105941338353333,100.0,0.06041559246099837,True
T069,transmission,unavail_tx_import_mw,1000.0,2025-02-28T15:11:00+00:00,2025-03-31T21:59:00+00:00,2025-02-28T16:11:00+01:00,2025-03-31T23:59:00+02:00,2025-03-17,11,2025-03-17T11:00:00+01:00,2025-03-17T12:00:00+01:00,True,1.0,21.01,35.86802589281733,35.86802589281732,36.17983133568565,2600.0,3495.0,895.0,0.31180544286832657,100.0,0.044303542044787037,True
T069,transmission,unavail_tx_import_mw,1000.0,2025-02-28T15:11:00+00:00,2025-03-31T21:59:00+00:00,2025-02-28T16:11:00+01:00,2025-03-31T23:59:00+02:00,2025-03-17,12,2025-03-17T12:00:00+01:00,2025-03-17T13:00:00+01:00,True,1.0,20.21,32.91800911012888,32.91800911012887,32.91800911012887,2600.0,3495.0,895.0,0.0,100.0,0.0,True
T069,transmission,unavail_tx_import_mw,1000.0,2025-02-28T15:11:00+00:00,2025-03-31T21:59:00+00:00,2025-02-28T16:11:00+01:00,2025-03-31T23:59:00+02:00,2025-03-17,13,2025-03-17T13:00:00+01:00,2025-03-17T14:00:00+01:00,True,1.0,20.4,32.67417238114217,32.67417238114218,32.093878436432135,2600.0,3495.0,895.0,-0.5802939447100428,100.0,-0.0674814827931911,True
T069,transmission,unavail_tx_import_mw,1000.0,2025-02-28T15:11:00+00:00,2025-03-31T21:59:00+00:00,2025-02-28T16:11:00+01:00,2025-03-31T23:59:00+02:00,2025-03-17,14,2025-03-17T14:00:00+01:00,2025-03-17T15:00:00+01:00,True,1.0,32.86,28.867958637443895,28.8679586374439,28.903132964304955,2600.0,3495.0,895.0,0.035174326861056926,100.0,0.030930942896382874,True
T069,transmission,unavail_tx_import_mw,1000.0,2025-02-28T15:11:00+00:00,2025-03-31T21:59:00+00:00,2025-02-28T16:11:00+01:00,2025-03-31T23:59:00+02:00,2025-03-17,15,2025-03-17T15:00:00+01:00,2025-03-17T16:00:00+01:00,True,1.0,62.82,32.425906940787485,32.42590694078749,32.60119893811841,2600.0,3495.0,895.0,0.17529199733091616,100.0,0.020765891112837664,True
T069,transmission,unavail_tx_import_mw,1000.0,2025-02-28T15:11:00+00:00,2025-03-31T21:59:00+00:00,2025-02-28T16:11:00+01:00,2025-03-31T23:59:00+02:00,2025-03-17,16,2025-03-17T16:00:00+01:00,2025-03-17T17:00:00+01:00,True,1.0,92.05,40.86039614928964,40.86039614928964,40.9690940970941,2600.0,3495.0,895.0,0.1086979478044583,100.0,0.04639159879540955,True
T069,transmission,unavail_tx_import_mw,1000.0,2025-02-28T15:11:00+00:00,2025-03-31T21:59:00+00:00,2025-02-28T16:11:00+01:00,2025-03-31T23:59:00+02:00,2025-03-17,17,2025-03-17T17:00:00+01:00,2025-03-17T18:00:00+01:00,True,1.0,133.49,49.006912978865145,49.00691297886515,49.931851349815744,2600.0,3495.0,895.0,0.9249383709505921,100.0,0.10903667798630323,True
T069,transmission,unavail_tx_import_mw,1000.0,2025-02-28T15:11:00+00:00,2025-03-31T21:59:00+00:00,2025-02-28T16:11:00+01:00,2025-03-31T23:59:00+02:00,2025-03-17,18,2025-03-17T18:00:00+01:00,2025-03-17T19:00:00+01:00,True,1.0,163.56,49.21952040022151,49.21952040022151,50.34976531961095,2600.0,3495.0,895.0,1.1302449193894404,100.0,0.13326264225933215,True
T069,transmission,unavail_tx_import_mw,1000.0,2025-02-28T15:11:00+00:00,2025-03-31T21:59:00+00:00,2025-02-28T16:11:00+01:00,2025-03-31T23:59:00+02:00,2025-03-17,19,2025-03-17T19:00:00+01:00,2025-03-17T20:00:00+01:00,True,1.0,151.18,45.040723358252045,45.040723358252045,45.59593885539958,2600.0,3495.0,895.0,0.555215497147536,100.0,0.06569705916911772,True
T069,transmission,unavail_tx_import_mw,1000.0,2025-02-28T15:11:00+00:00,2025-03-31T21:59:00+00:00,2025-02-28T16:11:00+01:00,2025-03-31T23:59:00+02:00,2025-03-17,20,2025-03-17T20:00:00+01:00,2025-03-17T21:00:00+01:00,True,1.0,125.8,39.86869162127114,39.86869162127114,40.55231420975733,2600.0,3495.0,895.0,0.6836225884861875,100.0,0.08085953336053109,True
T069,transmission,unavail_tx_import_mw,1000.0,2025-02-28T15:11:00+00:00,2025-03-31T21:59:00+00:00,2025-02-28T16:11:00+01:00,2025-03-31T23:59:00+02:00,2025-03-17,21,2025-03-17T21:00:00+01:00,2025-03-17T22:00:00+01:00,True,1.0,89.81,34.00526362753818,34.00526362753818,34.453252756172795,2600.0,3495.0,895.0,0.4479891286346174,100.0,0.05305584226871218,True
T069,transmission,unavail_tx_import_mw,1000.0,2025-02-28T15:11:00+00:00,2025-03-31T21:59:00+00:00,2025-02-28T16:11:00+01:00,2025-03-31T23:59:00+02:00,2025-03-17,22,2025-03-17T22:00:00+01:00,2025-03-17T23:00:00+01:00,True,1.0,59.88,31.254499707800296,31.254499707800292,31.956856623154675,2600.0,3495.0,895.0,0.7023569153543825,100.0,0.08303060156725195,True
T069,transmission,unavail_tx_import_mw,1000.0,2025-02-28T15:11:00+00:00,2025-03-31T21:59:00+00:00,2025-02-28T16:11:00+01:00,2025-03-31T23:59:00+02:00,2025-03-17,23,2025-03-17T23:00:00+01:00,2025-03-18T00:00:00+01:00,True,1.0,39.71,25.568047509041342,25.568047509041342,25.846804792163685,2600.0,3495.0,895.0,0.27875728312234216,100.0,0.04298327612420039,True
T069,transmission,unavail_tx_import_mw,1000.0,2025-02-28T15:11:00+00:00,2025-03-31T21:59:00+00:00,2025-02-28T16:11:00+01:00,2025-03-31T23:59:00+02:00,2025-03-18,0,2025-03-18T00:00:00+01:00,2025-03-18T01:00:00+01:00,True,1.0,29.18,41.36245882202875,41.362458822028756,41.362458822028756,3495.0,3495.0,0.0,0.0,100.0,-0.02996293447465348,False
T069,transmission,unavail_tx_import_mw,1000.0,2025-02-28T15:11:00+00:00,2025-03-31T21:59:00+00:00,2025-02-28T16:11:00+01:00,2025-03-31T23:59:00+02:00,2025-03-18,1,2025-03-18T01:00:00+01:00,2025-03-18T02:00:00+01:00,True,1.0,21.66,31.473980280371105,31.473980280371105,31.473980280371105,3495.0,3495.0,0.0,0.0,100.0,0.0030763328642535726,False
T069,transmission,unavail_tx_import_mw,1000.0,2025-02-28T15:11:00+00:00,2025-03-31T21:59:00+00:00,2025-02-28T16:11:00+01:00,2025-03-31T23:59:00+02:00,2025-03-18,2,2025-03-18T02:00:00+01:00,2025-03-18T03:00:00+01:00,True,1.0,36.24,33.14026338212195,33.14026338212196,33.14026338212196,3495.0,3495.0,0.0,0.0,100.0,-0.009286677251211017,False
T069,transmission,unavail_tx_import_mw,1000.0,2025-02-28T15:11:00+00:00,2025-03-31T21:59:00+00:00,2025-02-28T16:11:00+01:00,2025-03-31T23:59:00+02:00,2025-03-18,3,2025-03-18T03:00:00+01:00,2025-03-18T04:00:00+01:00,True,1.0,38.95,31.042748923989997,31.042748923989997,31.042748923989997,3495.0,3495.0,0.0,0.0,100.0,-0.006124047408448519,False
T069,transmission,unavail_tx_import_mw,1000.0,2025-02-28T15:11:00+00:00,2025-03-31T21:59:00+00:00,2025-02-28T16:11:00+01:00,2025-03-31T23:59:00+02:00,2025-03-18,4,2025-03-18T04:00:00+01:00,2025-03-18T05:00:00+01:00,True,1.0,65.35,34.37948709775401,34.37948709775401,34.37948709775401,3495.0,3495.0,0.0,0.0,100.0,-0.01716443979006499,False
T069,transmission,unavail_tx_import_mw,1000.0,2025-02-28T15:11:00+00:00,2025-03-31T21:59:00+00:00,2025-02-28T16:11:00+01:00,2025-03-31T23:59:00+02:00,2025-03-18,5,2025-03-18T05:00:00+01:00,2025-03-18T06:00:00+01:00,True,1.0,101.08,46.75068908183851,46.750689081838516,46.750689081838516,3495.0,3495.0,0.0,0.0,100.0,0.0,False
T069,transmission,unavail_tx_import_mw,1000.0,2025-02-28T15:11:00+00:00,2025-03-31T21:59:00+00:00,2025-02-28T16:11:00+01:00,2025-03-31T23:59:00+02:00,2025-03-18,6,2025-03-18T06:00:00+01:00,2025-03-18T07:00:00+01:00,True,1.0,127.01,71.54819114131514,71.54819114131514,71.54819114131514,3495.0,3495.0,0.0,0.0,100.0,0.0,False
T069,transmission,unavail_tx_import_mw,1000.0,2025-02-28T15:11:00+00:00,2025-03-31T21:59:00+00:00,2025-02-28T16:11:00+01:00,2025-03-31T23:59:00+02:00,2025-03-18,7,2025-03-18T07:00:00+01:00,2025-03-18T08:00:00+01:00,True,1.0,130.18,101.47266312365966,101.47266312365967,101.47266312365967,3495.0,3495.0,0.0,0.0,100.0,0.16143846940077822,False
T069,transmission,unavail_tx_import_mw,1000.0,2025-02-28T15:11:00+00:00,2025-03-31T21:59:00+00:00,2025-02-28T16:11:00+01:00,2025-03-31T23:59:00+02:00,2025-03-18,8,2025-03-18T08:00:00+01:00,2025-03-18T09:00:00+01:00,True,1.0,94.24,105.52629114694273,105.52629114694275,105.52629114694275,3495.0,3495.0,0.0,0.0,100.0,0.08157709323029394,False
T069,transmission,unavail_tx_import_mw,1000.0,2025-02-28T15:11:00+00:00,2025-03-31T21:59:00+00:00,2025-02-28T16:11:00+01:00,2025-03-31T23:59:00+02:00,2025-03-18,9,2025-03-18T09:00:00+01:00,2025-03-18T10:00:00+01:00,True,1.0,51.47,81.20799519304808,81.20799519304809,81.20799519304809,3495.0,3495.0,0.0,0.0,100.0,0.09559976224686295,False
T069,transmission,unavail_tx_import_mw,1000.0,2025-02-28T15:11:00+00:00,2025-03-31T21:59:00+00:00,2025-02-28T16:11:00+01:00,2025-03-31T23:59:00+02:00,2025-03-18,10,2025-03-18T10:00:00+01:00,2025-03-18T11:00:00+01:00,True,1.0,18.81,66.84320280942597,66.84320280942596,66.84320280942596,3495.0,3495.0,0.0,0.0,100.0,0.06714891593995276,False
T069,transmission,unavail_tx_import_mw,1000.0,2025-02-28T15:11:00+00:00,2025-03-31T21:59:00+00:00,2025-02-28T16:11:00+01:00,2025-03-31T23:59:00+02:00,2025-03-18,11,2025-03-18T11:00:00+01:00,2025-03-18T12:00:00+01:00,True,1.0,1.09,56.0795341813918,56.07953418139178,56.07953418139178,3495.0,3495.0,0.0,0.0,100.0,0.012031831932290515,False
T069,transmission,unavail_tx_import_mw,1000.0,2025-02-28T15:11:00+00:00,2025-03-31T21:59:00+00:00,2025-02-28T16:11:00+01:00,2025-03-31T23:59:00+02:00,2025-03-18,12,2025-03-18T12:00:00+01:00,2025-03-18T13:00:00+01:00,True,1.0,-0.27,50.28887220025141,50.28887220025141,50.28887220025141,3495.0,3495.0,0.0,0.0,100.0,0.008079867831774834,False
T069,transmission,unavail_tx_import_mw,1000.0,2025-02-28T15:11:00+00:00,2025-03-31T21:59:00+00:00,2025-02-28T16:11:00+01:00,2025-03-31T23:59:00+02:00,2025-03-18,13,2025-03-18T13:00:00+01:00,2025-03-18T14:00:00+01:00,True,1.0,-0.47,44.528024957131535,44.528024957131535,44.528024957131535,3495.0,3495.0,0.0,0.0,100.0,0.02705261230130418,False
T069,transmission,unavail_tx_import_mw,1000.0,2025-02-28T15:11:00+00:00,2025-03-31T21:59:00+00:00,2025-02-28T16:11:00+01:00,2025-03-31T23:59:00+02:00,2025-03-18,14,2025-03-18T14:00:00+01:00,2025-03-18T15:00:00+01:00,True,1.0,11.41,45.467859241178274,45.46785924117829,45.46785924117829,3495.0,3495.0,0.0,0.0,100.0,-0.05827130635799449,False
T069,transmission,unavail_tx_import_mw,1000.0,2025-02-28T15:11:00+00:00,2025-03-31T21:59:00+00:00,2025-02-28T16:11:00+01:00,2025-03-31T23:59:00+02:00,2025-03-18,15,2025-03-18T15:00:00+01:00,2025-03-18T16:00:00+01:00,True,1.0,17.41,54.263607832097335,54.263607832097335,54.263607832097335,3495.0,3495.0,0.0,0.0,100.0,-0.01179907285198567,False
T069,transmission,unavail_tx_import_mw,1000.0,2025-02-28T15:11:00+00:00,2025-03-31T21:59:00+00:00,2025-02-28T16:11:00+01:00,2025-03-31T23:59:00+02:00,2025-03-18,16,2025-03-18T16:00:00+01:00,2025-03-18T17:00:00+01:00,True,1.0,29.84,62.7490705277628,62.749070527762804,62.749070527762804,3495.0,3495.0,0.0,0.0,100.0,0.0810632443653887,False
T069,transmission,unavail_tx_import_mw,1000.0,2025-02-28T15:11:00+00:00,2025-03-31T21:59:00+00:00,2025-02-28T16:11:00+01:00,2025-03-31T23:59:00+02:00,2025-03-18,17,2025-03-18T17:00:00+01:00,2025-03-18T18:00:00+01:00,True,1.0,30.25,69.84568419053514,69.84568419053514,69.84568419053514,3495.0,3495.0,0.0,0.0,100.0,0.13946573405944207,False
T069,transmission,unavail_tx_import_mw,1000.0,2025-02-28T15:11:00+00:00,2025-03-31T21:59:00+00:00,2025-02-28T16:11:00+01:00,2025-03-31T23:59:00+02:00,2025-03-18,18,2025-03-18T18:00:00+01:00,2025-03-18T19:00:00+01:00,True,1.0,39.42,72.8516992253654,72.8516992253654,72.8516992253654,3495.0,3495.0,0.0,0.0,100.0,0.23997559901859233,False
T069,transmission,unavail_tx_import_mw,1000.0,2025-02-28T15:11:00+00:00,2025-03-31T21:59:00+00:00,2025-02-28T16:11:00+01:00,2025-03-31T23:59:00+02:00,2025-03-18,19,2025-03-18T19:00:00+01:00,2025-03-18T20:00:00+01:00,True,1.0,14.88,59.080389766367574,59.08038976636759,59.08038976636759,3495.0,3495.0,0.0,0.0,100.0,0.09623038824779684,False
T069,transmission,unavail_tx_import_mw,1000.0,2025-02-28T15:11:00+00:00,2025-03-31T21:59:00+00:00,2025-02-28T16:11:00+01:00,2025-03-31T23:59:00+02:00,2025-03-18,20,2025-03-18T20:00:00+01:00,2025-03-18T21:00:00+01:00,True,1.0,12.86,54.4892042700342,54.48920427003419,54.48920427003419,3495.0,3495.0,0.0,0.0,100.0,0.12531554349094876,False
T069,transmission,unavail_tx_import_mw,1000.0,2025-02-28T15:11:00+00:00,2025-03-31T21:59:00+00:00,2025-02-28T16:11:00+01:00,2025-03-31T23:59:00+02:00,2025-03-18,21,2025-03-18T21:00:00+01:00,2025-03-18T22:00:00+01:00,True,1.0,12.61,48.38453140416257,48.38453140416257,48.38453140416257,3495.0,3495.0,0.0,0.0,100.0,0.07249909193322424,False
T069,transmission,unavail_tx_import_mw,1000.0,2025-02-28T15:11:00+00:00,2025-03-31T21:59:00+00:00,2025-02-28T16:11:00+01:00,2025-03-31T23:59:00+02:00,2025-03-18,22,2025-03-18T22:00:00+01:00,2025-03-18T23:00:00+01:00,True,1.0,12.75,40.73819105327483,40.73819105327483,40.73819105327483,3495.0,3495.0,0.0,0.0,100.0,0.08646177038092162,False
T069,transmission,unavail_tx_import_mw,1000.0,2025-02-28T15:11:00+00:00,2025-03-31T21:59:00+00:00,2025-02-28T16:11:00+01:00,2025-03-31T23:59:00+02:00,2025-03-18,23,2025-03-18T23:00:00+01:00,2025-03-19T00:00:00+01:00,True,1.0,12.51,37.44558283221824,37.44558283221823,37.44558283221823,3495.0,3495.0,0.0,0.0,100.0,0.0723371840093705,False
T069,transmission,unavail_tx_import_mw,1000.0,2025-02-28T15:11:00+00:00,2025-03-31T21:59:00+00:00,2025-02-28T16:11:00+01:00,2025-03-31T23:59:00+02:00,2025-03-19,0,2025-03-19T00:00:00+01:00,2025-03-19T01:00:00+01:00,True,1.0,12.1,8.322257773219254,8.322257773219254,8.919746011162506,3495.0,3495.0,0.0,0.5974882379432511,100.0,-0.024458140638989434,False
T069,transmission,unavail_tx_import_mw,1000.0,2025-02-28T15:11:00+00:00,2025-03-31T21:59:00+00:00,2025-02-28T16:11:00+01:00,2025-03-31T23:59:00+02:00,2025-03-19,1,2025-03-19T01:00:00+01:00,2025-03-19T02:00:00+01:00,True,1.0,12.11,10.092769165637012,10.092769165637014,10.180868146980503,3495.0,3495.0,0.0,0.0880989813434887,100.0,0.00361365547339787,False
T069,transmission,unavail_tx_import_mw,1000.0,2025-02-28T15:11:00+00:00,2025-03-31T21:59:00+00:00,2025-02-28T16:11:00+01:00,2025-03-31T23:59:00+02:00,2025-03-19,2,2025-03-19T02:00:00+01:00,2025-03-19T03:00:00+01:00,True,1.0,11.81,11.9332765294809,11.933276529480903,12.144896773615724,3495.0,3495.0,0.0,0.21162024413482072,100.0,-0.005574708527184669,False
T069,transmission,unavail_tx_import_mw,1000.0,2025-02-28T15:11:00+00:00,2025-03-31T21:59:00+00:00,2025-02-28T16:11:00+01:00,2025-03-31T23:59:00+02:00,2025-03-19,3,2025-03-19T03:00:00+01:00,2025-03-19T04:00:00+01:00,True,1.0,12.38,13.45877577233124,13.45877577233124,13.465444540012326,3495.0,3495.0,0.0,0.006668767681086152,100.0,-0.001246896343280568,False
T069,transmission,unavail_tx_import_mw,1000.0,2025-02-28T15:11:00+00:00,2025-03-31T21:59:00+00:00,2025-02-28T16:11:00+01:00,2025-03-31T23:59:00+02:00,2025-03-19,4,2025-03-19T04:00:00+01:00,2025-03-19T05:00:00+01:00,True,1.0,12.19,15.59204102189329,15.59204102189329,15.67707909518005,3495.0,3495.0,0.0,0.08503807328675883,100.0,-0.016033633711757034,False
T069,transmission,unavail_tx_import_mw,1000.0,2025-02-28T15:11:00+00:00,2025-03-31T21:59:00+00:00,2025-02-28T16:11:00+01:00,2025-03-31T23:59:00+02:00,2025-03-19,5,2025-03-19T05:00:00+01:00,2025-03-19T06:00:00+01:00,True,1.0,13.46,22.11210564084743,22.112105640847435,22.10507669217754,3495.0,3495.0,0.0,-0.007028948669894675,100.0,0.0040419196943659585,False
T069,transmission,unavail_tx_import_mw,1000.0,2025-02-28T15:11:00+00:00,2025-03-31T21:59:00+00:00,2025-02-28T16:11:00+01:00,2025-03-31T23:59:00+02:00,2025-03-19,6,2025-03-19T06:00:00+01:00,2025-03-19T07:00:00+01:00,True,1.0,40.2,31.75535746960671,31.75535746960671,31.75535746960671,3495.0,3495.0,0.0,0.0,100.0,0.0,False
T069,transmission,unavail_tx_import_mw,1000.0,2025-02-28T15:11:00+00:00,2025-03-31T21:59:00+00:00,2025-02-28T16:11:00+01:00,2025-03-31T23:59:00+02:00,2025-03-19,7,2025-03-19T07:00:00+01:00,2025-03-19T08:00:00+01:00,True,1.0,69.21,45.37936206837101,45.379362068371,45.049406356082116,3495.0,3495.0,0.0,-0.32995571228888565,100.0,0.061812351935728316,False
T069,transmission,unavail_tx_import_mw,1000.0,2025-02-28T15:11:00+00:00,2025-03-31T21:59:00+00:00,2025-02-28T16:11:00+01:00,2025-03-31T23:59:00+02:00,2025-03-19,8,2025-03-19T08:00:00+01:00,2025-03-19T09:00:00+01:00,True,1.0,50.91,45.73645390786665,45.73645390786664,45.549462388737425,3495.0,3495.0,0.0,-0.18699151912921508,100.0,0.034968225667959985,False
T069,transmission,unavail_tx_import_mw,1000.0,2025-02-28T15:11:00+00:00,2025-03-31T21:59:00+00:00,2025-02-28T16:11:00+01:00,2025-03-31T23:59:00+02:00,2025-03-19,9,2025-03-19T09:00:00+01:00,2025-03-19T10:00:00+01:00,True,1.0,18.19,37.146937538150425,37.146937538150425,36.79116762213129,3495.0,3495.0,0.0,-0.35576991601913477,100.0,0.06643501625310932,False
T069,transmission,unavail_tx_import_mw,1000.0,2025-02-28T15:11:00+00:00,2025-03-31T21:59:00+00:00,2025-02-28T16:11:00+01:00,2025-03-31T23:59:00+02:00,2025-03-19,10,2025-03-19T10:00:00+01:00,2025-03-19T11:00:00+01:00,True,1.0,19.94,33.20035770448981,33.20035770448982,32.99763070892104,3495.0,3495.0,0.0,-0.20272699556878138,100.0,0.03787050085747978,False
T069,transmission,unavail_tx_import_mw,1000.0,2025-02-28T15:11:00+00:00,2025-03-31T21:59:00+00:00,2025-02-28T16:11:00+01:00,2025-03-31T23:59:00+02:00,2025-03-19,11,2025-03-19T11:00:00+01:00,2025-03-19T12:00:00+01:00,True,1.0,2.99,25.25626916504676,25.25626916504676,25.25626916504676,3495.0,3495.0,0.0,0.0,100.0,0.0,False
T069,transmission,unavail_tx_import_mw,1000.0,2025-02-28T15:11:00+00:00,2025-03-31T21:59:00+00:00,2025-02-28T16:11:00+01:00,2025-03-31T23:59:00+02:00,2025-03-19,12,2025-03-19T12:00:00+01:00,2025-03-19T13:00:00+01:00,True,1.0,-0.45,21.69028566019131,21.69028566019132,21.69028566019132,3495.0,3495.0,0.0,0.0,100.0,0.0,False
T069,transmission,unavail_tx_import_mw,1000.0,2025-02-28T15:11:00+00:00,2025-03-31T21:59:00+00:00,2025-02-28T16:11:00+01:00,2025-03-31T23:59:00+02:00,2025-03-19,13,2025-03-19T13:00:00+01:00,2025-03-19T14:00:00+01:00,True,1.0,-0.19,20.71487831927195,20.714878319271953,20.714878319271953,3495.0,3495.0,0.0,0.0,100.0,-0.09447276392917558,False
T069,transmission,unavail_tx_import_mw,1000.0,2025-02-28T15:11:00+00:00,2025-03-31T21:59:00+00:00,2025-02-28T16:11:00+01:00,2025-03-31T23:59:00+02:00,2025-03-19,14,2025-03-19T14:00:00+01:00,2025-03-19T15:00:00+01:00,True,1.0,18.76,26.50505778534111,26.50505778534111,26.50505778534111,3495.0,3495.0,0.0,0.0,100.0,0.021442561270681892,False
T069,transmission,unavail_tx_import_mw,1000.0,2025-02-28T15:11:00+00:00,2025-03-31T21:59:00+00:00,2025-02-28T16:11:00+01:00,2025-03-31T23:59:00+02:00,2025-03-19,15,2025-03-19T15:00:00+01:00,2025-03-19T16:00:00+01:00,True,1.0,20.96,30.013841530876217,30.01384153087622,29.85977208967227,3495.0,3000.0,-495.0,-0.15406944120395138,100.0,0.028807070734018225,True
T069,transmission,unavail_tx_import_mw,1000.0,2025-02-28T15:11:00+00:00,2025-03-31T21:59:00+00:00,2025-02-28T16:11:00+01:00,2025-03-31T23:59:00+02:00,2025-03-19,16,2025-03-19T16:00:00+01:00,2025-03-19T17:00:00+01:00,True,1.0,96.36,38.232144008096434,38.232144008096434,38.232144008096434,3495.0,3000.0,-495.0,0.0,100.0,0.023553763071426204,True
T069,transmission,unavail_tx_import_mw,1000.0,2025-02-28T15:11:00+00:00,2025-03-31T21:59:00+00:00,2025-02-28T16:11:00+01:00,2025-03-31T23:59:00+02:00,2025-03-19,17,2025-03-19T17:00:00+01:00,2025-03-19T18:00:00+01:00,True,1.0,137.61,39.634234803890905,39.634234803890905,39.17220598935627,3495.0,3000.0,-495.0,-0.4620288145346336,100.0,0.08637259890510052,True
T069,transmission,unavail_tx_import_mw,1000.0,2025-02-28T15:11:00+00:00,2025-03-31T21:59:00+00:00,2025-02-28T16:11:00+01:00,2025-03-31T23:59:00+02:00,2025-03-19,18,2025-03-19T18:00:00+01:00,2025-03-19T19:00:00+01:00,True,1.0,212.84,45.88697667827127,45.88697667827127,44.95198053762803,3495.0,3000.0,-495.0,-0.9349961406432357,100.0,0.17533236373058259,True
T069,transmission,unavail_tx_import_mw,1000.0,2025-02-28T15:11:00+00:00,2025-03-31T21:59:00+00:00,2025-02-28T16:11:00+01:00,2025-03-31T23:59:00+02:00,2025-03-19,19,2025-03-19T19:00:00+01:00,2025-03-19T20:00:00+01:00,True,1.0,137.18,41.202691048929005,41.202691048929005,40.82497066966982,3495.0,3000.0,-495.0,-0.37772037925918767,100.0,0.07060885586005838,True
T069,transmission,unavail_tx_import_mw,1000.0,2025-02-28T15:11:00+00:00,2025-03-31T21:59:00+00:00,2025-02-28T16:11:00+01:00,2025-03-31T23:59:00+02:00,2025-03-19,20,2025-03-19T20:00:00+01:00,2025-03-19T21:00:00+01:00,True,1.0,89.77,34.53486283201371,34.53486283201371,33.91193216605284,3495.0,3000.0,-495.0,-0.6229306659608653,100.0,0.11625474090771348,True
T069,transmission,unavail_tx_import_mw,1000.0,2025-02-28T15:11:00+00:00,2025-03-31T21:59:00+00:00,2025-02-28T16:11:00+01:00,2025-03-31T23:59:00+02:00,2025-03-19,21,2025-03-19T21:00:00+01:00,2025-03-19T22:00:00+01:00,True,1.0,74.37,30.352688260095405,30.35268826009541,29.985821234049528,3495.0,3000.0,-495.0,-0.36686702604588106,100.0,0.06851272938359543,True
T069,transmission,unavail_tx_import_mw,1000.0,2025-02-28T15:11:00+00:00,2025-03-31T21:59:00+00:00,2025-02-28T16:11:00+01:00,2025-03-31T23:59:00+02:00,2025-03-19,22,2025-03-19T22:00:00+01:00,2025-03-19T23:00:00+01:00,True,1.0,60.66,32.499420090649615,32.499420090649615,32.11948493729979,3495.0,3000.0,-495.0,-0.37993515334982675,100.0,0.07118735277659738,True
T069,transmission,unavail_tx_import_mw,1000.0,2025-02-28T15:11:00+00:00,2025-03-31T21:59:00+00:00,2025-02-28T16:11:00+01:00,2025-03-31T23:59:00+02:00,2025-03-19,23,2025-03-19T23:00:00+01:00,2025-03-20T00:00:00+01:00,True,1.0,37.73,27.55370506824598,27.55370506824598,27.36634221289412,3495.0,3000.0,-495.0,-0.18736285535185715,100.0,0.03686439497856142,True
T069,transmission,unavail_tx_import_mw,1000.0,2025-02-28T15:11:00+00:00,2025-03-31T21:59:00+00:00,2025-02-28T16:11:00+01:00,2025-03-31T23:59:00+02:00,2025-03-20,0,2025-03-20T00:00:00+01:00,2025-03-20T01:00:00+01:00,True,1.0,21.73,32.335215801682516,32.335215801682516,32.45362396597428,3495.0,3000.0,-495.0,0.1184081642917647,100.0,-0.022402112804648766,True
T069,transmission,unavail_tx_import_mw,1000.0,2025-02-28T15:11:00+00:00,2025-03-31T21:59:00+00:00,2025-02-28T16:11:00+01:00,2025-03-31T23:59:00+02:00,2025-03-20,1,2025-03-20T01:00:00+01:00,2025-03-20T02:00:00+01:00,True,1.0,29.5,28.18903302609779,28.18903302609779,28.163970808663464,3495.0,3000.0,-495.0,-0.025062217434324907,100.0,0.004760745478279205,True
T069,transmission,unavail_tx_import_mw,1000.0,2025-02-28T15:11:00+00:00,2025-03-31T21:59:00+00:00,2025-02-28T16:11:00+01:00,2025-03-31T23:59:00+02:00,2025-03-20,2,2025-03-20T02:00:00+01:00,2025-03-20T03:00:00+01:00,True,1.0,26.49,25.476236684946784,25.476236684946787,25.490575412736654,3495.0,3000.0,-495.0,0.014338727789866113,100.0,-0.0026752488528352103,True
T069,transmission,unavail_tx_import_mw,1000.0,2025-02-28T15:11:00+00:00,2025-03-31T21:59:00+00:00,2025-02-28T16:11:00+01:00,2025-03-31T23:59:00+02:00,2025-03-20,3,2025-03-20T03:00:00+01:00,2025-03-20T04:00:00+01:00,True,1.0,30.46,27.571662626340228,27.571662626340235,27.60802068595333,3495.0,3000.0,-495.0,0.03635805961309657,100.0,-0.006838496196980515,True
T069,transmission,unavail_tx_import_mw,1000.0,2025-02-28T15:11:00+00:00,2025-03-31T21:59:00+00:00,2025-02-28T16:11:00+01:00,2025-03-31T23:59:00+02:00,2025-03-20,4,2025-03-20T04:00:00+01:00,2025-03-20T05:00:00+01:00,True,1.0,39.92,31.924520365409784,31.92452036540979,32.01041574828553,3495.0,3000.0,-495.0,0.08589538287574072,100.0,-0.016159913373059,True
T069,transmission,unavail_tx_import_mw,1000.0,2025-02-28T15:11:00+00:00,2025-03-31T21:59:00+00:00,2025-02-28T16:11:00+01:00,2025-03-31T23:59:00+02:00,2025-03-20,5,2025-03-20T05:00:00+01:00,2025-03-20T06:00:00+01:00,True,1.0,110.96,38.6185131953812,38.61851319538119,38.60848871225127,3495.0,3000.0,-495.0,-0.010024483129917883,100.0,0.0018735408279226817,True
T069,transmission,unavail_tx_import_mw,1000.0,2025-02-28T15:11:00+00:00,2025-03-31T21:59:00+00:00,2025-02-28T16:11:00+01:00,2025-03-31T23:59:00+02:00,2025-03-20,6,2025-03-20T06:00:00+01:00,2025-03-20T07:00:00+01:00,True,1.0,133.19,64.54573212387575,64.54573212387578,64.54573212387578,3495.0,3000.0,-495.0,0.0,100.0,0.0,True
T069,transmission,unavail_tx_import_mw,1000.0,2025-02-28T15:11:00+00:00,2025-03-31T21:59:00+00:00,2025-02-28T16:11:00+01:00,2025-03-31T23:59:00+02:00,2025-03-20,7,2025-03-20T07:00:00+01:00,2025-03-20T08:00:00+01:00,True,1.0,132.05,89.79308002572631,89.79308002572628,88.87099839550802,3495.0,3000.0,-495.0,-0.9220816302182584,100.0,0.17446707097761305,True
T069,transmission,unavail_tx_import_mw,1000.0,2025-02-28T15:11:00+00:00,2025-03-31T21:59:00+00:00,2025-02-28T16:11:00+01:00,2025-03-31T23:59:00+02:00,2025-03-20,8,2025-03-20T08:00:00+01:00,2025-03-20T09:00:00+01:00,True,1.0,100.25,85.04490711115403,85.04490711115405,84.71879279511415,3495.0,3000.0,-495.0,-0.3261143160398916,100.0,0.061269648432485724,True
T069,transmission,unavail_tx_import_mw,1000.0,2025-02-28T15:11:00+00:00,2025-03-31T21:59:00+00:00,2025-02-28T16:11:00+01:00,2025-03-31T23:59:00+02:00,2025-03-20,9,2025-03-20T09:00:00+01:00,2025-03-20T10:00:00+01:00,True,1.0,75.85,65.55328557512391,65.55328557512392,65.04616073523484,3495.0,3000.0,-495.0,-0.5071248398890873,100.0,0.09565693186092972,True
T069,transmission,unavail_tx_import_mw,1000.0,2025-02-28T15:11:00+00:00,2025-03-31T21:59:00+00:00,2025-02-28T16:11:00+01:00,2025-03-31T23:59:00+02:00,2025-03-20,10,2025-03-20T10:00:00+01:00,2025-03-20T11:00:00+01:00,True,1.0,35.64,52.3593340784996,52.35933407849959,52.1218609001156,3495.0,3000.0,-495.0,-0.2374731783839934,100.0,0.0446468982754169,True
T069,transmission,unavail_tx_import_mw,1000.0,2025-02-28T15:11:00+00:00,2025-03-31T21:59:00+00:00,2025-02-28T16:11:00+01:00,2025-03-31T23:59:00+02:00,2025-03-20,11,2025-03-20T11:00:00+01:00,2025-03-20T12:00:00+01:00,True,1.0,7.23,44.48272049144726,44.48272049144726,44.43378851297353,3495.0,3000.0,-495.0,-0.048931978473731874,100.0,0.009169220126075572,True
T069,transmission,unavail_tx_import_mw,1000.0,2025-02-28T15:11:00+00:00,2025-03-31T21:59:00+00:00,2025-02-28T16:11:00+01:00,2025-03-31T23:59:00+02:00,2025-03-20,12,2025-03-20T12:00:00+01:00,2025-03-20T13:00:00+01:00,True,1.0,3.73,41.306342528968266,41.306342528968266,41.29026324407762,3495.0,3000.0,-495.0,-0.01607928489064392,100.0,0.0030123348768356095,True
T069,transmission,unavail_tx_import_mw,1000.0,2025-02-28T15:11:00+00:00,2025-03-31T21:59:00+00:00,2025-02-28T16:11:00+01:00,2025-03-31T23:59:00+02:00,2025-03-20,13,2025-03-20T13:00:00+01:00,2025-03-20T14:00:00+01:00,True,1.0,4.02,37.994871901652346,37.994871901652346,37.91593146488861,3495.0,3000.0,-495.0,-0.07894043676373741,100.0,0.014819322854513928,True
T069,transmission,unavail_tx_import_mw,1000.0,2025-02-28T15:11:00+00:00,2025-03-31T21:59:00+00:00,2025-02-28T16:11:00+01:00,2025-03-31T23:59:00+02:00,2025-03-20,14,2025-03-20T14:00:00+01:00,2025-03-20T15:00:00+01:00,True,1.0,24.67,40.45551510238733,40.455515102387324,40.28515135411226,3495.0,3000.0,-495.0,-0.17036374827506506,100.0,0.03198784587531378,True
T069,transmission,unavail_tx_import_mw,1000.0,2025-02-28T15:11:00+00:00,2025-03-31T21:59:00+00:00,2025-02-28T16:11:00+01:00,2025-03-31T23:59:00+02:00,2025-03-20,15,2025-03-20T15:00:00+01:00,2025-03-20T16:00:00+01:00,True,1.0,59.07,49.48046065136879,49.48046065136879,49.25240615402594,3495.0,3000.0,-495.0,-0.22805449734284622,100.0,0.04275315437106997,True
T069,transmission,unavail_tx_import_mw,1000.0,2025-02-28T15:11:00+00:00,2025-03-31T21:59:00+00:00,2025-02-28T16:11:00+01:00,2025-03-31T23:59:00+02:00,2025-03-20,16,2025-03-20T16:00:00+01:00,2025-03-20T17:00:00+01:00,True,1.0,115.2,80.83419236215197,80.83419236215198,80.35803233996054,3495.0,3000.0,-495.0,-0.4761600221914364,100.0,0.08961213252268863,True
T069,transmission,unavail_tx_import_mw,1000.0,2025-02-28T15:11:00+00:00,2025-03-31T21:59:00+00:00,2025-02-28T16:11:00+01:00,2025-03-31T23:59:00+02:00,2025-03-20,17,2025-03-20T17:00:00+01:00,2025-03-20T18:00:00+01:00,True,1.0,147.31,122.88088897249266,122.88088897249256,120.90050979887587,3495.0,3000.0,-495.0,-1.980379173616683,100.0,0.37326146664142357,True
T069,transmission,unavail_tx_import_mw,1000.0,2025-02-28T15:11:00+00:00,2025-03-31T21:59:00+00:00,2025-02-28T16:11:00+01:00,2025-03-31T23:59:00+02:00,2025-03-20,18,2025-03-20T18:00:00+01:00,2025-03-20T19:00:00+01:00,True,1.0,257.05,95.39111846531164,95.39111846531162,93.48292340128862,3495.0,3000.0,-495.0,-1.9081950640230048,100.0,0.36314887363778325,True
T069,transmission,unavail_tx_import_mw,1000.0,2025-02-28T15:11:00+00:00,2025-03-31T21:59:00+00:00,2025-02-28T16:11:00+01:00,2025-03-31T23:59:00+02:00,2025-03-20,19,2025-03-20T19:00:00+01:00,2025-03-20T20:00:00+01:00,True,1.0,200.03,81.94160069841557,81.94160069841556,81.37977885103922,3495.0,3000.0,-495.0,-0.5618218473763363,100.0,0.10602604503051793,True
T069,transmission,unavail_tx_import_mw,1000.0,2025-02-28T15:11:00+00:00,2025-03-31T21:59:00+00:00,2025-02-28T16:11:00+01:00,2025-03-31T23:59:00+02:00,2025-03-20,20,2025-03-20T20:00:00+01:00,2025-03-20T21:00:00+01:00,True,1.0,126.6,68.96927400799385,68.96927400799385,68.51511026928549,3495.0,3000.0,-495.0,-0.4541637387083597,100.0,0.08567356104350665,True
T069,transmission,unavail_tx_import_mw,1000.0,2025-02-28T15:11:00+00:00,2025-03-31T21:59:00+00:00,2025-02-28T16:11:00+01:00,2025-03-31T23:59:00+02:00,2025-03-20,21,2025-03-20T21:00:00+01:00,2025-03-20T22:00:00+01:00,True,1.0,127.18,69.40316587400211,69.4031658740021,68.70476985886086,3495.0,3000.0,-495.0,-0.6983960151412418,100.0,0.13210772543729377,True
T069,transmission,unavail_tx_import_mw,1000.0,2025-02-28T15:11:00+00:00,2025-03-31T21:59:00+00:00,2025-02-28T16:11:00+01:00,2025-03-31T23:59:00+02:00,2025-03-20,22,2025-03-20T22:00:00+01:00,2025-03-20T23:00:00+01:00,True,1.0,115.09,65.7236565581884,65.72365655818837,64.94690708925802,3495.0,3000.0,-495.0,-0.7767494689303476,100.0,0.1470995754361013,True
T069,transmission,unavail_tx_import_mw,1000.0,2025-02-28T15:11:00+00:00,2025-03-31T21:59:00+00:00,2025-02-28T16:11:00+01:00,2025-03-31T23:59:00+02:00,2025-03-20,23,2025-03-20T23:00:00+01:00,2025-03-21T00:00:00+01:00,True,1.0,85.15,50.147058496101494,50.1470584961015,49.813072616802486,3495.0,3000.0,-495.0,-0.33398587929901424,100.0,0.0629566363655627,True
T069,transmission,unavail_tx_import_mw,1000.0,2025-02-28T15:11:00+00:00,2025-03-31T21:59:00+00:00,2025-02-28T16:11:00+01:00,2025-03-31T23:59:00+02:00,2025-03-21,0,2025-03-21T00:00:00+01:00,2025-03-21T01:00:00+01:00,True,1.0,92.66,66.96225400709663,66.96225400709663,68.12215590756917,3000.0,3000.0,0.0,1.1599019004725335,100.0,-0.0582221437082211,False
T069,transmission,unavail_tx_import_mw,1000.0,2025-02-28T15:11:00+00:00,2025-03-31T21:59:00+00:00,2025-02-28T16:11:00+01:00,2025-03-31T23:59:00+02:00,2025-03-21,1,2025-03-21T01:00:00+01:00,2025-03-21T02:00:00+01:00,True,1.0,105.81,65.40320909471632,65.40320909471632,65.68470373514221,3000.0,3000.0,0.0,0.28149464042589045,100.0,0.012340269433281037,False
T069,transmission,unavail_tx_import_mw,1000.0,2025-02-28T15:11:00+00:00,2025-03-31T21:59:00+00:00,2025-02-28T16:11:00+01:00,2025-03-31T23:59:00+02:00,2025-03-21,2,2025-03-21T02:00:00+01:00,2025-03-21T03:00:00+01:00,True,1.0,105.57,65.49829506955747,65.49829506955749,66.34698372895845,3000.0,3000.0,0.0,0.8486886594009633,100.0,-0.03408278522684327,False
T069,transmission,unavail_tx_import_mw,1000.0,2025-02-28T15:11:00+00:00,2025-03-31T21:59:00+00:00,2025-02-28T16:11:00+01:00,2025-03-31T23:59:00+02:00,2025-03-21,3,2025-03-21T03:00:00+01:00,2025-03-21T04:00:00+01:00,True,1.0,101.1,64.1083753463958,64.10837534639577,64.30273334719162,3000.0,3000.0,0.0,0.19435800079584453,100.0,-0.03964619882304987,False
T069,transmission,unavail_tx_import_mw,1000.0,2025-02-28T15:11:00+00:00,2025-03-31T21:59:00+00:00,2025-02-28T16:11:00+01:00,2025-03-31T23:59:00+02:00,2025-03-21,4,2025-03-21T04:00:00+01:00,2025-03-21T05:00:00+01:00,True,1.0,105.03,72.88310152470015,72.88310152470015,73.41034365767811,3000.0,3000.0,0.0,0.5272421329779604,100.0,-0.0963132545998917,False
T069,transmission,unavail_tx_import_mw,1000.0,2025-02-28T15:11:00+00:00,2025-03-31T21:59:00+00:00,2025-02-28T16:11:00+01:00,2025-03-31T23:59:00+02:00,2025-03-21,5,2025-03-21T05:00:00+01:00,2025-03-21T06:00:00+01:00,True,1.0,125.07,96.48862437643284,96.4886243764328,96.4886243764328,3000.0,3000.0,0.0,0.0,100.0,0.0,False
T069,transmission,unavail_tx_import_mw,1000.0,2025-02-28T15:11:00+00:00,2025-03-31T21:59:00+00:00,2025-02-28T16:11:00+01:00,2025-03-31T23:59:00+02:00,2025-03-21,6,2025-03-21T06:00:00+01:00,2025-03-21T07:00:00+01:00,True,1.0,158.66,134.16453751788305,134.16453751788305,134.03620519724635,3000.0,3000.0,0.0,-0.12833232063670152,100.0,0.030948198725354814,False
T069,transmission,unavail_tx_import_mw,1000.0,2025-02-28T15:11:00+00:00,2025-03-31T21:59:00+00:00,2025-02-28T16:11:00+01:00,2025-03-31T23:59:00+02:00,2025-03-21,7,2025-03-21T07:00:00+01:00,2025-03-21T08:00:00+01:00,True,1.0,150.95,152.35356239948163,152.35356239948152,150.7269747442727,3000.0,3000.0,0.0,-1.626587655208823,100.0,0.39813883055421684,False
T069,transmission,unavail_tx_import_mw,1000.0,2025-02-28T15:11:00+00:00,2025-03-31T21:59:00+00:00,2025-02-28T16:11:00+01:00,2025-03-31T23:59:00+02:00,2025-03-21,8,2025-03-21T08:00:00+01:00,2025-03-21T09:00:00+01:00,True,1.0,112.57,136.9344020719441,136.93440207194413,136.41965498149125,3000.0,3000.0,0.0,-0.5147470904528859,100.0,0.12448644105353424,False
T069,transmission,unavail_tx_import_mw,1000.0,2025-02-28T15:11:00+00:00,2025-03-31T21:59:00+00:00,2025-02-28T16:11:00+01:00,2025-03-31T23:59:00+02:00,2025-03-21,9,2025-03-21T09:00:00+01:00,2025-03-21T10:00:00+01:00,True,1.0,71.42,90.9715282338006,90.9715282338006,90.28245971818819,3000.0,3000.0,0.0,-0.689068515612405,100.0,0.16835433163328162,False
T069,transmission,unavail_tx_import_mw,1000.0,2025-02-28T15:11:00+00:00,2025-03-31T21:59:00+00:00,2025-02-28T16:11:00+01:00,2025-03-31T23:59:00+02:00,2025-03-21,10,2025-03-21T10:00:00+01:00,2025-03-21T11:00:00+01:00,True,1.0,44.25,73.57611633708868,73.57611633708865,73.29817149668418,3000.0,3000.0,0.0,-0.27794484040447287,100.0,0.06766928423942886,False
T069,transmission,unavail_tx_import_mw,1000.0,2025-02-28T15:11:00+00:00,2025-03-31T21:59:00+00:00,2025-02-28T16:11:00+01:00,2025-03-31T23:59:00+02:00,2025-03-21,11,2025-03-21T11:00:00+01:00,2025-03-21T12:00:00+01:00,True,1.0,9.54,53.33193899574919,53.331938995749184,53.32747216165356,3000.0,3000.0,0.0,-0.00446683409562354,100.0,0.0010841776469874276,False
T069,transmission,unavail_tx_import_mw,1000.0,2025-02-28T15:11:00+00:00,2025-03-31T21:59:00+00:00,2025-02-28T16:11:00+01:00,2025-03-31T23:59:00+02:00,2025-03-21,12,2025-03-21T12:00:00+01:00,2025-03-21T13:00:00+01:00,True,1.0,6.28,50.69466874915915,50.69466874915915,50.69466874915915,3000.0,3000.0,0.0,0.0,100.0,0.0022500341169333637,False
T069,transmission,unavail_tx_import_mw,1000.0,2025-02-28T15:11:00+00:00,2025-03-31T21:59:00+00:00,2025-02-28T16:11:00+01:00,2025-03-31T23:59:00+02:00,2025-03-21,13,2025-03-21T13:00:00+01:00,2025-03-21T14:00:00+01:00,True,1.0,5.24,44.92359880434921,44.92359880434921,44.92359880434921,3000.0,3000.0,0.0,0.0,100.0,0.0,False
T069,transmission,unavail_tx_import_mw,1000.0,2025-02-28T15:11:00+00:00,2025-03-31T21:59:00+00:00,2025-02-28T16:11:00+01:00,2025-03-31T23:59:00+02:00,2025-03-21,14,2025-03-21T14:00:00+01:00,2025-03-21T15:00:00+01:00,True,1.0,6.18,53.1740331072467,53.1740331072467,53.1740331072467,3000.0,3000.0,0.0,0.0,100.0,0.032586543802700874,False
T069,transmission,unavail_tx_import_mw,1000.0,2025-02-28T15:11:00+00:00,2025-03-31T21:59:00+00:00,2025-02-28T16:11:00+01:00,2025-03-31T23:59:00+02:00,2025-03-21,15,2025-03-21T15:00:00+01:00,2025-03-21T16:00:00+01:00,True,1.0,17.93,65.97163351198651,65.97163351198651,65.73643356948195,3000.0,2600.0,-400.0,-0.23519994250456477,100.0,0.08714252912469078,True
T069,transmission,unavail_tx_import_mw,1000.0,2025-02-28T15:11:00+00:00,2025-03-31T21:59:00+00:00,2025-02-28T16:11:00+01:00,2025-03-31T23:59:00+02:00,2025-03-21,16,2025-03-21T16:00:00+01:00,2025-03-21T17:00:00+01:00,True,1.0,25.55,96.34738708944056,96.34738708944056,96.09743740316036,3000.0,2600.0,-400.0,-0.2499496862802033,100.0,0.16794571694615001,True
T069,transmission,unavail_tx_import_mw,1000.0,2025-02-28T15:11:00+00:00,2025-03-31T21:59:00+00:00,2025-02-28T16:11:00+01:00,2025-03-31T23:59:00+02:00,2025-03-21,17,2025-03-21T17:00:00+01:00,2025-03-21T18:00:00+01:00,True,1.0,90.22,99.88427509081384,99.88427509081384,98.77573357516435,3000.0,2600.0,-400.0,-1.1085415156494918,100.0,0.2715166987307498,True
T069,transmission,unavail_tx_import_mw,1000.0,2025-02-28T15:11:00+00:00,2025-03-31T21:59:00+00:00,2025-02-28T16:11:00+01:00,2025-03-31T23:59:00+02:00,2025-03-21,18,2025-03-21T18:00:00+01:00,2025-03-21T19:00:00+01:00,True,1.0,108.62,121.96621311564964,121.96621311564964,119.61448709438189,3000.0,2600.0,-400.0,-2.3517260212677513,100.0,0.5765005566437367,True
T069,transmission,unavail_tx_import_mw,1000.0,2025-02-28T15:11:00+00:00,2025-03-31T21:59:00+00:00,2025-02-28T16:11:00+01:00,2025-03-31T23:59:00+02:00,2025-03-21,19,2025-03-21T19:00:00+01:00,2025-03-21T20:00:00+01:00,True,1.0,71.18,85.95931234762651,85.95931234762652,85.37876330447897,3000.0,2600.0,-400.0,-0.5805490431475562,100.0,0.14177071440236944,True
T069,transmission,unavail_tx_import_mw,1000.0,2025-02-28T15:11:00+00:00,2025-03-31T21:59:00+00:00,2025-02-28T16:11:00+01:00,2025-03-31T23:59:00+02:00,2025-03-21,20,2025-03-21T20:00:00+01:00,2025-03-21T21:00:00+01:00,True,1.0,34.01,73.8946146180437,73.89461461804368,73.07731381435386,3000.0,2600.0,-400.0,-0.8173008036898182,100.0,0.20033181484436113,True
T069,transmission,unavail_tx_import_mw,1000.0,2025-02-28T15:11:00+00:00,2025-03-31T21:59:00+00:00,2025-02-28T16:11:00+01:00,2025-03-31T23:59:00+02:00,2025-03-21,21,2025-03-21T21:00:00+01:00,2025-03-21T22:00:00+01:00,True,1.0,33.05,68.6888022793454,68.6888022793454,68.14494591254405,3000.0,2600.0,-400.0,-0.5438563668013501,100.0,0.13289520524233467,True
T069,transmission,unavail_tx_import_mw,1000.0,2025-02-28T15:11:00+00:00,2025-03-31T21:59:00+00:00,2025-02-28T16:11:00+01:00,2025-03-31T23:59:00+02:00,2025-03-21,22,2025-03-21T22:00:00+01:00,2025-03-21T23:00:00+01:00,True,1.0,19.15,69.81516451305248,69.81516451305251,69.09820313458067,3000.0,2600.0,-400.0,-0.7169613784718365,100.0,0.17550876277381633,True
T069,transmission,unavail_tx_import_mw,1000.0,2025-02-28T15:11:00+00:00,2025-03-31T21:59:00+00:00,2025-02-28T16:11:00+01:00,2025-03-31T23:59:00+02:00,2025-03-21,23,2025-03-21T23:00:00+01:00,2025-03-22T00:00:00+01:00,True,1.0,12.65,61.26624410253016,61.26624410253016,60.82408195526715,3000.0,2600.0,-400.0,-0.4421621472630122,100.0,0.14386297628365696,True
T069,transmission,unavail_tx_import_mw,1000.0,2025-02-28T15:11:00+00:00,2025-03-31T21:59:00+00:00,2025-02-28T16:11:00+01:00,2025-03-31T23:59:00+02:00,2025-03-22,0,2025-03-22T00:00:00+01:00,2025-03-22T01:00:00+01:00,True,1.0,12.88,10.72309356485498,10.723093564854985,10.833620316680662,3000.0,2600.0,-400.0,0.1105267518256774,100.0,-0.026662333923454185,True
T069,transmission,unavail_tx_import_mw,1000.0,2025-02-28T15:11:00+00:00,2025-03-31T21:59:00+00:00,2025-02-28T16:11:00+01:00,2025-03-31T23:59:00+02:00,2025-03-22,1,2025-03-22T01:00:00+01:00,2025-03-22T02:00:00+01:00,True,1.0,5.77,13.08052331159507,13.080523311595066,13.028876850422744,3000.0,2600.0,-400.0,-0.05164646117232152,100.0,0.013148253094069418,True
T069,transmission,unavail_tx_import_mw,1000.0,2025-02-28T15:11:00+00:00,2025-03-31T21:59:00+00:00,2025-02-28T16:11:00+01:00,2025-03-31T23:59:00+02:00,2025-03-22,2,2025-03-22T02:00:00+01:00,2025-03-22T03:00:00+01:00,True,1.0,4.87,14.25673870933776,14.256738709337762,14.318674175988134,3000.0,2600.0,-400.0,0.06193546665037175,100.0,-0.015053908526413196,True
T069,transmission,unavail_tx_import_mw,1000.0,2025-02-28T15:11:00+00:00,2025-03-31T21:59:00+00:00,2025-02-28T16:11:00+01:00,2025-03-31T23:59:00+02:00,2025-03-22,3,2025-03-22T03:00:00+01:00,2025-03-22T04:00:00+01:00,True,1.0,4.35,13.911919678997805,13.911919678997808,13.968180701804357,3000.0,2600.0,-400.0,0.056261022806548766,100.0,-0.01367395098665547,True
T069,transmission,unavail_tx_import_mw,1000.0,2025-02-28T15:11:00+00:00,2025-03-31T21:59:00+00:00,2025-02-28T16:11:00+01:00,2025-03-31T23:59:00+02:00,2025-03-22,4,2025-03-22T04:00:00+01:00,2025-03-22T05:00:00+01:00,True,1.0,5.46,13.976720350693524,13.976720350693522,14.080034566169697,3000.0,2600.0,-400.0,0.10331421547617481,100.0,-0.025168518171843957,True
T069,transmission,unavail_tx_import_mw,1000.0,2025-02-28T15:11:00+00:00,2025-03-31T21:59:00+00:00,2025-02-28T16:11:00+01:00,2025-03-31T23:59:00+02:00,2025-03-22,5,2025-03-22T05:00:00+01:00,2025-03-22T06:00:00+01:00,True,1.0,6.23,18.664794381992703,18.664794381992703,18.664794381992703,3000.0,2600.0,-400.0,0.0,100.0,0.0,True
T069,transmission,unavail_tx_import_mw,1000.0,2025-02-28T15:11:00+00:00,2025-03-31T21:59:00+00:00,2025-02-28T16:11:00+01:00,2025-03-31T23:59:00+02:00,2025-03-22,6,2025-03-22T06:00:00+01:00,2025-03-22T07:00:00+01:00,True,1.0,6.86,30.07155206146589,30.071552061465887,30.041569553845214,3000.0,2600.0,-400.0,-0.029982507620673005,100.0,0.007225726101999896,True
T069,transmission,unavail_tx_import_mw,1000.0,2025-02-28T15:11:00+00:00,2025-03-31T21:59:00+00:00,2025-02-28T16:11:00+01:00,2025-03-31T23:59:00+02:00,2025-03-22,7,2025-03-22T07:00:00+01:00,2025-03-22T08:00:00+01:00,True,1.0,5.86,31.88633708009011,31.886337080090115,31.473749200385,3000.0,2600.0,-400.0,-0.41258787970511435,100.0,0.09998863715269835,True
T069,transmission,unavail_tx_import_mw,1000.0,2025-02-28T15:11:00+00:00,2025-03-31T21:59:00+00:00,2025-02-28T16:11:00+01:00,2025-03-31T23:59:00+02:00,2025-03-22,8,2025-03-22T08:00:00+01:00,2025-03-22T09:00:00+01:00,True,1.0,2.21,26.26304685972747,26.263046859727464,26.077494109983146,3000.0,2600.0,-400.0,-0.18555274974431768,100.0,0.04468518642982744,True
T069,transmission,unavail_tx_import_mw,1000.0,2025-02-28T15:11:00+00:00,2025-03-31T21:59:00+00:00,2025-02-28T16:11:00+01:00,2025-03-31T23:59:00+02:00,2025-03-22,9,2025-03-22T09:00:00+01:00,2025-03-22T10:00:00+01:00,True,1.0,0.0,11.7033535701491,11.703353570149101,11.176677755185676,3000.0,2600.0,-400.0,-0.5266758149634256,100.0,0.12717578368443938,True
T069,transmission,unavail_tx_import_mw,1000.0,2025-02-28T15:11:00+00:00,2025-03-31T21:59:00+00:00,2025-02-28T16:11:00+01:00,2025-03-31T23:59:00+02:00,2025-03-22,10,2025-03-22T10:00:00+01:00,2025-03-22T11:00:00+01:00,True,1.0,-1.44,-0.2974276348619895,-0.29742763486198953,-0.5634642255130089,3000.0,2600.0,-400.0,-0.26603659065101937,100.0,0.06443499013636256,True
T069,transmission,unavail_tx_import_mw,1000.0,2025-02-28T15:11:00+00:00,2025-03-31T21:59:00+00:00,2025-02-28T16:11:00+01:00,2025-03-31T23:59:00+02:00,2025-03-22,11,2025-03-22T11:00:00+01:00,2025-03-22T12:00:00+01:00,True,1.0,-5.12,-12.839197067912146,-12.839197067912153,-12.839197067912153,3000.0,2600.0,-400.0,0.0,100.0,0.0,True
T069,transmission,unavail_tx_import_mw,1000.0,2025-02-28T15:11:00+00:00,2025-03-31T21:59:00+00:00,2025-02-28T16:11:00+01:00,2025-03-31T23:59:00+02:00,2025-03-22,12,2025-03-22T12:00:00+01:00,2025-03-22T13:00:00+01:00,True,1.0,-11.34,-10.252139246300956,-10.252139246300949,-10.252139246300949,3000.0,2600.0,-400.0,0.0,100.0,0.0,True
T069,transmission,unavail_tx_import_mw,1000.0,2025-02-28T15:11:00+00:00,2025-03-31T21:59:00+00:00,2025-02-28T16:11:00+01:00,2025-03-31T23:59:00+02:00,2025-03-22,13,2025-03-22T13:00:00+01:00,2025-03-22T14:00:00+01:00,True,1.0,-10.65,-9.890931324521452,-9.890931324521453,-9.94326002524027,3000.0,2600.0,-400.0,-0.052328700718817345,100.0,0.012703227924312444,True
T069,transmission,unavail_tx_import_mw,1000.0,2025-02-28T15:11:00+00:00,2025-03-31T21:59:00+00:00,2025-02-28T16:11:00+01:00,2025-03-31T23:59:00+02:00,2025-03-22,14,2025-03-22T14:00:00+01:00,2025-03-22T15:00:00+01:00,True,1.0,-4.89,-4.679370080580007,-4.679370080580007,-4.820202600562215,3000.0,2600.0,-400.0,-0.14083251998220803,100.0,0.034147450932319856,True
T069,transmission,unavail_tx_import_mw,1000.0,2025-02-28T15:11:00+00:00,2025-03-31T21:59:00+00:00,2025-02-28T16:11:00+01:00,2025-03-31T23:59:00+02:00,2025-03-22,15,2025-03-22T15:00:00+01:00,2025-03-22T16:00:00+01:00,True,1.0,-1.18,7.915436008159148,7.915436008159151,7.66189875906662,3000.0,2600.0,-400.0,-0.25353724909253117,100.0,0.06093725008656392,True
T069,transmission,unavail_tx_import_mw,1000.0,2025-02-28T15:11:00+00:00,2025-03-31T21:59:00+00:00,2025-02-28T16:11:00+01:00,2025-03-31T23:59:00+02:00,2025-03-22,16,2025-03-22T16:00:00+01:00,2025-03-22T17:00:00+01:00,True,1.0,1.2,23.41136159079756,23.411361590797554,23.152537074943275,3000.0,2600.0,-400.0,-0.258824515854279,100.0,0.06227208686585328,True
T069,transmission,unavail_tx_import_mw,1000.0,2025-02-28T15:11:00+00:00,2025-03-31T21:59:00+00:00,2025-02-28T16:11:00+01:00,2025-03-31T23:59:00+02:00,2025-03-22,17,2025-03-22T17:00:00+01:00,2025-03-22T18:00:00+01:00,True,1.0,17.31,44.56604461546503,44.56604461546503,43.9437195527362,3000.0,2600.0,-400.0,-0.6223250627288337,100.0,0.14782734101523687,True
T069,transmission,unavail_tx_import_mw,1000.0,2025-02-28T15:11:00+00:00,2025-03-31T21:59:00+00:00,2025-02-28T16:11:00+01:00,2025-03-31T23:59:00+02:00,2025-03-22,18,2025-03-22T18:00:00+01:00,2025-03-22T19:00:00+01:00,True,1.0,19.08,41.787604504546145,41.787604504546145,41.076399733205285,3000.0,2600.0,-400.0,-0.71120477134086,100.0,0.17143495553375487,True
T069,transmission,unavail_tx_import_mw,1000.0,2025-02-28T15:11:00+00:00,2025-03-31T21:59:00+00:00,2025-02-28T16:11:00+01:00,2025-03-31T23:59:00+02:00,2025-03-22,19,2025-03-22T19:00:00+01:00,2025-03-22T20:00:00+01:00,True,1.0,19.19,32.03852820484937,32.03852820484937,31.749250476247084,3000.0,2600.0,-400.0,-0.2892777286022863,100.0,0.0701047120514744,True
T069,transmission,unavail_tx_import_mw,1000.0,2025-02-28T15:11:00+00:00,2025-03-31T21:59:00+00:00,2025-02-28T16:11:00+01:00,2025-03-31T23:59:00+02:00,2025-03-22,20,2025-03-22T20:00:00+01:00,2025-03-22T21:00:00+01:00,True,1.0,16.38,26.16865403119736,26.168654031197356,25.782789313701308,3000.0,2600.0,-400.0,-0.3858647174960481,100.0,0.09336077092934048,True
T069,transmission,unavail_tx_import_mw,1000.0,2025-02-28T15:11:00+00:00,2025-03-31T21:59:00+00:00,2025-02-28T16:11:00+01:00,2025-03-31T23:59:00+02:00,2025-03-22,21,2025-03-22T21:00:00+01:00,2025-03-22T22:00:00+01:00,True,1.0,14.96,26.500220029599408,26.500220029599408,26.181497168632912,3000.0,2600.0,-400.0,-0.3187228609664956,100.0,0.07723702141463207,True
T069,transmission,unavail_tx_import_mw,1000.0,2025-02-28T15:11:00+00:00,2025-03-31T21:59:00+00:00,2025-02-28T16:11:00+01:00,2025-03-31T23:59:00+02:00,2025-03-22,22,2025-03-22T22:00:00+01:00,2025-03-22T23:00:00+01:00,True,1.0,14.85,23.934094491620733,23.93409449162073,23.592158617061415,3000.0,2600.0,-400.0,-0.34193587455931507,100.0,0.08289519257501254,True
T069,transmission,unavail_tx_import_mw,1000.0,2025-02-28T15:11:00+00:00,2025-03-31T21:59:00+00:00,2025-02-28T16:11:00+01:00,2025-03-31T23:59:00+02:00,2025-03-22,23,2025-03-22T23:00:00+01:00,2025-03-23T00:00:00+01:00,True,1.0,14.13,15.988432781324576,15.988432781324576,15.70221688311458,3000.0,2600.0,-400.0,-0.2862158982099956,100.0,0.06928626729781229,True
T069,transmission,unavail_tx_import_mw,1000.0,2025-02-28T15:11:00+00:00,2025-03-31T21:59:00+00:00,2025-02-28T16:11:00+01:00,2025-03-31T23:59:00+02:00,2025-03-23,0,2025-03-23T00:00:00+01:00,2025-03-23T01:00:00+01:00,True,1.0,2.52,13.552692920281,13.552692920281011,13.552692920281011,2600.0,2600.0,0.0,0.0,100.0,-0.030667241375411436,False
T069,transmission,unavail_tx_import_mw,1000.0,2025-02-28T15:11:00+00:00,2025-03-31T21:59:00+00:00,2025-02-28T16:11:00+01:00,2025-03-31T23:59:00+02:00,2025-03-23,1,2025-03-23T01:00:00+01:00,2025-03-23T02:00:00+01:00,True,1.0,3.23,15.752795128498583,15.752795128498587,15.752795128498587,2600.0,2600.0,0.0,0.0,100.0,0.03517928222303368,False
T069,transmission,unavail_tx_import_mw,1000.0,2025-02-28T15:11:00+00:00,2025-03-31T21:59:00+00:00,2025-02-28T16:11:00+01:00,2025-03-31T23:59:00+02:00,2025-03-23,2,2025-03-23T02:00:00+01:00,2025-03-23T03:00:00+01:00,True,1.0,2.55,13.885364731755525,13.885364731755523,13.885364731755523,2600.0,2600.0,0.0,0.0,100.0,-0.009105916729053476,False
T069,transmission,unavail_tx_import_mw,1000.0,2025-02-28T15:11:00+00:00,2025-03-31T21:59:00+00:00,2025-02-28T16:11:00+01:00,2025-03-31T23:59:00+02:00,2025-03-23,3,2025-03-23T03:00:00+01:00,2025-03-23T04:00:00+01:00,True,1.0,3.19,15.702497377061032,15.702497377061036,15.702497377061036,2600.0,2600.0,0.0,0.0,100.0,-0.017931348811314862,False
T069,transmission,unavail_tx_import_mw,1000.0,2025-02-28T15:11:00+00:00,2025-03-31T21:59:00+00:00,2025-02-28T16:11:00+01:00,2025-03-31T23:59:00+02:00,2025-03-23,4,2025-03-23T04:00:00+01:00,2025-03-23T05:00:00+01:00,True,1.0,4.21,17.20757288895497,17.207572888954974,17.207572888954974,2600.0,2600.0,0.0,0.0,100.0,-0.0281061978545587,False
T069,transmission,unavail_tx_import_mw,1000.0,2025-02-28T15:11:00+00:00,2025-03-31T21:59:00+00:00,2025-02-28T16:11:00+01:00,2025-03-31T23:59:00+02:00,2025-03-23,5,2025-03-23T05:00:00+01:00,2025-03-23T06:00:00+01:00,True,1.0,4.95,15.947275233303088,15.947275233303092,15.947275233303092,2600.0,2600.0,0.0,0.0,100.0,0.0007519414657970458,False
T069,transmission,unavail_tx_import_mw,1000.0,2025-02-28T15:11:00+00:00,2025-03-31T21:59:00+00:00,2025-02-28T16:11:00+01:00,2025-03-31T23:59:00+02:00,2025-03-23,6,2025-03-23T06:00:00+01:00,2025-03-23T07:00:00+01:00,True,1.0,3.2,23.90287323917052,23.902873239170518,23.902873239170518,2600.0,2600.0,0.0,0.0,100.0,-0.019682339254877945,False
T069,transmission,unavail_tx_import_mw,1000.0,2025-02-28T15:11:00+00:00,2025-03-31T21:59:00+00:00,2025-02-28T16:11:00+01:00,2025-03-31T23:59:00+02:00,2025-03-23,7,2025-03-23T07:00:00+01:00,2025-03-23T08:00:00+01:00,True,1.0,2.99,15.188800298213865,15.188800298213863,15.188800298213863,2600.0,2600.0,0.0,0.0,100.0,0.11899384472758001,False
T069,transmission,unavail_tx_import_mw,1000.0,2025-02-28T15:11:00+00:00,2025-03-31T21:59:00+00:00,2025-02-28T16:11:00+01:00,2025-03-31T23:59:00+02:00,2025-03-23,8,2025-03-23T08:00:00+01:00,2025-03-23T09:00:00+01:00,True,1.0,3.04,3.8879036481177778,3.8879036481177778,3.8879036481177778,2600.0,2600.0,0.0,0.0,100.0,0.07031310966064552,False
T069,transmission,unavail_tx_import_mw,1000.0,2025-02-28T15:11:00+00:00,2025-03-31T21:59:00+00:00,2025-02-28T16:11:00+01:00,2025-03-31T23:59:00+02:00,2025-03-23,9,2025-03-23T09:00:00+01:00,2025-03-23T10:00:00+01:00,True,1.0,2.25,-12.859440427336246,-12.85944042733626,-12.85944042733626,2600.0,2600.0,0.0,0.0,100.0,0.19169046235325027,False
T069,transmission,unavail_tx_import_mw,1000.0,2025-02-28T15:11:00+00:00,2025-03-31T21:59:00+00:00,2025-02-28T16:11:00+01:00,2025-03-31T23:59:00+02:00,2025-03-23,10,2025-03-23T10:00:00+01:00,2025-03-23T11:00:00+01:00,True,1.0,2.28,-27.23451620824487,-27.23451620824487,-27.23451620824487,2600.0,2600.0,0.0,0.0,100.0,0.09723010170947077,False
T069,transmission,unavail_tx_import_mw,1000.0,2025-02-28T15:11:00+00:00,2025-03-31T21:59:00+00:00,2025-02-28T16:11:00+01:00,2025-03-31T23:59:00+02:00,2025-03-23,11,2025-03-23T11:00:00+01:00,2025-03-23T12:00:00+01:00,True,1.0,0.99,-38.58642275258981,-38.58642275258981,-38.58642275258981,2600.0,2600.0,0.0,0.0,100.0,0.0,False
T069,transmission,unavail_tx_import_mw,1000.0,2025-02-28T15:11:00+00:00,2025-03-31T21:59:00+00:00,2025-02-28T16:11:00+01:00,2025-03-31T23:59:00+02:00,2025-03-23,12,2025-03-23T12:00:00+01:00,2025-03-23T13:00:00+01:00,True,1.0,0.89,-32.242644150396885,-32.242644150396885,-32.242644150396885,2600.0,2600.0,0.0,0.0,100.0,0.0,False
T069,transmission,unavail_tx_import_mw,1000.0,2025-02-28T15:11:00+00:00,2025-03-31T21:59:00+00:00,2025-02-28T16:11:00+01:00,2025-03-31T23:59:00+02:00,2025-03-23,13,2025-03-23T13:00:00+01:00,2025-03-23T14:00:00+01:00,True,1.0,0.52,-27.673595325384888,-27.67359532538486,-27.67359532538486,2600.0,2600.0,0.0,0.0,100.0,-0.337985144256443,False
T069,transmission,unavail_tx_import_mw,1000.0,2025-02-28T15:11:00+00:00,2025-03-31T21:59:00+00:00,2025-02-28T16:11:00+01:00,2025-03-31T23:59:00+02:00,2025-03-23,14,2025-03-23T14:00:00+01:00,2025-03-23T15:00:00+01:00,True,1.0,2.02,-12.371119888700605,-12.37111988870059,-12.37111988870059,2600.0,2600.0,0.0,0.0,100.0,0.041910473507996926,False
T069,transmission,unavail_tx_import_mw,1000.0,2025-02-28T15:11:00+00:00,2025-03-31T21:59:00+00:00,2025-02-28T16:11:00+01:00,2025-03-31T23:59:00+02:00,2025-03-23,15,2025-03-23T15:00:00+01:00,2025-03-23T16:00:00+01:00,True,1.0,2.95,1.390910864712854,1.3909108647128576,1.3909108647128576,2600.0,2600.0,0.0,0.0,100.0,0.07448336624485208,False
T069,transmission,unavail_tx_import_mw,1000.0,2025-02-28T15:11:00+00:00,2025-03-31T21:59:00+00:00,2025-02-28T16:11:00+01:00,2025-03-31T23:59:00+02:00,2025-03-23,16,2025-03-23T16:00:00+01:00,2025-03-23T17:00:00+01:00,True,1.0,10.01,18.879689697361272,18.879689697361272,18.879689697361272,2600.0,2600.0,0.0,0.0,100.0,0.06846235959448421,False
T069,transmission,unavail_tx_import_mw,1000.0,2025-02-28T15:11:00+00:00,2025-03-31T21:59:00+00:00,2025-02-28T16:11:00+01:00,2025-03-31T23:59:00+02:00,2025-03-23,17,2025-03-23T17:00:00+01:00,2025-03-23T18:00:00+01:00,True,1.0,24.0,35.57878775057611,35.578787750576105,35.578787750576105,2600.0,2600.0,0.0,0.0,100.0,0.11038004180702643,False
T069,transmission,unavail_tx_import_mw,1000.0,2025-02-28T15:11:00+00:00,2025-03-31T21:59:00+00:00,2025-02-28T16:11:00+01:00,2025-03-31T23:59:00+02:00,2025-03-23,18,2025-03-23T18:00:00+01:00,2025-03-23T19:00:00+01:00,True,1.0,24.41,43.21256843600837,43.21256843600837,43.21256843600837,2600.0,2600.0,0.0,0.0,100.0,0.15315660631470962,False
T069,transmission,unavail_tx_import_mw,1000.0,2025-02-28T15:11:00+00:00,2025-03-31T21:59:00+00:00,2025-02-28T16:11:00+01:00,2025-03-31T23:59:00+02:00,2025-03-23,19,2025-03-23T19:00:00+01:00,2025-03-23T20:00:00+01:00,True,1.0,30.59,39.33062345379928,39.33062345379927,39.33062345379927,2600.0,2600.0,0.0,0.0,100.0,0.07003412432860046,False
T069,transmission,unavail_tx_import_mw,1000.0,2025-02-28T15:11:00+00:00,2025-03-31T21:59:00+00:00,2025-02-28T16:11:00+01:00,2025-03-31T23:59:00+02:00,2025-03-23,20,2025-03-23T20:00:00+01:00,2025-03-23T21:00:00+01:00,True,1.0,24.15,34.2453728340628,34.2453728340628,34.2453728340628,2600.0,2600.0,0.0,0.0,100.0,0.09781676300358555,False
T069,transmission,unavail_tx_import_mw,1000.0,2025-02-28T15:11:00+00:00,2025-03-31T21:59:00+00:00,2025-02-28T16:11:00+01:00,2025-03-31T23:59:00+02:00,2025-03-23,21,2025-03-23T21:00:00+01:00,2025-03-23T22:00:00+01:00,True,1.0,23.89,33.25586410811755,33.25586410811755,33.25586410811755,2600.0,2600.0,0.0,0.0,100.0,0.06979997638084257,False
T069,transmission,unavail_tx_import_mw,1000.0,2025-02-28T15:11:00+00:00,2025-03-31T21:59:00+00:00,2025-02-28T16:11:00+01:00,2025-03-31T23:59:00+02:00,2025-03-23,22,2025-03-23T22:00:00+01:00,2025-03-23T23:00:00+01:00,True,1.0,23.67,33.78389263231362,33.783892632313616,33.783892632313616,2600.0,2600.0,0.0,0.0,100.0,0.09239057155044605,False
T069,transmission,unavail_tx_import_mw,1000.0,2025-02-28T15:11:00+00:00,2025-03-31T21:59:00+00:00,2025-02-28T16:11:00+01:00,2025-03-31T23:59:00+02:00,2025-03-23,23,2025-03-23T23:00:00+01:00,2025-03-24T00:00:00+01:00,True,1.0,23.45,30.325137511139086,30.32513751113909,30.32513751113909,2600.0,2600.0,0.0,0.0,100.0,0.07640492780348396,False
T069,transmission,unavail_tx_import_mw,1000.0,2025-02-28T15:11:00+00:00,2025-03-31T21:59:00+00:00,2025-02-28T16:11:00+01:00,2025-03-31T23:59:00+02:00,2025-03-24,0,2025-03-24T00:00:00+01:00,2025-03-24T01:00:00+01:00,True,1.0,22.44,18.6639901564492,18.663990156449202,18.663990156449202,2600.0,2600.0,0.0,0.0,100.0,-0.03513905219262625,False
T069,transmission,unavail_tx_import_mw,1000.0,2025-02-28T15:11:00+00:00,2025-03-31T21:59:00+00:00,2025-02-28T16:11:00+01:00,2025-03-31T23:59:00+02:00,2025-03-24,1,2025-03-24T01:00:00+01:00,2025-03-24T02:00:00+01:00,True,1.0,22.39,20.05877154217593,20.058771542175926,20.058771542175926,2600.0,2600.0,0.0,0.0,100.0,-0.0020231722054440127,False
T069,transmission,unavail_tx_import_mw,1000.0,2025-02-28T15:11:00+00:00,2025-03-31T21:59:00+00:00,2025-02-28T16:11:00+01:00,2025-03-31T23:59:00+02:00,2025-03-24,2,2025-03-24T02:00:00+01:00,2025-03-24T03:00:00+01:00,True,1.0,22.69,19.46411681195515,19.46411681195515,19.46411681195515,2600.0,2600.0,0.0,0.0,100.0,-0.004712175765959614,False
T069,transmission,unavail_tx_import_mw,1000.0,2025-02-28T15:11:00+00:00,2025-03-31T21:59:00+00:00,2025-02-28T16:11:00+01:00,2025-03-31T23:59:00+02:00,2025-03-24,3,2025-03-24T03:00:00+01:00,2025-03-24T04:00:00+01:00,True,1.0,23.05,22.858098728648557,22.858098728648557,22.858098728648557,2600.0,2600.0,0.0,0.0,100.0,-0.021113384356535647,False
T069,transmission,unavail_tx_import_mw,1000.0,2025-02-28T15:11:00+00:00,2025-03-31T21:59:00+00:00,2025-02-28T16:11:00+01:00,2025-03-31T23:59:00+02:00,2025-03-24,4,2025-03-24T04:00:00+01:00,2025-03-24T05:00:00+01:00,True,1.0,23.75,26.62462276320689,26.624622763206894,26.624622763206894,2600.0,2600.0,0.0,0.0,100.0,-0.019762794557571794,False
T069,transmission,unavail_tx_import_mw,1000.0,2025-02-28T15:11:00+00:00,2025-03-31T21:59:00+00:00,2025-02-28T16:11:00+01:00,2025-03-31T23:59:00+02:00,2025-03-24,5,2025-03-24T05:00:00+01:00,2025-03-24T06:00:00+01:00,True,1.0,45.59,35.152532476470135,35.152532476470135,35.152532476470135,2600.0,2600.0,0.0,0.0,100.0,0.0,False
T069,transmission,unavail_tx_import_mw,1000.0,2025-02-28T15:11:00+00:00,2025-03-31T21:59:00+00:00,2025-02-28T16:11:00+01:00,2025-03-31T23:59:00+02:00,2025-03-24,6,2025-03-24T06:00:00+01:00,2025-03-24T07:00:00+01:00,True,1.0,104.19,60.73973260572117,60.739732605721166,60.739732605721166,2600.0,2600.0,0.0,0.0,100.0,0.0,False
T069,transmission,unavail_tx_import_mw,1000.0,2025-02-28T15:11:00+00:00,2025-03-31T21:59:00+00:00,2025-02-28T16:11:00+01:00,2025-03-31T23:59:00+02:00,2025-03-24,7,2025-03-24T07:00:00+01:00,2025-03-24T08:00:00+01:00,True,1.0,122.96,87.2413333483457,87.2413333483457,87.2413333483457,2600.0,2600.0,0.0,0.0,100.0,0.21414213219016176,False
T069,transmission,unavail_tx_import_mw,1000.0,2025-02-28T15:11:00+00:00,2025-03-31T21:59:00+00:00,2025-02-28T16:11:00+01:00,2025-03-31T23:59:00+02:00,2025-03-24,8,2025-03-24T08:00:00+01:00,2025-03-24T09:00:00+01:00,True,1.0,126.36,77.0713619007793,77.0713619007793,77.0713619007793,2600.0,2600.0,0.0,0.0,100.0,0.09665490415834199,False
T069,transmission,unavail_tx_import_mw,1000.0,2025-02-28T15:11:00+00:00,2025-03-31T21:59:00+00:00,2025-02-28T16:11:00+01:00,2025-03-31T23:59:00+02:00,2025-03-24,9,2025-03-24T09:00:00+01:00,2025-03-24T10:00:00+01:00,True,1.0,102.51,56.15770004190216,56.15770004190216,56.15770004190216,2600.0,2600.0,0.0,0.0,100.0,0.08369917931175763,False
T069,transmission,unavail_tx_import_mw,1000.0,2025-02-28T15:11:00+00:00,2025-03-31T21:59:00+00:00,2025-02-28T16:11:00+01:00,2025-03-31T23:59:00+02:00,2025-03-24,10,2025-03-24T10:00:00+01:00,2025-03-24T11:00:00+01:00,True,1.0,79.44,43.733775638794256,43.73377563879425,43.73377563879425,2600.0,2600.0,0.0,0.0,100.0,0.04170294270907249,False
T069,transmission,unavail_tx_import_mw,1000.0,2025-02-28T15:11:00+00:00,2025-03-31T21:59:00+00:00,2025-02-28T16:11:00+01:00,2025-03-31T23:59:00+02:00,2025-03-24,11,2025-03-24T11:00:00+01:00,2025-03-24T12:00:00+01:00,True,1.0,75.76,33.66268096328011,33.66268096328012,33.66268096328012,2600.0,2600.0,0.0,0.0,100.0,0.0,False
T069,transmission,unavail_tx_import_mw,1000.0,2025-02-28T15:11:00+00:00,2025-03-31T21:59:00+00:00,2025-02-28T16:11:00+01:00,2025-03-31T23:59:00+02:00,2025-03-24,12,2025-03-24T12:00:00+01:00,2025-03-24T13:00:00+01:00,True,1.0,71.95,28.059212662661643,28.059212662661643,28.059212662661643,2600.0,2600.0,0.0,0.0,100.0,0.0,False
T069,transmission,unavail_tx_import_mw,1000.0,2025-02-28T15:11:00+00:00,2025-03-31T21:59:00+00:00,2025-02-28T16:11:00+01:00,2025-03-31T23:59:00+02:00,2025-03-24,13,2025-03-24T13:00:00+01:00,2025-03-24T14:00:00+01:00,True,1.0,71.79,27.64487298721338,27.64487298721338,27.64487298721338,2600.0,2600.0,0.0,0.0,100.0,0.0022533316247610458,False
T069,transmission,unavail_tx_import_mw,1000.0,2025-02-28T15:11:00+00:00,2025-03-31T21:59:00+00:00,2025-02-28T16:11:00+01:00,2025-03-31T23:59:00+02:00,2025-03-24,14,2025-03-24T14:00:00+01:00,2025-03-24T15:00:00+01:00,True,1.0,77.2,26.18746701506744,26.187467015067433,26.187467015067433,2600.0,2600.0,0.0,0.0,100.0,0.015699747558532096,False
T069,transmission,unavail_tx_import_mw,1000.0,2025-02-28T15:11:00+00:00,2025-03-31T21:59:00+00:00,2025-02-28T16:11:00+01:00,2025-03-31T23:59:00+02:00,2025-03-24,15,2025-03-24T15:00:00+01:00,2025-03-24T16:00:00+01:00,True,1.0,82.29,29.635042840792224,29.635042840792227,29.635042840792227,2600.0,2600.0,0.0,0.0,100.0,0.04696526640496401,False
T069,transmission,unavail_tx_import_mw,1000.0,2025-02-28T15:11:00+00:00,2025-03-31T21:59:00+00:00,2025-02-28T16:11:00+01:00,2025-03-31T23:59:00+02:00,2025-03-24,16,2025-03-24T16:00:00+01:00,2025-03-24T17:00:00+01:00,True,1.0,91.38,41.21824319977308,41.21824319977307,41.21824319977307,2600.0,2600.0,0.0,0.0,100.0,0.05876670413748286,False
T069,transmission,unavail_tx_import_mw,1000.0,2025-02-28T15:11:00+00:00,2025-03-31T21:59:00+00:00,2025-02-28T16:11:00+01:00,2025-03-31T23:59:00+02:00,2025-03-24,17,2025-03-24T17:00:00+01:00,2025-03-24T18:00:00+01:00,True,1.0,107.83,52.63510410739203,52.635104107392024,52.635104107392024,2600.0,2600.0,0.0,0.0,100.0,0.12204665997492725,False
T069,transmission,unavail_tx_import_mw,1000.0,2025-02-28T15:11:00+00:00,2025-03-31T21:59:00+00:00,2025-02-28T16:11:00+01:00,2025-03-31T23:59:00+02:00,2025-03-24,18,2025-03-24T18:00:00+01:00,2025-03-24T19:00:00+01:00,True,1.0,147.63,53.70735966052861,53.70735966052862,53.70735966052862,2600.0,2600.0,0.0,0.0,100.0,0.17122368190282344,False
T069,transmission,unavail_tx_import_mw,1000.0,2025-02-28T15:11:00+00:00,2025-03-31T21:59:00+00:00,2025-02-28T16:11:00+01:00,2025-03-31T23:59:00+02:00,2025-03-24,19,2025-03-24T19:00:00+01:00,2025-03-24T20:00:00+01:00,True,1.0,130.62,47.56772011104335,47.56772011104335,47.56772011104335,2600.0,2600.0,0.0,0.0,100.0,0.07246967854878505,False
T069,transmission,unavail_tx_import_mw,1000.0,2025-02-28T15:11:00+00:00,2025-03-31T21:59:00+00:00,2025-02-28T16:11:00+01:00,2025-03-31T23:59:00+02:00,2025-03-24,20,2025-03-24T20:00:00+01:00,2025-03-24T21:00:00+01:00,True,1.0,87.99,37.957647740195874,37.957647740195874,37.957647740195874,2600.0,2600.0,0.0,0.0,100.0,0.07600426020285056,False
T069,transmission,unavail_tx_import_mw,1000.0,2025-02-28T15:11:00+00:00,2025-03-31T21:59:00+00:00,2025-02-28T16:11:00+01:00,2025-03-31T23:59:00+02:00,2025-03-24,21,2025-03-24T21:00:00+01:00,2025-03-24T22:00:00+01:00,True,1.0,32.3,32.32174033915888,32.32174033915888,32.32174033915888,2600.0,2600.0,0.0,0.0,100.0,0.07969980466543802,False
T069,transmission,unavail_tx_import_mw,1000.0,2025-02-28T15:11:00+00:00,2025-03-31T21:59:00+00:00,2025-02-28T16:11:00+01:00,2025-03-31T23:59:00+02:00,2025-03-24,22,2025-03-24T22:00:00+01:00,2025-03-24T23:00:00+01:00,True,1.0,20.54,28.08562201180618,28.08562201180618,28.08562201180618,2600.0,2600.0,0.0,0.0,100.0,0.08899303519460489,False
T069,transmission,unavail_tx_import_mw,1000.0,2025-02-28T15:11:00+00:00,2025-03-31T21:59:00+00:00,2025-02-28T16:11:00+01:00,2025-03-31T23:59:00+02:00,2025-03-24,23,2025-03-24T23:00:00+01:00,2025-03-25T00:00:00+01:00,True,1.0,19.47,21.6513856430742,21.651385643074203,21.651385643074203,2600.0,2600.0,0.0,0.0,100.0,0.06881690337682755,False
T069,transmission,unavail_tx_import_mw,1000.0,2025-02-28T15:11:00+00:00,2025-03-31T21:59:00+00:00,2025-02-28T16:11:00+01:00,2025-03-31T23:59:00+02:00,2025-03-25,0,2025-03-25T00:00:00+01:00,2025-03-25T01:00:00+01:00,True,1.0,19.79,20.45094857018067,20.450948570180667,20.450948570180667,2600.0,2600.0,0.0,0.0,100.0,-0.0421079342852444,False
T069,transmission,unavail_tx_import_mw,1000.0,2025-02-28T15:11:00+00:00,2025-03-31T21:59:00+00:00,2025-02-28T16:11:00+01:00,2025-03-31T23:59:00+02:00,2025-03-25,1,2025-03-25T01:00:00+01:00,2025-03-25T02:00:00+01:00,True,1.0,19.42,19.60482842085551,19.604828420855508,19.604828420855508,2600.0,2600.0,0.0,0.0,100.0,0.008366072679976355,False
T069,transmission,unavail_tx_import_mw,1000.0,2025-02-28T15:11:00+00:00,2025-03-31T21:59:00+00:00,2025-02-28T16:11:00+01:00,2025-03-31T23:59:00+02:00,2025-03-25,2,2025-03-25T02:00:00+01:00,2025-03-25T03:00:00+01:00,True,1.0,18.61,16.797254802387997,16.797254802388,16.797254802388,2600.0,2600.0,0.0,0.0,100.0,-0.024734733420487487,False
T069,transmission,unavail_tx_import_mw,1000.0,2025-02-28T15:11:00+00:00,2025-03-31T21:59:00+00:00,2025-02-28T16:11:00+01:00,2025-03-31T23:59:00+02:00,2025-03-25,3,2025-03-25T03:00:00+01:00,2025-03-25T04:00:00+01:00,True,1.0,18.99,16.644634740985303,16.644634740985303,16.644634740985303,2600.0,2600.0,0.0,0.0,100.0,-0.021599400155388082,False
T069,transmission,unavail_tx_import_mw,1000.0,2025-02-28T15:11:00+00:00,2025-03-31T21:59:00+00:00,2025-02-28T16:11:00+01:00,2025-03-31T23:59:00+02:00,2025-03-25,4,2025-03-25T04:00:00+01:00,2025-03-25T05:00:00+01:00,True,1.0,19.12,19.093619431752597,19.093619431752597,19.093619431752597,2600.0,2600.0,0.0,0.0,100.0,-0.01858764645867339,False
T069,transmission,unavail_tx_import_mw,1000.0,2025-02-28T15:11:00+00:00,2025-03-31T21:59:00+00:00,2025-02-28T16:11:00+01:00,2025-03-31T23:59:00+02:00,2025-03-25,5,2025-03-25T05:00:00+01:00,2025-03-25T06:00:00+01:00,True,1.0,21.31,27.727296944785294,27.727296944785298,27.727296944785298,2600.0,2600.0,0.0,0.0,100.0,0.0,False
T069,transmission,unavail_tx_import_mw,1000.0,2025-02-28T15:11:00+00:00,2025-03-31T21:59:00+00:00,2025-02-28T16:11:00+01:00,2025-03-31T23:59:00+02:00,2025-03-25,6,2025-03-25T06:00:00+01:00,2025-03-25T07:00:00+01:00,True,1.0,32.56,36.61687892615414,36.61687892615414,36.61687892615414,2600.0,2600.0,0.0,0.0,100.0,-0.020749103928295654,False
T069,transmission,unavail_tx_import_mw,1000.0,2025-02-28T15:11:00+00:00,2025-03-31T21:59:00+00:00,2025-02-28T16:11:00+01:00,2025-03-31T23:59:00+02:00,2025-03-25,7,2025-03-25T07:00:00+01:00,2025-03-25T08:00:00+01:00,True,1.0,59.12,61.480152678485254,61.48015267848526,61.48015267848526,2600.0,2600.0,0.0,0.0,100.0,0.0824826899392761,False
T069,transmission,unavail_tx_import_mw,1000.0,2025-02-28T15:11:00+00:00,2025-03-31T21:59:00+00:00,2025-02-28T16:11:00+01:00,2025-03-31T23:59:00+02:00,2025-03-25,8,2025-03-25T08:00:00+01:00,2025-03-25T09:00:00+01:00,True,1.0,86.4,74.1073416567485,74.1073416567485,74.1073416567485,2600.0,2600.0,0.0,0.0,100.0,0.0671828306918627,False
T069,transmission,unavail_tx_import_mw,1000.0,2025-02-28T15:11:00+00:00,2025-03-31T21:59:00+00:00,2025-02-28T16:11:00+01:00,2025-03-31T23:59:00+02:00,2025-03-25,9,2025-03-25T09:00:00+01:00,2025-03-25T10:00:00+01:00,True,1.0,54.36,62.93750013183786,62.937500131837865,62.937500131837865,2600.0,2600.0,0.0,0.0,100.0,0.09173901576414778,False
T069,transmission,unavail_tx_import_mw,1000.0,2025-02-28T15:11:00+00:00,2025-03-31T21:59:00+00:00,2025-02-28T16:11:00+01:00,2025-03-31T23:59:00+02:00,2025-03-25,10,2025-03-25T10:00:00+01:00,2025-03-25T11:00:00+01:00,True,1.0,37.08,54.25815754196546,54.25815754196546,54.25815754196546,2600.0,2600.0,0.0,0.0,100.0,0.034442652173922284,False
T069,transmission,unavail_tx_import_mw,1000.0,2025-02-28T15:11:00+00:00,2025-03-31T21:59:00+00:00,2025-02-28T16:11:00+01:00,2025-03-31T23:59:00+02:00,2025-03-25,11,2025-03-25T11:00:00+01:00,2025-03-25T12:00:00+01:00,True,1.0,32.97,50.06743494074634,50.067434940746345,50.067434940746345,2600.0,2600.0,0.0,0.0,100.0,0.0,False
T069,transmission,unavail_tx_import_mw,1000.0,2025-02-28T15:11:00+00:00,2025-03-31T21:59:00+00:00,2025-02-28T16:11:00+01:00,2025-03-31T23:59:00+02:00,2025-03-25,12,2025-03-25T12:00:00+01:00,2025-03-25T13:00:00+01:00,True,1.0,28.7,45.476694550436335,45.476694550436335,45.476694550436335,2600.0,2600.0,0.0,0.0,100.0,0.0,False
T069,transmission,unavail_tx_import_mw,1000.0,2025-02-28T15:11:00+00:00,2025-03-31T21:59:00+00:00,2025-02-28T16:11:00+01:00,2025-03-31T23:59:00+02:00,2025-03-25,13,2025-03-25T13:00:00+01:00,2025-03-25T14:00:00+01:00,True,1.0,33.59,44.98908816165035,44.98908816165036,44.98908816165036,2600.0,2600.0,0.0,0.0,100.0,-0.11740137249215366,False
T069,transmission,unavail_tx_import_mw,1000.0,2025-02-28T15:11:00+00:00,2025-03-31T21:59:00+00:00,2025-02-28T16:11:00+01:00,2025-03-31T23:59:00+02:00,2025-03-25,14,2025-03-25T14:00:00+01:00,2025-03-25T15:00:00+01:00,True,1.0,47.6,40.905794476887955,40.90579447688795,40.90579447688795,2600.0,2600.0,0.0,0.0,100.0,0.0,False
T069,transmission,unavail_tx_import_mw,1000.0,2025-02-28T15:11:00+00:00,2025-03-31T21:59:00+00:00,2025-02-28T16:11:00+01:00,2025-03-31T23:59:00+02:00,2025-03-25,15,2025-03-25T15:00:00+01:00,2025-03-25T16:00:00+01:00,True,1.0,73.11,46.44944482745072,46.44944482745072,46.44944482745072,2600.0,2600.0,0.0,0.0,100.0,0.02183653622508075,False
T069,transmission,unavail_tx_import_mw,1000.0,2025-02-28T15:11:00+00:00,2025-03-31T21:59:00+00:00,2025-02-28T16:11:00+01:00,2025-03-31T23:59:00+02:00,2025-03-25,16,2025-03-25T16:00:00+01:00,2025-03-25T17:00:00+01:00,True,1.0,92.5,57.77666495850245,57.77666495850245,57.77666495850245,2600.0,2600.0,0.0,0.0,100.0,0.07466447623511385,False
T069,transmission,unavail_tx_import_mw,1000.0,2025-02-28T15:11:00+00:00,2025-03-31T21:59:00+00:00,2025-02-28T16:11:00+01:00,2025-03-31T23:59:00+02:00,2025-03-25,17,2025-03-25T17:00:00+01:00,2025-03-25T18:00:00+01:00,True,1.0,127.92,82.81582767150132,82.81582767150134,82.81582767150134,2600.0,2600.0,0.0,0.0,100.0,0.09902019943859841,False
T069,transmission,unavail_tx_import_mw,1000.0,2025-02-28T15:11:00+00:00,2025-03-31T21:59:00+00:00,2025-02-28T16:11:00+01:00,2025-03-31T23:59:00+02:00,2025-03-25,18,2025-03-25T18:00:00+01:00,2025-03-25T19:00:00+01:00,True,1.0,136.57,89.67175911708051,89.67175911708053,89.67175911708053,2600.0,2600.0,0.0,0.0,100.0,0.3051166497953517,False
T069,transmission,unavail_tx_import_mw,1000.0,2025-02-28T15:11:00+00:00,2025-03-31T21:59:00+00:00,2025-02-28T16:11:00+01:00,2025-03-31T23:59:00+02:00,2025-03-25,19,2025-03-25T19:00:00+01:00,2025-03-25T20:00:00+01:00,True,1.0,120.63,80.44389476677885,80.44389476677884,80.44389476677884,2600.0,2600.0,0.0,0.0,100.0,0.14358776821953256,False
T069,transmission,unavail_tx_import_mw,1000.0,2025-02-28T15:11:00+00:00,2025-03-31T21:59:00+00:00,2025-02-28T16:11:00+01:00,2025-03-31T23:59:00+02:00,2025-03-25,20,2025-03-25T20:00:00+01:00,2025-03-25T21:00:00+01:00,True,1.0,93.21,70.92517874447827,70.92517874447827,70.92517874447827,2600.0,2600.0,0.0,0.0,100.0,0.15146942309385736,False
T069,transmission,unavail_tx_import_mw,1000.0,2025-02-28T15:11:00+00:00,2025-03-31T21:59:00+00:00,2025-02-28T16:11:00+01:00,2025-03-31T23:59:00+02:00,2025-03-25,21,2025-03-25T21:00:00+01:00,2025-03-25T22:00:00+01:00,True,1.0,83.33,53.77423986347822,53.77423986347823,53.77423986347823,2600.0,2600.0,0.0,0.0,100.0,0.08938291899612238,False
T069,transmission,unavail_tx_import_mw,1000.0,2025-02-28T15:11:00+00:00,2025-03-31T21:59:00+00:00,2025-02-28T16:11:00+01:00,2025-03-31T23:59:00+02:00,2025-03-25,22,2025-03-25T22:00:00+01:00,2025-03-25T23:00:00+01:00,True,1.0,58.13,40.788325558483,40.788325558483,40.788325558483,2600.0,2600.0,0.0,0.0,100.0,0.1061438903552201,False
T069,transmission,unavail_tx_import_mw,1000.0,2025-02-28T15:11:00+00:00,2025-03-31T21:59:00+00:00,2025-02-28T16:11:00+01:00,2025-03-31T23:59:00+02:00,2025-03-25,23,2025-03-25T23:00:00+01:00,2025-03-26T00:00:00+01:00,True,1.0,49.48,31.540568238265863,31.540568238265866,31.540568238265866,2600.0,2600.0,0.0,0.0,100.0,0.08074025271355012,False
T069,transmission,unavail_tx_import_mw,1000.0,2025-02-28T15:11:00+00:00,2025-03-31T21:59:00+00:00,2025-02-28T16:11:00+01:00,2025-03-31T23:59:00+02:00,2025-03-26,0,2025-03-26T00:00:00+01:00,2025-03-26T01:00:00+01:00,True,1.0,46.58,45.48110397656782,45.48110397656782,45.48110397656782,2600.0,2600.0,0.0,0.0,100.0,-0.06848743770162002,False
T069,transmission,unavail_tx_import_mw,1000.0,2025-02-28T15:11:00+00:00,2025-03-31T21:59:00+00:00,2025-02-28T16:11:00+01:00,2025-03-31T23:59:00+02:00,2025-03-26,1,2025-03-26T01:00:00+01:00,2025-03-26T02:00:00+01:00,True,1.0,47.65,47.27442058263199,47.274420582632004,47.274420582632004,2600.0,2600.0,0.0,0.0,100.0,0.009086388969272718,False
T069,transmission,unavail_tx_import_mw,1000.0,2025-02-28T15:11:00+00:00,2025-03-31T21:59:00+00:00,2025-02-28T16:11:00+01:00,2025-03-31T23:59:00+02:00,2025-03-26,2,2025-03-26T02:00:00+01:00,2025-03-26T03:00:00+01:00,True,1.0,51.92,48.742982545682494,48.74298254568251,48.74298254568251,2600.0,2600.0,0.0,0.0,100.0,-0.05023609693024156,False
T069,transmission,unavail_tx_import_mw,1000.0,2025-02-28T15:11:00+00:00,2025-03-31T21:59:00+00:00,2025-02-28T16:11:00+01:00,2025-03-31T23:59:00+02:00,2025-03-26,3,2025-03-26T03:00:00+01:00,2025-03-26T04:00:00+01:00,True,1.0,59.97,49.07627294400551,49.07627294400551,49.07627294400551,2600.0,2600.0,0.0,0.0,100.0,-0.05497537775995909,False
T069,transmission,unavail_tx_import_mw,1000.0,2025-02-28T15:11:00+00:00,2025-03-31T21:59:00+00:00,2025-02-28T16:11:00+01:00,2025-03-31T23:59:00+02:00,2025-03-26,4,2025-03-26T04:00:00+01:00,2025-03-26T05:00:00+01:00,True,1.0,64.62,49.05061655754843,49.05061655754844,49.05061655754844,2600.0,2600.0,0.0,0.0,100.0,-0.037360248242492844,False
T069,transmission,unavail_tx_import_mw,1000.0,2025-02-28T15:11:00+00:00,2025-03-31T21:59:00+00:00,2025-02-28T16:11:00+01:00,2025-03-31T23:59:00+02:00,2025-03-26,5,2025-03-26T05:00:00+01:00,2025-03-26T06:00:00+01:00,True,1.0,88.55,58.12206019146903,58.12206019146904,58.12206019146904,2600.0,2600.0,0.0,0.0,100.0,0.0,False
T069,transmission,unavail_tx_import_mw,1000.0,2025-02-28T15:11:00+00:00,2025-03-31T21:59:00+00:00,2025-02-28T16:11:00+01:00,2025-03-31T23:59:00+02:00,2025-03-26,6,2025-03-26T06:00:00+01:00,2025-03-26T07:00:00+01:00,True,1.0,119.44,69.5847209928865,69.58472099288653,69.58472099288653,2600.0,2600.0,0.0,0.0,100.0,-0.08211425067563027,False
T069,transmission,unavail_tx_import_mw,1000.0,2025-02-28T15:11:00+00:00,2025-03-31T21:59:00+00:00,2025-02-28T16:11:00+01:00,2025-03-31T23:59:00+02:00,2025-03-26,7,2025-03-26T07:00:00+01:00,2025-03-26T08:00:00+01:00,True,1.0,138.06,94.41635184489289,94.41635184489286,94.41635184489286,2600.0,2600.0,0.0,0.0,100.0,0.13891879973445498,False
T069,transmission,unavail_tx_import_mw,1000.0,2025-02-28T15:11:00+00:00,2025-03-31T21:59:00+00:00,2025-02-28T16:11:00+01:00,2025-03-31T23:59:00+02:00,2025-03-26,8,2025-03-26T08:00:00+01:00,2025-03-26T09:00:00+01:00,True,1.0,132.86,96.12082798784044,96.12082798784044,96.12082798784044,2600.0,2600.0,0.0,0.0,100.0,0.07943536743698587,False
T069,transmission,unavail_tx_import_mw,1000.0,2025-02-28T15:11:00+00:00,2025-03-31T21:59:00+00:00,2025-02-28T16:11:00+01:00,2025-03-31T23:59:00+02:00,2025-03-26,9,2025-03-26T09:00:00+01:00,2025-03-26T10:00:00+01:00,True,1.0,101.74,79.70342446106771,79.70342446106771,79.70342446106771,2600.0,2600.0,0.0,0.0,100.0,0.24526156778141228,False
T069,transmission,unavail_tx_import_mw,1000.0,2025-02-28T15:11:00+00:00,2025-03-31T21:59:00+00:00,2025-02-28T16:11:00+01:00,2025-03-31T23:59:00+02:00,2025-03-26,10,2025-03-26T10:00:00+01:00,2025-03-26T11:00:00+01:00,True,1.0,90.13,67.05872400192806,67.05872400192807,67.05872400192807,2600.0,2600.0,0.0,0.0,100.0,0.055054293369593665,False
T069,transmission,unavail_tx_import_mw,1000.0,2025-02-28T15:11:00+00:00,2025-03-31T21:59:00+00:00,2025-02-28T16:11:00+01:00,2025-03-31T23:59:00+02:00,2025-03-26,11,2025-03-26T11:00:00+01:00,2025-03-26T12:00:00+01:00,True,1.0,86.5,52.39690537682014,52.39690537682016,52.39690537682016,2600.0,2600.0,0.0,0.0,100.0,0.0,False
T069,transmission,unavail_tx_import_mw,1000.0,2025-02-28T15:11:00+00:00,2025-03-31T21:59:00+00:00,2025-02-28T16:11:00+01:00,2025-03-31T23:59:00+02:00,2025-03-26,12,2025-03-26T12:00:00+01:00,2025-03-26T13:00:00+01:00,True,1.0,85.35,48.106262379100315,48.10626237910032,48.10626237910032,2600.0,2600.0,0.0,0.0,100.0,0.0,False
T069,transmission,unavail_tx_import_mw,1000.0,2025-02-28T15:11:00+00:00,2025-03-31T21:59:00+00:00,2025-02-28T16:11:00+01:00,2025-03-31T23:59:00+02:00,2025-03-26,13,2025-03-26T13:00:00+01:00,2025-03-26T14:00:00+01:00,True,1.0,71.36,44.61877417925699,44.61877417925699,44.61877417925699,2600.0,2600.0,0.0,0.0,100.0,0.0,False
T069,transmission,unavail_tx_import_mw,1000.0,2025-02-28T15:11:00+00:00,2025-03-31T21:59:00+00:00,2025-02-28T16:11:00+01:00,2025-03-31T23:59:00+02:00,2025-03-26,14,2025-03-26T14:00:00+01:00,2025-03-26T15:00:00+01:00,True,1.0,72.53,47.67027782894618,47.67027782894618,47.67027782894618,2600.0,2600.0,0.0,0.0,100.0,0.0,False
T069,transmission,unavail_tx_import_mw,1000.0,2025-02-28T15:11:00+00:00,2025-03-31T21:59:00+00:00,2025-02-28T16:11:00+01:00,2025-03-31T23:59:00+02:00,2025-03-26,15,2025-03-26T15:00:00+01:00,2025-03-26T16:00:00+01:00,True,1.0,78.15,52.3506958128399,52.35069581283989,52.35069581283989,2600.0,2600.0,0.0,0.0,100.0,0.0,False
T069,transmission,unavail_tx_import_mw,1000.0,2025-02-28T15:11:00+00:00,2025-03-31T21:59:00+00:00,2025-02-28T16:11:00+01:00,2025-03-31T23:59:00+02:00,2025-03-26,16,2025-03-26T16:00:00+01:00,2025-03-26T17:00:00+01:00,True,1.0,81.32,61.44019699129405,61.440196991294044,61.440196991294044,2600.0,2600.0,0.0,0.0,100.0,0.05242462087053923,False
T069,transmission,unavail_tx_import_mw,1000.0,2025-02-28T15:11:00+00:00,2025-03-31T21:59:00+00:00,2025-02-28T16:11:00+01:00,2025-03-31T23:59:00+02:00,2025-03-26,17,2025-03-26T17:00:00+01:00,2025-03-26T18:00:00+01:00,True,1.0,100.54,69.04842455762778,69.0484245576278,69.0484245576278,2600.0,2600.0,0.0,0.0,100.0,0.05161507397573928,False
T069,transmission,unavail_tx_import_mw,1000.0,2025-02-28T15:11:00+00:00,2025-03-31T21:59:00+00:00,2025-02-28T16:11:00+01:00,2025-03-31T23:59:00+02:00,2025-03-26,18,2025-03-26T18:00:00+01:00,2025-03-26T19:00:00+01:00,True,1.0,115.07,73.45691890957548,73.45691890957548,73.45691890957548,2600.0,2600.0,0.0,0.0,100.0,0.21405256822809804,False
T069,transmission,unavail_tx_import_mw,1000.0,2025-02-28T15:11:00+00:00,2025-03-31T21:59:00+00:00,2025-02-28T16:11:00+01:00,2025-03-31T23:59:00+02:00,2025-03-26,19,2025-03-26T19:00:00+01:00,2025-03-26T20:00:00+01:00,True,1.0,117.37,63.17824993984157,63.178249939841564,63.178249939841564,2600.0,2600.0,0.0,0.0,100.0,0.09001468982155103,False
T069,transmission,unavail_tx_import_mw,1000.0,2025-02-28T15:11:00+00:00,2025-03-31T21:59:00+00:00,2025-02-28T16:11:00+01:00,2025-03-31T23:59:00+02:00,2025-03-26,20,2025-03-26T20:00:00+01:00,2025-03-26T21:00:00+01:00,True,1.0,104.63,43.10620463790096,43.10620463790097,43.10620463790097,2600.0,2600.0,0.0,0.0,100.0,0.08590877843730738,False
T069,transmission,unavail_tx_import_mw,1000.0,2025-02-28T15:11:00+00:00,2025-03-31T21:59:00+00:00,2025-02-28T16:11:00+01:00,2025-03-31T23:59:00+02:00,2025-03-26,21,2025-03-26T21:00:00+01:00,2025-03-26T22:00:00+01:00,True,1.0,89.52,41.146000980388955,41.146000980388955,41.146000980388955,2600.0,2600.0,0.0,0.0,100.0,0.048475305023870874,False
T069,transmission,unavail_tx_import_mw,1000.0,2025-02-28T15:11:00+00:00,2025-03-31T21:59:00+00:00,2025-02-28T16:11:00+01:00,2025-03-31T23:59:00+02:00,2025-03-26,22,2025-03-26T22:00:00+01:00,2025-03-26T23:00:00+01:00,True,1.0,70.12,31.071206688895167,31.071206688895167,31.071206688895167,2600.0,2600.0,0.0,0.0,100.0,0.09881798017127608,False
T069,transmission,unavail_tx_import_mw,1000.0,2025-02-28T15:11:00+00:00,2025-03-31T21:59:00+00:00,2025-02-28T16:11:00+01:00,2025-03-31T23:59:00+02:00,2025-03-26,23,2025-03-26T23:00:00+01:00,2025-03-27T00:00:00+01:00,True,1.0,34.74,26.48215321675036,26.482153216750362,26.482153216750362,2600.0,2600.0,0.0,0.0,100.0,0.044032786441704275,False
T069,transmission,unavail_tx_import_mw,1000.0,2025-02-28T15:11:00+00:00,2025-03-31T21:59:00+00:00,2025-02-28T16:11:00+01:00,2025-03-31T23:59:00+02:00,2025-03-27,0,2025-03-27T00:00:00+01:00,2025-03-27T01:00:00+01:00,True,1.0,31.86,29.589071131393215,29.589071131393215,29.589071131393215,2600.0,2600.0,0.0,0.0,100.0,-0.04639051384339865,False
T069,transmission,unavail_tx_import_mw,1000.0,2025-02-28T15:11:00+00:00,2025-03-31T21:59:00+00:00,2025-02-28T16:11:00+01:00,2025-03-31T23:59:00+02:00,2025-03-27,1,2025-03-27T01:00:00+01:00,2025-03-27T02:00:00+01:00,True,1.0,31.26,30.03340905215982,30.033409052159826,30.033409052159826,2600.0,2600.0,0.0,0.0,100.0,0.00700593034046193,False
T069,transmission,unavail_tx_import_mw,1000.0,2025-02-28T15:11:00+00:00,2025-03-31T21:59:00+00:00,2025-02-28T16:11:00+01:00,2025-03-31T23:59:00+02:00,2025-03-27,2,2025-03-27T02:00:00+01:00,2025-03-27T03:00:00+01:00,True,1.0,19.74,26.695148174828656,26.695148174828656,26.695148174828656,2600.0,2600.0,0.0,0.0,100.0,-0.02251302831675872,False
T069,transmission,unavail_tx_import_mw,1000.0,2025-02-28T15:11:00+00:00,2025-03-31T21:59:00+00:00,2025-02-28T16:11:00+01:00,2025-03-31T23:59:00+02:00,2025-03-27,3,2025-03-27T03:00:00+01:00,2025-03-27T04:00:00+01:00,True,1.0,19.36,24.328079970259893,24.328079970259896,24.328079970259896,2600.0,2600.0,0.0,0.0,100.0,-0.0322353990026123,False
T069,transmission,unavail_tx_import_mw,1000.0,2025-02-28T15:11:00+00:00,2025-03-31T21:59:00+00:00,2025-02-28T16:11:00+01:00,2025-03-31T23:59:00+02:00,2025-03-27,4,2025-03-27T04:00:00+01:00,2025-03-27T05:00:00+01:00,True,1.0,19.82,25.009114276899854,25.009114276899854,25.009114276899854,2600.0,2600.0,0.0,0.0,100.0,-0.019643526085364016,False
T069,transmission,unavail_tx_import_mw,1000.0,2025-02-28T15:11:00+00:00,2025-03-31T21:59:00+00:00,2025-02-28T16:11:00+01:00,2025-03-31T23:59:00+02:00,2025-03-27,5,2025-03-27T05:00:00+01:00,2025-03-27T06:00:00+01:00,True,1.0,21.4,34.309451143074426,34.309451143074426,34.309451143074426,2600.0,2600.0,0.0,0.0,100.0,0.0,False
T069,transmission,unavail_tx_import_mw,1000.0,2025-02-28T15:11:00+00:00,2025-03-31T21:59:00+00:00,2025-02-28T16:11:00+01:00,2025-03-31T23:59:00+02:00,2025-03-27,6,2025-03-27T06:00:00+01:00,2025-03-27T07:00:00+01:00,True,1.0,34.32,46.357755106468574,46.35775510646856,46.35775510646856,2600.0,2600.0,0.0,0.0,100.0,-0.06230171842164367,False
T069,transmission,unavail_tx_import_mw,1000.0,2025-02-28T15:11:00+00:00,2025-03-31T21:59:00+00:00,2025-02-28T16:11:00+01:00,2025-03-31T23:59:00+02:00,2025-03-27,7,2025-03-27T07:00:00+01:00,2025-03-27T08:00:00+01:00,True,1.0,47.84,59.09303815734526,59.093038157345234,59.093038157345234,2600.0,2600.0,0.0,0.0,100.0,0.07664396508233295,False
T069,transmission,unavail_tx_import_mw,1000.0,2025-02-28T15:11:00+00:00,2025-03-31T21:59:00+00:00,2025-02-28T16:11:00+01:00,2025-03-31T23:59:00+02:00,2025-03-27,8,2025-03-27T08:00:00+01:00,2025-03-27T09:00:00+01:00,True,1.0,36.25,62.089295556724466,62.08929555672445,62.08929555672445,2600.0,2600.0,0.0,0.0,100.0,0.04789162264724922,False
T069,transmission,unavail_tx_import_mw,1000.0,2025-02-28T15:11:00+00:00,2025-03-31T21:59:00+00:00,2025-02-28T16:11:00+01:00,2025-03-31T23:59:00+02:00,2025-03-27,9,2025-03-27T09:00:00+01:00,2025-03-27T10:00:00+01:00,True,1.0,33.21,49.12028694586781,49.120286945867804,49.120286945867804,2600.0,2600.0,0.0,0.0,100.0,0.1515621216563403,False
T069,transmission,unavail_tx_import_mw,1000.0,2025-02-28T15:11:00+00:00,2025-03-31T21:59:00+00:00,2025-02-28T16:11:00+01:00,2025-03-31T23:59:00+02:00,2025-03-27,10,2025-03-27T10:00:00+01:00,2025-03-27T11:00:00+01:00,True,1.0,23.36,38.79552216714191,38.79552216714191,38.79552216714191,2600.0,2600.0,0.0,0.0,100.0,0.0321651909356504,False
T069,transmission,unavail_tx_import_mw,1000.0,2025-02-28T15:11:00+00:00,2025-03-31T21:59:00+00:00,2025-02-28T16:11:00+01:00,2025-03-31T23:59:00+02:00,2025-03-27,11,2025-03-27T11:00:00+01:00,2025-03-27T12:00:00+01:00,True,1.0,22.48,33.11661921790046,33.11661921790045,33.11661921790045,2600.0,2600.0,0.0,0.0,100.0,0.0,False
T069,transmission,unavail_tx_import_mw,1000.0,2025-02-28T15:11:00+00:00,2025-03-31T21:59:00+00:00,2025-02-28T16:11:00+01:00,2025-03-31T23:59:00+02:00,2025-03-27,12,2025-03-27T12:00:00+01:00,2025-03-27T13:00:00+01:00,True,1.0,16.96,31.71930614746144,31.719306147461435,31.719306147461435,2600.0,2600.0,0.0,0.0,100.0,0.0,False
T069,transmission,unavail_tx_import_mw,1000.0,2025-02-28T15:11:00+00:00,2025-03-31T21:59:00+00:00,2025-02-28T16:11:00+01:00,2025-03-31T23:59:00+02:00,2025-03-27,13,2025-03-27T13:00:00+01:00,2025-03-27T14:00:00+01:00,True,1.0,4.91,28.38147024596871,28.381470245968718,28.381470245968718,2600.0,2600.0,0.0,0.0,100.0,-0.07400168521538575,False
T069,transmission,unavail_tx_import_mw,1000.0,2025-02-28T15:11:00+00:00,2025-03-31T21:59:00+00:00,2025-02-28T16:11:00+01:00,2025-03-31T23:59:00+02:00,2025-03-27,14,2025-03-27T14:00:00+01:00,2025-03-27T15:00:00+01:00,True,1.0,20.51,29.61615219676747,29.61615219676747,29.61615219676747,2600.0,2600.0,0.0,0.0,100.0,0.0,False
T069,transmission,unavail_tx_import_mw,1000.0,2025-02-28T15:11:00+00:00,2025-03-31T21:59:00+00:00,2025-02-28T16:11:00+01:00,2025-03-31T23:59:00+02:00,2025-03-27,15,2025-03-27T15:00:00+01:00,2025-03-27T16:00:00+01:00,True,1.0,22.58,31.98021706169127,31.98021706169127,31.98021706169127,2600.0,2600.0,0.0,0.0,100.0,0.0,False
T069,transmission,unavail_tx_import_mw,1000.0,2025-02-28T15:11:00+00:00,2025-03-31T21:59:00+00:00,2025-02-28T16:11:00+01:00,2025-03-31T23:59:00+02:00,2025-03-27,16,2025-03-27T16:00:00+01:00,2025-03-27T17:00:00+01:00,True,1.0,22.8,37.465491236959885,37.46549123695989,37.46549123695989,2600.0,2600.0,0.0,0.0,100.0,0.04318027682015213,False
T069,transmission,unavail_tx_import_mw,1000.0,2025-02-28T15:11:00+00:00,2025-03-31T21:59:00+00:00,2025-02-28T16:11:00+01:00,2025-03-31T23:59:00+02:00,2025-03-27,17,2025-03-27T17:00:00+01:00,2025-03-27T18:00:00+01:00,True,1.0,27.57,41.18535260533945,41.185352605339446,41.185352605339446,2600.0,2600.0,0.0,0.0,100.0,0.09449117974097732,False
T069,transmission,unavail_tx_import_mw,1000.0,2025-02-28T15:11:00+00:00,2025-03-31T21:59:00+00:00,2025-02-28T16:11:00+01:00,2025-03-31T23:59:00+02:00,2025-03-27,18,2025-03-27T18:00:00+01:00,2025-03-27T19:00:00+01:00,True,1.0,25.35,42.60345099737824,42.60345099737824,42.60345099737824,2600.0,2600.0,0.0,0.0,100.0,0.14700779171104728,False
T069,transmission,unavail_tx_import_mw,1000.0,2025-02-28T15:11:00+00:00,2025-03-31T21:59:00+00:00,2025-02-28T16:11:00+01:00,2025-03-31T23:59:00+02:00,2025-03-27,19,2025-03-27T19:00:00+01:00,2025-03-27T20:00:00+01:00,True,1.0,24.91,38.48121326906462,38.48121326906462,38.48121326906462,2600.0,2600.0,0.0,0.0,100.0,0.05689545407898322,False
T069,transmission,unavail_tx_import_mw,1000.0,2025-02-28T15:11:00+00:00,2025-03-31T21:59:00+00:00,2025-02-28T16:11:00+01:00,2025-03-31T23:59:00+02:00,2025-03-27,20,2025-03-27T20:00:00+01:00,2025-03-27T21:00:00+01:00,True,1.0,24.53,29.626948045428552,29.62694804542854,29.62694804542854,2600.0,2600.0,0.0,0.0,100.0,0.07262095018507608,False
T069,transmission,unavail_tx_import_mw,1000.0,2025-02-28T15:11:00+00:00,2025-03-31T21:59:00+00:00,2025-02-28T16:11:00+01:00,2025-03-31T23:59:00+02:00,2025-03-27,21,2025-03-27T21:00:00+01:00,2025-03-27T22:00:00+01:00,True,1.0,23.35,25.77008446905164,25.77008446905164,25.77008446905164,2600.0,2600.0,0.0,0.0,100.0,0.042467325621334595,False
T069,transmission,unavail_tx_import_mw,1000.0,2025-02-28T15:11:00+00:00,2025-03-31T21:59:00+00:00,2025-02-28T16:11:00+01:00,2025-03-31T23:59:00+02:00,2025-03-27,22,2025-03-27T22:00:00+01:00,2025-03-27T23:00:00+01:00,True,1.0,22.42,16.03171844912902,16.031718449129023,16.031718449129023,2600.0,2600.0,0.0,0.0,100.0,0.09937155800366071,False
T069,transmission,unavail_tx_import_mw,1000.0,2025-02-28T15:11:00+00:00,2025-03-31T21:59:00+00:00,2025-02-28T16:11:00+01:00,2025-03-31T23:59:00+02:00,2025-03-27,23,2025-03-27T23:00:00+01:00,2025-03-28T00:00:00+01:00,True,1.0,21.76,14.923456109581622,14.923456109581617,14.923456109581617,2600.0,2600.0,0.0,0.0,100.0,0.04784830453152544,False
T069,transmission,unavail_tx_import_mw,1000.0,2025-02-28T15:11:00+00:00,2025-03-31T21:59:00+00:00,2025-02-28T16:11:00+01:00,2025-03-31T23:59:00+02:00,2025-03-28,0,2025-03-28T00:00:00+01:00,2025-03-28T01:00:00+01:00,True,1.0,19.76,19.975562843029753,19.975562843029756,20.14853209958236,2600.0,2600.0,0.0,0.1729692565526051,100.0,-0.039300372929616856,False
T069,transmission,unavail_tx_import_mw,1000.0,2025-02-28T15:11:00+00:00,2025-03-31T21:59:00+00:00,2025-02-28T16:11:00+01:00,2025-03-31T23:59:00+02:00,2025-03-28,1,2025-03-28T01:00:00+01:00,2025-03-28T02:00:00+01:00,True,1.0,17.27,16.36051982909528,16.36051982909528,16.54793936175954,2600.0,2600.0,0.0,0.18741953266425782,100.0,-0.011345291764889964,False
T069,transmission,unavail_tx_import_mw,1000.0,2025-02-28T15:11:00+00:00,2025-03-31T21:59:00+00:00,2025-02-28T16:11:00+01:00,2025-03-31T23:59:00+02:00,2025-03-28,2,2025-03-28T02:00:00+01:00,2025-03-28T03:00:00+01:00,True,1.0,15.86,12.485245860658448,12.485245860658452,12.720446462871081,2600.0,2600.0,0.0,0.23520060221262895,100.0,-0.030955347927079657,False
T069,transmission,unavail_tx_import_mw,1000.0,2025-02-28T15:11:00+00:00,2025-03-31T21:59:00+00:00,2025-02-28T16:11:00+01:00,2025-03-31T23:59:00+02:00,2025-03-28,3,2025-03-28T03:00:00+01:00,2025-03-28T04:00:00+01:00,True,1.0,15.37,12.176088353940244,12.176088353940244,12.31045816908362,2600.0,2600.0,0.0,0.13436981514337631,100.0,-0.029024329065716614,False
T069,transmission,unavail_tx_import_mw,1000.0,2025-02-28T15:11:00+00:00,2025-03-31T21:59:00+00:00,2025-02-28T16:11:00+01:00,2025-03-31T23:59:00+02:00,2025-03-28,4,2025-03-28T04:00:00+01:00,2025-03-28T05:00:00+01:00,True,1.0,16.62,14.66681965913337,14.66681965913337,14.67781214678118,2600.0,2600.0,0.0,0.010992487647810023,100.0,-0.01687170932391524,False
T069,transmission,unavail_tx_import_mw,1000.0,2025-02-28T15:11:00+00:00,2025-03-31T21:59:00+00:00,2025-02-28T16:11:00+01:00,2025-03-31T23:59:00+02:00,2025-03-28,5,2025-03-28T05:00:00+01:00,2025-03-28T06:00:00+01:00,True,1.0,20.72,20.550954078522693,20.550954078522693,20.550954078522693,2600.0,2600.0,0.0,0.0,100.0,0.0,False
T069,transmission,unavail_tx_import_mw,1000.0,2025-02-28T15:11:00+00:00,2025-03-31T21:59:00+00:00,2025-02-28T16:11:00+01:00,2025-03-31T23:59:00+02:00,2025-03-28,6,2025-03-28T06:00:00+01:00,2025-03-28T07:00:00+01:00,True,1.0,23.47,22.16690405912593,22.166904059125937,22.13116653785731,2600.0,2600.0,0.0,-0.03573752126862573,100.0,-0.14524291701112446,False
T069,transmission,unavail_tx_import_mw,1000.0,2025-02-28T15:11:00+00:00,2025-03-31T21:59:00+00:00,2025-02-28T16:11:00+01:00,2025-03-31T23:59:00+02:00,2025-03-28,7,2025-03-28T07:00:00+01:00,2025-03-28T08:00:00+01:00,True,1.0,24.23,26.663119232305,26.663119232304993,26.48746524637823,2600.0,2600.0,0.0,-0.17565398592676473,100.0,0.05875525200815801,False
T069,transmission,unavail_tx_import_mw,1000.0,2025-02-28T15:11:00+00:00,2025-03-31T21:59:00+00:00,2025-02-28T16:11:00+01:00,2025-03-31T23:59:00+02:00,2025-03-28,8,2025-03-28T08:00:00+01:00,2025-03-28T09:00:00+01:00,True,1.0,24.46,15.558774582526524,15.558774582526535,15.433610947620327,2600.0,2600.0,0.0,-0.1251636349062082,100.0,0.04187649073212185,False
T069,transmission,unavail_tx_import_mw,1000.0,2025-02-28T15:11:00+00:00,2025-03-31T21:59:00+00:00,2025-02-28T16:11:00+01:00,2025-03-31T23:59:00+02:00,2025-03-28,9,2025-03-28T09:00:00+01:00,2025-03-28T10:00:00+01:00,True,1.0,22.55,14.081343349359416,14.081343349359422,13.7799536423626,2600.0,2600.0,0.0,-0.3013897069968223,100.0,0.10061323377345843,False
T069,transmission,unavail_tx_import_mw,1000.0,2025-02-28T15:11:00+00:00,2025-03-31T21:59:00+00:00,2025-02-28T16:11:00+01:00,2025-03-31T23:59:00+02:00,2025-03-28,10,2025-03-28T10:00:00+01:00,2025-03-28T11:00:00+01:00,True,1.0,14.42,11.71959053993577,11.71959053993577,11.551974401600305,2600.0,2600.0,0.0,-0.16761613833546463,100.0,0.05604269372486215,False
T069,transmission,unavail_tx_import_mw,1000.0,2025-02-28T15:11:00+00:00,2025-03-31T21:59:00+00:00,2025-02-28T16:11:00+01:00,2025-03-31T23:59:00+02:00,2025-03-28,11,2025-03-28T11:00:00+01:00,2025-03-28T12:00:00+01:00,True,1.0,1.45,3.3699966970798876,3.3699966970798876,3.3699966970798876,2600.0,2600.0,0.0,0.0,100.0,0.0,False
T069,transmission,unavail_tx_import_mw,1000.0,2025-02-28T15:11:00+00:00,2025-03-31T21:59:00+00:00,2025-02-28T16:11:00+01:00,2025-03-31T23:59:00+02:00,2025-03-28,12,2025-03-28T12:00:00+01:00,2025-03-28T13:00:00+01:00,True,1.0,-0.09,3.718945360969137,3.718945360969137,3.718945360969137,2600.0,2600.0,0.0,0.0,100.0,0.0,False
T069,transmission,unavail_tx_import_mw,1000.0,2025-02-28T15:11:00+00:00,2025-03-31T21:59:00+00:00,2025-02-28T16:11:00+01:00,2025-03-31T23:59:00+02:00,2025-03-28,13,2025-03-28T13:00:00+01:00,2025-03-28T14:00:00+01:00,True,1.0,-0.12,1.9294719384090335,1.9294719384090335,1.9294719384090335,2600.0,2600.0,0.0,0.0,100.0,0.0,False
T069,transmission,unavail_tx_import_mw,1000.0,2025-02-28T15:11:00+00:00,2025-03-31T21:59:00+00:00,2025-02-28T16:11:00+01:00,2025-03-31T23:59:00+02:00,2025-03-28,14,2025-03-28T14:00:00+01:00,2025-03-28T15:00:00+01:00,True,1.0,0.11,4.246036110302562,4.246036110302569,4.246036110302569,2600.0,2600.0,0.0,0.0,100.0,0.0,False
T069,transmission,unavail_tx_import_mw,1000.0,2025-02-28T15:11:00+00:00,2025-03-31T21:59:00+00:00,2025-02-28T16:11:00+01:00,2025-03-31T23:59:00+02:00,2025-03-28,15,2025-03-28T15:00:00+01:00,2025-03-28T16:00:00+01:00,True,1.0,17.92,6.805569970376496,6.805569970376503,6.805569970376503,2600.0,2600.0,0.0,0.0,100.0,0.0,False
T069,transmission,unavail_tx_import_mw,1000.0,2025-02-28T15:11:00+00:00,2025-03-31T21:59:00+00:00,2025-02-28T16:11:00+01:00,2025-03-31T23:59:00+02:00,2025-03-28,16,2025-03-28T16:00:00+01:00,2025-03-28T17:00:00+01:00,True,1.0,20.23,16.040569702394357,16.040569702394357,16.040569702394357,2600.0,2600.0,0.0,0.0,100.0,-0.019257430077360027,False
T069,transmission,unavail_tx_import_mw,1000.0,2025-02-28T15:11:00+00:00,2025-03-31T21:59:00+00:00,2025-02-28T16:11:00+01:00,2025-03-31T23:59:00+02:00,2025-03-28,17,2025-03-28T17:00:00+01:00,2025-03-28T18:00:00+01:00,True,1.0,29.28,20.482998220376725,20.482998220376725,20.142913169099025,2600.0,2300.0,-300.0,-0.3400850512777005,100.0,0.11346334299584626,True
T069,transmission,unavail_tx_import_mw,1000.0,2025-02-28T15:11:00+00:00,2025-03-31T21:59:00+00:00,2025-02-28T16:11:00+01:00,2025-03-31T23:59:00+02:00,2025-03-28,18,2025-03-28T18:00:00+01:00,2025-03-28T19:00:00+01:00,True,1.0,30.91,25.11494518996088,25.11494518996087,24.621723684565108,2600.0,2300.0,-300.0,-0.4932215053957627,100.0,0.16429937351330892,True
T069,transmission,unavail_tx_import_mw,1000.0,2025-02-28T15:11:00+00:00,2025-03-31T21:59:00+00:00,2025-02-28T16:11:00+01:00,2025-03-31T23:59:00+02:00,2025-03-28,19,2025-03-28T19:00:00+01:00,2025-03-28T20:00:00+01:00,True,1.0,31.62,26.143640300505496,26.1436403005055,25.93289612150572,2600.0,2300.0,-300.0,-0.2107441789997786,100.0,0.07043790222114055,True
T069,transmission,unavail_tx_import_mw,1000.0,2025-02-28T15:11:00+00:00,2025-03-31T21:59:00+00:00,2025-02-28T16:11:00+01:00,2025-03-31T23:59:00+02:00,2025-03-28,20,2025-03-28T20:00:00+01:00,2025-03-28T21:00:00+01:00,True,1.0,28.23,23.52489005375282,23.524890053752813,23.292544766235423,2600.0,2300.0,-300.0,-0.23234528751738992,100.0,0.07762773332212447,True
T069,transmission,unavail_tx_import_mw,1000.0,2025-02-28T15:11:00+00:00,2025-03-31T21:59:00+00:00,2025-02-28T16:11:00+01:00,2025-03-31T23:59:00+02:00,2025-03-28,21,2025-03-28T21:00:00+01:00,2025-03-28T22:00:00+01:00,True,1.0,24.94,18.007903248592832,18.007903248592825,17.86207872308416,2600.0,2300.0,-300.0,-0.1458245255086652,100.0,0.048762375550104764,True
T069,transmission,unavail_tx_import_mw,1000.0,2025-02-28T15:11:00+00:00,2025-03-31T21:59:00+00:00,2025-02-28T16:11:00+01:00,2025-03-31T23:59:00+02:00,2025-03-28,22,2025-03-28T22:00:00+01:00,2025-03-28T23:00:00+01:00,True,1.0,8.01,20.8470333954787,20.847033395478704,20.55987188315551,2600.0,2300.0,-300.0,-0.28716151232319476,100.0,0.09595144007947809,True
T069,transmission,unavail_tx_import_mw,1000.0,2025-02-28T15:11:00+00:00,2025-03-31T21:59:00+00:00,2025-02-28T16:11:00+01:00,2025-03-31T23:59:00+02:00,2025-03-28,23,2025-03-28T23:00:00+01:00,2025-03-29T00:00:00+01:00,True,1.0,2.31,17.926969784883994,17.92696978488399,17.79569222665752,2600.0,2300.0,-300.0,-0.13127755822647202,100.0,0.04904534969989527,True
T069,transmission,unavail_tx_import_mw,1000.0,2025-02-28T15:11:00+00:00,2025-03-31T21:59:00+00:00,2025-02-28T16:11:00+01:00,2025-03-31T23:59:00+02:00,2025-03-29,0,2025-03-29T00:00:00+01:00,2025-03-29T01:00:00+01:00,True,1.0,2.31,3.728276115132534,3.7282761151325268,3.851410632235531,2600.0,2300.0,-300.0,0.12313451710300427,100.0,-0.04135191854385667,True
T069,transmission,unavail_tx_import_mw,1000.0,2025-02-28T15:11:00+00:00,2025-03-31T21:59:00+00:00,2025-02-28T16:11:00+01:00,2025-03-31T23:59:00+02:00,2025-03-29,1,2025-03-29T01:00:00+01:00,2025-03-29T02:00:00+01:00,True,1.0,2.31,5.429099747491648,5.429099747491648,5.384128120156362,2600.0,2300.0,-300.0,-0.04497162733528626,100.0,0.016014280511802426,True
T069,transmission,unavail_tx_import_mw,1000.0,2025-02-28T15:11:00+00:00,2025-03-31T21:59:00+00:00,2025-02-28T16:11:00+01:00,2025-03-31T23:59:00+02:00,2025-03-29,2,2025-03-29T02:00:00+01:00,2025-03-29T03:00:00+01:00,True,1.0,2.91,6.346860521029852,6.346860521029852,6.471518294030911,2600.0,2300.0,-300.0,0.12465777300105962,100.0,-0.04115987947927913,True
T069,transmission,unavail_tx_import_mw,1000.0,2025-02-28T15:11:00+00:00,2025-03-31T21:59:00+00:00,2025-02-28T16:11:00+01:00,2025-03-31T23:59:00+02:00,2025-03-29,3,2025-03-29T03:00:00+01:00,2025-03-29T04:00:00+01:00,True,1.0,14.13,6.1906838592312905,6.1906838592312905,6.288039640244936,2600.0,2300.0,-300.0,0.09735578101364517,100.0,-0.03268223042264928,True
T069,transmission,unavail_tx_import_mw,1000.0,2025-02-28T15:11:00+00:00,2025-03-31T21:59:00+00:00,2025-02-28T16:11:00+01:00,2025-03-31T23:59:00+02:00,2025-03-29,4,2025-03-29T04:00:00+01:00,2025-03-29T05:00:00+01:00,True,1.0,20.77,8.571543315884215,8.57154331588421,8.693337745054585,2600.0,2300.0,-300.0,0.1217944291703752,100.0,-0.04062439710352983,True
T069,transmission,unavail_tx_import_mw,1000.0,2025-02-28T15:11:00+00:00,2025-03-31T21:59:00+00:00,2025-02-28T16:11:00+01:00,2025-03-31T23:59:00+02:00,2025-03-29,5,2025-03-29T05:00:00+01:00,2025-03-29T06:00:00+01:00,True,1.0,22.58,8.829506353586481,8.829506353586481,8.762294557116421,2600.0,2300.0,-300.0,-0.06721179647006004,100.0,0.022375543603560644,True
T069,transmission,unavail_tx_import_mw,1000.0,2025-02-28T15:11:00+00:00,2025-03-31T21:59:00+00:00,2025-02-28T16:11:00+01:00,2025-03-31T23:59:00+02:00,2025-03-29,6,2025-03-29T06:00:00+01:00,2025-03-29T07:00:00+01:00,True,1.0,21.11,11.286090915546495,11.286090915546485,11.286090915546485,2600.0,2300.0,-300.0,0.0,100.0,0.0,True
T069,transmission,unavail_tx_import_mw,1000.0,2025-02-28T15:11:00+00:00,2025-03-31T21:59:00+00:00,2025-02-28T16:11:00+01:00,2025-03-31T23:59:00+02:00,2025-03-29,7,2025-03-29T07:00:00+01:00,2025-03-29T08:00:00+01:00,True,1.0,13.02,4.5083259750951115,4.508325975095119,4.238103161227471,2600.0,2300.0,-300.0,-0.27022281386764746,100.0,0.09023228368460678,True
T069,transmission,unavail_tx_import_mw,1000.0,2025-02-28T15:11:00+00:00,2025-03-31T21:59:00+00:00,2025-02-28T16:11:00+01:00,2025-03-31T23:59:00+02:00,2025-03-29,8,2025-03-29T08:00:00+01:00,2025-03-29T09:00:00+01:00,True,1.0,3.74,-7.348368582748456,-7.348368582748471,-7.532650734035258,2600.0,2300.0,-300.0,-0.18428215128678715,100.0,0.06163061693622751,True
T069,transmission,unavail_tx_import_mw,1000.0,2025-02-28T15:11:00+00:00,2025-03-31T21:59:00+00:00,2025-02-28T16:11:00+01:00,2025-03-31T23:59:00+02:00,2025-03-29,9,2025-03-29T09:00:00+01:00,2025-03-29T10:00:00+01:00,True,1.0,2.78,-8.123732027086731,-8.12373202708671,-9.015323930383829,2600.0,2300.0,-300.0,-0.8915919032971189,100.0,0.2946941853614362,True
T069,transmission,unavail_tx_import_mw,1000.0,2025-02-28T15:11:00+00:00,2025-03-31T21:59:00+00:00,2025-02-28T16:11:00+01:00,2025-03-31T23:59:00+02:00,2025-03-29,10,2025-03-29T10:00:00+01:00,2025-03-29T11:00:00+01:00,True,1.0,2.31,-17.51018722743804,-17.51018722743804,-17.780353522835355,2600.0,2300.0,-300.0,-0.27016629539731696,100.0,0.09027904203439618,True
T069,transmission,unavail_tx_import_mw,1000.0,2025-02-28T15:11:00+00:00,2025-03-31T21:59:00+00:00,2025-02-28T16:11:00+01:00,2025-03-31T23:59:00+02:00,2025-03-29,11,2025-03-29T11:00:00+01:00,2025-03-29T12:00:00+01:00,True,1.0,0.95,-22.432798805999973,-22.43279880599995,-22.43279880599995,2600.0,2300.0,-300.0,0.0,100.0,0.0,True
T069,transmission,unavail_tx_import_mw,1000.0,2025-02-28T15:11:00+00:00,2025-03-31T21:59:00+00:00,2025-02-28T16:11:00+01:00,2025-03-31T23:59:00+02:00,2025-03-29,12,2025-03-29T12:00:00+01:00,2025-03-29T13:00:00+01:00,True,1.0,0.86,-24.375977024117255,-24.375977024117233,-24.375977024117233,2600.0,2300.0,-300.0,0.0,100.0,0.0,True
T069,transmission,unavail_tx_import_mw,1000.0,2025-02-28T15:11:00+00:00,2025-03-31T21:59:00+00:00,2025-02-28T16:11:00+01:00,2025-03-31T23:59:00+02:00,2025-03-29,13,2025-03-29T13:00:00+01:00,2025-03-29T14:00:00+01:00,True,1.0,-0.67,-20.08581401357645,-20.08581401357643,-20.08581401357643,2600.0,2300.0,-300.0,0.0,100.0,0.0,True
T069,transmission,unavail_tx_import_mw,1000.0,2025-02-28T15:11:00+00:00,2025-03-31T21:59:00+00:00,2025-02-28T16:11:00+01:00,2025-03-31T23:59:00+02:00,2025-03-29,14,2025-03-29T14:00:00+01:00,2025-03-29T15:00:00+01:00,True,1.0,1.38,-17.670891007697932,-17.670891007697954,-17.670891007697954,2600.0,2300.0,-300.0,0.0,100.0,0.0,True
T069,transmission,unavail_tx_import_mw,1000.0,2025-02-28T15:11:00+00:00,2025-03-31T21:59:00+00:00,2025-02-28T16:11:00+01:00,2025-03-31T23:59:00+02:00,2025-03-29,15,2025-03-29T15:00:00+01:00,2025-03-29T16:00:00+01:00,True,1.0,14.28,-7.589675293464005,-7.589675293464012,-7.6317484270525,2600.0,2300.0,-300.0,-0.042073133588488076,100.0,0.01408911059099438,True
T069,transmission,unavail_tx_import_mw,1000.0,2025-02-28T15:11:00+00:00,2025-03-31T21:59:00+00:00,2025-02-28T16:11:00+01:00,2025-03-31T23:59:00+02:00,2025-03-29,16,2025-03-29T16:00:00+01:00,2025-03-29T17:00:00+01:00,True,1.0,25.32,3.592604916894814,3.592604916894814,3.592604916894814,2600.0,2300.0,-300.0,0.0,100.0,0.0,True
T069,transmission,unavail_tx_import_mw,1000.0,2025-02-28T15:11:00+00:00,2025-03-31T21:59:00+00:00,2025-02-28T16:11:00+01:00,2025-03-31T23:59:00+02:00,2025-03-29,17,2025-03-29T17:00:00+01:00,2025-03-29T18:00:00+01:00,True,1.0,29.91,12.872327232453031,12.872327232453031,12.487583530713106,2600.0,2300.0,-300.0,-0.3847437017399251,100.0,0.12826352216163173,True
T069,transmission,unavail_tx_import_mw,1000.0,2025-02-28T15:11:00+00:00,2025-03-31T21:59:00+00:00,2025-02-28T16:11:00+01:00,2025-03-31T23:59:00+02:00,2025-03-29,18,2025-03-29T18:00:00+01:00,2025-03-29T19:00:00+01:00,True,1.0,30.3,18.135135439492657,18.13513543949266,17.561241697088732,2600.0,2300.0,-300.0,-0.5738937424039285,100.0,0.19085205070758704,True
T069,transmission,unavail_tx_import_mw,1000.0,2025-02-28T15:11:00+00:00,2025-03-31T21:59:00+00:00,2025-02-28T16:11:00+01:00,2025-03-31T23:59:00+02:00,2025-03-29,19,2025-03-29T19:00:00+01:00,2025-03-29T20:00:00+01:00,True,1.0,29.95,10.979992595974892,10.979992595974899,10.684062279950805,2600.0,2300.0,-300.0,-0.29593031602409425,100.0,0.09876532840845442,True
T069,transmission,unavail_tx_import_mw,1000.0,2025-02-28T15:11:00+00:00,2025-03-31T21:59:00+00:00,2025-02-28T16:11:00+01:00,2025-03-31T23:59:00+02:00,2025-03-29,20,2025-03-29T20:00:00+01:00,2025-03-29T21:00:00+01:00,True,1.0,29.17,11.883879284983095,11.883879284983099,11.620250990297535,2600.0,2300.0,-300.0,-0.2636282946855637,100.0,0.08799949566762422,True
T069,transmission,unavail_tx_import_mw,1000.0,2025-02-28T15:11:00+00:00,2025-03-31T21:59:00+00:00,2025-02-28T16:11:00+01:00,2025-03-31T23:59:00+02:00,2025-03-29,21,2025-03-29T21:00:00+01:00,2025-03-29T22:00:00+01:00,True,1.0,27.99,15.939107661370286,15.93910766137029,15.78883607568988,2600.0,2300.0,-300.0,-0.15027158568041088,100.0,0.0502412557381291,True
T069,transmission,unavail_tx_import_mw,1000.0,2025-02-28T15:11:00+00:00,2025-03-31T21:59:00+00:00,2025-02-28T16:11:00+01:00,2025-03-31T23:59:00+02:00,2025-03-29,22,2025-03-29T22:00:00+01:00,2025-03-29T23:00:00+01:00,True,1.0,27.08,12.006396654007188,12.006396654007187,11.732329408968972,2600.0,2300.0,-300.0,-0.2740672450382142,100.0,0.09142636588508601,True
T069,transmission,unavail_tx_import_mw,1000.0,2025-02-28T15:11:00+00:00,2025-03-31T21:59:00+00:00,2025-02-28T16:11:00+01:00,2025-03-31T23:59:00+02:00,2025-03-29,23,2025-03-29T23:00:00+01:00,2025-03-30T00:00:00+01:00,True,1.0,24.48,10.510892737181653,10.510892737181655,10.364900256097993,2600.0,2300.0,-300.0,-0.14599248108366147,100.0,0.048795495115113496,True
T069,transmission,unavail_tx_import_mw,1000.0,2025-02-28T15:11:00+00:00,2025-03-31T21:59:00+00:00,2025-02-28T16:11:00+01:00,2025-03-31T23:59:00+02:00,2025-03-30,0,2025-03-30T00:00:00+01:00,2025-03-30T01:00:00+01:00,True,1.0,25.11,34.9218865607794,34.9218865607794,34.9218865607794,2300.0,2300.0,0.0,0.0,100.0,-0.055303024288875235,False
T069,transmission,unavail_tx_import_mw,1000.0,2025-02-28T15:11:00+00:00,2025-03-31T21:59:00+00:00,2025-02-28T16:11:00+01:00,2025-03-31T23:59:00+02:00,2025-03-30,1,2025-03-30T01:00:00+01:00,2025-03-30T03:00:00+02:00,True,1.0,6.73,33.70271252297988,33.70271252297988,33.70271252297988,2300.0,2300.0,0.0,0.0,100.0,0.013735051303342516,False
T069,transmission,unavail_tx_import_mw,1000.0,2025-02-28T15:11:00+00:00,2025-03-31T21:59:00+00:00,2025-02-28T16:11:00+01:00,2025-03-31T23:59:00+02:00,2025-03-30,2,,,False,0.0,,,29.524195780081698,29.524195780081698,2300.0,,,0.0,100.0,-0.04133350122872059,False
T069,transmission,unavail_tx_import_mw,1000.0,2025-02-28T15:11:00+00:00,2025-03-31T21:59:00+00:00,2025-02-28T16:11:00+01:00,2025-03-31T23:59:00+02:00,2025-03-30,3,2025-03-30T03:00:00+02:00,2025-03-30T04:00:00+02:00,True,1.0,4.54,29.326675785581426,29.326675785581426,29.326675785581426,2300.0,2300.0,0.0,0.0,100.0,-0.03596461124886474,False
T069,transmission,unavail_tx_import_mw,1000.0,2025-02-28T15:11:00+00:00,2025-03-31T21:59:00+00:00,2025-02-28T16:11:00+01:00,2025-03-31T23:59:00+02:00,2025-03-30,4,2025-03-30T04:00:00+02:00,2025-03-30T05:00:00+02:00,True,1.0,3.99,32.873773801498196,32.873773801498196,32.873773801498196,2300.0,2300.0,0.0,0.0,100.0,-0.05140053564480951,False
T069,transmission,unavail_tx_import_mw,1000.0,2025-02-28T15:11:00+00:00,2025-03-31T21:59:00+00:00,2025-02-28T16:11:00+01:00,2025-03-31T23:59:00+02:00,2025-03-30,5,2025-03-30T05:00:00+02:00,2025-03-30T06:00:00+02:00,True,1.0,3.34,35.3899059430286,35.3899059430286,35.3899059430286,2300.0,2300.0,0.0,0.0,100.0,0.03212085853002833,False
T069,transmission,unavail_tx_import_mw,1000.0,2025-02-28T15:11:00+00:00,2025-03-31T21:59:00+00:00,2025-02-28T16:11:00+01:00,2025-03-31T23:59:00+02:00,2025-03-30,6,2025-03-30T06:00:00+02:00,2025-03-30T07:00:00+02:00,True,1.0,3.62,30.99500944616157,30.99500944616157,30.99500944616157,2300.0,2300.0,0.0,0.0,100.0,-0.0657028788470555,False
T069,transmission,unavail_tx_import_mw,1000.0,2025-02-28T15:11:00+00:00,2025-03-31T21:59:00+00:00,2025-02-28T16:11:00+01:00,2025-03-31T23:59:00+02:00,2025-03-30,7,2025-03-30T07:00:00+02:00,2025-03-30T08:00:00+02:00,True,1.0,3.55,37.69321566108659,37.69321566108659,37.69321566108659,2300.0,2300.0,0.0,0.0,100.0,0.05482956901575875,False
T069,transmission,unavail_tx_import_mw,1000.0,2025-02-28T15:11:00+00:00,2025-03-31T21:59:00+00:00,2025-02-28T16:11:00+01:00,2025-03-31T23:59:00+02:00,2025-03-30,8,2025-03-30T08:00:00+02:00,2025-03-30T09:00:00+02:00,True,1.0,3.97,26.00384408788379,26.0038440878838,26.0038440878838,2300.0,2300.0,0.0,0.0,100.0,0.031781289467332385,False
T069,transmission,unavail_tx_import_mw,1000.0,2025-02-28T15:11:00+00:00,2025-03-31T21:59:00+00:00,2025-02-28T16:11:00+01:00,2025-03-31T23:59:00+02:00,2025-03-30,9,2025-03-30T09:00:00+02:00,2025-03-30T10:00:00+02:00,True,1.0,4.32,33.46110202786693,33.46110202786692,33.46110202786692,2300.0,2300.0,0.0,0.0,100.0,0.1355318763661657,False
T069,transmission,unavail_tx_import_mw,1000.0,2025-02-28T15:11:00+00:00,2025-03-31T21:59:00+00:00,2025-02-28T16:11:00+01:00,2025-03-31T23:59:00+02:00,2025-03-30,10,2025-03-30T10:00:00+02:00,2025-03-30T11:00:00+02:00,True,1.0,4.26,27.751484458373923,27.751484458373927,27.751484458373927,2300.0,2300.0,0.0,0.0,100.0,0.027665386418167515,False
T069,transmission,unavail_tx_import_mw,1000.0,2025-02-28T15:11:00+00:00,2025-03-31T21:59:00+00:00,2025-02-28T16:11:00+01:00,2025-03-31T23:59:00+02:00,2025-03-30,11,2025-03-30T11:00:00+02:00,2025-03-30T12:00:00+02:00,True,1.0,4.35,27.597530659417796,27.597530659417792,27.597530659417792,2300.0,2300.0,0.0,0.0,100.0,0.0,False
T069,transmission,unavail_tx_import_mw,1000.0,2025-02-28T15:11:00+00:00,2025-03-31T21:59:00+00:00,2025-02-28T16:11:00+01:00,2025-03-31T23:59:00+02:00,2025-03-30,12,2025-03-30T12:00:00+02:00,2025-03-30T13:00:00+02:00,True,1.0,2.42,24.032796610769477,24.032796610769477,24.032796610769477,2300.0,2300.0,0.0,0.0,100.0,0.0,False
T069,transmission,unavail_tx_import_mw,1000.0,2025-02-28T15:11:00+00:00,2025-03-31T21:59:00+00:00,2025-02-28T16:11:00+01:00,2025-03-31T23:59:00+02:00,2025-03-30,13,2025-03-30T13:00:00+02:00,2025-03-30T14:00:00+02:00,True,1.0,4.63,24.667586307272817,24.667586307272817,24.667586307272817,2300.0,2300.0,0.0,0.0,100.0,-0.07095409410651499,False
T069,transmission,unavail_tx_import_mw,1000.0,2025-02-28T15:11:00+00:00,2025-03-31T21:59:00+00:00,2025-02-28T16:11:00+01:00,2025-03-31T23:59:00+02:00,2025-03-30,14,2025-03-30T14:00:00+02:00,2025-03-30T15:00:00+02:00,True,1.0,4.07,25.63710336235666,25.63710336235666,25.63710336235666,2300.0,2300.0,0.0,0.0,100.0,0.0,False
T069,transmission,unavail_tx_import_mw,1000.0,2025-02-28T15:11:00+00:00,2025-03-31T21:59:00+00:00,2025-02-28T16:11:00+01:00,2025-03-31T23:59:00+02:00,2025-03-30,15,2025-03-30T15:00:00+02:00,2025-03-30T16:00:00+02:00,True,1.0,4.28,32.498230083601484,32.498230083601484,32.498230083601484,2300.0,2300.0,0.0,0.0,100.0,0.0,False
T069,transmission,unavail_tx_import_mw,1000.0,2025-02-28T15:11:00+00:00,2025-03-31T21:59:00+00:00,2025-02-28T16:11:00+01:00,2025-03-31T23:59:00+02:00,2025-03-30,16,2025-03-30T16:00:00+02:00,2025-03-30T17:00:00+02:00,True,1.0,7.57,40.353260749873016,40.353260749873016,40.353260749873016,2300.0,2300.0,0.0,0.0,100.0,0.02809399349015962,False
T069,transmission,unavail_tx_import_mw,1000.0,2025-02-28T15:11:00+00:00,2025-03-31T21:59:00+00:00,2025-02-28T16:11:00+01:00,2025-03-31T23:59:00+02:00,2025-03-30,17,2025-03-30T17:00:00+02:00,2025-03-30T18:00:00+02:00,True,1.0,14.44,54.95455377049443,54.954553770494435,54.954553770494435,2300.0,2300.0,0.0,0.0,100.0,0.10402086340058503,False
T069,transmission,unavail_tx_import_mw,1000.0,2025-02-28T15:11:00+00:00,2025-03-31T21:59:00+00:00,2025-02-28T16:11:00+01:00,2025-03-31T23:59:00+02:00,2025-03-30,18,2025-03-30T18:00:00+02:00,2025-03-30T19:00:00+02:00,True,1.0,27.81,71.77241385850873,71.77241385850873,71.77241385850873,2300.0,2300.0,0.0,0.0,100.0,0.2234954167521579,False
T069,transmission,unavail_tx_import_mw,1000.0,2025-02-28T15:11:00+00:00,2025-03-31T21:59:00+00:00,2025-02-28T16:11:00+01:00,2025-03-31T23:59:00+02:00,2025-03-30,19,2025-03-30T19:00:00+02:00,2025-03-30T20:00:00+02:00,True,1.0,44.95,69.41906661033921,69.41906661033921,69.41906661033921,2300.0,2300.0,0.0,0.0,100.0,0.10276191653440492,False
T069,transmission,unavail_tx_import_mw,1000.0,2025-02-28T15:11:00+00:00,2025-03-31T21:59:00+00:00,2025-02-28T16:11:00+01:00,2025-03-31T23:59:00+02:00,2025-03-30,20,2025-03-30T20:00:00+02:00,2025-03-30T21:00:00+02:00,True,1.0,57.0,60.663274112854154,60.66327411285416,60.66327411285416,2300.0,2300.0,0.0,0.0,100.0,0.10394594084751674,False
T069,transmission,unavail_tx_import_mw,1000.0,2025-02-28T15:11:00+00:00,2025-03-31T21:59:00+00:00,2025-02-28T16:11:00+01:00,2025-03-31T23:59:00+02:00,2025-03-30,21,2025-03-30T21:00:00+02:00,2025-03-30T22:00:00+02:00,True,1.0,48.4,48.49733822545049,48.49733822545049,48.49733822545049,2300.0,2300.0,0.0,0.0,100.0,0.06102897583058109,False
T069,transmission,unavail_tx_import_mw,1000.0,2025-02-28T15:11:00+00:00,2025-03-31T21:59:00+00:00,2025-02-28T16:11:00+01:00,2025-03-31T23:59:00+02:00,2025-03-30,22,2025-03-30T22:00:00+02:00,2025-03-30T23:00:00+02:00,True,1.0,39.99,40.7959772816402,40.795977281640205,40.795977281640205,2300.0,2300.0,0.0,0.0,100.0,0.08907936890157941,False
T069,transmission,unavail_tx_import_mw,1000.0,2025-02-28T15:11:00+00:00,2025-03-31T21:59:00+00:00,2025-02-28T16:11:00+01:00,2025-03-31T23:59:00+02:00,2025-03-30,23,2025-03-30T23:00:00+02:00,2025-03-31T00:00:00+02:00,True,1.0,31.48,33.21045033172038,33.21045033172038,33.21045033172038,2300.0,2300.0,0.0,0.0,100.0,0.043358686051085726,False
T069,transmission,unavail_tx_import_mw,1000.0,2025-02-28T15:11:00+00:00,2025-03-31T21:59:00+00:00,2025-02-28T16:11:00+01:00,2025-03-31T23:59:00+02:00,2025-03-31,0,2025-03-31T00:00:00+02:00,2025-03-31T01:00:00+02:00,True,1.0,30.37,30.1830667063641,30.183066706364095,29.569821681533256,2300.0,2300.0,0.0,-0.6132450248308388,100.0,-0.04873324849966565,False
T069,transmission,unavail_tx_import_mw,1000.0,2025-02-28T15:11:00+00:00,2025-03-31T21:59:00+00:00,2025-02-28T16:11:00+01:00,2025-03-31T23:59:00+02:00,2025-03-31,1,2025-03-31T01:00:00+02:00,2025-03-31T02:00:00+02:00,True,1.0,30.06,25.78139170984351,25.78139170984351,25.36654208376728,2300.0,2300.0,0.0,-0.4148496260762329,100.0,0.009335362281159831,False
T069,transmission,unavail_tx_import_mw,1000.0,2025-02-28T15:11:00+00:00,2025-03-31T21:59:00+00:00,2025-02-28T16:11:00+01:00,2025-03-31T23:59:00+02:00,2025-03-31,2,2025-03-31T02:00:00+02:00,2025-03-31T03:00:00+02:00,True,1.0,29.75,29.159725621892463,29.159725621892463,28.745387788293204,2300.0,2300.0,0.0,-0.4143378335992587,100.0,-0.0398662682210329,False
T069,transmission,unavail_tx_import_mw,1000.0,2025-02-28T15:11:00+00:00,2025-03-31T21:59:00+00:00,2025-02-28T16:11:00+01:00,2025-03-31T23:59:00+02:00,2025-03-31,3,2025-03-31T03:00:00+02:00,2025-03-31T04:00:00+02:00,True,1.0,29.84,27.937597955781968,27.937597955781968,27.714698707204583,2300.0,2300.0,0.0,-0.2228992485773844,100.0,-0.033228911803618644,False
T069,transmission,unavail_tx_import_mw,1000.0,2025-02-28T15:11:00+00:00,2025-03-31T21:59:00+00:00,2025-02-28T16:11:00+01:00,2025-03-31T23:59:00+02:00,2025-03-31,4,2025-03-31T04:00:00+02:00,2025-03-31T05:00:00+02:00,True,1.0,30.04,30.774866666066025,30.774866666066032,30.666485734235607,2300.0,2300.0,0.0,-0.10838093183042474,100.0,-0.021540534480433138,False
T069,transmission,unavail_tx_import_mw,1000.0,2025-02-28T15:11:00+00:00,2025-03-31T21:59:00+00:00,2025-02-28T16:11:00+01:00,2025-03-31T23:59:00+02:00,2025-03-31,5,2025-03-31T05:00:00+02:00,2025-03-31T06:00:00+02:00,True,1.0,30.65,35.129364930834356,35.12936493083435,35.03496170458385,2300.0,2300.0,0.0,-0.09440322625049902,100.0,0.028427142011061335,False
T069,transmission,unavail_tx_import_mw,1000.0,2025-02-28T15:11:00+00:00,2025-03-31T21:59:00+00:00,2025-02-28T16:11:00+01:00,2025-03-31T23:59:00+02:00,2025-03-31,6,2025-03-31T06:00:00+02:00,2025-03-31T07:00:00+02:00,True,1.0,105.85,57.05475685788248,57.05475685788248,57.05475685788248,2300.0,2300.0,0.0,0.0,100.0,-0.1977729551522316,False
T069,transmission,unavail_tx_import_mw,1000.0,2025-02-28T15:11:00+00:00,2025-03-31T21:59:00+00:00,2025-02-28T16:11:00+01:00,2025-03-31T23:59:00+02:00,2025-03-31,7,2025-03-31T07:00:00+02:00,2025-03-31T08:00:00+02:00,True,1.0,127.44,74.08224417969242,74.08224417969242,74.49356424498275,2300.0,2300.0,0.0,0.41132006529032594,100.0,0.08138678600926141,False
T069,transmission,unavail_tx_import_mw,1000.0,2025-02-28T15:11:00+00:00,2025-03-31T21:59:00+00:00,2025-02-28T16:11:00+01:00,2025-03-31T23:59:00+02:00,2025-03-31,8,2025-03-31T08:00:00+02:00,2025-03-31T09:00:00+02:00,True,1.0,155.13,74.11133670985407,74.11133670985407,74.39125813380281,2300.0,2300.0,0.0,0.27992142394873554,100.0,0.05544749943526028,False
T069,transmission,unavail_tx_import_mw,1000.0,2025-02-28T15:11:00+00:00,2025-03-31T21:59:00+00:00,2025-02-28T16:11:00+01:00,2025-03-31T23:59:00+02:00,2025-03-31,9,2025-03-31T09:00:00+02:00,2025-03-31T10:00:00+02:00,True,1.0,115.16,65.45644067596002,65.45644067596002,66.16730628148386,2300.0,2300.0,0.0,0.7108656055238356,100.0,0.14035802406213804,False
T069,transmission,unavail_tx_import_mw,1000.0,2025-02-28T15:11:00+00:00,2025-03-31T21:59:00+00:00,2025-02-28T16:11:00+01:00,2025-03-31T23:59:00+02:00,2025-03-31,10,2025-03-31T10:00:00+02:00,2025-03-31T11:00:00+02:00,True,1.0,98.41,61.01629274972957,61.01629274972957,61.43687038401961,2300.0,2300.0,0.0,0.4205776342900407,100.0,0.08320926373762916,False
T069,transmission,unavail_tx_import_mw,1000.0,2025-02-28T15:11:00+00:00,2025-03-31T21:59:00+00:00,2025-02-28T16:11:00+01:00,2025-03-31T23:59:00+02:00,2025-03-31,11,2025-03-31T11:00:00+02:00,2025-03-31T12:00:00+02:00,True,1.0,82.43,48.4983909964975,48.4983909964975,48.4983909964975,2300.0,2300.0,0.0,0.0,100.0,0.0,False
T069,transmission,unavail_tx_import_mw,1000.0,2025-02-28T15:11:00+00:00,2025-03-31T21:59:00+00:00,2025-02-28T16:11:00+01:00,2025-03-31T23:59:00+02:00,2025-03-31,12,2025-03-31T12:00:00+02:00,2025-03-31T13:00:00+02:00,True,1.0,63.11,42.764915650029394,42.76491565002939,42.76491565002939,2300.0,2800.0,500.0,0.0,100.0,0.0,True
T069,transmission,unavail_tx_import_mw,1000.0,2025-02-28T15:11:00+00:00,2025-03-31T21:59:00+00:00,2025-02-28T16:11:00+01:00,2025-03-31T23:59:00+02:00,2025-03-31,13,2025-03-31T13:00:00+02:00,2025-03-31T14:00:00+02:00,True,1.0,49.65,43.28567911078876,43.28567911078876,43.28567911078876,2300.0,2800.0,500.0,0.0,100.0,-0.08914809835267334,True
T069,transmission,unavail_tx_import_mw,1000.0,2025-02-28T15:11:00+00:00,2025-03-31T21:59:00+00:00,2025-02-28T16:11:00+01:00,2025-03-31T23:59:00+02:00,2025-03-31,14,2025-03-31T14:00:00+02:00,2025-03-31T15:00:00+02:00,True,1.0,49.44,46.66439547260554,46.66439547260554,46.66439547260554,2300.0,2800.0,500.0,0.0,100.0,-0.16024402772509205,True
T069,transmission,unavail_tx_import_mw,1000.0,2025-02-28T15:11:00+00:00,2025-03-31T21:59:00+00:00,2025-02-28T16:11:00+01:00,2025-03-31T23:59:00+02:00,2025-03-31,15,2025-03-31T15:00:00+02:00,2025-03-31T16:00:00+02:00,True,1.0,45.25,43.002747164145816,43.002747164145816,43.002747164145816,2300.0,2800.0,500.0,0.0,100.0,0.0,True
T069,transmission,unavail_tx_import_mw,1000.0,2025-02-28T15:11:00+00:00,2025-03-31T21:59:00+00:00,2025-02-28T16:11:00+01:00,2025-03-31T23:59:00+02:00,2025-03-31,16,2025-03-31T16:00:00+02:00,2025-03-31T17:00:00+02:00,True,1.0,55.96,53.62386743675817,53.62386743675817,53.62386743675817,2300.0,2800.0,500.0,0.0,100.0,-0.020030530688949,True
T069,transmission,unavail_tx_import_mw,1000.0,2025-02-28T15:11:00+00:00,2025-03-31T21:59:00+00:00,2025-02-28T16:11:00+01:00,2025-03-31T23:59:00+02:00,2025-03-31,17,2025-03-31T17:00:00+02:00,2025-03-31T18:00:00+02:00,True,1.0,90.66,63.09530364145353,63.09530364145353,63.73003517270911,2300.0,2800.0,500.0,0.634731531255575,100.0,0.1253443045353535,True
T069,transmission,unavail_tx_import_mw,1000.0,2025-02-28T15:11:00+00:00,2025-03-31T21:59:00+00:00,2025-02-28T16:11:00+01:00,2025-03-31T23:59:00+02:00,2025-03-31,18,2025-03-31T18:00:00+02:00,2025-03-31T19:00:00+02:00,True,1.0,115.22,71.99399265854402,71.99399265854402,73.05420142340122,2300.0,2800.0,500.0,1.060208764857208,100.0,0.2087019200336897,True
T069,transmission,unavail_tx_import_mw,1000.0,2025-02-28T15:11:00+00:00,2025-03-31T21:59:00+00:00,2025-02-28T16:11:00+01:00,2025-03-31T23:59:00+02:00,2025-03-31,19,2025-03-31T19:00:00+02:00,2025-03-31T20:00:00+02:00,True,1.0,162.59,77.4932975744681,77.49329757446812,78.11329086751121,2300.0,2800.0,500.0,0.6199932930430947,100.0,0.12247968561949563,True
T069,transmission,unavail_tx_import_mw,1000.0,2025-02-28T15:11:00+00:00,2025-03-31T21:59:00+00:00,2025-02-28T16:11:00+01:00,2025-03-31T23:59:00+02:00,2025-03-31,20,2025-03-31T20:00:00+02:00,2025-03-31T21:00:00+02:00,True,1.0,150.56,72.09520482310182,72.09520482310182,72.71534108416121,2300.0,2800.0,500.0,0.6201362610593861,100.0,0.12247915798111819,True
T069,transmission,unavail_tx_import_mw,1000.0,2025-02-28T15:11:00+00:00,2025-03-31T21:59:00+00:00,2025-02-28T16:11:00+01:00,2025-03-31T23:59:00+02:00,2025-03-31,21,2025-03-31T21:00:00+02:00,2025-03-31T22:00:00+02:00,True,1.0,118.39,64.25176985755841,64.25176985755841,64.63185046553198,2300.0,2800.0,500.0,0.3800806079735679,100.0,0.07519263331387549,True
T069,transmission,unavail_tx_import_mw,1000.0,2025-02-28T15:11:00+00:00,2025-03-31T21:59:00+00:00,2025-02-28T16:11:00+01:00,2025-03-31T23:59:00+02:00,2025-03-31,22,2025-03-31T22:00:00+02:00,2025-03-31T23:00:00+02:00,True,1.0,88.79,50.95069679361738,50.950696793617375,51.49349926537499,2300.0,2800.0,500.0,0.5428024717576179,100.0,0.10715593210571939,True
T069,transmission,unavail_tx_import_mw,1000.0,2025-02-28T15:11:00+00:00,2025-03-31T21:59:00+00:00,2025-02-28T16:11:00+01:00,2025-03-31T23:59:00+02:00,2025-03-31,23,2025-03-31T23:00:00+02:00,2025-04-01T00:00:00+02:00,True,0.9833333333333333,75.53,42.06011745238261,42.06011745238261,42.32022125702426,2300.0,2800.0,500.0,0.26010380464164484,100.0,0.05147560875984425,True
